en-gb,lv-lv,"Absolute zero","Absolūtā nulle"
en-gb,lv-lv,"Accretion disk","Akrēcijas disks"
en-gb,lv-lv,"Acetic acid","Etiķskābe"
en-gb,lv-lv,"Acid amide",Amīdi
en-gb,lv-lv,"Act of grace",Amnestija
en-gb,lv-lv,"Acting director","Mizanscēna"
en-gb,lv-lv,"Active galaxy","Aktīvās galaktikas"
en-gb,lv-lv,"Adding machine",Kalkulators
en-gb,lv-lv,"Addis Ababa",Adisabeba
en-gb,lv-lv,"Administrative law","Administratīvās tiesības"
en-gb,lv-lv,"Agree about",Akords
en-gb,lv-lv,"Agree on",Akords
en-gb,lv-lv,"Agree upon",Akords
en-gb,lv-lv,"Agree with",Akords
en-gb,lv-lv,"Aim for",Objektīvs
en-gb,lv-lv,"Aim for","Vārti"
en-gb,lv-lv,"Aim to do","Vārti"
en-gb,lv-lv,"Air freight",Lidmašīna
en-gb,lv-lv,"Alimentary canal","Gremošanas sistēma"
en-gb,lv-lv,"All round",Pasaule
en-gb,lv-lv,"Alternating current","Maiņstrāva"
en-gb,lv-lv,"Amino acid","Aminoskābes"
en-gb,lv-lv,"Animal Handling",Dzīvnieki
en-gb,lv-lv,"Antarctic continent",Antarktīda
en-gb,lv-lv,"Anthropic principle","Antropais princips"
en-gb,lv-lv,"Apple tree","Ābols"
en-gb,lv-lv,"Approach conception",Optika
en-gb,lv-lv,"Aqua fortis",Oforts
en-gb,lv-lv,"Arabian man","Arābu valoda"
en-gb,lv-lv,"Arabian woman","Arābu valoda"
en-gb,lv-lv,"Arctic Ocean","Ziemeļu Ledus okeāns"
en-gb,lv-lv,"Arctic fox","Lielā panda"
en-gb,lv-lv,"Argentine woman",Argentīna
en-gb,lv-lv,"Art nouveau",Jūgendstils
en-gb,lv-lv,"Arterial road",Iela
en-gb,lv-lv,"Artificial intelligence","Mākslīgais intelekts"
en-gb,lv-lv,"Artificial satellite",Pavadonis
en-gb,lv-lv,"Artificial satellite","Zemes mākslīgais pavadonis"
en-gb,lv-lv,"Atomic mass",Atommasa
en-gb,lv-lv,"Atomic pile",Kodolreaktors
en-gb,lv-lv,"Ballet music",Balets
en-gb,lv-lv,"Baltic Sea","Baltijas jūra"
en-gb,lv-lv,"Bar code",Svītrkods
en-gb,lv-lv,"Bas relief",Bareljefs
en-gb,lv-lv,"Basic rules","Bāze"
en-gb,lv-lv,"Basic rules","Sārms"
en-gb,lv-lv,"Basic skills","Bāze"
en-gb,lv-lv,"Basic skills","Sārms"
en-gb,lv-lv,"Bear down",Spiediens
en-gb,lv-lv,"Beaufort Sea","Boforta jūra"
en-gb,lv-lv,"Big top",Kapitelis
en-gb,lv-lv,"Big top","Kapitāls"
en-gb,lv-lv,"Billiard saloon",Biljards
en-gb,lv-lv,"Billiard table",Biljards
en-gb,lv-lv,"Binary digit",Bits
en-gb,lv-lv,"Binary system","Binārā skaitīšanas sistēma"
en-gb,lv-lv,"Bishop of Rome","Romas pāvests"
en-gb,lv-lv,"Black Death","Melnā nāve"
en-gb,lv-lv,"Black Sea","Melnā jūra"
en-gb,lv-lv,"Black hole","Melnais caurums"
en-gb,lv-lv,"Black holes","Melnais caurums"
en-gb,lv-lv,"Blessed Virgin","Jaunava Marija"
en-gb,lv-lv,"Bloody stupid","Mēness"
en-gb,lv-lv,"Blue john",Fluorīts
en-gb,lv-lv,"Boiler suit","Kombinācija"
en-gb,lv-lv,"Boiling point","Viršanas temperatūra"
en-gb,lv-lv,"Bosnia and Herzegovina","Bosnija un Hercegovina"
en-gb,lv-lv,"Bubble level","Līmeņrādis"
en-gb,lv-lv,"Buck up",Sirds
en-gb,lv-lv,"CEO - chief executive officer",Prezidents
en-gb,lv-lv,"Cachalot Whale",Kašalots
en-gb,lv-lv,"Cache memory","CPU cache"
en-gb,lv-lv,"Calculating machine",Kalkulators
en-gb,lv-lv,"Calor gas ®","Butāns"
en-gb,lv-lv,"Camera dealer","Fotogrāfs"
en-gb,lv-lv,"Canary Islands","Kanāriju salas"
en-gb,lv-lv,"Capital city","Galvaspilsēta"
en-gb,lv-lv,"Carbolic acid",Fenols
en-gb,lv-lv,"Carbon dioxide","Oglekļa dioksīds"
en-gb,lv-lv,"Carriage forward",Ports
en-gb,lv-lv,"Carrying capacity","Derīgā krava"
en-gb,lv-lv,"Carthusian monk",Kartūzieši
en-gb,lv-lv,"Caspian Sea","Kaspijas jūra"
en-gb,lv-lv,"Cathode-ray tube",Kineskops
en-gb,lv-lv,"Cell membrane","Membrāna"
en-gb,lv-lv,"Central African Republic","Centrālāfrika"
en-gb,lv-lv,"Central African Republic","Centrālāfrikas Republika"
en-gb,lv-lv,"Chalk plateau",Kaļķakmens
en-gb,lv-lv,"Chemical bound","Ķīmiskā saite"
en-gb,lv-lv,"Chemical composition","Ķīmiskais sastāvs"
en-gb,lv-lv,"Chemical reaction","Ķīmiskā reakcija"
en-gb,lv-lv,"Chess set","Šahs"
en-gb,lv-lv,"Christ Almighty!",Dievs
en-gb,lv-lv,"Christian name","Lietvārds"
en-gb,lv-lv,"Christmas Day",Decembris
en-gb,lv-lv,"Christmas Day","Ziemassvētki"
en-gb,lv-lv,"Christmas Eve",Decembris
en-gb,lv-lv,"Christmas Eve","Ziemassvētki"
en-gb,lv-lv,"Christmas box",Decembris
en-gb,lv-lv,"Christmas box","Ziemassvētki"
en-gb,lv-lv,"Christmas card",Decembris
en-gb,lv-lv,"Christmas card","Ziemassvētki"
en-gb,lv-lv,"Christmas carol",Decembris
en-gb,lv-lv,"Christmas carol","Ziemassvētki"
en-gb,lv-lv,"Christmas tree",Decembris
en-gb,lv-lv,"Christmas tree","Ziemassvētki"
en-gb,lv-lv,"Citric acid","Citronskābe"
en-gb,lv-lv,"Civil code",Civilkodekss
en-gb,lv-lv,"Cluster of galaxies","Galaktiku grupas un kopas"
en-gb,lv-lv,"Columbia River",Oregona
en-gb,lv-lv,"Commercial load","Derīgā krava"
en-gb,lv-lv,"Computer network",Datortīkli
en-gb,lv-lv,"Computer program",Datorprogramma
en-gb,lv-lv,"Coral island","Koraļļu salas"
en-gb,lv-lv,"Costa Rica",Kostarika
en-gb,lv-lv,"Cow parsnip","Latvānis"
en-gb,lv-lv,"Cow parsnip","Latvāņi"
en-gb,lv-lv,"Crater lake","Krāterezers"
en-gb,lv-lv,"Cretaceous period",Krīts
en-gb,lv-lv,"Criminal law","Krimināltiesības"
en-gb,lv-lv,"Czech Republic","Čehija"
en-gb,lv-lv,"Czech language","Čehu valoda"
en-gb,lv-lv,"Czech man","Čehu valoda"
en-gb,lv-lv,"Czech woman","Čehu valoda"
en-gb,lv-lv,"Dahomey Kingdom",Benina
en-gb,lv-lv,"Dark Ages",Viduslaiki
en-gb,lv-lv,"Data base","Datu bāze"
en-gb,lv-lv,"Data processing","Datorzinātne"
en-gb,lv-lv,"Death penalty","Nāvessods"
en-gb,lv-lv,"Deck of cards","Spēļu kārtis"
en-gb,lv-lv,"Delta rays",Delta
en-gb,lv-lv,"Densely populated region","Aglomerācija"
en-gb,lv-lv,"Deoxyribonucleic acid","Dezoksiribonukleīnskābe"
en-gb,lv-lv,"Department store",Magazīna
en-gb,lv-lv,"Digestive tract","Gremošanas sistēma"
en-gb,lv-lv,"Direct current","Līdzstrāva"
en-gb,lv-lv,"Draught beer",Spiediens
en-gb,lv-lv,"Driving power",Jauda
en-gb,lv-lv,"Dutch language","Nīderlandiešu valoda"
en-gb,lv-lv,"E-mail adress","E-pasta adrese"
en-gb,lv-lv,"Earnest money","Rokas nauda"
en-gb,lv-lv,"Earth orbit","Ģeocentriskā orbīta"
en-gb,lv-lv,"Electric charge","Elektriskais lādiņš"
en-gb,lv-lv,"Electric current","Elektriskā strāva"
en-gb,lv-lv,"Electric field","Elektriskais lauks"
en-gb,lv-lv,"Electrical charge","Elektriskais lādiņš"
en-gb,lv-lv,"Electronic mail",E-pasts
en-gb,lv-lv,"Elementary particle","Elementārdaļiņas"
en-gb,lv-lv,"Email address","E-pasta adrese"
en-gb,lv-lv,"Energy efficiency","Lietderības koeficients"
en-gb,lv-lv,"Engine room",Mašīntelpa
en-gb,lv-lv,"English Channel",Lamanšs
en-gb,lv-lv,"English language",Angļi
en-gb,lv-lv,"English language","Angļu valoda"
en-gb,lv-lv,"Established Church",Valsts
en-gb,lv-lv,"Estonian man","Igauņu valoda"
en-gb,lv-lv,"European Union","Eiropas Savienība"
en-gb,lv-lv,"Euxine Sea","Melnā jūra"
en-gb,lv-lv,"Evening Star","Venēra"
en-gb,lv-lv,"Evil spirit","Dēmons"
en-gb,lv-lv,"Exclamation mark","Izsaukuma zīme"
en-gb,lv-lv,"Executive power",Izpildvara
en-gb,lv-lv,"Eye mask",Vilks
en-gb,lv-lv,"Factor IV",Kalcijs
en-gb,lv-lv,"Fairy tale","Vēsture"
en-gb,lv-lv,"Falling star",Meteors
en-gb,lv-lv,"Fatty acid","Taukskābe"
en-gb,lv-lv,"Figure skating",Daiļslidošana
en-gb,lv-lv,"Film critique",Kino
en-gb,lv-lv,"First Aid",Medicīna
en-gb,lv-lv,"Flying suit","Kombinācija"
en-gb,lv-lv,"Foot bridge","Tiltiņš"
en-gb,lv-lv,"Foreign exchange",Nauda
en-gb,lv-lv,"Fossil-fuel energy","Siltuma daudzums"
en-gb,lv-lv,"Fossil-fuel power","Siltuma daudzums"
en-gb,lv-lv,"Freedom of speech","Vārda brīvība"
en-gb,lv-lv,"French Togo",Togo
en-gb,lv-lv,"French language","Franču valoda"
en-gb,lv-lv,"French language",Latviešu
en-gb,lv-lv,"French language","Voltērs"
en-gb,lv-lv,"French lessons",Daba
en-gb,lv-lv,"Fresh water",Saldūdens
en-gb,lv-lv,"Gaelic language","Gēlu valodas"
en-gb,lv-lv,"Galaxy cluster","Galaktiku grupas un kopas"
en-gb,lv-lv,"Gamma ray","Gamma stari"
en-gb,lv-lv,"General pardon",Amnestija
en-gb,lv-lv,"German language","Vācieši"
en-gb,lv-lv,"German language","Vācu valoda"
en-gb,lv-lv,"German man","Vācieši"
en-gb,lv-lv,"German man","Vācu valoda"
en-gb,lv-lv,"German protect. of Togoland",Togo
en-gb,lv-lv,"Go along",Allere
en-gb,lv-lv,"Gold Coast",Gana
en-gb,lv-lv,"Granada province",Grenada
en-gb,lv-lv,"Granada province","Grenāda"
en-gb,lv-lv,"Grand old man",Patriarhs
en-gb,lv-lv,"Grass roots","Bāze"
en-gb,lv-lv,"Grass roots","Sārms"
en-gb,lv-lv,"Gravitational lens","Gravitācijas lēca"
en-gb,lv-lv,"Great Bear Lake","Lielais Lāčezers"
en-gb,lv-lv,"Great Salt Lake","Lielais Sālsezers"
en-gb,lv-lv,"Greater Manchester","Lielā Mančestra"
en-gb,lv-lv,"Greek man","Grieķu valoda"
en-gb,lv-lv,"Greek man","Jaungrieķu valoda"
en-gb,lv-lv,"Gregorian calendar","Gregora kalendārs"
en-gb,lv-lv,"Gross national product","Nacionālais kopprodukts"
en-gb,lv-lv,"Guinea Bissau",Gvineja-Bisava
en-gb,lv-lv,"Gulf Stream","Golfa straume"
en-gb,lv-lv,"Half-mast the flag",Berne
en-gb,lv-lv,"Half-staff the flag",Berne
en-gb,lv-lv,"Hand grenade",Grenada
en-gb,lv-lv,"Hand grenade","Grenāda"
en-gb,lv-lv,"Hard disk","Cietais disks"
en-gb,lv-lv,"Hard water",Kaļķakmens
en-gb,lv-lv,"Heart disease",Sirds
en-gb,lv-lv,"Heart transplant",Sirds
en-gb,lv-lv,"Heat engineering",Termodinamika
en-gb,lv-lv,"High-rise housing estate",Kopa
en-gb,lv-lv,"Hockey stick","Hokeja nūja"
en-gb,lv-lv,"Holy Father","Romas pāvests"
en-gb,lv-lv,"Home country",Metropole
en-gb,lv-lv,"Home page","Mājas lapa"
en-gb,lv-lv,"Hong Kong",Honkonga
en-gb,lv-lv,"House Sparrow","Mājas zvirbulis"
en-gb,lv-lv,"Huddled up in bed",Suns
en-gb,lv-lv,"Human rights","Cilvēktiesības"
en-gb,lv-lv,"Hungarian man","Ungāru valoda"
en-gb,lv-lv,"Ice cream",Ledus
en-gb,lv-lv,"Ice hockey",Hokejs
en-gb,lv-lv,"Identity matrix","Vienības matrica"
en-gb,lv-lv,"Industrial robot",Robots
en-gb,lv-lv,"Information processing","Datorzinātne"
en-gb,lv-lv,"Information technology","Datorzinātne"
en-gb,lv-lv,"Internal diameter",Kalibrs
en-gb,lv-lv,"International Criminal Court","Starptautiskā krimināltiesa"
en-gb,lv-lv,"International law","Starptautiskās tiesības"
en-gb,lv-lv,"Irish Sea","Īrijas jūra"
en-gb,lv-lv,"Isle of Wight",Vaita
en-gb,lv-lv,"Italian man","Itāliešu valoda"
en-gb,lv-lv,"Ivory Coast","Kotdivuāra"
en-gb,lv-lv,"Japanese language","Japāņu valoda"
en-gb,lv-lv,"Japanese man","Japāņu valoda"
en-gb,lv-lv,"Killer whale",Orki
en-gb,lv-lv,"Korean man","Korejiešu valoda"
en-gb,lv-lv,"Labour pains",Dzemdības
en-gb,lv-lv,"Labrador Sea","Labradoras jūra"
en-gb,lv-lv,"Lactic acid","Pienskābe"
en-gb,lv-lv,"Lake Athabasca","Atabaskas ezers"
en-gb,lv-lv,"Lake Huron",Hūrons
en-gb,lv-lv,"Lake Michigan","Mičigans"
en-gb,lv-lv,"Lake Ontario","Ontārio ezers"
en-gb,lv-lv,"Lake Superior",Augšezers
en-gb,lv-lv,"Lake Winnipeg",Vinipegs
en-gb,lv-lv,"Lake Winnipegosis",Vinipegs
en-gb,lv-lv,"Lake of Geneva","Ženēvas ezers"
en-gb,lv-lv,"Lake of the Woods","Vudsu ezers"
en-gb,lv-lv,"Landfill site","Izgāztuve"
en-gb,lv-lv,"Latvian man","Latviešu valoda"
en-gb,lv-lv,"Leap year","Garais gads"
en-gb,lv-lv,"Lecture hall","Amfiteātris"
en-gb,lv-lv,"Lecture theatre","Amfiteātris"
en-gb,lv-lv,"Life span","Ilgtspējība"
en-gb,lv-lv,"Life story","Biogrāfija"
en-gb,lv-lv,"Lightning Bolt",Zibens
en-gb,lv-lv,"Lithuanian man","Lietuviešu valoda"
en-gb,lv-lv,"Load reduction","Izgāztuve"
en-gb,lv-lv,"Local area network","Lokālais tīkls"
en-gb,lv-lv,"Low relief",Bareljefs
en-gb,lv-lv,"Machine gun","Ložmetējs"
en-gb,lv-lv,"Machine minder","Lācis"
en-gb,lv-lv,"Magnetic field","Magnētiskais lauks"
en-gb,lv-lv,"Main river",Upe
en-gb,lv-lv,"Main road","Artērijas"
en-gb,lv-lv,"Main stream",Upe
en-gb,lv-lv,"Market Place",Tirgus
en-gb,lv-lv,"Married people","Spēka moments"
en-gb,lv-lv,"Measuring probe",Sensors
en-gb,lv-lv,"Melting temperature","Kušanas temperatūra"
en-gb,lv-lv,"Mexico City",Mehiko
en-gb,lv-lv,"Middle Ages",Viduslaiki
en-gb,lv-lv,"Middle East","Tuvie Austrumi"
en-gb,lv-lv,"Mississippi County",Misisipi
en-gb,lv-lv,"Mississippi sound",Misisipi
en-gb,lv-lv,"Money talks!",Sudrabs
en-gb,lv-lv,"Moral standards","Moralitē"
en-gb,lv-lv,"Mortally wounded",Death
en-gb,lv-lv,"Mortally wounded","Nāve"
en-gb,lv-lv,"Movie theater",Kino
en-gb,lv-lv,"Mustard gas",Iprīts
en-gb,lv-lv,"National anthem","Valsts himna"
en-gb,lv-lv,"Near East","Tuvie Austrumi"
en-gb,lv-lv,"Neon glow",Neons
en-gb,lv-lv,"New Guinea",Jaungvineja
en-gb,lv-lv,"New Zealand","Jaunzēlande"
en-gb,lv-lv,"Newly drawn water",Saldūdens
en-gb,lv-lv,"Niagara Falls","Niagāras ūdenskritums"
en-gb,lv-lv,"Nipigon Lake","Nipigona ezers"
en-gb,lv-lv,"Nitric acid","Slāpekļskābe"
en-gb,lv-lv,"North America",Ziemeļamerika
en-gb,lv-lv,"North American",Ziemeļamerika
en-gb,lv-lv,"North Korea",Ziemeļkoreja
en-gb,lv-lv,"North Pole",Ziemeļpols
en-gb,lv-lv,"North Sea",Ziemeļjūra
en-gb,lv-lv,"Northern Ireland",Ziemeļīrija
en-gb,lv-lv,"Northern hemisphere","Ziemeļu puslode"
en-gb,lv-lv,"Norwegian man","Norvēģu valoda"
en-gb,lv-lv,"Nothing in it",Izkapts
en-gb,lv-lv,"Nuclear reactor",Kodolreaktors
en-gb,lv-lv,"Nuclear winter",Kodolziema
en-gb,lv-lv,"Nucleic acid","Nukleīnskābes"
en-gb,lv-lv,"Ocean ripple","Okeāns"
en-gb,lv-lv,"Octal digit",Oktets
en-gb,lv-lv,"Old hand",Lapsa
en-gb,lv-lv,"Oleic acid","Oleīnskābe"
en-gb,lv-lv,"Opera house",Opera
en-gb,lv-lv,"Operating system","Operētājsistēma"
en-gb,lv-lv,"Organic chemistry","Organiskā ķīmija"
en-gb,lv-lv,"Outer space","Kosmiskā telpa"
en-gb,lv-lv,"Outward journey",Allere
en-gb,lv-lv,"Oxygen bottle","Skābeklis"
en-gb,lv-lv,"Oxygen cylinder","Skābeklis"
en-gb,lv-lv,"Oxygen mask","Skābeklis"
en-gb,lv-lv,"Oxygen tent","Skābeklis"
en-gb,lv-lv,"Pacific Ocean","Klusais okeāns"
en-gb,lv-lv,"Palmitic acid","Palmitīnskābe"
en-gb,lv-lv,"Patriarch of the West","Romas pāvests"
en-gb,lv-lv,"Peat bog",Purvs
en-gb,lv-lv,"Peer to peer",P2P
en-gb,lv-lv,"Peer to peer","Vienādranga tīkls"
en-gb,lv-lv,"Persian man",Farsi
en-gb,lv-lv,"Persian man",Persiešu
en-gb,lv-lv,"Phase diagram","Fāzu stāvokļa diagramma"
en-gb,lv-lv,"Philadelphia chromosome",Filadelfija
en-gb,lv-lv,"Philippine Islands",Filipīnas
en-gb,lv-lv,"Phosphoric acid","Fosforskābe"
en-gb,lv-lv,"Photographic plate",Fotoplate
en-gb,lv-lv,"Photovoltaic cells","Saules baterija"
en-gb,lv-lv,"Physical layer","Fizikālais slānis"
en-gb,lv-lv,"Piece of news","Informācija"
en-gb,lv-lv,"Place of worship",Baznīca
en-gb,lv-lv,"Planck constant","Planka konstante"
en-gb,lv-lv,"Planig and shaping tool","Ēvele"
en-gb,lv-lv,"Planing tool","Ēvele"
en-gb,lv-lv,"Plasma membrane","Šūnas membrāna"
en-gb,lv-lv,"Plasma physics",Plazma
en-gb,lv-lv,"Playing card","Spēļu kārtis"
en-gb,lv-lv,"Polar bear","Polārlācis"
en-gb,lv-lv,"Polish man","Poļu valoda"
en-gb,lv-lv,"Portuguese language","Portugāļu valoda"
en-gb,lv-lv,"Portuguese man","Portugāļu valoda"
en-gb,lv-lv,"Potassium cyanide","Kālija cianīds"
en-gb,lv-lv,"Potassium permanganate","Kālija permanganāts"
en-gb,lv-lv,"Power factor","Jaudas koeficients"
en-gb,lv-lv,"Practical joke",Farss
en-gb,lv-lv,"Press stud",Spiediens
en-gb,lv-lv,"Pressure gauge",Manometrs
en-gb,lv-lv,"Pressure indicator",Manometrs
en-gb,lv-lv,"Price cap","Cenas griesti"
en-gb,lv-lv,"Prime Minister",Premjerministrs
en-gb,lv-lv,"Prime minister",Premjerministrs
en-gb,lv-lv,"Prime number",Pirmskaitlis
en-gb,lv-lv,"Printer laser","Lāzerprinteris"
en-gb,lv-lv,"Professional body","Uzņēmums"
en-gb,lv-lv,"Program language","Programmēšanas valoda"
en-gb,lv-lv,"Prostitute who accost in a car",Amazone
en-gb,lv-lv,"Punch card",Perfokarte
en-gb,lv-lv,"Punched card",Perfokarte
en-gb,lv-lv,"Purple Sandpiper","Jūras šņibītis"
en-gb,lv-lv,"Quality control","Kvalitāte"
en-gb,lv-lv,"Quantum mechanics","Kvantu mehānika"
en-gb,lv-lv,"ROM memory","Lasāmatmiņa"
en-gb,lv-lv,"ROM memory",ROM
en-gb,lv-lv,"Racing car",Bolīds
en-gb,lv-lv,"Radio amateur",Radioamatierisms
en-gb,lv-lv,"Radio galaxy",Radiogalaktika
en-gb,lv-lv,"Radio ham",Radioamatierisms
en-gb,lv-lv,"Radio telescope",Radioteleskops
en-gb,lv-lv,"Radio wave","Radioviļņi"
en-gb,lv-lv,"Random access memory","Brīvpiekļuves atmiņa"
en-gb,lv-lv,"Random access memory",RAM
en-gb,lv-lv,"Read only memory","Lasāmatmiņa"
en-gb,lv-lv,"Read only memory",ROM
en-gb,lv-lv,"Read-only memory","Lasāmatmiņa"
en-gb,lv-lv,"Read-only memory",ROM
en-gb,lv-lv,"Ready money","Šķidrums"
en-gb,lv-lv,"Rear screen projection",Caurspīdīgums
en-gb,lv-lv,"Reflecting telescope",Reflektors
en-gb,lv-lv,"Reflecting telescope",Teleskops
en-gb,lv-lv,"Refracting telescope",Refraktors
en-gb,lv-lv,"Refractive index","Laušanas koeficients"
en-gb,lv-lv,"Reynold's number","Reinoldsa kritērijs"
en-gb,lv-lv,"Ribonucleic acid","Ribonukleīnskābe"
en-gb,lv-lv,"Riding habit",Amazone
en-gb,lv-lv,"Right wing",Taisne
en-gb,lv-lv,"Ringing tone","Tonalitāte"
en-gb,lv-lv,"Roman Catholicism","Romas Katoļu baznīca"
en-gb,lv-lv,"Roman Empire","Romas impērija"
en-gb,lv-lv,"Romanian man","Rumāņu valoda"
en-gb,lv-lv,"Russian language","Krievu valoda"
en-gb,lv-lv,"Russian man","Krievu valoda"
en-gb,lv-lv,"Russian roulette","Krievu valoda"
en-gb,lv-lv,"Russian salad","Krievu valoda"
en-gb,lv-lv,"Russian woman","Krievu valoda"
en-gb,lv-lv,"Sail plan","Takelāža"
en-gb,lv-lv,"Saint Petersburg","Sanktpēterburga"
en-gb,lv-lv,"Sales activity",Tirgus
en-gb,lv-lv,"Salt lake","Sālsezers"
en-gb,lv-lv,"San Marino",Sanmarīno
en-gb,lv-lv,"Scarlet fever",Skarlatīna
en-gb,lv-lv,"Science fiction","Zinātniskā fantastika"
en-gb,lv-lv,"Sea anemone","Jūras anemones"
en-gb,lv-lv,"Sea bass",Vilks
en-gb,lv-lv,"Search engine","Meklētājprogramma"
en-gb,lv-lv,"Servant of the servants of God","Romas pāvests"
en-gb,lv-lv,"Sevice load","Derīgā krava"
en-gb,lv-lv,"Sex bomb","Nāra"
en-gb,lv-lv,"Sex industry","Seksa industrija"
en-gb,lv-lv,"Shaving brush","Āpsis"
en-gb,lv-lv,"Shooting star",Meteors
en-gb,lv-lv,"Siliceous earth","Silīcija dioksīds"
en-gb,lv-lv,"Silicon dioxide","Silīcija dioksīds"
en-gb,lv-lv,"Sodium chloride","Nātrija hlorīds"
en-gb,lv-lv,"Soft water",Saldūdens
en-gb,lv-lv,"Solar system","Saules sistēma"
en-gb,lv-lv,"Solar wind","Saules vējš"
en-gb,lv-lv,"Sound velocity","Skaņas ātrums"
en-gb,lv-lv,"Source code",Pirmkods
en-gb,lv-lv,"South Africa","Dienvidāfrikas Republika"
en-gb,lv-lv,"South America",Dienvidamerika
en-gb,lv-lv,"South Korea",Dienvidkoreja
en-gb,lv-lv,"South Sea Islands","Okeānija"
en-gb,lv-lv,"South-East Asia","Dienvidaustrumāzija"
en-gb,lv-lv,"Sovereign pontiff","Romas pāvests"
en-gb,lv-lv,"Space port",Kosmodroms
en-gb,lv-lv,"Space telescope","Orbitālā observatorija"
en-gb,lv-lv,"Spanish language","Spāņu valoda"
en-gb,lv-lv,"Spanish man","Spāņu valoda"
en-gb,lv-lv,"Spark plug",Svece
en-gb,lv-lv,"Sparking plug",Svece
en-gb,lv-lv,"Specific density",Blīvums
en-gb,lv-lv,"Speed of light","Gaismas ātrums"
en-gb,lv-lv,"Speed of sound","Skaņas ātrums"
en-gb,lv-lv,"Speed up","Paātrinājums"
en-gb,lv-lv,"Spelling book","Alfabēts"
en-gb,lv-lv,"Sperm whale",Kašalots
en-gb,lv-lv,"Sphere of duties",Atribūcija
en-gb,lv-lv,"Sphere of influence",Orbīta
en-gb,lv-lv,"Spirit of salts","Sālsskābe"
en-gb,lv-lv,"Sports car",Sports
en-gb,lv-lv,"Sports ground",Sports
en-gb,lv-lv,"Statute law","Pozitīvās tiesības"
en-gb,lv-lv,"Staying power","Elektriskā pretestība"
en-gb,lv-lv,"Staying power",Rezistors
en-gb,lv-lv,"Strong drink",Spirti
en-gb,lv-lv,"Stunt man",Kaskadieris
en-gb,lv-lv,"Sulfuric acid","Sērskābe"
en-gb,lv-lv,"Sulphuric acid","Sērskābe"
en-gb,lv-lv,"Summer time","Vasaras laiks"
en-gb,lv-lv,"Supreme pontiff","Romas pāvests"
en-gb,lv-lv,"Systems engineering","Sistemātika"
en-gb,lv-lv,"Table tennis","Galda teniss"
en-gb,lv-lv,"The Hague","Hāga"
en-gb,lv-lv,"Theory of relativity","Relativitātes teorija"
en-gb,lv-lv,"Time zone","Laika josla"
en-gb,lv-lv,"Time zone","Laika zona"
en-gb,lv-lv,"To be going",Allere
en-gb,lv-lv,"Touch probe",Sensors
en-gb,lv-lv,"Touch sensor",Sensors
en-gb,lv-lv,"Tour de France","Tour de France"
en-gb,lv-lv,"Town Hall","Pilsēta"
en-gb,lv-lv,"Trade Union","Tīmekļa sindikācija"
en-gb,lv-lv,"Trade union","Tīmekļa sindikācija"
en-gb,lv-lv,"Trouser suit","Kombinācija"
en-gb,lv-lv,"Tumbling stone",Kaps
en-gb,lv-lv,"Tyne and Wear","Taina un Vīra"
en-gb,lv-lv,"Tyrrhenian Sea","Tirēnu jūra"
en-gb,lv-lv,"Under way",Iela
en-gb,lv-lv,"United Kingdom","Apvienotā Karaliste"
en-gb,lv-lv,"United States of America","Amerikas Savienotās Valstis"
en-gb,lv-lv,"User ID","Iežurnāle"
en-gb,lv-lv,"VHF‚ very high frequency",Frekvence
en-gb,lv-lv,"Valence state",Valensija
en-gb,lv-lv,"Vampire bat",Vampīrs
en-gb,lv-lv,"Velocity of light","Gaismas ātrums"
en-gb,lv-lv,"Venture capital","Riska kapitāls"
en-gb,lv-lv,"Vicar of Christ","Romas pāvests"
en-gb,lv-lv,"Vinyl chloride",Vinilhlorīds
en-gb,lv-lv,"Virus author",Vīruss
en-gb,lv-lv,"Virus check",Vīruss
en-gb,lv-lv,"Virus detection",Vīruss
en-gb,lv-lv,"Virus detector",Vīruss
en-gb,lv-lv,"Virus program",Vīruss
en-gb,lv-lv,"Wave front","Viļņu fronte"
en-gb,lv-lv,"Weak interaction","Vājā mijiedarbība"
en-gb,lv-lv,"Weather service",Meteoroloģija
en-gb,lv-lv,"Wedding ring",Sabiedrotie
en-gb,lv-lv,"Weighing machine",Trigeris
en-gb,lv-lv,"Weight carrying capacity","Kapacitāte"
en-gb,lv-lv,"West Midlands","Vestmidlendas grāfiste"
en-gb,lv-lv,"White Stork","Baltais stārķis"
en-gb,lv-lv,"White Wagtail","Baltā cielava"
en-gb,lv-lv,"White dwarf star","Baltais punduris"
en-gb,lv-lv,"Wind energy","Vēja enerģija"
en-gb,lv-lv,"Wind power","Vēja enerģija"
en-gb,lv-lv,"Wing player","Uzbrucējs"
en-gb,lv-lv,"X ray",Rentgenstari
en-gb,lv-lv,"X-ray photography",Radio
en-gb,lv-lv,"Yellow metal",Zelts
en-gb,lv-lv,"Yule log",Decembris
en-gb,lv-lv,"Yule log","Ziemassvētki"
en-gb,lv-lv,A,A
en-gb,lv-lv,Aachen,"Āhene"
en-gb,lv-lv,Abac,Abaks
en-gb,lv-lv,Abacus,Abaks
en-gb,lv-lv,Abbot,Abats
en-gb,lv-lv,Abbé,Abats
en-gb,lv-lv,Abetment,"Rezultatīva piespēle"
en-gb,lv-lv,Abidjan,"Abidžāna"
en-gb,lv-lv,Ability,"Kapacitāte"
en-gb,lv-lv,Able-bodied,Veselība
en-gb,lv-lv,About,Vilciens
en-gb,lv-lv,Abreast,Laiks
en-gb,lv-lv,Abstraction,Abstrakcionisms
en-gb,lv-lv,Ac,"Maiņstrāva"
en-gb,lv-lv,Acceleration,"Paātrinājums"
en-gb,lv-lv,Acceptance,Akords
en-gb,lv-lv,Accommodation,"Akomodācija"
en-gb,lv-lv,Accord,Akords
en-gb,lv-lv,Accordance,Akords
en-gb,lv-lv,Account,Cena
en-gb,lv-lv,Accountability,Caurspīdīgums
en-gb,lv-lv,Accretion,"Akrēcija"
en-gb,lv-lv,Acetone,Acetons
en-gb,lv-lv,Acetous,"Skābe"
en-gb,lv-lv,Acetylene,"Acetilēns"
en-gb,lv-lv,Achilles,Ahillejs
en-gb,lv-lv,Acid,"Skābe"
en-gb,lv-lv,Acidic,"Skābe"
en-gb,lv-lv,Acquaintance,"Zināšanas"
en-gb,lv-lv,Acquainted,"Zināšanas"
en-gb,lv-lv,Actinium,Aktīnijs
en-gb,lv-lv,Actinote,Aktinolīts
en-gb,lv-lv,Adamant,Dimants
en-gb,lv-lv,Adapter,"Tīkla karte"
en-gb,lv-lv,Address,Diskurss
en-gb,lv-lv,Adequacy,"Kapacitāte"
en-gb,lv-lv,Adherent,"Partizānu karš"
en-gb,lv-lv,Adjectival,"Īpašības vārds"
en-gb,lv-lv,Adjective,"Īpašības vārds"
en-gb,lv-lv,Admiral,"Admirālis"
en-gb,lv-lv,Adventure,"Uzņēmums"
en-gb,lv-lv,Adventure,"Uzņēmējdarbība"
en-gb,lv-lv,Advert,"Reklāma"
en-gb,lv-lv,Advertise,"Reklāma"
en-gb,lv-lv,Advertisement,"Reklāma"
en-gb,lv-lv,Advertising,"Reklāma"
en-gb,lv-lv,Aerology,Meteoroloģija
en-gb,lv-lv,Aeroplane,Lidmašīna
en-gb,lv-lv,Afforest,Mežs
en-gb,lv-lv,Afghanistan,"Afganistāna"
en-gb,lv-lv,Afloat,Udens
en-gb,lv-lv,Afloat,Ūdens
en-gb,lv-lv,Africa,"Āfrika"
en-gb,lv-lv,Afrikaans,"Afrikandu valoda"
en-gb,lv-lv,Agate,"Ahāts"
en-gb,lv-lv,Agency,"Orgāni"
en-gb,lv-lv,Agenda,Ordenis
en-gb,lv-lv,Agglomeration,"Aglomerācija"
en-gb,lv-lv,Aggregate,Kopa
en-gb,lv-lv,Aggregation,"Aglomerācija"
en-gb,lv-lv,Agnosticism,Agnosticisms
en-gb,lv-lv,Agreed,Akords
en-gb,lv-lv,Agreement,Akords
en-gb,lv-lv,Aid,"Rezultatīva piespēle"
en-gb,lv-lv,Aim,Objektīvs
en-gb,lv-lv,Aim,"Vārti"
en-gb,lv-lv,Aimless,"Vārti"
en-gb,lv-lv,Aimlessly,"Vārti"
en-gb,lv-lv,Air,Lidmašīna
en-gb,lv-lv,Air,"Vējš"
en-gb,lv-lv,Aircraft,Lidmašīna
en-gb,lv-lv,Airmail,Lidmašīna
en-gb,lv-lv,Airplane,Lidmašīna
en-gb,lv-lv,Aix-la-Chapelle,"Āhene"
en-gb,lv-lv,Alabaster,Alabastrs
en-gb,lv-lv,Alaska,Aļaska
en-gb,lv-lv,Albania,"Albānija"
en-gb,lv-lv,Albite,Albīts
en-gb,lv-lv,Alchemy,Alķīmija
en-gb,lv-lv,Alcohol,Spirti
en-gb,lv-lv,Aldehyde,Aldehīdi
en-gb,lv-lv,Ale,Alus
en-gb,lv-lv,Alexandria,Aleksandrija
en-gb,lv-lv,Alga,Aļģes
en-gb,lv-lv,Algebra,Algebra
en-gb,lv-lv,Algeria,Alžīrija
en-gb,lv-lv,Algorithmic,Algoritms
en-gb,lv-lv,Algorithmics,Algoritms
en-gb,lv-lv,Alignment,"Moralitē"
en-gb,lv-lv,All-important,"Kapitāls"
en-gb,lv-lv,Allele,"Alēle"
en-gb,lv-lv,Alliance,Sabiedrotie
en-gb,lv-lv,Allophane,Alofans
en-gb,lv-lv,Allotment,Atribūcija
en-gb,lv-lv,Alluvion,Alūvijs
en-gb,lv-lv,Almanac,Almanahs
en-gb,lv-lv,Almanacs,Almanahs
en-gb,lv-lv,Alphabet,"Alfabēts"
en-gb,lv-lv,Alps,Alpi
en-gb,lv-lv,Alsace,Elzasa
en-gb,lv-lv,Alumina,"Alumīnija oksīds"
en-gb,lv-lv,Aluminium,Alumīnijs
en-gb,lv-lv,Aluminum,Alumīnijs
en-gb,lv-lv,Alundum,Korunds
en-gb,lv-lv,Always,Laiks
en-gb,lv-lv,Amalgamation,Kušana
en-gb,lv-lv,Amazon,Amazone
en-gb,lv-lv,Amber,Dzintars
en-gb,lv-lv,America,Amerika
en-gb,lv-lv,American,Amerika
en-gb,lv-lv,Americium,Amerīcijs
en-gb,lv-lv,Amethyst,Ametists
en-gb,lv-lv,Amine,Amīni
en-gb,lv-lv,Ammonia,Amonjaks
en-gb,lv-lv,Ammoniac,Amonjaks
en-gb,lv-lv,Amnesty,Amnestija
en-gb,lv-lv,Amp,"Ampērs"
en-gb,lv-lv,Ampere,"Ampērs"
en-gb,lv-lv,Amphitheatre,"Amfiteātris"
en-gb,lv-lv,Amplitude,Amplitūda
en-gb,lv-lv,Amsterdam,Amsterdama
en-gb,lv-lv,Anatomy,Anatomija
en-gb,lv-lv,Anchor,Enkurs
en-gb,lv-lv,Andalusia,Andalūzija
en-gb,lv-lv,Andorra,Andora
en-gb,lv-lv,Angle,"Leņķis"
en-gb,lv-lv,Anglian,"Leņķis"
en-gb,lv-lv,Anglice,Angļi
en-gb,lv-lv,Anglice,"Angļu valoda"
en-gb,lv-lv,Angola,Angola
en-gb,lv-lv,Aniline,Anilīns
en-gb,lv-lv,Animal,Dzīvnieki
en-gb,lv-lv,Animation,"Multiplikācija"
en-gb,lv-lv,Anode,Anods
en-gb,lv-lv,Answer,"Šķīdums"
en-gb,lv-lv,Ant,Skudra
en-gb,lv-lv,Antarctic,Antarktīda
en-gb,lv-lv,Antarctica,Antarktīda
en-gb,lv-lv,Antelope,Antilope
en-gb,lv-lv,Anthology,Antoloģija
en-gb,lv-lv,Anthropology,Antropoloģija
en-gb,lv-lv,Antic,Farss
en-gb,lv-lv,Antics,Kino
en-gb,lv-lv,Antimony,Antimons
en-gb,lv-lv,Antiparticle,"Antidaļiņa"
en-gb,lv-lv,Antwerp,Antverpene
en-gb,lv-lv,Apache,Apache
en-gb,lv-lv,Aphrodite,Afrodīte
en-gb,lv-lv,Apollo,Apollons
en-gb,lv-lv,Appellation,"Lietvārds"
en-gb,lv-lv,Apple,"Ābols"
en-gb,lv-lv,Application,Funkcija
en-gb,lv-lv,Application,Lietojumprogrammatūra
en-gb,lv-lv,Applique,"Lietotāja saskarne"
en-gb,lv-lv,Approval,Akords
en-gb,lv-lv,April,Aprīlis
en-gb,lv-lv,Apulia,Apūlija
en-gb,lv-lv,Aquamarine,Akvamarīns
en-gb,lv-lv,Aquatic,Udens
en-gb,lv-lv,Aquatic,Ūdens
en-gb,lv-lv,Aqueduct,Akvedukts
en-gb,lv-lv,Aquitaine,"Akvitānija"
en-gb,lv-lv,Arab,"Arābu valoda"
en-gb,lv-lv,Arabian,"Arābu valoda"
en-gb,lv-lv,Arabic,"Arābu valoda"
en-gb,lv-lv,Arc,Arka
en-gb,lv-lv,Arch,Arka
en-gb,lv-lv,Archaeology,Arheoloģija
en-gb,lv-lv,Archeology,Arheoloģija
en-gb,lv-lv,Archimedes,"Arhimēds"
en-gb,lv-lv,Architecture,Arhitektūra
en-gb,lv-lv,Architrave,"Arhitrāvs"
en-gb,lv-lv,Arctic,Arktika
en-gb,lv-lv,Argentina,Argentīna
en-gb,lv-lv,Argentine,Argentīna
en-gb,lv-lv,Argon,Argons
en-gb,lv-lv,Aria,Melodija
en-gb,lv-lv,Arianism,"Ariānisms"
en-gb,lv-lv,Aristocracy,"Aristokrātija"
en-gb,lv-lv,Aristotle,Aristotelis
en-gb,lv-lv,Arm,Ierocis
en-gb,lv-lv,Arm,Lamanšs
en-gb,lv-lv,Armenia,"Armēnija"
en-gb,lv-lv,Armless,"Pingvīnu dzimta"
en-gb,lv-lv,Armoury,Arsenal
en-gb,lv-lv,Army,Kareivis
en-gb,lv-lv,Around,Maina
en-gb,lv-lv,Around,Taisne
en-gb,lv-lv,Array,Datortīkli
en-gb,lv-lv,Arsenal,Arsenal
en-gb,lv-lv,Arsenic,"Arsēns"
en-gb,lv-lv,Artery,"Artērijas"
en-gb,lv-lv,Arthropod,"Posmkāji"
en-gb,lv-lv,Artillery,"Artilērija"
en-gb,lv-lv,Ashore,Zeme
en-gb,lv-lv,Asia,"Āzija"
en-gb,lv-lv,Aspen,"Parastā apse"
en-gb,lv-lv,Assay,"Titrēšana"
en-gb,lv-lv,Assembler,Asamblervaloda
en-gb,lv-lv,Assignment,Atribūcija
en-gb,lv-lv,Assistance,"Rezultatīva piespēle"
en-gb,lv-lv,Astatine,Astats
en-gb,lv-lv,Asteroid,Asteroīds
en-gb,lv-lv,Astrology,Astroloģija
en-gb,lv-lv,Astronautics,Kosmonautika
en-gb,lv-lv,Astronomy,Astronomija
en-gb,lv-lv,Astrophysics,Astrofizika
en-gb,lv-lv,Atheism,Ateisms
en-gb,lv-lv,Athena,"Atēna"
en-gb,lv-lv,Athens,"Atēnas"
en-gb,lv-lv,Athletics,Sports
en-gb,lv-lv,Atmosphere,"Atmosfēra"
en-gb,lv-lv,Atmosphere,"Zemes atmosfēra"
en-gb,lv-lv,Atoll,"Koraļļu salas"
en-gb,lv-lv,Atom,Atoms
en-gb,lv-lv,Attacking,Korozija
en-gb,lv-lv,Attribution,Atribūcija
en-gb,lv-lv,August,Augusts
en-gb,lv-lv,August,"Oktaviāns"
en-gb,lv-lv,Augustan,"Oktaviāns"
en-gb,lv-lv,Augustus,"Oktaviāns"
en-gb,lv-lv,Australia,"Austrālija"
en-gb,lv-lv,Austria,Austrija
en-gb,lv-lv,Austria-Hungary,"Austroungārija"
en-gb,lv-lv,Automobile,Automašīna
en-gb,lv-lv,Avalanche,Lavīna
en-gb,lv-lv,Award,Cena
en-gb,lv-lv,Awards,Cena
en-gb,lv-lv,Awareness,"Apziņa"
en-gb,lv-lv,Axe,Cirvis
en-gb,lv-lv,Axiom,Aksioma
en-gb,lv-lv,Azerbaijan,"Azerbaidžāna"
en-gb,lv-lv,BASIC,"BASIC programmēšanas valoda"
en-gb,lv-lv,Babylon,Babilona
en-gb,lv-lv,Backbiter,Valoda
en-gb,lv-lv,Backbone,Mugurkauls
en-gb,lv-lv,Backer,"Partizānu karš"
en-gb,lv-lv,Backing,Parīze
en-gb,lv-lv,Bacteriophage,"Bakteriofāgi"
en-gb,lv-lv,Badger,"Āpsis"
en-gb,lv-lv,Badminton,Badmintons
en-gb,lv-lv,Bahamas,Bahamas
en-gb,lv-lv,Bahrain,Bahreina
en-gb,lv-lv,Balkans,"Balkānu pussala"
en-gb,lv-lv,Ball,Augi
en-gb,lv-lv,Ball-frame,Abaks
en-gb,lv-lv,Ballet,Balets
en-gb,lv-lv,Baltic,"Baltijas jūra"
en-gb,lv-lv,Bane,Inde
en-gb,lv-lv,Bang,Suns
en-gb,lv-lv,Bangladesh,Bangladeša
en-gb,lv-lv,Bank,Banka
en-gb,lv-lv,Banshee,"Nāra"
en-gb,lv-lv,Barbados,Barbadosa
en-gb,lv-lv,Barbarian,Barbari
en-gb,lv-lv,Barbaric,Barbari
en-gb,lv-lv,Barbarism,Barbarismi
en-gb,lv-lv,Barbarous,Barbari
en-gb,lv-lv,Barbiturate,"Barbiturāti"
en-gb,lv-lv,Barcelona,Barselona
en-gb,lv-lv,Bargain,Tirgus
en-gb,lv-lv,Barium,"Bārijs"
en-gb,lv-lv,Bark,Iela
en-gb,lv-lv,Barley,Mieži
en-gb,lv-lv,Baroque,Baroks
en-gb,lv-lv,Baryon,Barioni
en-gb,lv-lv,Bas-relief,Bareljefs
en-gb,lv-lv,Base,"Bāze"
en-gb,lv-lv,Base,"Sārms"
en-gb,lv-lv,Basel,"Bāzele"
en-gb,lv-lv,Basic,"Bāze"
en-gb,lv-lv,Basic,"Sārms"
en-gb,lv-lv,Basilica,Bazilika
en-gb,lv-lv,Basis,"Bāze"
en-gb,lv-lv,Basis,"Sārms"
en-gb,lv-lv,Basketball,Basketbols
en-gb,lv-lv,Basle,"Bāzele"
en-gb,lv-lv,Bass,Vilks
en-gb,lv-lv,Bathed,Udens
en-gb,lv-lv,Bathed,Ūdens
en-gb,lv-lv,Batman,"Batmanas province"
en-gb,lv-lv,Bavaria,"Bavārija"
en-gb,lv-lv,Bay,Līcis
en-gb,lv-lv,Beaker,Berlīne
en-gb,lv-lv,Beam,"Gaismas stars"
en-gb,lv-lv,Beam,"Rādiuss"
en-gb,lv-lv,Bear,"Lācis"
en-gb,lv-lv,Beast,Dzīvnieki
en-gb,lv-lv,Beat,Laiks
en-gb,lv-lv,Bedfordshire,Bedfordšīra
en-gb,lv-lv,Beef,Muskulis
en-gb,lv-lv,Beef,Muskuļi
en-gb,lv-lv,Beer,Alus
en-gb,lv-lv,Belarus,Baltkrievija
en-gb,lv-lv,Belgium,Beļģija
en-gb,lv-lv,Belgrade,Belgrada
en-gb,lv-lv,Belize,Beliza
en-gb,lv-lv,Benign,Benina
en-gb,lv-lv,Benin,Benina
en-gb,lv-lv,Benzene,Benzols
en-gb,lv-lv,Berkelium,Berklijs
en-gb,lv-lv,Berkshire,"Bērkšīra"
en-gb,lv-lv,Berlin,Berlīne
en-gb,lv-lv,Bermuda,"Bermudu salas"
en-gb,lv-lv,Bermudas,"Bermudu salas"
en-gb,lv-lv,Berne,Berne
en-gb,lv-lv,Berry,Līcis
en-gb,lv-lv,Beryl,Berils
en-gb,lv-lv,Beryllium,Berilijs
en-gb,lv-lv,Bevy,Kopa
en-gb,lv-lv,Bhutan,"Butāna"
en-gb,lv-lv,Bible,Bībele
en-gb,lv-lv,Bicycle,"Velosipēds"
en-gb,lv-lv,Bike,"Velosipēds"
en-gb,lv-lv,Bilingualism,"Bilingvālisms"
en-gb,lv-lv,Billiard-,Biljards
en-gb,lv-lv,Billiards,Biljards
en-gb,lv-lv,Biochemistry,Bioķīmija
en-gb,lv-lv,Biography,"Biogrāfija"
en-gb,lv-lv,Biologist,Bioloģija
en-gb,lv-lv,Biology,Bioloģija
en-gb,lv-lv,Bioscope,Kino
en-gb,lv-lv,Birth,Pasaule
en-gb,lv-lv,Bismuth,Bismuts
en-gb,lv-lv,Bit,Bits
en-gb,lv-lv,Blank,Vakuums
en-gb,lv-lv,Blanking,"Aizklāšanās"
en-gb,lv-lv,Blood,Asinis
en-gb,lv-lv,Blower,Ventilators
en-gb,lv-lv,Blueprint,Projekts
en-gb,lv-lv,Board,Platīns
en-gb,lv-lv,Bobbin,"Induktivitātes spole"
en-gb,lv-lv,Body,Masa
en-gb,lv-lv,Body,Ķermenis
en-gb,lv-lv,Bog,Purvs
en-gb,lv-lv,Bogey,"Dēmons"
en-gb,lv-lv,Bogus,Izkapts
en-gb,lv-lv,Bohemia,"Bohēmija"
en-gb,lv-lv,Boiling,Viršana
en-gb,lv-lv,Bolides,Bolīds
en-gb,lv-lv,Bolivia,Bolīvija
en-gb,lv-lv,Bomb,"Āda"
en-gb,lv-lv,Bone,Kauli
en-gb,lv-lv,Bone,Kauls
en-gb,lv-lv,Booster,"Kosmiskais velkonis"
en-gb,lv-lv,Booze,"Alkoholiskie dzērieni"
en-gb,lv-lv,Born,Diena
en-gb,lv-lv,Boron,Bors
en-gb,lv-lv,Borough,Pašvaldība
en-gb,lv-lv,Bosh,Farss
en-gb,lv-lv,Boson,Bozoni
en-gb,lv-lv,Botanical,"Botānika"
en-gb,lv-lv,Botany,"Botānika"
en-gb,lv-lv,Botswana,"Botsvāna"
en-gb,lv-lv,Boutique,Magazīna
en-gb,lv-lv,Bow,Arka
en-gb,lv-lv,Bowl,Bļoda
en-gb,lv-lv,Bran,"Skaņa"
en-gb,lv-lv,Brass,Varš
en-gb,lv-lv,Brawn,Muskulis
en-gb,lv-lv,Brawn,Muskuļi
en-gb,lv-lv,Brazil,Brazīlija
en-gb,lv-lv,Bread,Maize
en-gb,lv-lv,Bremen,"Brēmene"
en-gb,lv-lv,Brilliance,Spīdums
en-gb,lv-lv,Brimstone,"Sērs"
en-gb,lv-lv,Briny,Jūra
en-gb,lv-lv,Bristle,Zīds
en-gb,lv-lv,Broadcast,Emisija
en-gb,lv-lv,Bromide,Broms
en-gb,lv-lv,Bromine,Broms
en-gb,lv-lv,Bruges,Brige
en-gb,lv-lv,Bruges,"Venēcija"
en-gb,lv-lv,Brunei,Bruneja
en-gb,lv-lv,Brussels,Brisele
en-gb,lv-lv,Bryophite,"Pirmsvasas augi"
en-gb,lv-lv,Buckinghamshire,Bekingemšīra
en-gb,lv-lv,Buddha,"Sidhārta Gautama"
en-gb,lv-lv,Buddhism,Budisms
en-gb,lv-lv,Budget,Budžets
en-gb,lv-lv,Bug,"Rietumu Buga"
en-gb,lv-lv,Bulgar,"Bulgāru valoda"
en-gb,lv-lv,Bulgaria,"Bulgārija"
en-gb,lv-lv,Bulgarian,"Bulgāru valoda"
en-gb,lv-lv,Bully,"Tirānija"
en-gb,lv-lv,Bundle,Pakete
en-gb,lv-lv,Buoyancy,"Multiplikācija"
en-gb,lv-lv,Burgundy,Bordo
en-gb,lv-lv,Burma,Mjanma
en-gb,lv-lv,Burundi,Burundi
en-gb,lv-lv,Bus,Autobuss
en-gb,lv-lv,Business,Komercija
en-gb,lv-lv,Business,"Uzņēmums"
en-gb,lv-lv,Business,"Uzņēmējdarbība"
en-gb,lv-lv,Butane,"Butāns"
en-gb,lv-lv,Butter,Sviests
en-gb,lv-lv,Byte,Oktets
en-gb,lv-lv,Byzantium,Bizantija
en-gb,lv-lv,C,C
en-gb,lv-lv,CFC,"Halogēnogļūdeņraži"
en-gb,lv-lv,Cadmium,Kadmijs
en-gb,lv-lv,Caesar,"Cēzars"
en-gb,lv-lv,Caesium,"Cēzijs"
en-gb,lv-lv,Caffeine,Kofeīns
en-gb,lv-lv,Cairo,Kaira
en-gb,lv-lv,Calabria,Kalabrija
en-gb,lv-lv,Calcareous,Kaļķakmens
en-gb,lv-lv,Calcium,Kalcijs
en-gb,lv-lv,Calculator,Kalkulators
en-gb,lv-lv,Caliber,Kalibrs
en-gb,lv-lv,Calibre,Kalibrs
en-gb,lv-lv,California,Kalifornija
en-gb,lv-lv,Californium,Kalifornijs
en-gb,lv-lv,Caliph,Kalifs
en-gb,lv-lv,Calming,Trankvilizatori
en-gb,lv-lv,Cambodia,Kambodža
en-gb,lv-lv,Cambridgeshire,Kembridžšīra
en-gb,lv-lv,Cameroon,Kamerūna
en-gb,lv-lv,Canada,"Kanāda"
en-gb,lv-lv,Candle,Svece
en-gb,lv-lv,Canoe,Kanoe
en-gb,lv-lv,Capability,"Kapacitāte"
en-gb,lv-lv,Capacitor,Kondensators
en-gb,lv-lv,Capacity,"Kapacitāte"
en-gb,lv-lv,Capital,"Kapitāls"
en-gb,lv-lv,Capitol,"Galvaspilsēta"
en-gb,lv-lv,Car,Automašīna
en-gb,lv-lv,Carbide,Karbīdi
en-gb,lv-lv,Carbohydrate,"Ogļhidrāti"
en-gb,lv-lv,Carbon,Ogleklis
en-gb,lv-lv,Carbonate,"Karbonāti"
en-gb,lv-lv,Cardinal,"Kapitāls"
en-gb,lv-lv,Carnelian,Karneols
en-gb,lv-lv,Carriage,Ports
en-gb,lv-lv,Carrier,Vektors
en-gb,lv-lv,Carrying,Transports
en-gb,lv-lv,Carthage,"Kartāga"
en-gb,lv-lv,Carthusian,Kartūzieši
en-gb,lv-lv,Carving,"Tēlniecība"
en-gb,lv-lv,Casual,Sports
en-gb,lv-lv,Cat,Kaķis
en-gb,lv-lv,Catalysis,Katalizators
en-gb,lv-lv,Catalyst,Katalizators
en-gb,lv-lv,Cathode,Katods
en-gb,lv-lv,Catholicism,"Romas Katoļu baznīca"
en-gb,lv-lv,Catwalk,"Tiltiņš"
en-gb,lv-lv,Cavalry,"Kavalērija"
en-gb,lv-lv,Cave,Ala
en-gb,lv-lv,Cave,Alas
en-gb,lv-lv,Cedar,Ciedri
en-gb,lv-lv,Cell,"Šūna"
en-gb,lv-lv,Cello,"Čells"
en-gb,lv-lv,Cement,Cements
en-gb,lv-lv,Censorship,Cenzūra
en-gb,lv-lv,Censure,Cenzūra
en-gb,lv-lv,Centriole,Centriola
en-gb,lv-lv,Cepheids,Cefeīda
en-gb,lv-lv,Cerium,"Cērijs"
en-gb,lv-lv,Cesium,"Cēzijs"
en-gb,lv-lv,Chad,"Čada"
en-gb,lv-lv,Chairman,Prezidents
en-gb,lv-lv,Chalcedony,Halcedons
en-gb,lv-lv,Chalk,Krīts
en-gb,lv-lv,Chalkstone,Krīts
en-gb,lv-lv,Character,"Moralitē"
en-gb,lv-lv,Charlemagne,"Kārlis Lielais"
en-gb,lv-lv,Chart,Abaks
en-gb,lv-lv,Chaste,Kontinents
en-gb,lv-lv,Chat,Kaķis
en-gb,lv-lv,Cheerfully,Sirds
en-gb,lv-lv,Cheese,Siers
en-gb,lv-lv,Chemistry,Kimija
en-gb,lv-lv,Chemistry,Ķīmija
en-gb,lv-lv,Cheshire,"Češīra"
en-gb,lv-lv,Chick,Datorpele
en-gb,lv-lv,Chick,Pele
en-gb,lv-lv,Childbirth,Dzemdības
en-gb,lv-lv,Chile,"Čīle"
en-gb,lv-lv,Chip,"Monēta"
en-gb,lv-lv,Chip,Spīdums
en-gb,lv-lv,Chisel,Nazis
en-gb,lv-lv,Chloride,Hlors
en-gb,lv-lv,Chlorine,Hlors
en-gb,lv-lv,Chlorofluorocarbon,"Halogēnogļūdeņraži"
en-gb,lv-lv,Chloroform,Hloroforms
en-gb,lv-lv,Chocolate,"Šokolāde"
en-gb,lv-lv,Choir,Sirds
en-gb,lv-lv,Chord,Akords
en-gb,lv-lv,Chordata,"Hordaiņi"
en-gb,lv-lv,Chrestomathy,Antoloģija
en-gb,lv-lv,Christ!,Dievs
en-gb,lv-lv,Christianity,Kristietība
en-gb,lv-lv,Christmas,Decembris
en-gb,lv-lv,Christmas,"Ziemassvētki"
en-gb,lv-lv,Chromatin,Hromatīns
en-gb,lv-lv,Chrome,Hroms
en-gb,lv-lv,Chromium,Hroms
en-gb,lv-lv,Chromosome,Hromosoma
en-gb,lv-lv,Church,Baznīca
en-gb,lv-lv,Church-building,Baznīca
en-gb,lv-lv,Cinema,Kino
en-gb,lv-lv,Cinnabar,Cinobrs
en-gb,lv-lv,Circle,"Riņķis"
en-gb,lv-lv,Citrin,Citrīns
en-gb,lv-lv,Citrine,Citrīns
en-gb,lv-lv,City,"Pilsēta"
en-gb,lv-lv,Civilization,"Civilizācija"
en-gb,lv-lv,Claret,Bordo
en-gb,lv-lv,Clarinet,Klarnete
en-gb,lv-lv,Clash,Konflikts
en-gb,lv-lv,Clay,"Māls"
en-gb,lv-lv,Cleavage,Skaldnība
en-gb,lv-lv,Climate,Klimats
en-gb,lv-lv,Clime,Klimats
en-gb,lv-lv,Clothes,Kopa
en-gb,lv-lv,Cloud,"Mākoņi"
en-gb,lv-lv,Co-,Kopa
en-gb,lv-lv,Cobalt,Kobalts
en-gb,lv-lv,Cobra,CoBrA
en-gb,lv-lv,Coccyx,"Astes kauls"
en-gb,lv-lv,Cock,Aste
en-gb,lv-lv,Cocoa,"Šokolāde"
en-gb,lv-lv,Coil,"Induktivitātes spole"
en-gb,lv-lv,Coin,"Monēta"
en-gb,lv-lv,Coin,Nauda
en-gb,lv-lv,Coinage,"Monēta"
en-gb,lv-lv,Coinage,Nauda
en-gb,lv-lv,Collage,"Kolāža"
en-gb,lv-lv,Collapsar,"Melnais caurums"
en-gb,lv-lv,Collection,Kopa
en-gb,lv-lv,Cologne,Ķelne
en-gb,lv-lv,Colombia,Kolumbija
en-gb,lv-lv,Colon,"Resnā zarna"
en-gb,lv-lv,Colonialism,"Koloniālisms"
en-gb,lv-lv,Color,"Krāsa"
en-gb,lv-lv,Colour,"Krāsa"
en-gb,lv-lv,Column,Kolonna
en-gb,lv-lv,Comas,Aste
en-gb,lv-lv,Combination,"Kombinācija"
en-gb,lv-lv,Comedy,"Komēdija"
en-gb,lv-lv,Comet,"Komēta"
en-gb,lv-lv,Comets,"Komēta"
en-gb,lv-lv,Comma,Komats
en-gb,lv-lv,Commerce,Komercija
en-gb,lv-lv,Commercial,"Reklāma"
en-gb,lv-lv,Communism,Komunisms
en-gb,lv-lv,Company,"Uzņēmums"
en-gb,lv-lv,Company,"Uzņēmējdarbība"
en-gb,lv-lv,Complexion,Daba
en-gb,lv-lv,Computer,Datori
en-gb,lv-lv,Computer,Dators
en-gb,lv-lv,Computerized,Datori
en-gb,lv-lv,Computerized,Dators
en-gb,lv-lv,Computerized,"Datorzinātne"
en-gb,lv-lv,Computing,"Datorzinātne"
en-gb,lv-lv,Concern,"Uzņēmums"
en-gb,lv-lv,Concern,"Uzņēmējdarbība"
en-gb,lv-lv,Concord,Akords
en-gb,lv-lv,Concurrence,Akords
en-gb,lv-lv,Condensation,"Kondensācija"
en-gb,lv-lv,Condenser,Kondensators
en-gb,lv-lv,Condensor,Kondensators
en-gb,lv-lv,Condition,Valsts
en-gb,lv-lv,Confinement,Dzemdības
en-gb,lv-lv,Conflict,Konflikts
en-gb,lv-lv,Conk,Deguns
en-gb,lv-lv,Conscience,"Apziņa"
en-gb,lv-lv,Conscious,"Zināšanas"
en-gb,lv-lv,Consciousness,"Apziņa"
en-gb,lv-lv,Consciousness,"Zināšanas"
en-gb,lv-lv,Consent,Akords
en-gb,lv-lv,Conservatism,Konservatīvisms
en-gb,lv-lv,Consistent,Loģika
en-gb,lv-lv,Consonant,Līdzskanis
en-gb,lv-lv,Constellation,"Zvaigznājs"
en-gb,lv-lv,Constitution,Konstitūcija
en-gb,lv-lv,Consummation,"Vārti"
en-gb,lv-lv,Contemplation,Upanišadas
en-gb,lv-lv,Contention,Konflikts
en-gb,lv-lv,Continent,Kontinents
en-gb,lv-lv,Contract,Tirgus
en-gb,lv-lv,Contractor,Komersants
en-gb,lv-lv,Control,Valsts
en-gb,lv-lv,Convection,Konvekcija
en-gb,lv-lv,Conveyance,Transports
en-gb,lv-lv,Cookie,Sīkdatne
en-gb,lv-lv,Cooler,Vijole
en-gb,lv-lv,Copenhagen,"Kopenhāgena"
en-gb,lv-lv,Copper,Varš
en-gb,lv-lv,Core,"Šūnas kodols"
en-gb,lv-lv,Corner,"Leņķis"
en-gb,lv-lv,Cornwall,Kornvola
en-gb,lv-lv,Correlation,"Korelācija"
en-gb,lv-lv,Corrosion,Korozija
en-gb,lv-lv,Corundum,Korunds
en-gb,lv-lv,Cost,Cena
en-gb,lv-lv,Costs,Cena
en-gb,lv-lv,Counter,Cinks
en-gb,lv-lv,Counterfeit,Izkapts
en-gb,lv-lv,Counting-frame,Abaks
en-gb,lv-lv,Country,Valsts
en-gb,lv-lv,Couple,"Spēka moments"
en-gb,lv-lv,Course,Iela
en-gb,lv-lv,Courtesy,"Sākumlapa"
en-gb,lv-lv,Covenant,Akords
en-gb,lv-lv,Cow-parsnip,"Latvānis"
en-gb,lv-lv,Cow-parsnip,"Latvāņi"
en-gb,lv-lv,Coyote,Koijots
en-gb,lv-lv,Crawler,Robots
en-gb,lv-lv,Creole,"Kreolu valodas"
en-gb,lv-lv,Crest,Zīmogs
en-gb,lv-lv,Cretaceous,Krīts
en-gb,lv-lv,Crete,"Krēta"
en-gb,lv-lv,Croatia,"Horvātija"
en-gb,lv-lv,Crocodile,Krokodils
en-gb,lv-lv,Crook,"Hokeja nūja"
en-gb,lv-lv,Crosier,"Hokeja nūja"
en-gb,lv-lv,Crossbow,Stops
en-gb,lv-lv,Crowd,Masa
en-gb,lv-lv,Crozier,"Hokeja nūja"
en-gb,lv-lv,Crusade,"Krusta kari"
en-gb,lv-lv,Crystal,"Kristāls"
en-gb,lv-lv,Crystallography,"Kristalogrāfija"
en-gb,lv-lv,Cuba,Kuba
en-gb,lv-lv,Cue,Aste
en-gb,lv-lv,Cultivation,Kultūra
en-gb,lv-lv,Culture,Kultūra
en-gb,lv-lv,Curium,Kirijs
en-gb,lv-lv,Curl,Volūta
en-gb,lv-lv,Currency,Nauda
en-gb,lv-lv,Cut,Aste
en-gb,lv-lv,Cutter,Nazis
en-gb,lv-lv,Cyanide,Cianīdi
en-gb,lv-lv,Cycle,"Velosipēds"
en-gb,lv-lv,Cyprus,Kipra
en-gb,lv-lv,Cytoplasm,Citoplazma
en-gb,lv-lv,Cytoplasma,Citoplazma
en-gb,lv-lv,Czech,"Čehu valoda"
en-gb,lv-lv,Czechoslovakia,"Čehoslovākija"
en-gb,lv-lv,César,"Cēzars"
en-gb,lv-lv,DC,"Līdzstrāva"
en-gb,lv-lv,Daemon,"Dēmons"
en-gb,lv-lv,Daguerreotype,Dagerotips
en-gb,lv-lv,Danube,Donava
en-gb,lv-lv,Dart,Svītra
en-gb,lv-lv,Dash,Svītra
en-gb,lv-lv,Data,"Informācija"
en-gb,lv-lv,Data-processing,"Datorzinātne"
en-gb,lv-lv,Database,"Datu bāze"
en-gb,lv-lv,Date,Diena
en-gb,lv-lv,Day,Diena
en-gb,lv-lv,Daylight,Diena
en-gb,lv-lv,Daytime,Diena
en-gb,lv-lv,Dead,Death
en-gb,lv-lv,Dead,"Nāve"
en-gb,lv-lv,Deal,Tirgus
en-gb,lv-lv,Dealer,"Tirgotājs"
en-gb,lv-lv,Death,Death
en-gb,lv-lv,Death,"Nāve"
en-gb,lv-lv,Death-trap,Urbis
en-gb,lv-lv,Deathly,Death
en-gb,lv-lv,Deathly,"Nāve"
en-gb,lv-lv,December,Decembris
en-gb,lv-lv,Deck,Platīns
en-gb,lv-lv,Deep-sea,Jūra
en-gb,lv-lv,Deity,Dievs
en-gb,lv-lv,Delirium,Transports
en-gb,lv-lv,Delta,Delta
en-gb,lv-lv,Demise,Death
en-gb,lv-lv,Demise,"Nāve"
en-gb,lv-lv,Democracy,"Demokrātija"
en-gb,lv-lv,Demon,"Dēmons"
en-gb,lv-lv,Denmark,"Dānija"
en-gb,lv-lv,Denseness,Blīvums
en-gb,lv-lv,Density,Blīvums
en-gb,lv-lv,Department,"Gaismas stars"
en-gb,lv-lv,Department,"Rādiuss"
en-gb,lv-lv,Deposit,"Rokas nauda"
en-gb,lv-lv,Derbyshire,"Dārbišīra"
en-gb,lv-lv,Desert,Tuksnesis
en-gb,lv-lv,Deserted,Tuksnesis
en-gb,lv-lv,Design,Projekts
en-gb,lv-lv,Development,Evolūcija
en-gb,lv-lv,Development,"Evolūcijas teorija"
en-gb,lv-lv,Devon,Devona
en-gb,lv-lv,Dialect,Izloksne
en-gb,lv-lv,Diamond,Dimants
en-gb,lv-lv,Diamond-shaped,Rombs
en-gb,lv-lv,Diana,Artemīda
en-gb,lv-lv,Dick,Aste
en-gb,lv-lv,Diffraction,Difrakcija
en-gb,lv-lv,Digger,Minors
en-gb,lv-lv,Dinosaur,Dinozauri
en-gb,lv-lv,Dint,"Spēks"
en-gb,lv-lv,Direction,"Mizanscēna"
en-gb,lv-lv,Discharge,"Izgāztuve"
en-gb,lv-lv,Discourse,Diskurss
en-gb,lv-lv,Disease,Slimība
en-gb,lv-lv,Dispute,Konflikts
en-gb,lv-lv,Do,Do
en-gb,lv-lv,Doctor,"Ārsts"
en-gb,lv-lv,Dog,Suns
en-gb,lv-lv,Dog-wolf,Vilks
en-gb,lv-lv,Doh,Do
en-gb,lv-lv,Dorset,Dorseta
en-gb,lv-lv,Draft,Svītra
en-gb,lv-lv,Drag,"Elektriskā pretestība"
en-gb,lv-lv,Drag,Rezistors
en-gb,lv-lv,Dragon,Pūķis
en-gb,lv-lv,Dragoon,Pūķis
en-gb,lv-lv,Drama,Dramaturģija
en-gb,lv-lv,Drama,"Komēdija"
en-gb,lv-lv,Draught,Svītra
en-gb,lv-lv,Dreary,Tuksnesis
en-gb,lv-lv,Drink,Stikls
en-gb,lv-lv,Drinks,Stikls
en-gb,lv-lv,Driver,Draiveris
en-gb,lv-lv,Drown,Valrieksts
en-gb,lv-lv,Drum,Bungas
en-gb,lv-lv,Dummy,Death
en-gb,lv-lv,Dummy,"Nāve"
en-gb,lv-lv,Dump,"Izgāztuve"
en-gb,lv-lv,Dungarees,"Kombinācija"
en-gb,lv-lv,Durability,"Ilgtspējība"
en-gb,lv-lv,Durham,"Daremas grāfiste"
en-gb,lv-lv,Dust,Zeme
en-gb,lv-lv,Dusting-powder,Talks
en-gb,lv-lv,Dutch,"Nīderlandiešu valoda"
en-gb,lv-lv,Dutchman,"Klīstošais holandietis"
en-gb,lv-lv,Dutchman,"Nīderlandiešu valoda"
en-gb,lv-lv,Dye,Glezniecība
en-gb,lv-lv,Dye,"Krāsa"
en-gb,lv-lv,Dynamite,Dinamīts
en-gb,lv-lv,Dysprosium,Disprozijs
en-gb,lv-lv,E,E
en-gb,lv-lv,E-commerce,"Elektroniskā komercija"
en-gb,lv-lv,E-mail,E-pasts
en-gb,lv-lv,Earth,Zeme
en-gb,lv-lv,Earthen,Zeme
en-gb,lv-lv,Earthquake,Zemestrīce
en-gb,lv-lv,Earthquakes,Zemestrīce
en-gb,lv-lv,Eclipse,"Saules aptumsums"
en-gb,lv-lv,Economics,Ekonomika
en-gb,lv-lv,Economy,Ekonomika
en-gb,lv-lv,Ecosystem,"Ekosistēma"
en-gb,lv-lv,Efficiency,Jauda
en-gb,lv-lv,Egg,Helikopters
en-gb,lv-lv,Egypt,"Ēģipte"
en-gb,lv-lv,Einherjar,Einheriji
en-gb,lv-lv,Einsteinium,Einšteinijs
en-gb,lv-lv,Eire,Īrija
en-gb,lv-lv,Elba,Elba
en-gb,lv-lv,Elbe,Elba
en-gb,lv-lv,Eldorado,Eldorado
en-gb,lv-lv,Electrode,Elektrods
en-gb,lv-lv,Electrodes,Elektrods
en-gb,lv-lv,Electrolysis,Elektrolīze
en-gb,lv-lv,Electron,Elektrons
en-gb,lv-lv,Electrosis,Elektrolīze
en-gb,lv-lv,Elegy,"Elēģija"
en-gb,lv-lv,Ellipse,Elipse
en-gb,lv-lv,Elsass,Elzasa
en-gb,lv-lv,Email,E-pasts
en-gb,lv-lv,Emboss,Cilnis
en-gb,lv-lv,Emerald,Smaragds
en-gb,lv-lv,Emission,Emisija
en-gb,lv-lv,Emmet,Skudra
en-gb,lv-lv,Empire,"Impērija"
en-gb,lv-lv,Emptiness,Vakuums
en-gb,lv-lv,Empty,Vakuums
en-gb,lv-lv,Encapsulation,"Iekapsulēšana"
en-gb,lv-lv,Encyclopaedia,"Enciklopēdija"
en-gb,lv-lv,Encyclopedia,"Enciklopēdija"
en-gb,lv-lv,Endowed,Pasaule
en-gb,lv-lv,Endurance,"Elektriskā pretestība"
en-gb,lv-lv,Endurance,Rezistors
en-gb,lv-lv,Energy,Enerģija
en-gb,lv-lv,Engine-house,Mašīntelpa
en-gb,lv-lv,England,Anglija
en-gb,lv-lv,English,Angļi
en-gb,lv-lv,English,"Angļu valoda"
en-gb,lv-lv,Englishman,Angļi
en-gb,lv-lv,Englishman,"Angļu valoda"
en-gb,lv-lv,Ensemble,Kopa
en-gb,lv-lv,Enterprise,"Uzņēmums"
en-gb,lv-lv,Enterprise,"Uzņēmējdarbība"
en-gb,lv-lv,Entomology,Entomoloģija
en-gb,lv-lv,Entrepreneur,Komersants
en-gb,lv-lv,Entropy,Entropija
en-gb,lv-lv,Epic,Liroepika
en-gb,lv-lv,Epithelium,"Epitēlijaudi"
en-gb,lv-lv,Equator,Ekvadora
en-gb,lv-lv,Equator,Ekvators
en-gb,lv-lv,Equatot,Ekvadora
en-gb,lv-lv,Equatot,Ekvators
en-gb,lv-lv,Erbium,Erbijs
en-gb,lv-lv,Eros,Erots
en-gb,lv-lv,Esperanto,Esperanto
en-gb,lv-lv,Essex,Eseksa
en-gb,lv-lv,Established,Valsts
en-gb,lv-lv,Ester,Esteri
en-gb,lv-lv,Estonia,Igaunija
en-gb,lv-lv,Estonian,"Igauņu valoda"
en-gb,lv-lv,Etching,Oforts
en-gb,lv-lv,Ethane,"Etāns"
en-gb,lv-lv,Ether,"Ēteri"
en-gb,lv-lv,Ethic,"Ētika"
en-gb,lv-lv,Ethical,"Ētika"
en-gb,lv-lv,Ethics,"Ētika"
en-gb,lv-lv,Ethiopia,Etiopija
en-gb,lv-lv,Ethology,Etoloģija
en-gb,lv-lv,Ethylene,"Etilēns"
en-gb,lv-lv,Europa,Eiropa
en-gb,lv-lv,Europe,"Centrāleiropa"
en-gb,lv-lv,Europe,Eiropa
en-gb,lv-lv,Europe,Rietumeiropa
en-gb,lv-lv,Europium,Eiropijs
en-gb,lv-lv,Evaporation,Iztvaikošana
en-gb,lv-lv,Ever,Diena
en-gb,lv-lv,Evolution,Evolūcija
en-gb,lv-lv,Evolution,"Evolūcijas teorija"
en-gb,lv-lv,Exosphere,"Eksosfēra"
en-gb,lv-lv,Expense,Cena
en-gb,lv-lv,Explosive,"Sprāgstvielas"
en-gb,lv-lv,Export,Eksports
en-gb,lv-lv,Exportation,Eksports
en-gb,lv-lv,Eye-socket,Orbīta
en-gb,lv-lv,Facility,Darbarīks
en-gb,lv-lv,Faculty,"Kapacitāte"
en-gb,lv-lv,Fair,Tirgus
en-gb,lv-lv,False,Izkapts
en-gb,lv-lv,Fan,Ventilators
en-gb,lv-lv,Fantastic,Fantastika
en-gb,lv-lv,Far,"Zināšanas"
en-gb,lv-lv,Farce,Farss
en-gb,lv-lv,Fare,Allere
en-gb,lv-lv,Fascism,Fašisms
en-gb,lv-lv,Fat,Lipīdi
en-gb,lv-lv,Fatalism,"Fatālisms"
en-gb,lv-lv,Fauvism,Fovisms
en-gb,lv-lv,Feat,"Kapacitāte"
en-gb,lv-lv,Feature,Svītra
en-gb,lv-lv,February,"Februāris"
en-gb,lv-lv,Fee,Cena
en-gb,lv-lv,Feedstuff,"Pārtikas produkts"
en-gb,lv-lv,Feldspar,Laukšpats
en-gb,lv-lv,Fellow,Kopa
en-gb,lv-lv,Fellow-thinker,"Partizānu karš"
en-gb,lv-lv,Fen,Purvs
en-gb,lv-lv,Fermion,Fermioni
en-gb,lv-lv,Fermium,Fermijs
en-gb,lv-lv,Fiddle,Veselība
en-gb,lv-lv,Fiddle,Vijole
en-gb,lv-lv,Field,Freims
en-gb,lv-lv,Field,Kadrs
en-gb,lv-lv,Fiend,"Dēmons"
en-gb,lv-lv,File,Vīle
en-gb,lv-lv,Film,Kino
en-gb,lv-lv,Finance,Finanses
en-gb,lv-lv,Finland,Somija
en-gb,lv-lv,Finnish,"Somu valoda"
en-gb,lv-lv,Finns,"Somu valoda"
en-gb,lv-lv,Fireballs,Bolīds
en-gb,lv-lv,Firm,"Uzņēmums"
en-gb,lv-lv,Firm,"Uzņēmējdarbība"
en-gb,lv-lv,First-rate,Ordenis
en-gb,lv-lv,Fit,Veselība
en-gb,lv-lv,Flap,Rabata
en-gb,lv-lv,Flash,Spīdums
en-gb,lv-lv,Flint,Krams
en-gb,lv-lv,Flock,Masa
en-gb,lv-lv,Flood,Valrieksts
en-gb,lv-lv,Florida,Florida
en-gb,lv-lv,Flu,Gripa
en-gb,lv-lv,Fluid,"Šķidrums"
en-gb,lv-lv,Fluoride,Fluors
en-gb,lv-lv,Fluorine,Fluors
en-gb,lv-lv,Fluorite,Fluorīts
en-gb,lv-lv,Fluospar,Fluorīts
en-gb,lv-lv,Flute,Stabule
en-gb,lv-lv,Foil,Lapas
en-gb,lv-lv,Folklore,Folklora
en-gb,lv-lv,Follower,"Partizānu karš"
en-gb,lv-lv,Football,Futbols
en-gb,lv-lv,Footbridge,"Tiltiņš"
en-gb,lv-lv,Foothills,Pjemonta
en-gb,lv-lv,Forbearing,Pacients
en-gb,lv-lv,Force,"Spēks"
en-gb,lv-lv,Ford,Brasls
en-gb,lv-lv,Forest,Mežs
en-gb,lv-lv,Forgery,Izkapts
en-gb,lv-lv,Forming,Konstitūcija
en-gb,lv-lv,Fount,Avots
en-gb,lv-lv,Fox,Lapsa
en-gb,lv-lv,Frame,"Attēls"
en-gb,lv-lv,Frame,Freims
en-gb,lv-lv,Frame,Kadrs
en-gb,lv-lv,Framework,Freims
en-gb,lv-lv,Framework,Kadrs
en-gb,lv-lv,Framing,Freims
en-gb,lv-lv,Framing,Kadrs
en-gb,lv-lv,France,Francija
en-gb,lv-lv,Francium,Francijs
en-gb,lv-lv,Freedom,Brīvība
en-gb,lv-lv,Freemasonry,Brīvmūrnieki
en-gb,lv-lv,French,"Franču valoda"
en-gb,lv-lv,Frenchman,"Franču valoda"
en-gb,lv-lv,Frenchman,Latviešu
en-gb,lv-lv,Frenchy,"Franču valoda"
en-gb,lv-lv,Frenchy,Latviešu
en-gb,lv-lv,Frequency,Frekvence
en-gb,lv-lv,Fresco,Freska
en-gb,lv-lv,Fresh-water,Saldūdens
en-gb,lv-lv,Freshwater,Saldūdens
en-gb,lv-lv,Freshwater,Udens
en-gb,lv-lv,Freshwater,Ūdens
en-gb,lv-lv,Friday,Piektdiena
en-gb,lv-lv,Frog,Kaķis
en-gb,lv-lv,Fructose,Fruktoze
en-gb,lv-lv,Frying-pan,Panna
en-gb,lv-lv,Fungi,"Sēnes"
en-gb,lv-lv,Fungus,"Sēnes"
en-gb,lv-lv,Fur,"Āda"
en-gb,lv-lv,Fusing,Kušana
en-gb,lv-lv,Fusion,Kušana
en-gb,lv-lv,GI,Kareivis
en-gb,lv-lv,Gabon,Gabona
en-gb,lv-lv,Gadolinium,Gadolīnijs
en-gb,lv-lv,Gage,Kalibrs
en-gb,lv-lv,Galaxy,Galaktika
en-gb,lv-lv,Galilee,Galileo
en-gb,lv-lv,Galley,"Galērijs"
en-gb,lv-lv,Gallium,Gallijs
en-gb,lv-lv,Games,Sports
en-gb,lv-lv,Gangway,"Tiltiņš"
en-gb,lv-lv,Gap,"Intervāls"
en-gb,lv-lv,Garbage,"Izgāztuve"
en-gb,lv-lv,Gas,"Gāze"
en-gb,lv-lv,Gases,"Gāze"
en-gb,lv-lv,Gateway,"Tiltiņš"
en-gb,lv-lv,Gauge,Kalibrs
en-gb,lv-lv,Gaul,Gallija
en-gb,lv-lv,Gene,"Gēns"
en-gb,lv-lv,Genealogy,Ģenealoģija
en-gb,lv-lv,Generalship,"Stratēģija"
en-gb,lv-lv,Genetic,"Ģenētika"
en-gb,lv-lv,Genetics,"Ģenētika"
en-gb,lv-lv,Geneva,"Ženēva"
en-gb,lv-lv,Genoa,Dženova
en-gb,lv-lv,Genome,Genoms
en-gb,lv-lv,Geography,Geografija
en-gb,lv-lv,Geography,"Ģeogrāfija"
en-gb,lv-lv,Geology,Ģeoloģija
en-gb,lv-lv,Geophysic,Ģeofizika
en-gb,lv-lv,Geophysical,Ģeofizika
en-gb,lv-lv,Geophysics,Ģeofizika
en-gb,lv-lv,Georgia,Džordžija
en-gb,lv-lv,Georgia,Gruzija
en-gb,lv-lv,Georgian,"Gruzīnu valoda"
en-gb,lv-lv,German,"Vācu valoda"
en-gb,lv-lv,Germanium,"Germānijs"
en-gb,lv-lv,Germany,"Vācija"
en-gb,lv-lv,Geyser,Geizers
en-gb,lv-lv,Ghana,Gana
en-gb,lv-lv,Ghent,Ģente
en-gb,lv-lv,Ghetto,Geto
en-gb,lv-lv,Ghoul,Vampīrs
en-gb,lv-lv,Giantess,"Milzu zvaigzne"
en-gb,lv-lv,Glaciation,"Ledus laikmets"
en-gb,lv-lv,Glass,Stikls
en-gb,lv-lv,Gleam,"Gaismas stars"
en-gb,lv-lv,Gleam,"Rādiuss"
en-gb,lv-lv,Glitter,Spīdums
en-gb,lv-lv,Globalization,"Globalizācija"
en-gb,lv-lv,Gloucestershire,Glosteršīra
en-gb,lv-lv,Glucose,Glikoze
en-gb,lv-lv,Glyceraldehydes,Glicerīnaldehīds
en-gb,lv-lv,Glycerol,Glicerīns
en-gb,lv-lv,Go,Allere
en-gb,lv-lv,Goal,"Vārti"
en-gb,lv-lv,Goalie,"Vārtsargs"
en-gb,lv-lv,Goalkeeper,"Vārtsargs"
en-gb,lv-lv,God,Dievs
en-gb,lv-lv,Gold,Zelts
en-gb,lv-lv,Golf,Golfs
en-gb,lv-lv,Graffiti,Grafiti
en-gb,lv-lv,Grammar,Gramatika
en-gb,lv-lv,Granada,Grenada
en-gb,lv-lv,Granada,"Grenāda"
en-gb,lv-lv,Grating,Datortīkli
en-gb,lv-lv,Grave,Kaps
en-gb,lv-lv,Gravitons,Gravitons
en-gb,lv-lv,Greece,Grieķija
en-gb,lv-lv,Greek,"Grieķu valoda"
en-gb,lv-lv,Greek,"Jaungrieķu valoda"
en-gb,lv-lv,Greenland,Grenlande
en-gb,lv-lv,Grenada,Grenada
en-gb,lv-lv,Grenada,"Grenāda"
en-gb,lv-lv,Grenade,Grenada
en-gb,lv-lv,Grenade,"Grenāda"
en-gb,lv-lv,Grid,Datortīkli
en-gb,lv-lv,Grotto,Ala
en-gb,lv-lv,Grotto,Alas
en-gb,lv-lv,Ground,Zeme
en-gb,lv-lv,Group,Kopa
en-gb,lv-lv,Growing,Kultūra
en-gb,lv-lv,Guadeloupe,Gvadelupa
en-gb,lv-lv,Guatemala,Gvatemala
en-gb,lv-lv,Guess,Deguns
en-gb,lv-lv,Guild,Ģilde
en-gb,lv-lv,Guinea,Gvineja
en-gb,lv-lv,Guinea-pig,"Jūrascūciņa"
en-gb,lv-lv,Guitar,"Ģitāra"
en-gb,lv-lv,Gulp,Svītra
en-gb,lv-lv,Gunpoint,Ierocis
en-gb,lv-lv,Gunpowder,"Šaujampulveris"
en-gb,lv-lv,Gypsum,Ģipsis
en-gb,lv-lv,H,H
en-gb,lv-lv,Hades,Aīds
en-gb,lv-lv,Hadron,Hadroni
en-gb,lv-lv,Hafnium,Hafnijs
en-gb,lv-lv,Haft,Lamanšs
en-gb,lv-lv,Hag,Ragana
en-gb,lv-lv,Hail,Krusa
en-gb,lv-lv,Haiti,Haiti
en-gb,lv-lv,Half-mast,Berne
en-gb,lv-lv,Half-staff,Berne
en-gb,lv-lv,Halftone,Pustonis
en-gb,lv-lv,Halogen,"Halogēni"
en-gb,lv-lv,Hamburg,Hamburga
en-gb,lv-lv,Hampshire,Hempšīra
en-gb,lv-lv,Hand,Maina
en-gb,lv-lv,Handle,Lamanšs
en-gb,lv-lv,Hands,Pasaule
en-gb,lv-lv,Hanover,Hannovere
en-gb,lv-lv,Harbor,Ports
en-gb,lv-lv,Harbour,Ports
en-gb,lv-lv,Hardiness,"Spēks"
en-gb,lv-lv,Hardness,Cietība
en-gb,lv-lv,Hardy,Zeme
en-gb,lv-lv,Harem,"Harēms"
en-gb,lv-lv,Harmless,Benina
en-gb,lv-lv,Harmonica,"Mutes harmonikas"
en-gb,lv-lv,Harmony,Harmonija
en-gb,lv-lv,Havana,Havana
en-gb,lv-lv,Havana,Havanna
en-gb,lv-lv,Hawaii,Havajas
en-gb,lv-lv,Health,Veselība
en-gb,lv-lv,Health-wise,Veselība
en-gb,lv-lv,Healthy,Veselība
en-gb,lv-lv,Heap,Masa
en-gb,lv-lv,Heart,Sirds
en-gb,lv-lv,Heart-shaped,Sirds
en-gb,lv-lv,Hearts,Sirds
en-gb,lv-lv,Heat,Siltums
en-gb,lv-lv,Hectare,"Hektārs"
en-gb,lv-lv,Height,Amplitūda
en-gb,lv-lv,Height,Sirds
en-gb,lv-lv,Helicopter,Helikopters
en-gb,lv-lv,Helium,"Hēlijs"
en-gb,lv-lv,Help,"Rezultatīva piespēle"
en-gb,lv-lv,Hemisphere,Puslode
en-gb,lv-lv,Heptane,"Heptāns"
en-gb,lv-lv,Her,"Skaņa"
en-gb,lv-lv,Heraldic,Heraldika
en-gb,lv-lv,Herbal,"Herbārijs"
en-gb,lv-lv,Herbarium,"Herbārijs"
en-gb,lv-lv,Heredity,Iedzimtība
en-gb,lv-lv,Hermes,Hermejs
en-gb,lv-lv,Hertfordshire,"Hārtfordšīra"
en-gb,lv-lv,Hertz,Hercs
en-gb,lv-lv,Hide,"Āda"
en-gb,lv-lv,High-latitude,Antarktīda
en-gb,lv-lv,High-latitude,Arktika
en-gb,lv-lv,Highway,Iela
en-gb,lv-lv,Himalayas,Himalaji
en-gb,lv-lv,His,"Skaņa"
en-gb,lv-lv,History,"Vēsture"
en-gb,lv-lv,Hogweed,"Latvānis"
en-gb,lv-lv,Hogweed,"Latvāņi"
en-gb,lv-lv,Hollow,Vakuums
en-gb,lv-lv,Holmium,Holmijs
en-gb,lv-lv,Holocaust,Holokausts
en-gb,lv-lv,Homer,"Homērs"
en-gb,lv-lv,Homo,"Homo ģints"
en-gb,lv-lv,Homonymie,Homonīms
en-gb,lv-lv,Honduras,Hondurasa
en-gb,lv-lv,Honey,Medus
en-gb,lv-lv,Hongkong,Honkonga
en-gb,lv-lv,Hooter,"Nāra"
en-gb,lv-lv,Hop,"Apiņi"
en-gb,lv-lv,Hoplite,Hoplits
en-gb,lv-lv,Hops,"Apiņi"
en-gb,lv-lv,Hormone,Hormoni
en-gb,lv-lv,Horse,Zirgs
en-gb,lv-lv,Horsewoman,Amazone
en-gb,lv-lv,Hourly,"Laika josla"
en-gb,lv-lv,Hourly,"Laika zona"
en-gb,lv-lv,Humanism,"Humānisms"
en-gb,lv-lv,Hungarian,"Ungāru valoda"
en-gb,lv-lv,Hungary,"Ungārija"
en-gb,lv-lv,Hunt,Medniecība
en-gb,lv-lv,Hunting,Medniecība
en-gb,lv-lv,Hydrazine,Hidrazīns
en-gb,lv-lv,Hydrocarbon,"Ogļūdeņraži"
en-gb,lv-lv,Hydrogen,"Ūdeņradis"
en-gb,lv-lv,Hydrolysis,Hidrolīze
en-gb,lv-lv,Hyperlink,Hipersaite
en-gb,lv-lv,Hypertext,Hiperteksts
en-gb,lv-lv,Iberian,"Spānija"
en-gb,lv-lv,Ice,Ledus
en-gb,lv-lv,Ice-cream,Ledus
en-gb,lv-lv,Iceland,Islande
en-gb,lv-lv,Iceland,Īslande
en-gb,lv-lv,Icelandic,Islande
en-gb,lv-lv,Icelandic,Īslande
en-gb,lv-lv,Icon,Ikona
en-gb,lv-lv,Identifier,"Iežurnāle"
en-gb,lv-lv,Identifying,"Iežurnāle"
en-gb,lv-lv,Illness,Slimība
en-gb,lv-lv,Image,"Attēls"
en-gb,lv-lv,Images,"Attēls"
en-gb,lv-lv,Impetus,Transports
en-gb,lv-lv,Implement,Darbarīks
en-gb,lv-lv,Implementation,Funkcija
en-gb,lv-lv,Implementation,Lietojumprogrammatūra
en-gb,lv-lv,Import,Imports
en-gb,lv-lv,Importation,Imports
en-gb,lv-lv,Independence,Neatkarība
en-gb,lv-lv,India,Indija
en-gb,lv-lv,Indium,Indijs
en-gb,lv-lv,Indonesia,"Indonēzija"
en-gb,lv-lv,Induction,Indukcija
en-gb,lv-lv,Industry,Funkcija
en-gb,lv-lv,Industry,Lietojumprogrammatūra
en-gb,lv-lv,Inequality,"Nevienādība"
en-gb,lv-lv,Inertia,Inerce
en-gb,lv-lv,Infant,Minors
en-gb,lv-lv,Inferno,Aīds
en-gb,lv-lv,Inflation,"Inflācija"
en-gb,lv-lv,Influenza,Gripa
en-gb,lv-lv,Informatics,"Datorzinātne"
en-gb,lv-lv,Information,"Informācija"
en-gb,lv-lv,Infrared,"Infrasarkanais starojums"
en-gb,lv-lv,Infrastructure,Infrastruktūra
en-gb,lv-lv,Innovation,"Inovācija"
en-gb,lv-lv,Inquiry,"Informācija"
en-gb,lv-lv,Insect,"Kukaiņi"
en-gb,lv-lv,Insignificant,Minors
en-gb,lv-lv,Insulin,Insulīns
en-gb,lv-lv,Integral,"Integrālis"
en-gb,lv-lv,Interface,"Lietotāja saskarne"
en-gb,lv-lv,Interlude,"Intervāls"
en-gb,lv-lv,Internet,Internets
en-gb,lv-lv,Interpunction,Interpunkcija
en-gb,lv-lv,Interval,"Intervāls"
en-gb,lv-lv,Iodine,Jods
en-gb,lv-lv,Ion,Jons
en-gb,lv-lv,Ionization,"Jonizācija"
en-gb,lv-lv,Ionosphere,"Jonosfēra"
en-gb,lv-lv,Iran,"Irāna"
en-gb,lv-lv,Iraq,"Irāka"
en-gb,lv-lv,Ireland,Īrija
en-gb,lv-lv,Iridium,Irīdijs
en-gb,lv-lv,Iron,Dzelzs
en-gb,lv-lv,Irony,Ironija
en-gb,lv-lv,Islam,"Islāms"
en-gb,lv-lv,Isotope,Izotops
en-gb,lv-lv,Isotopes,Izotops
en-gb,lv-lv,Israel,"Izraēla"
en-gb,lv-lv,Issuance,Emisija
en-gb,lv-lv,Issue,Emisija
en-gb,lv-lv,Italian,"Itāliešu valoda"
en-gb,lv-lv,Italy,"Itālija"
en-gb,lv-lv,Jamaica,Jamaika
en-gb,lv-lv,January,"Janvāris"
en-gb,lv-lv,Japanese,"Japāņu valoda"
en-gb,lv-lv,Java,Java
en-gb,lv-lv,Java,"Valoda Java"
en-gb,lv-lv,Jericho,"Jērika"
en-gb,lv-lv,Jerusalem,"Jeruzāleme"
en-gb,lv-lv,Jewel,Rubīns
en-gb,lv-lv,Jiggle,"Svārstības"
en-gb,lv-lv,Job,"Vēsture"
en-gb,lv-lv,Jordan,"Jordānija"
en-gb,lv-lv,Joule,Džouls
en-gb,lv-lv,Jove,Jupiters
en-gb,lv-lv,Judo,Džudo
en-gb,lv-lv,July,Jūlijs
en-gb,lv-lv,June,Jūnijs
en-gb,lv-lv,Jupiter,Jupiters
en-gb,lv-lv,Kampuchea,Kambodža
en-gb,lv-lv,Kelvin,Kelvins
en-gb,lv-lv,Kent,Kenta
en-gb,lv-lv,Kenya,Kenija
en-gb,lv-lv,Kernel,"Šūnas kodols"
en-gb,lv-lv,Ketone,Ketoni
en-gb,lv-lv,Kilo,Kilograms
en-gb,lv-lv,Kilogram,Kilograms
en-gb,lv-lv,Kind-hearted,Sirds
en-gb,lv-lv,Kingship,Valsts
en-gb,lv-lv,Kirk,Baznīca
en-gb,lv-lv,Kite,"Milāna"
en-gb,lv-lv,Knife,Nazis
en-gb,lv-lv,Knob,"Ābols"
en-gb,lv-lv,Knot,Node
en-gb,lv-lv,Knowing,"Zināšanas"
en-gb,lv-lv,Knowledge,"Zināšanas"
en-gb,lv-lv,Knuckle,Datorpele
en-gb,lv-lv,Knuckle,Pele
en-gb,lv-lv,Koran,"Korāns"
en-gb,lv-lv,Korean,"Korejiešu valoda"
en-gb,lv-lv,Krypton,Kriptons
en-gb,lv-lv,Kurdistan,"Kurdistāna"
en-gb,lv-lv,Labour,Dzemdības
en-gb,lv-lv,Labour-union,"Tīmekļa sindikācija"
en-gb,lv-lv,Lake,Ezers
en-gb,lv-lv,Lan,"Lokālais tīkls"
en-gb,lv-lv,Land,Zeme
en-gb,lv-lv,Landscape,Ainava
en-gb,lv-lv,Lane,Iela
en-gb,lv-lv,Language,Valoda
en-gb,lv-lv,Lanthanum,"Lantāns"
en-gb,lv-lv,Laos,Laosa
en-gb,lv-lv,Laptop,"Klēpjdators"
en-gb,lv-lv,Large,Brīvība
en-gb,lv-lv,Laser,"Lāzers"
en-gb,lv-lv,Latin,"Latīņu valoda"
en-gb,lv-lv,Latvia,Latvija
en-gb,lv-lv,Latvian,"Latviešu valoda"
en-gb,lv-lv,Lava,Lava
en-gb,lv-lv,Lead,Svins
en-gb,lv-lv,Leaf,Lapas
en-gb,lv-lv,Lebanon,"Libāna"
en-gb,lv-lv,Legitimate,Loģika
en-gb,lv-lv,Leicestershire,Lesteršīra
en-gb,lv-lv,Leisure,Hobijs
en-gb,lv-lv,Lenght,Garums
en-gb,lv-lv,Length,Garums
en-gb,lv-lv,Lens,Objektīvs
en-gb,lv-lv,Leo,Lauva
en-gb,lv-lv,Lepton,Leptoni
en-gb,lv-lv,Lett,"Latviešu valoda"
en-gb,lv-lv,Lettish,"Latviešu valoda"
en-gb,lv-lv,Liberia,"Libērija"
en-gb,lv-lv,Liberty,Brīvība
en-gb,lv-lv,Libya,Lībija
en-gb,lv-lv,Lichen,"Ķērpji"
en-gb,lv-lv,Liechtenstein,Lihtenšteina
en-gb,lv-lv,Life,Pasaule
en-gb,lv-lv,Light,Gaisma
en-gb,lv-lv,Light-heartedly,Sirds
en-gb,lv-lv,Light-year,"Gaismas gads"
en-gb,lv-lv,Lightning,Zibens
en-gb,lv-lv,Limestone,Kaļķakmens
en-gb,lv-lv,Limnology,Limnoloģija
en-gb,lv-lv,Lincolnshire,Linkolnšīra
en-gb,lv-lv,Line,Aste
en-gb,lv-lv,Line-up,Aste
en-gb,lv-lv,Linguistic,Valodniecība
en-gb,lv-lv,Linguistics,Valodniecība
en-gb,lv-lv,Lion,Lauva
en-gb,lv-lv,Lipid,Lipīdi
en-gb,lv-lv,Liquid,"Šķidrums"
en-gb,lv-lv,Lisbon,Lisabona
en-gb,lv-lv,Liter,Litrs
en-gb,lv-lv,Literature,Literatūra
en-gb,lv-lv,Lithium,Litijs
en-gb,lv-lv,Lithospher,"Litosfēra"
en-gb,lv-lv,Lithosphere,"Litosfēra"
en-gb,lv-lv,Lithuania,Lietuva
en-gb,lv-lv,Lithuanian,"Lietuviešu valoda"
en-gb,lv-lv,Litre,Litrs
en-gb,lv-lv,Liveliness,"Multiplikācija"
en-gb,lv-lv,Livonia,Livonija
en-gb,lv-lv,Liège,Lježa
en-gb,lv-lv,Liège-Bastogne-Liège,Lježa
en-gb,lv-lv,Loaf,Maize
en-gb,lv-lv,Loch,Ezers
en-gb,lv-lv,Lock,Platīns
en-gb,lv-lv,Lode,"Vēnas"
en-gb,lv-lv,Logarithm,Logaritms
en-gb,lv-lv,Logic,Loģika
en-gb,lv-lv,Logical,Loģika
en-gb,lv-lv,Lombardy,Lombardija
en-gb,lv-lv,London,Londona
en-gb,lv-lv,Long,Garums
en-gb,lv-lv,Long-range,"Gaismas stars"
en-gb,lv-lv,Long-range,"Rādiuss"
en-gb,lv-lv,Lorry,"Kravas automašīna"
en-gb,lv-lv,Louisiana,"Luiziāna"
en-gb,lv-lv,Low-cost,Cena
en-gb,lv-lv,Low-cost,Tirgus
en-gb,lv-lv,Low-level,Benina
en-gb,lv-lv,Lozenge,Rombs
en-gb,lv-lv,Lutetium,"Lutēcijs"
en-gb,lv-lv,Luxembourg,Luksemburga
en-gb,lv-lv,Lyons,Liona
en-gb,lv-lv,Lysin,Lizīns
en-gb,lv-lv,Lysine,Lizīns
en-gb,lv-lv,Lysosome,Lizosoma
en-gb,lv-lv,ME,Mena
en-gb,lv-lv,Mace,Aste
en-gb,lv-lv,Mace,Masa
en-gb,lv-lv,Macedonia,Maķedonija
en-gb,lv-lv,Macedonia,"Maķedonijas Republika"
en-gb,lv-lv,Machine-gun,"Ložmetējs"
en-gb,lv-lv,Madagascar,Madagaskara
en-gb,lv-lv,Madonna,"Jaunava Marija"
en-gb,lv-lv,Madrid,Madride
en-gb,lv-lv,Magazine,Magazīna
en-gb,lv-lv,Magma,Magma
en-gb,lv-lv,Magnesium,Magnijs
en-gb,lv-lv,Main,"Elektriskā strāva"
en-gb,lv-lv,Majorca,Majorka
en-gb,lv-lv,Malawi,"Malāvija"
en-gb,lv-lv,Malaysia,Malaizija
en-gb,lv-lv,Mali,Mali
en-gb,lv-lv,Malinger,Slimība
en-gb,lv-lv,Malta,Malta
en-gb,lv-lv,Mammal,"Zīdītāji"
en-gb,lv-lv,Mammate,"Zīdītāji"
en-gb,lv-lv,Manganese,"Mangāns"
en-gb,lv-lv,Manometer,Manometrs
en-gb,lv-lv,Manually,Maina
en-gb,lv-lv,Map,Funkcija
en-gb,lv-lv,Map,Lietojumprogrammatūra
en-gb,lv-lv,Map,Topoloģija
en-gb,lv-lv,March,Marss
en-gb,lv-lv,March,Marts
en-gb,lv-lv,Maria,Jūra
en-gb,lv-lv,Mark,"Vārti"
en-gb,lv-lv,Market,Tirgus
en-gb,lv-lv,Marketing,"Mārketings"
en-gb,lv-lv,Marketplace,Tirgus
en-gb,lv-lv,Maroon,Bordo
en-gb,lv-lv,Marriage,Laulība
en-gb,lv-lv,Marrying,Funkcija
en-gb,lv-lv,Marrying,Lietojumprogrammatūra
en-gb,lv-lv,Mars,Marss
en-gb,lv-lv,Mars,Marts
en-gb,lv-lv,Marsch,Purvs
en-gb,lv-lv,Marseilles,Marseļa
en-gb,lv-lv,Marsh,Purvs
en-gb,lv-lv,Marshland,Purvs
en-gb,lv-lv,Marxism,Marksisms
en-gb,lv-lv,Mass,Masa
en-gb,lv-lv,Mate,"Rezultatīva piespēle"
en-gb,lv-lv,Mathematics,"Matemātika"
en-gb,lv-lv,Matrimony,Laulība
en-gb,lv-lv,Matte,Caurspīdīgums
en-gb,lv-lv,Mattress,Matracis
en-gb,lv-lv,Mauritania,"Mauritānija"
en-gb,lv-lv,Mauritius,Maurīcija
en-gb,lv-lv,May,Maijs
en-gb,lv-lv,Mayence,Mainca
en-gb,lv-lv,Means,Darbarīks
en-gb,lv-lv,Mechanical,"Mehānika"
en-gb,lv-lv,Mechanics,"Mehānika"
en-gb,lv-lv,Medic,Medicīna
en-gb,lv-lv,Medicine,Medicīna
en-gb,lv-lv,Meditation,Upanišadas
en-gb,lv-lv,Meeting,Sesija
en-gb,lv-lv,Melanesia,"Melanēzija"
en-gb,lv-lv,Melody,Melodija
en-gb,lv-lv,Melting,Kušana
en-gb,lv-lv,Member,A
en-gb,lv-lv,Member,"Partizānu karš"
en-gb,lv-lv,Membrane,"Membrāna"
en-gb,lv-lv,Memorize,Sirds
en-gb,lv-lv,Mendelevium,Mendeļejevijs
en-gb,lv-lv,Merchant,"Tirgotājs"
en-gb,lv-lv,Mercury,Dzīvsudrabs
en-gb,lv-lv,Mercury,Merkurs
en-gb,lv-lv,Merger,Kušana
en-gb,lv-lv,Mermaid,"Nāra"
en-gb,lv-lv,Merseyside,Mersisaida
en-gb,lv-lv,Meson,Mezoni
en-gb,lv-lv,Mesopotamia,Divupe
en-gb,lv-lv,Metal,"Metāls"
en-gb,lv-lv,Meteorid,Meteorīts
en-gb,lv-lv,Meteoroid,Meteorīts
en-gb,lv-lv,Meteorology,Meteoroloģija
en-gb,lv-lv,Meter,Metrs
en-gb,lv-lv,Methane,"Metāns"
en-gb,lv-lv,Methionine,Metionīns
en-gb,lv-lv,Metre,Metrs
en-gb,lv-lv,Metropolis,Metropole
en-gb,lv-lv,Mexico,Meksika
en-gb,lv-lv,Mice,Datorpele
en-gb,lv-lv,Mice,Pele
en-gb,lv-lv,Microbiology,Mikrobioloģija
en-gb,lv-lv,Microeconomics,Mikroekonomika
en-gb,lv-lv,Micronesia,"Mikronēzija"
en-gb,lv-lv,Micronesian,"Mikronēzija"
en-gb,lv-lv,Microorganism,Mikroorganisms
en-gb,lv-lv,Microscope,Elektronmikroskops
en-gb,lv-lv,Microscope,Mikroskops
en-gb,lv-lv,Microwave,"Mikroviļņi"
en-gb,lv-lv,Midlands,"Vestmidlendas grāfiste"
en-gb,lv-lv,Might,Jauda
en-gb,lv-lv,Might,"Spēks"
en-gb,lv-lv,Mightiness,Jauda
en-gb,lv-lv,Migration,"Migrācija"
en-gb,lv-lv,Milan,"Milāna"
en-gb,lv-lv,Military,Kareivis
en-gb,lv-lv,Milk,Piens
en-gb,lv-lv,Millet,Millets
en-gb,lv-lv,Miner,Minors
en-gb,lv-lv,Mineral,"Minerāls"
en-gb,lv-lv,Mineralogy,Mineraloģija
en-gb,lv-lv,Minesweeper,"Mīnu traleris"
en-gb,lv-lv,Minor,Benina
en-gb,lv-lv,Minor,Minors
en-gb,lv-lv,Miscellany,Antoloģija
en-gb,lv-lv,Missile,"Nesējraķete"
en-gb,lv-lv,Mississippi,Misisipi
en-gb,lv-lv,Mitochondrion,Mitohondrijs
en-gb,lv-lv,Model,Modelis
en-gb,lv-lv,Modem,Modems
en-gb,lv-lv,Mohammed,Muhameds
en-gb,lv-lv,Mold,Kalibrs
en-gb,lv-lv,Moldavia,Moldova
en-gb,lv-lv,Mole,Mols
en-gb,lv-lv,Molecule,Molekula
en-gb,lv-lv,Molybdenium,"Molibdēns"
en-gb,lv-lv,Molybdenum,"Molibdēns"
en-gb,lv-lv,Monaco,Monako
en-gb,lv-lv,Monarchy,Monarhija
en-gb,lv-lv,Monday,Pirmdiena
en-gb,lv-lv,Monetarism,"Monetārā politika"
en-gb,lv-lv,Money,"Monēta"
en-gb,lv-lv,Money,Nauda
en-gb,lv-lv,Mongol,"Mongoļu valoda"
en-gb,lv-lv,Mongolia,Mongolija
en-gb,lv-lv,Mongolian,"Mongoļu valoda"
en-gb,lv-lv,Montenegro,Melnkalne
en-gb,lv-lv,Month,"Mēnesis"
en-gb,lv-lv,Moon,"Mēness"
en-gb,lv-lv,Moor,Purvs
en-gb,lv-lv,Morals,"Morāle"
en-gb,lv-lv,Morocco,Maroka
en-gb,lv-lv,Morphia,Morfīns
en-gb,lv-lv,Morphine,Morfīns
en-gb,lv-lv,Morphology,Morfoloģija
en-gb,lv-lv,Moscow,Maskava
en-gb,lv-lv,Moselle,Mozele
en-gb,lv-lv,Mote,Atoms
en-gb,lv-lv,Motherboard,"Mātes plate"
en-gb,lv-lv,Motherboards,"Mātes plate"
en-gb,lv-lv,Motion,Kustība
en-gb,lv-lv,Motor-car,Automašīna
en-gb,lv-lv,Motorbike,Motocikls
en-gb,lv-lv,Motto,Nauda
en-gb,lv-lv,Mould,Kalibrs
en-gb,lv-lv,Mouse,Datorpele
en-gb,lv-lv,Mouse,Pele
en-gb,lv-lv,Mouth-organ,"Mutes harmonikas"
en-gb,lv-lv,Movie,Kino
en-gb,lv-lv,Muhammad,Muhameds
en-gb,lv-lv,Multitude,Masa
en-gb,lv-lv,Mummie,Mūmija
en-gb,lv-lv,Mummy,Mūmija
en-gb,lv-lv,Munich,Minhene
en-gb,lv-lv,Municipality,Pašvaldība
en-gb,lv-lv,Muscle,Muskulis
en-gb,lv-lv,Muscle,Muskuļi
en-gb,lv-lv,Mushroom,"Sēnes"
en-gb,lv-lv,Music,Mūzika
en-gb,lv-lv,Mutation,"Mutācija"
en-gb,lv-lv,Mystery,"Mistērija"
en-gb,lv-lv,Météorite,Meteorīts
en-gb,lv-lv,NY,"Amerikas Savienotās Valstis"
en-gb,lv-lv,NY,"Ņujorka"
en-gb,lv-lv,NYC,"Amerikas Savienotās Valstis"
en-gb,lv-lv,NYC,"Ņujorka"
en-gb,lv-lv,Name,"Lietvārds"
en-gb,lv-lv,Namibia,Namībija
en-gb,lv-lv,Naphtalene,Naftalīns
en-gb,lv-lv,Naples,Neapole
en-gb,lv-lv,Narthex,Galileo
en-gb,lv-lv,Nationalism,"Nacionālisms"
en-gb,lv-lv,Nationally,Valsts
en-gb,lv-lv,Nature,Daba
en-gb,lv-lv,Nauru,Nauru
en-gb,lv-lv,Neatness,Ordenis
en-gb,lv-lv,Neodymium,Neodīms
en-gb,lv-lv,Neolithic,Neoli-ts
en-gb,lv-lv,Neolithic,Neolīts
en-gb,lv-lv,Neon,Neons
en-gb,lv-lv,Nepal,"Nepāla"
en-gb,lv-lv,Neptune,Neptūns
en-gb,lv-lv,Neptunium,Neptūnijs
en-gb,lv-lv,Net,Datortīkli
en-gb,lv-lv,Net,Internets
en-gb,lv-lv,Netherlands,Nīderlande
en-gb,lv-lv,Network,Datortīkli
en-gb,lv-lv,Neutrino,Neitrīno
en-gb,lv-lv,Neutron,Neitrons
en-gb,lv-lv,New-Zealand,"Jaunzēlande"
en-gb,lv-lv,Newt,Tritons
en-gb,lv-lv,Nicaragua,Nikaragva
en-gb,lv-lv,Nick,"Dēmons"
en-gb,lv-lv,Nick,Valsts
en-gb,lv-lv,Nick,Vijole
en-gb,lv-lv,Nickel,Niķelis
en-gb,lv-lv,Niger,"Nigēra"
en-gb,lv-lv,Nigeria,"Nigērija"
en-gb,lv-lv,Nightcap,"Alkoholiskie dzērieni"
en-gb,lv-lv,Nile,Nīla
en-gb,lv-lv,Nimwegen,"Nijmēgena"
en-gb,lv-lv,Niobium,Niobijs
en-gb,lv-lv,Nitrobenzene,Nitrobenzols
en-gb,lv-lv,Nitrogen,"Slāpeklis"
en-gb,lv-lv,Nitroglycerine,Nitroglicerīns
en-gb,lv-lv,Nobelium,"Nobēlijs"
en-gb,lv-lv,Nobility,"Aristokrātija"
en-gb,lv-lv,Node,Node
en-gb,lv-lv,Noise,"Skaņa"
en-gb,lv-lv,Noiseless,"Slāpētājs"
en-gb,lv-lv,Nomogram,Abaks
en-gb,lv-lv,Nomograph,Abaks
en-gb,lv-lv,Norfolk,Norfolka
en-gb,lv-lv,Norfolk,"Norfolka, Lielbritānija"
en-gb,lv-lv,Norm,Norma
en-gb,lv-lv,Norman,Novele
en-gb,lv-lv,Norman,"Romāns"
en-gb,lv-lv,Norman,Vikingi
en-gb,lv-lv,Northamptonshire,Northemptonšīra
en-gb,lv-lv,Norway,"Norvēģija"
en-gb,lv-lv,Norwegian,"Norvēģu valoda"
en-gb,lv-lv,Nose,Deguns
en-gb,lv-lv,Notebook,"Klēpjdators"
en-gb,lv-lv,Nothingness,Vakuums
en-gb,lv-lv,Nottinghamshire,Notingemšīra
en-gb,lv-lv,Noun,"Lietvārds"
en-gb,lv-lv,Nova,Nova
en-gb,lv-lv,Novel,Novele
en-gb,lv-lv,Novel,"Romāns"
en-gb,lv-lv,November,Novembris
en-gb,lv-lv,Now,Zelts
en-gb,lv-lv,Nowell,Decembris
en-gb,lv-lv,Nowell,"Ziemassvētki"
en-gb,lv-lv,Nucleon,Nukloni
en-gb,lv-lv,Nucleus,"Šūnas kodols"
en-gb,lv-lv,Nuke,"Kodolieroči"
en-gb,lv-lv,Numismatics,"Numismātika"
en-gb,lv-lv,Oak,Ozols
en-gb,lv-lv,Oases,Oasis
en-gb,lv-lv,Oasis,Oasis
en-gb,lv-lv,Objective,Objektīvs
en-gb,lv-lv,Oblong,Taisnstūris
en-gb,lv-lv,Occasionally,Laiks
en-gb,lv-lv,Occlude,"Aizklāšanās"
en-gb,lv-lv,Occultation,"Aizklāšanās"
en-gb,lv-lv,Occupation,"Okupācija"
en-gb,lv-lv,Ocean,"Okeāns"
en-gb,lv-lv,Oceania,"Okeānija"
en-gb,lv-lv,Oceanography,"Okeanogrāfija"
en-gb,lv-lv,Octahedron,Oktaedrs
en-gb,lv-lv,Octane,"Oktāns"
en-gb,lv-lv,Octave,"Oktāva"
en-gb,lv-lv,Octet,Oktets
en-gb,lv-lv,October,Oktobris
en-gb,lv-lv,Odds,Akords
en-gb,lv-lv,Off-key,Izkapts
en-gb,lv-lv,Ogre,Ogre
en-gb,lv-lv,Ohm,Oms
en-gb,lv-lv,Oligarchy,Oligarhija
en-gb,lv-lv,Olympus,Olimps
en-gb,lv-lv,Omnibus,Autobuss
en-gb,lv-lv,One-armed,"Pingvīnu dzimta"
en-gb,lv-lv,Onyx,Onikss
en-gb,lv-lv,Opera,Opera
en-gb,lv-lv,Operetta,Operete
en-gb,lv-lv,Oporto,Portu
en-gb,lv-lv,Optic,Optika
en-gb,lv-lv,Optical,Optika
en-gb,lv-lv,Optics,Optika
en-gb,lv-lv,Oral,Orala
en-gb,lv-lv,Oration,Diskurss
en-gb,lv-lv,Orb,"Sfēra"
en-gb,lv-lv,Orbit,Orbīta
en-gb,lv-lv,Orc,Orki
en-gb,lv-lv,Orca,Orki
en-gb,lv-lv,Order,Ordenis
en-gb,lv-lv,Orderliness,Ordenis
en-gb,lv-lv,Ordnance,"Artilērija"
en-gb,lv-lv,Ore,Rūda
en-gb,lv-lv,Organ,"Orgāni"
en-gb,lv-lv,Organelle,"Šūnas organoīdi"
en-gb,lv-lv,Os,Kauli
en-gb,lv-lv,Os,Kauls
en-gb,lv-lv,Oscillation,"Svārstības"
en-gb,lv-lv,Osmium,Osmijs
en-gb,lv-lv,Osmosis,Osmoze
en-gb,lv-lv,Output,Jauda
en-gb,lv-lv,Ox,Dzelzs
en-gb,lv-lv,Oxfordshire,Oksfordšīra
en-gb,lv-lv,Oxid,Oksīds
en-gb,lv-lv,Oxide,Oksīds
en-gb,lv-lv,Oxygen,"Skābeklis"
en-gb,lv-lv,Pacific,"Klusais okeāns"
en-gb,lv-lv,Pack,Pakete
en-gb,lv-lv,Package,Pakete
en-gb,lv-lv,Packet,Pakete
en-gb,lv-lv,Paint,Glezniecība
en-gb,lv-lv,Paint,"Krāsa"
en-gb,lv-lv,Painting,Glezniecība
en-gb,lv-lv,Paintwork,Glezniecība
en-gb,lv-lv,Pair,"Spēka moments"
en-gb,lv-lv,Pakistan,"Pakistāna"
en-gb,lv-lv,Palestine,Palestīna
en-gb,lv-lv,Palladium,"Pallādijs"
en-gb,lv-lv,Pan,Panna
en-gb,lv-lv,Pan,"Pāns"
en-gb,lv-lv,Panel,"Pāns"
en-gb,lv-lv,Pansy,"Domāšana"
en-gb,lv-lv,Pantsuit,"Kombinācija"
en-gb,lv-lv,Paradigm,"Programmēšanas paradigma"
en-gb,lv-lv,Paradox,Paradokss
en-gb,lv-lv,Paragon,Modelis
en-gb,lv-lv,Parcel,Pakete
en-gb,lv-lv,Parlance,Valoda
en-gb,lv-lv,Parsec,Parseks
en-gb,lv-lv,Partisan,"Partizānu karš"
en-gb,lv-lv,Paste,"Kolāža"
en-gb,lv-lv,Pathogen,"Patogēns"
en-gb,lv-lv,Pathogenic,"Patogēns"
en-gb,lv-lv,Patient,Pacients
en-gb,lv-lv,Patriarch,Patriarhs
en-gb,lv-lv,Patrolman,Patruļkuģis
en-gb,lv-lv,Pattern,Modelis
en-gb,lv-lv,Peak,Arka
en-gb,lv-lv,Pear,Bumbieris
en-gb,lv-lv,Peatland,Purvs
en-gb,lv-lv,Pecker,Vīle
en-gb,lv-lv,Peiping,Pekina
en-gb,lv-lv,Peking,Pekina
en-gb,lv-lv,Pelleting,"Aglomerācija"
en-gb,lv-lv,Pelt,"Āda"
en-gb,lv-lv,Penis,Dzimumloceklis
en-gb,lv-lv,Pentane,"Pentāns"
en-gb,lv-lv,Peppermint,"Piparmētra"
en-gb,lv-lv,Performance,"Mizanscēna"
en-gb,lv-lv,Period,Angļi
en-gb,lv-lv,Period,"Angļu valoda"
en-gb,lv-lv,Persian,Farsi
en-gb,lv-lv,Persian,Persiešu
en-gb,lv-lv,Personally,Maina
en-gb,lv-lv,Peru,Peru
en-gb,lv-lv,Petrography,"Petrogrāfija"
en-gb,lv-lv,Petroleum,Nafta
en-gb,lv-lv,Pewter,Alva
en-gb,lv-lv,Phalange,Falanga
en-gb,lv-lv,Phalanx,Falanga
en-gb,lv-lv,Pharaoh,Faraons
en-gb,lv-lv,Philadelphia,Filadelfija
en-gb,lv-lv,Philippine,Filipīnas
en-gb,lv-lv,Philippines,Filipīnas
en-gb,lv-lv,Philosophy,Filozofija
en-gb,lv-lv,Phone,Telefons
en-gb,lv-lv,Phoney,"Vējš"
en-gb,lv-lv,Phony,"Vējš"
en-gb,lv-lv,Phosphorus,Fosfors
en-gb,lv-lv,Photograph,"Fotogrāfija"
en-gb,lv-lv,Photographer,"Fotogrāfs"
en-gb,lv-lv,Photography,"Fotogrāfija"
en-gb,lv-lv,Photon,Fotons
en-gb,lv-lv,Photosphere,"Fotosfēra"
en-gb,lv-lv,Physical,Fizika
en-gb,lv-lv,Physician,"Ārsts"
en-gb,lv-lv,Physics,Fizika
en-gb,lv-lv,Physique,Fizika
en-gb,lv-lv,Physique,Konstitūcija
en-gb,lv-lv,Piano,Klavieres
en-gb,lv-lv,Pick-off,Sensors
en-gb,lv-lv,Pick-up,Sensors
en-gb,lv-lv,Picture,"Attēls"
en-gb,lv-lv,Pictures,Kino
en-gb,lv-lv,Pile,Masa
en-gb,lv-lv,Pillar,Kolonna
en-gb,lv-lv,Pilot,Draiveris
en-gb,lv-lv,Pink,Roze
en-gb,lv-lv,Pip,Zvaigzne
en-gb,lv-lv,Piping,Lapsa
en-gb,lv-lv,Piston,Virzulis
en-gb,lv-lv,Pit,"Orķestra bedre"
en-gb,lv-lv,Pitch,"Intervāls"
en-gb,lv-lv,Plan,Projekts
en-gb,lv-lv,Plane,Lidmašīna
en-gb,lv-lv,Plane,"Ēvele"
en-gb,lv-lv,Planet,"Planēta"
en-gb,lv-lv,Planets,"Planēta"
en-gb,lv-lv,Plant,Augi
en-gb,lv-lv,Platen,Platīns
en-gb,lv-lv,Platinum,Platīns
en-gb,lv-lv,Plato,Platons
en-gb,lv-lv,Playacting,"Komēdija"
en-gb,lv-lv,Plough,Arkls
en-gb,lv-lv,Plow,Arkls
en-gb,lv-lv,Ploy,"Okupācija"
en-gb,lv-lv,Plug,Svece
en-gb,lv-lv,Pluto,Plutons
en-gb,lv-lv,Plutonium,Plutonijs
en-gb,lv-lv,Poetry,Dzeja
en-gb,lv-lv,Point,Komats
en-gb,lv-lv,Point,Objektīvs
en-gb,lv-lv,Point-blank,"Vārti"
en-gb,lv-lv,Poison,Inde
en-gb,lv-lv,Poland,Polija
en-gb,lv-lv,Pole,Gallija
en-gb,lv-lv,Policy,Politika
en-gb,lv-lv,Polish,"Poļu valoda"
en-gb,lv-lv,Political,Politika
en-gb,lv-lv,Politics,Politika
en-gb,lv-lv,Polonium,Polonijs
en-gb,lv-lv,Polynesia,"Polinēzija"
en-gb,lv-lv,Polystyrene,Polistirols
en-gb,lv-lv,Pomegranate,Grenada
en-gb,lv-lv,Pomegranate,"Grenāda"
en-gb,lv-lv,Pontiff,"Romas pāvests"
en-gb,lv-lv,Pope,"Romas pāvests"
en-gb,lv-lv,Poplar,Apses
en-gb,lv-lv,Port,Ports
en-gb,lv-lv,Portugal,"Portugāle"
en-gb,lv-lv,Portuguese,"Portugāļu valoda"
en-gb,lv-lv,Postage,Ports
en-gb,lv-lv,Postwar,Karš
en-gb,lv-lv,Potassium,"Kālijs"
en-gb,lv-lv,Potency,Jauda
en-gb,lv-lv,Potency,"Spēks"
en-gb,lv-lv,Potential,Jauda
en-gb,lv-lv,Potty,Dingo
en-gb,lv-lv,Power,Jauda
en-gb,lv-lv,Prague,"Prāga"
en-gb,lv-lv,Praseodymium,Prazeodīms
en-gb,lv-lv,Precipitation,"Nokrišņi"
en-gb,lv-lv,Preexamination,"Informācija"
en-gb,lv-lv,Prehistory,"Aizvēsture"
en-gb,lv-lv,Premium,Cena
en-gb,lv-lv,President,Prezidents
en-gb,lv-lv,Pressman,"Lācis"
en-gb,lv-lv,Pressure,Spiediens
en-gb,lv-lv,Price,Cena
en-gb,lv-lv,Prick,Aste
en-gb,lv-lv,Priest,Abats
en-gb,lv-lv,Principal,"Kapitāls"
en-gb,lv-lv,Printer,Printeris
en-gb,lv-lv,Prism,Prizma
en-gb,lv-lv,Prize,Cena
en-gb,lv-lv,Probe,Sensors
en-gb,lv-lv,Processor,"Centrālais procesors"
en-gb,lv-lv,Processor,Procesors
en-gb,lv-lv,Proficiency,"Kapacitāte"
en-gb,lv-lv,Profiteering,Merkantīlisms
en-gb,lv-lv,Project,Projekts
en-gb,lv-lv,Prokaryotic,Prokariots
en-gb,lv-lv,Promethium,Prometijs
en-gb,lv-lv,Promotion,Gads
en-gb,lv-lv,Pronoun,"Vietniekvārds"
en-gb,lv-lv,Propaganda,Propaganda
en-gb,lv-lv,Propane,"Propāns"
en-gb,lv-lv,Propylene,"Propēns"
en-gb,lv-lv,Propyleneglycol,"1,2-propāndiols"
en-gb,lv-lv,Prose,Proza
en-gb,lv-lv,Protactinium,Protaktīnijs
en-gb,lv-lv,Protein,Olbaltumviela
en-gb,lv-lv,Protein,Olbaltumvielas
en-gb,lv-lv,Proteus,Protejs
en-gb,lv-lv,Proton,Proton
en-gb,lv-lv,Proton,Protons
en-gb,lv-lv,Providence,Providensa
en-gb,lv-lv,Prussia,Prūsija
en-gb,lv-lv,Psychoanalysis,Psihoanalīze
en-gb,lv-lv,Psychology,Psihologija
en-gb,lv-lv,Psychology,Psiholoģija
en-gb,lv-lv,Psychosis,Psihoze
en-gb,lv-lv,Publicity,Propaganda
en-gb,lv-lv,Publicity,"Reklāma"
en-gb,lv-lv,Puck,Sensors
en-gb,lv-lv,Pulsar,"Pulsārs"
en-gb,lv-lv,Punch,Enerģija
en-gb,lv-lv,Punctuation,Interpunkcija
en-gb,lv-lv,Purpose,"Vārti"
en-gb,lv-lv,Purse,Cena
en-gb,lv-lv,Quadrangle,"Četrstūris"
en-gb,lv-lv,Quadrilateral,"Četrstūris"
en-gb,lv-lv,Quake,Zemestrīce
en-gb,lv-lv,Quark,Kvarki
en-gb,lv-lv,Quartz,"Kvarca rezonators"
en-gb,lv-lv,Quartz,Kvarcs
en-gb,lv-lv,Quasar,"Kvazāri"
en-gb,lv-lv,Queue,Aste
en-gb,lv-lv,Quicksilver,Dzīvsudrabs
en-gb,lv-lv,Quicksilver,Merkurs
en-gb,lv-lv,RNA,"Ribonukleīnskābe"
en-gb,lv-lv,ROM,"Lasāmatmiņa"
en-gb,lv-lv,ROM,ROM
en-gb,lv-lv,Rabato,Rabata
en-gb,lv-lv,Rabbi,Rabīns
en-gb,lv-lv,Radar,Radars
en-gb,lv-lv,Radiance,Spīdums
en-gb,lv-lv,Radio,Radio
en-gb,lv-lv,Radium,"Rādijs"
en-gb,lv-lv,Radius,"Gaismas stars"
en-gb,lv-lv,Radius,"Rādiuss"
en-gb,lv-lv,Radix,"Bāze"
en-gb,lv-lv,Radix,"Sārms"
en-gb,lv-lv,Radon,Radons
en-gb,lv-lv,Rag,Farss
en-gb,lv-lv,Railroad,Dzelzceļš
en-gb,lv-lv,Railway,Dzelzceļš
en-gb,lv-lv,Rain,Lietus
en-gb,lv-lv,Rainbow,Varavīksne
en-gb,lv-lv,Rainfall,"Nokrišņi"
en-gb,lv-lv,Raster,Freims
en-gb,lv-lv,Raster,Kadrs
en-gb,lv-lv,Rate,Vilciens
en-gb,lv-lv,Ray,"Gaismas stars"
en-gb,lv-lv,Ray,"Rādiuss"
en-gb,lv-lv,Razor-shell,Nazis
en-gb,lv-lv,Realm,Jauda
en-gb,lv-lv,Realm,Valsts
en-gb,lv-lv,Reception,"Sākumlapa"
en-gb,lv-lv,Recitifier,Taisngriezis
en-gb,lv-lv,Rectangle,Taisnstūris
en-gb,lv-lv,Rectifier,Taisngriezis
en-gb,lv-lv,Reel,"Induktivitātes spole"
en-gb,lv-lv,Reference,Svītra
en-gb,lv-lv,Reign,Valsts
en-gb,lv-lv,Relativity,"Relativitātes teorija"
en-gb,lv-lv,Release,Emisija
en-gb,lv-lv,Relief,Cilnis
en-gb,lv-lv,Religion,Reliģija
en-gb,lv-lv,Remit,Atribūcija
en-gb,lv-lv,Report,Valsts
en-gb,lv-lv,Republic,Republika
en-gb,lv-lv,Reservoir,Bļoda
en-gb,lv-lv,Resistance,"Elektriskā pretestība"
en-gb,lv-lv,Resistance,Rezistors
en-gb,lv-lv,Resistor,"Elektriskā pretestība"
en-gb,lv-lv,Resistor,Rezistors
en-gb,lv-lv,Resolution,Kustība
en-gb,lv-lv,Resorcinol,Rezorcīns
en-gb,lv-lv,Retaining,Konstitūcija
en-gb,lv-lv,Revolution,Revolūcija
en-gb,lv-lv,Rheims,Havra
en-gb,lv-lv,Rhenium,"Rēnijs"
en-gb,lv-lv,Rhine,Reina
en-gb,lv-lv,Rhodium,Rodijs
en-gb,lv-lv,Rigging,"Takelāža"
en-gb,lv-lv,Right,Taisne
en-gb,lv-lv,Right-angle,Taisnstūris
en-gb,lv-lv,Right-wing,Taisne
en-gb,lv-lv,River,Upe
en-gb,lv-lv,Road,Iela
en-gb,lv-lv,Robot,Robots
en-gb,lv-lv,Roc,Rokenrols
en-gb,lv-lv,Rock,Ieži
en-gb,lv-lv,Rock-crystal,"Kvarca rezonators"
en-gb,lv-lv,Rock-crystal,Kvarcs
en-gb,lv-lv,Rococo,Rokoko
en-gb,lv-lv,Rod,Gallija
en-gb,lv-lv,Roman,Novele
en-gb,lv-lv,Roman,"Romāns"
en-gb,lv-lv,Romanesque,Novele
en-gb,lv-lv,Romanesque,"Romāns"
en-gb,lv-lv,Romania,"Rumānija"
en-gb,lv-lv,Romanian,"Rumāņu valoda"
en-gb,lv-lv,Romanticism,Romantisms
en-gb,lv-lv,Rome,Roma
en-gb,lv-lv,Romp,Deguns
en-gb,lv-lv,Room,"Kosmiskā telpa"
en-gb,lv-lv,Root,Enkurs
en-gb,lv-lv,Rotterdam,Roterdama
en-gb,lv-lv,Round,Lamanšs
en-gb,lv-lv,Route,Iela
en-gb,lv-lv,Royalty,Valsts
en-gb,lv-lv,Rubidium,Rubīdijs
en-gb,lv-lv,Ruby,Rubīns
en-gb,lv-lv,Rugby,Regbija
en-gb,lv-lv,Rugby,Regbijs
en-gb,lv-lv,Ruhr,Rūra
en-gb,lv-lv,Rule,Norma
en-gb,lv-lv,Rumania,"Rumānija"
en-gb,lv-lv,Rumanian,"Rumāņu valoda"
en-gb,lv-lv,Runner-up,Pustonis
en-gb,lv-lv,Runner-up,Sekunde
en-gb,lv-lv,Runner-up,Tonis
en-gb,lv-lv,Russia,Krievija
en-gb,lv-lv,Russian,"Krievu valoda"
en-gb,lv-lv,Ruthenium,"Rutēnijs"
en-gb,lv-lv,Sacrum,"Krustu kauls"
en-gb,lv-lv,Sahara,"Sahāras tuksnesis"
en-gb,lv-lv,Salesman,"Tirgotājs"
en-gb,lv-lv,Saliva,Siekalas
en-gb,lv-lv,Saltpetre,"Kālija nitrāts"
en-gb,lv-lv,Samarium,"Samārijs"
en-gb,lv-lv,Samoa,"Amerikāņu Samoa"
en-gb,lv-lv,Samoa,Samoa
en-gb,lv-lv,Sanskrit,Sanskrits
en-gb,lv-lv,Sapphire,Safīrs
en-gb,lv-lv,Sarcasm,Ironija
en-gb,lv-lv,Sardinia,Sardīnija
en-gb,lv-lv,Saturday,Sestdiena
en-gb,lv-lv,Saturn,Saturns
en-gb,lv-lv,Savana,Savanna
en-gb,lv-lv,Savannah,Savanna
en-gb,lv-lv,Saving,Ekonomika
en-gb,lv-lv,Saxony,Saksija
en-gb,lv-lv,Scald,Apdegumi
en-gb,lv-lv,Scalding,Apdegumi
en-gb,lv-lv,Scandinavia,"Skandināvija"
en-gb,lv-lv,Scandium,Skandijs
en-gb,lv-lv,Scarlatina,Skarlatīna
en-gb,lv-lv,Scenery,Ainava
en-gb,lv-lv,Scheme,Projekts
en-gb,lv-lv,Science,"Zinātne"
en-gb,lv-lv,Scotland,Skotija
en-gb,lv-lv,Scroll,Volūta
en-gb,lv-lv,Sculpture,"Tēlniecība"
en-gb,lv-lv,Scythe,Izkapts
en-gb,lv-lv,Sea,Jūra
en-gb,lv-lv,Sea-dog,Ronis
en-gb,lv-lv,Sea-dog,"Roņu dzimta"
en-gb,lv-lv,Sea-weed,Aļģes
en-gb,lv-lv,Seal,Ronis
en-gb,lv-lv,Seal,"Roņu dzimta"
en-gb,lv-lv,Seasoning,Garšvielas
en-gb,lv-lv,Seaweed,Aļģes
en-gb,lv-lv,Second,Pustonis
en-gb,lv-lv,Second,Sekunde
en-gb,lv-lv,Second,Tonis
en-gb,lv-lv,Sedative,Trankvilizatori
en-gb,lv-lv,Seesaw,Trigeris
en-gb,lv-lv,Selenium,"Selēns"
en-gb,lv-lv,Self-reliance,Neatkarība
en-gb,lv-lv,Semantic,Semantika
en-gb,lv-lv,Semi-circle,Arka
en-gb,lv-lv,Semiotics,Semiotika
en-gb,lv-lv,Senegal,"Senegāla"
en-gb,lv-lv,Sensation,Sensation
en-gb,lv-lv,Sensor,Sensors
en-gb,lv-lv,September,Septembris
en-gb,lv-lv,Septicaemia,Sepse
en-gb,lv-lv,Sequence,Ordenis
en-gb,lv-lv,Serb,"Serbu valoda"
en-gb,lv-lv,Serbia,Serbija
en-gb,lv-lv,Serbian,"Serbu valoda"
en-gb,lv-lv,Serine,Serīns
en-gb,lv-lv,Serviceman,Kareivis
en-gb,lv-lv,Session,Sesija
en-gb,lv-lv,Set,Pasaule
en-gb,lv-lv,Setting,"Mizanscēna"
en-gb,lv-lv,Setting-up,Konstitūcija
en-gb,lv-lv,Seville,Seviļa
en-gb,lv-lv,Seychelles,"Seišelu salas"
en-gb,lv-lv,Shaft,Lamanšs
en-gb,lv-lv,Shake,Laiks
en-gb,lv-lv,Shamrock,Īrija
en-gb,lv-lv,Shank,Aste
en-gb,lv-lv,Shariah,"Šariats"
en-gb,lv-lv,Sharif,"Šarifs"
en-gb,lv-lv,Shark,Haizivs
en-gb,lv-lv,Sheen,Spīdums
en-gb,lv-lv,Sheet,Lapas
en-gb,lv-lv,Shelf,"Gaismas stars"
en-gb,lv-lv,Shelf,"Rādiuss"
en-gb,lv-lv,Shereef,"Šarifs"
en-gb,lv-lv,Sherif,"Šarifs"
en-gb,lv-lv,Shillelagh,Urbis
en-gb,lv-lv,Ship,Kuģis
en-gb,lv-lv,Shop,Magazīna
en-gb,lv-lv,Shopkeeper,"Tirgotājs"
en-gb,lv-lv,Shot,"Fotogrāfs"
en-gb,lv-lv,Shot,Pakete
en-gb,lv-lv,Show,Emisija
en-gb,lv-lv,Shropshire,"Šropšīra"
en-gb,lv-lv,Siam,Taizeme
en-gb,lv-lv,Siamese,"Siāmas kaķis"
en-gb,lv-lv,Siberia,Sibīrija
en-gb,lv-lv,Sicily,Sicīlija
en-gb,lv-lv,Sickness,Slimība
en-gb,lv-lv,Side,"Pāns"
en-gb,lv-lv,Side-saddle,Amazone
en-gb,lv-lv,Sightseeing,Tūrisms
en-gb,lv-lv,Signet,Zīmogs
en-gb,lv-lv,Silent,"Slāpētājs"
en-gb,lv-lv,Silex,Krams
en-gb,lv-lv,Silica,"Silīcija dioksīds"
en-gb,lv-lv,Silicate,"Silikātu minerāls"
en-gb,lv-lv,Silicon,Silīcijs
en-gb,lv-lv,Silk,Zīds
en-gb,lv-lv,Silver,Sudrabs
en-gb,lv-lv,Simper,Sirds
en-gb,lv-lv,Sinews,"Spēks"
en-gb,lv-lv,Singapore,Singapūra
en-gb,lv-lv,Siren,"Nāra"
en-gb,lv-lv,Sitter,Modelis
en-gb,lv-lv,Skeleton,Skelets
en-gb,lv-lv,Skewness,"Asimetrijas koeficients"
en-gb,lv-lv,Ski,"Slēpe"
en-gb,lv-lv,Skiing,"Slēpe"
en-gb,lv-lv,Skin,"Āda"
en-gb,lv-lv,Sledge,Masa
en-gb,lv-lv,Sleeve,Lamanšs
en-gb,lv-lv,Slight,Benina
en-gb,lv-lv,Slip,"Kombinācija"
en-gb,lv-lv,Sliver,Spīdums
en-gb,lv-lv,Slovakia,"Slovākija"
en-gb,lv-lv,Slovenia,"Slovēnija"
en-gb,lv-lv,Snail,Gliemezis
en-gb,lv-lv,Snail,Gliemeži
en-gb,lv-lv,Snow,Sniegs
en-gb,lv-lv,Snowman,Sniegavīrs
en-gb,lv-lv,Snuff-coloured,Tabaka
en-gb,lv-lv,Soapstone,Steatīts
en-gb,lv-lv,Soccer,Futbols
en-gb,lv-lv,Socialism,"Sociālisms"
en-gb,lv-lv,Sociology,Socioloģija
en-gb,lv-lv,Socket,"Centrālā procesora ligzda"
en-gb,lv-lv,Sodium,"Nātrijs"
en-gb,lv-lv,Software,Programmatūra
en-gb,lv-lv,Soil,Zeme
en-gb,lv-lv,Soldier,Kareivis
en-gb,lv-lv,Solution,"Šķīdums"
en-gb,lv-lv,Somalia,"Somālija"
en-gb,lv-lv,Somerset,Somerseta
en-gb,lv-lv,Sometime,Diena
en-gb,lv-lv,Sonnet,Sonets
en-gb,lv-lv,Sorceress,Ragana
en-gb,lv-lv,Soul,"Dvēsele"
en-gb,lv-lv,Sound,"Skaņa"
en-gb,lv-lv,Soundless,"Slāpētājs"
en-gb,lv-lv,Soup,Zupa
en-gb,lv-lv,Source,Avots
en-gb,lv-lv,Space,"Kosmiskā telpa"
en-gb,lv-lv,Spain,"Spānija"
en-gb,lv-lv,Spaniard,"Spāņu valoda"
en-gb,lv-lv,Spanish,"Spāņu valoda"
en-gb,lv-lv,Sparkle,Spīdums
en-gb,lv-lv,Sparta,Sparta
en-gb,lv-lv,Spatial,"Kosmiskā telpa"
en-gb,lv-lv,Spawn,Avots
en-gb,lv-lv,Speaking,Diskurss
en-gb,lv-lv,Speaking,Valoda
en-gb,lv-lv,Speech,Diskurss
en-gb,lv-lv,Speed-up,"Paātrinājums"
en-gb,lv-lv,Spelter,Cinks
en-gb,lv-lv,Sphere,"Sfēra"
en-gb,lv-lv,Spice,Garšvielas
en-gb,lv-lv,Spindly,Krusa
en-gb,lv-lv,Spine,Mugurkauls
en-gb,lv-lv,Spirit-level,"Līmeņrādis"
en-gb,lv-lv,Splinter,Spīdums
en-gb,lv-lv,Spoke,"Gaismas stars"
en-gb,lv-lv,Spoke,"Rādiuss"
en-gb,lv-lv,Spool,"Induktivitātes spole"
en-gb,lv-lv,Spoon,Ka?ote
en-gb,lv-lv,Spoon,"Kaŗote"
en-gb,lv-lv,Sport,Sports
en-gb,lv-lv,Sports,Sports
en-gb,lv-lv,Spring,Avots
en-gb,lv-lv,Spurious,Izkapts
en-gb,lv-lv,Squaddie,Kareivis
en-gb,lv-lv,Squaddy,Kareivis
en-gb,lv-lv,Square,"Kvadrāts"
en-gb,lv-lv,Staffordshire,Stefordšīra
en-gb,lv-lv,Staging,"Mizanscēna"
en-gb,lv-lv,Stalk,Aste
en-gb,lv-lv,Stallholder,"Tirgotājs"
en-gb,lv-lv,Stamina,Enerģija
en-gb,lv-lv,Standard,Norma
en-gb,lv-lv,Star,Zvaigzne
en-gb,lv-lv,State,Valsts
en-gb,lv-lv,Stateless,Bezvalstnieki
en-gb,lv-lv,Statement,Valsts
en-gb,lv-lv,Statistics,Statistika
en-gb,lv-lv,Status,Valsts
en-gb,lv-lv,Steatite,Steatīts
en-gb,lv-lv,Steel,"Tērauds"
en-gb,lv-lv,Stem,Aste
en-gb,lv-lv,Stencil,Modelis
en-gb,lv-lv,Sternness,Cietība
en-gb,lv-lv,Stickiness,"Viskozitāte"
en-gb,lv-lv,Sticking,"Kolāža"
en-gb,lv-lv,Stir,Sensation
en-gb,lv-lv,Stone,"Šūnas kodols"
en-gb,lv-lv,Store,Magazīna
en-gb,lv-lv,Story,"Vēsture"
en-gb,lv-lv,Strain,Spriegums
en-gb,lv-lv,Strait,Detroita
en-gb,lv-lv,Strategy,"Stratēģija"
en-gb,lv-lv,Stream,Vilciens
en-gb,lv-lv,Street,Iela
en-gb,lv-lv,Streetcar,Tramvajs
en-gb,lv-lv,Strenght,"Spēks"
en-gb,lv-lv,Strength,Jauda
en-gb,lv-lv,Strength,"Spēks"
en-gb,lv-lv,Stress,Spriegums
en-gb,lv-lv,String-pulling,Virzulis
en-gb,lv-lv,Stroke,Svītra
en-gb,lv-lv,Strontium,Stroncijs
en-gb,lv-lv,Stuffing,Farss
en-gb,lv-lv,Stunt,Kaskadieris
en-gb,lv-lv,Stuntman,Kaskadieris
en-gb,lv-lv,Style,Modelis
en-gb,lv-lv,Stylus,Sensors
en-gb,lv-lv,Styria,"Štīrija"
en-gb,lv-lv,Subcontinent,Subkontinents
en-gb,lv-lv,Sublimation,"Sublimācija"
en-gb,lv-lv,Substructure,Infrastruktūra
en-gb,lv-lv,Subway,Metro
en-gb,lv-lv,Sudan,"Sudāna"
en-gb,lv-lv,Suffolk,Safolka
en-gb,lv-lv,Suit,"Krāsa"
en-gb,lv-lv,Sulfate,"Sulfāti"
en-gb,lv-lv,Sulfur,"Sērs"
en-gb,lv-lv,Sulphate,"Sulfāti"
en-gb,lv-lv,Sulphur,"Sērs"
en-gb,lv-lv,Sun,Saule
en-gb,lv-lv,Sun-,Saule
en-gb,lv-lv,Sunday,"Svētdiena"
en-gb,lv-lv,Sunlight,Saule
en-gb,lv-lv,Sunna,Sunna
en-gb,lv-lv,Sunni,"Sunnītu islāms"
en-gb,lv-lv,Superinfection,Infekcija
en-gb,lv-lv,Supernovas,"Pārnova"
en-gb,lv-lv,Support,"Rezultatīva piespēle"
en-gb,lv-lv,Supporter,"Partizānu karš"
en-gb,lv-lv,Surgery,Ķirurģija
en-gb,lv-lv,Surinam,Surinama
en-gb,lv-lv,Suriname,Surinama
en-gb,lv-lv,Surrey,Sareja
en-gb,lv-lv,Sustainability,"Ilgtspējība"
en-gb,lv-lv,Swamp,Purvs
en-gb,lv-lv,Swastika,Svastika
en-gb,lv-lv,Sway,"Impērija"
en-gb,lv-lv,Swede,"Zviedru valoda"
en-gb,lv-lv,Sweden,Zviedrija
en-gb,lv-lv,Swedish,"Zviedru valoda"
en-gb,lv-lv,Swing,"Svārstības"
en-gb,lv-lv,Swiss,"Šveice"
en-gb,lv-lv,Swiss-born,"Šveice"
en-gb,lv-lv,Switzerland,"Šveice"
en-gb,lv-lv,Symbiosis,Simbioze
en-gb,lv-lv,Symphony,Simfonija
en-gb,lv-lv,Synagogue,Sinagoga
en-gb,lv-lv,Syndicate,"Tīmekļa sindikācija"
en-gb,lv-lv,Syria,Sīrija
en-gb,lv-lv,Systematic,"Sistemātika"
en-gb,lv-lv,TV,Televīzija
en-gb,lv-lv,Tacit,"Gajs Kornēlijs Tacits"
en-gb,lv-lv,Tail,Aste
en-gb,lv-lv,Talc,Talks
en-gb,lv-lv,Talcum,Talks
en-gb,lv-lv,Tantalum,"Tantāls"
en-gb,lv-lv,Tantalus,"Tantāls"
en-gb,lv-lv,Tanzania,"Tanzānija"
en-gb,lv-lv,Target,"Vārti"
en-gb,lv-lv,Teaspoon,Ka?ote
en-gb,lv-lv,Teaspoon,"Kaŗote"
en-gb,lv-lv,Technetium,"Tehnēcijs"
en-gb,lv-lv,Technics,Tehnoloģija
en-gb,lv-lv,Technology,Tehnoloģija
en-gb,lv-lv,Telescope,Reflektors
en-gb,lv-lv,Telescope,Teleskops
en-gb,lv-lv,Television,Televīzija
en-gb,lv-lv,Tellurium,Telūrs
en-gb,lv-lv,Temperature,Temperatūra
en-gb,lv-lv,Template,Modelis
en-gb,lv-lv,Templet,Modelis
en-gb,lv-lv,Tennis,Teniss
en-gb,lv-lv,Tense,Laiks
en-gb,lv-lv,Tenseness,Spriegums
en-gb,lv-lv,Tension,Spriegums
en-gb,lv-lv,Terbium,Terbijs
en-gb,lv-lv,Terrific,Fantastika
en-gb,lv-lv,Territory,Teritorija
en-gb,lv-lv,Terrorism,Terorisms
en-gb,lv-lv,Tetrahydrofuran,THF
en-gb,lv-lv,Texas,Teksasa
en-gb,lv-lv,Thai,"Siāmas kaķis"
en-gb,lv-lv,Thailand,Taizeme
en-gb,lv-lv,Thallium,Tallijs
en-gb,lv-lv,Theatre,"Teātris"
en-gb,lv-lv,Theory,Teorija
en-gb,lv-lv,Therapy,Terapija
en-gb,lv-lv,Thermodynamic,Termodinamika
en-gb,lv-lv,Thermodynamics,Termodinamika
en-gb,lv-lv,Thickness,Jauda
en-gb,lv-lv,Thorium,Torijs
en-gb,lv-lv,Thoroughfare,"Artērijas"
en-gb,lv-lv,Thought,"Domāšana"
en-gb,lv-lv,Threonine,Treonīns
en-gb,lv-lv,Thrift,Ekonomika
en-gb,lv-lv,Thriftiness,Ekonomika
en-gb,lv-lv,Thulium,Tūlijs
en-gb,lv-lv,Thunderbolt,Zibens
en-gb,lv-lv,Thursday,Ceturtdiena
en-gb,lv-lv,Thyroid,Vairogdziedzeris
en-gb,lv-lv,Tiberius,"Tibērijs"
en-gb,lv-lv,Tibet,Tibeta
en-gb,lv-lv,Tick,"Ērces"
en-gb,lv-lv,Tidiness,Ordenis
en-gb,lv-lv,Tightness,Spriegums
en-gb,lv-lv,Tilt,Vilciens
en-gb,lv-lv,Time,Laiks
en-gb,lv-lv,Times,Laiks
en-gb,lv-lv,Tin,Alva
en-gb,lv-lv,Titan,"Titāns"
en-gb,lv-lv,Titanium,"Titāns"
en-gb,lv-lv,Titration,"Titrēšana"
en-gb,lv-lv,Tobacco,Tabaka
en-gb,lv-lv,Together,Kopa
en-gb,lv-lv,Togo,Togo
en-gb,lv-lv,Token,"Monēta"
en-gb,lv-lv,Toluene,Toluols
en-gb,lv-lv,Tomato,"Tomāts"
en-gb,lv-lv,Tomb,Kaps
en-gb,lv-lv,Tommy,Kareivis
en-gb,lv-lv,Tonality,"Tonalitāte"
en-gb,lv-lv,Tone,"Tonalitāte"
en-gb,lv-lv,Tongue,Valoda
en-gb,lv-lv,Tool,Darbarīks
en-gb,lv-lv,Topless,Topless
en-gb,lv-lv,Topology,Topoloģija
en-gb,lv-lv,Tornado,Tornado
en-gb,lv-lv,Torque,"Spēka moments"
en-gb,lv-lv,Touchhole,Gaisma
en-gb,lv-lv,Tourism,Tūrisms
en-gb,lv-lv,Tourmaline,Turmalīns
en-gb,lv-lv,Town,"Pilsēta"
en-gb,lv-lv,Trace,Svītra
en-gb,lv-lv,Trade,Komercija
en-gb,lv-lv,Trade-union,"Tīmekļa sindikācija"
en-gb,lv-lv,Trading,Komercija
en-gb,lv-lv,Tragedy,"Traģēdija"
en-gb,lv-lv,Trait,Svītra
en-gb,lv-lv,Tram,Tramvajs
en-gb,lv-lv,Transaction,Tirgus
en-gb,lv-lv,Transfer,"Mutācija"
en-gb,lv-lv,Transistor,Tranzistors
en-gb,lv-lv,Transparency,Caurspīdīgums
en-gb,lv-lv,Transport,Transports
en-gb,lv-lv,Transportation,Transports
en-gb,lv-lv,Trapeze,Trapece
en-gb,lv-lv,Trapezium,Trapece
en-gb,lv-lv,Travel,Allere
en-gb,lv-lv,Triangle,Trīsstūris
en-gb,lv-lv,Triangular,Trīsstūris
en-gb,lv-lv,Trifling,Minors
en-gb,lv-lv,Trigger,Trigeris
en-gb,lv-lv,Trinity,"Trinidāda"
en-gb,lv-lv,Triode,Triode
en-gb,lv-lv,Trolley,Tramvajs
en-gb,lv-lv,Truck,"Kravas automašīna"
en-gb,lv-lv,Trumpet,Trompete
en-gb,lv-lv,Tube,Metro
en-gb,lv-lv,Tuesday,Otrdiena
en-gb,lv-lv,Tune,Izkapts
en-gb,lv-lv,Tungsten,Volframs
en-gb,lv-lv,Tuning,Akords
en-gb,lv-lv,Tunisia,Tunisija
en-gb,lv-lv,Tunnel,Tunelis
en-gb,lv-lv,Turin,Turīna
en-gb,lv-lv,Turk,"Turku valoda"
en-gb,lv-lv,Turkey,Turcija
en-gb,lv-lv,Turkish,Turcija
en-gb,lv-lv,Turkish,"Turku valoda"
en-gb,lv-lv,Turkmenistan,"Turkmenistāna"
en-gb,lv-lv,Turntable,Platīns
en-gb,lv-lv,Tyrant,"Tirānija"
en-gb,lv-lv,Ukraine,Ukraina
en-gb,lv-lv,Ultraviolet,"Ultravioletais starojums"
en-gb,lv-lv,Umbria,Umbrija
en-gb,lv-lv,Unbiased,Objektīvs
en-gb,lv-lv,Unbiassed,Objektīvs
en-gb,lv-lv,Uncivilized,Barbari
en-gb,lv-lv,Uncomplaining,Pacients
en-gb,lv-lv,Underage,Minors
en-gb,lv-lv,Underground,Metro
en-gb,lv-lv,Understanding,Akords
en-gb,lv-lv,Unimportant,Minors
en-gb,lv-lv,Union,"Tīmekļa sindikācija"
en-gb,lv-lv,Unit,Modelis
en-gb,lv-lv,Universe,Visums
en-gb,lv-lv,Unpopulated,Tuksnesis
en-gb,lv-lv,Untrue,Izkapts
en-gb,lv-lv,Ural,Orala
en-gb,lv-lv,Ural,"Urāla"
en-gb,lv-lv,Ural,"Urāli"
en-gb,lv-lv,Uranium,"Urāns"
en-gb,lv-lv,Urea,Karbamīds
en-gb,lv-lv,Uruguay,Urugvaja
en-gb,lv-lv,Vacant,Vakuums
en-gb,lv-lv,Vacuum,Vakuums
en-gb,lv-lv,Valencia,Valensija
en-gb,lv-lv,Valency,Valensija
en-gb,lv-lv,Valkyrie,Valkīras
en-gb,lv-lv,Vampire,Vampīrs
en-gb,lv-lv,Vanadium,"Vanādijs"
en-gb,lv-lv,Vanuatu,Vanuatu
en-gb,lv-lv,Vatican,"Vatikāns"
en-gb,lv-lv,Vector,Vektors
en-gb,lv-lv,Vein,"Vēnas"
en-gb,lv-lv,Vellum,Antoloģija
en-gb,lv-lv,Venice,"Venēcija"
en-gb,lv-lv,Ventilator,Ventilators
en-gb,lv-lv,Venture,"Uzņēmums"
en-gb,lv-lv,Venture,"Uzņēmējdarbība"
en-gb,lv-lv,Venus,"Venēra"
en-gb,lv-lv,Verb,"Darbības vārds"
en-gb,lv-lv,Verbal,Orala
en-gb,lv-lv,Vernacular,Izloksne
en-gb,lv-lv,Vertebra,Skriemeļi
en-gb,lv-lv,Vertebreta,Mugurkaulnieki
en-gb,lv-lv,Vesicle,Vakuola
en-gb,lv-lv,Vessel,Kuģis
en-gb,lv-lv,Vienna,Vīne
en-gb,lv-lv,Vigor,Enerģija
en-gb,lv-lv,Vigour,Enerģija
en-gb,lv-lv,Viking,Vikingi
en-gb,lv-lv,Vim,Enerģija
en-gb,lv-lv,Violin,Vijole
en-gb,lv-lv,Virgin,"Jaunava Marija"
en-gb,lv-lv,Virus,Vīruss
en-gb,lv-lv,Virus-free,Vīruss
en-gb,lv-lv,Virus-infected,Vīruss
en-gb,lv-lv,Viruses,Vīruss
en-gb,lv-lv,Viscidity,"Viskozitāte"
en-gb,lv-lv,Viscosity,"Viskozitāte"
en-gb,lv-lv,Vistula,Visla
en-gb,lv-lv,Vitamin,Vitamīni
en-gb,lv-lv,Vodka,Degvīns
en-gb,lv-lv,Void,Vakuums
en-gb,lv-lv,Volcano,"Vulkāns"
en-gb,lv-lv,Volga,Volga
en-gb,lv-lv,Volt,Volts
en-gb,lv-lv,Voltage,Spriegums
en-gb,lv-lv,Volute,Volūta
en-gb,lv-lv,Walnut-tree,Valrieksts
en-gb,lv-lv,War,Karš
en-gb,lv-lv,Warmth,Siltums
en-gb,lv-lv,Warsaw,Varšava
en-gb,lv-lv,Warwickshire,Vorikšīra
en-gb,lv-lv,Water,Ūdens
en-gb,lv-lv,Watt,Vats
en-gb,lv-lv,Weapon,Ierocis
en-gb,lv-lv,Weather,Laiks
en-gb,lv-lv,Web,"Dvēsele"
en-gb,lv-lv,Webmaster,"Vietņvedis"
en-gb,lv-lv,Wedding,Laulība
en-gb,lv-lv,Wednesday,Trešdiena
en-gb,lv-lv,Weed,Tabaka
en-gb,lv-lv,Week,"Nedēļa"
en-gb,lv-lv,Weight,Svars
en-gb,lv-lv,Wheel,Ritenis
en-gb,lv-lv,While,Laiks
en-gb,lv-lv,Whirlwind,Tornado
en-gb,lv-lv,Whole,Kopa
en-gb,lv-lv,Wild,Daba
en-gb,lv-lv,Wiltshire,Viltšīra
en-gb,lv-lv,Wind,"Vējš"
en-gb,lv-lv,Wine,Vīns
en-gb,lv-lv,Wireless,Radio
en-gb,lv-lv,Wisteria,Glicīns
en-gb,lv-lv,Witch,Ragana
en-gb,lv-lv,Wobble,"Svārstības"
en-gb,lv-lv,Wolf,Vilks
en-gb,lv-lv,Woods,Mežs
en-gb,lv-lv,Woof,Freims
en-gb,lv-lv,Woof,Kadrs
en-gb,lv-lv,Word-blindness,Disleksija
en-gb,lv-lv,World,Laiks
en-gb,lv-lv,World,Pasaule
en-gb,lv-lv,Wrong,Izkapts
en-gb,lv-lv,X-ray,Radio
en-gb,lv-lv,Xenon,Ksenons
en-gb,lv-lv,Xmas,Decembris
en-gb,lv-lv,Xmas,"Ziemassvētki"
en-gb,lv-lv,Xylene,Ksilols
en-gb,lv-lv,Yardstick,Metrs
en-gb,lv-lv,Yarn,"Vēsture"
en-gb,lv-lv,Year,Gads
en-gb,lv-lv,Yearbook,Almanahs
en-gb,lv-lv,Yemen,Jemena
en-gb,lv-lv,Yen,Jena
en-gb,lv-lv,Yoga,Joga
en-gb,lv-lv,Yttrium,Itrijs
en-gb,lv-lv,Yugoslavia,"Dienvidslāvija"
en-gb,lv-lv,Yuletide,Decembris
en-gb,lv-lv,Yuletide,"Ziemassvētki"
en-gb,lv-lv,Zagreb,Zagreba
en-gb,lv-lv,Zambia,Zambija
en-gb,lv-lv,Zanzibar,"Zanzibāra"
en-gb,lv-lv,Zebra,Zebra
en-gb,lv-lv,Zeus,Zevs
en-gb,lv-lv,Ziggurat,"Zikurāts"
en-gb,lv-lv,Zimbabwe,Zimbabve
en-gb,lv-lv,Zinc,Cinks
en-gb,lv-lv,Zincum,Cinks
en-gb,lv-lv,Zionism,Cionisms
en-gb,lv-lv,Zirconium,Cirkonijs
en-gb,lv-lv,Zodiac,"Zodiaka zvaigznāji"
en-gb,lv-lv,Zoology,Zooloģija
en-gb,lv-lv,Zoroastrianism,Zoroastrisms
en-gb,lv-lv,Zurich,Cīrihe
en-gb,lv-lv,Zygote,Zigota
