be-by,mk-mk,"1 верасня","1 септември"
be-by,mk-mk,"1 верасьня","1 септември"
be-by,mk-mk,"1 жніўня","1 август"
be-by,mk-mk,"1 кастрычніка","1 октомври"
be-by,mk-mk,"1 красавіка","1 април"
be-by,mk-mk,"1 лютага","1 февруари"
be-by,mk-mk,"1 ліпеня","1 јули"
be-by,mk-mk,"1 лістапада","1 ноември"
be-by,mk-mk,"1 мая","1 мај"
be-by,mk-mk,"1 сакавіка","1 март"
be-by,mk-mk,"1 снежня","1 декември"
be-by,mk-mk,"1 стагоддзе","1 век"
be-by,mk-mk,"1 студзеня","1 јануари"
be-by,mk-mk,"1 траўня","1 мај"
be-by,mk-mk,"1 чэрвеня","1 јуни"
be-by,mk-mk,"10 верасня","10 септември"
be-by,mk-mk,"10 верасьня","10 септември"
be-by,mk-mk,"10 жніўня","10 август"
be-by,mk-mk,"10 кастрычніка","10 октомври"
be-by,mk-mk,"10 красавіка","10 април"
be-by,mk-mk,"10 лютага","10 февруари"
be-by,mk-mk,"10 ліпеня","10 јули"
be-by,mk-mk,"10 лістапада","10 ноември"
be-by,mk-mk,"10 мая","10 мај"
be-by,mk-mk,"10 сакавіка","10 март"
be-by,mk-mk,"10 снежня","10 декември"
be-by,mk-mk,"10 стагоддзе","10 век"
be-by,mk-mk,"10 студзеня","10 јануари"
be-by,mk-mk,"10 траўня","10 мај"
be-by,mk-mk,"10 чэрвеня","10 јуни"
be-by,mk-mk,"11 верасня","11 септември"
be-by,mk-mk,"11 жніўня","11 август"
be-by,mk-mk,"11 кастрычніка","11 октомври"
be-by,mk-mk,"11 красавіка","11 април"
be-by,mk-mk,"11 лютага","11 февруари"
be-by,mk-mk,"11 ліпеня","11 јули"
be-by,mk-mk,"11 лістапада","11 ноември"
be-by,mk-mk,"11 мая","11 мај"
be-by,mk-mk,"11 сакавіка","11 март"
be-by,mk-mk,"11 снежня","11 декември"
be-by,mk-mk,"11 стагоддзе","11 век"
be-by,mk-mk,"11 студзеня","11 јануари"
be-by,mk-mk,"11 сьнежня","11 декември"
be-by,mk-mk,"11 траўня","11 мај"
be-by,mk-mk,"11 чэрвеня","11 јуни"
be-by,mk-mk,"12 верасня","12 септември"
be-by,mk-mk,"12 верасьня","12 септември"
be-by,mk-mk,"12 жніўня","12 август"
be-by,mk-mk,"12 кастрычніка","12 октомври"
be-by,mk-mk,"12 красавіка","12 април"
be-by,mk-mk,"12 лютага","12 февруари"
be-by,mk-mk,"12 ліпеня","12 јули"
be-by,mk-mk,"12 лістапада","12 ноември"
be-by,mk-mk,"12 мая","12 мај"
be-by,mk-mk,"12 сакавіка","12 март"
be-by,mk-mk,"12 снежня","12 декември"
be-by,mk-mk,"12 стагоддзе","12 век"
be-by,mk-mk,"12 студзеня","12 јануари"
be-by,mk-mk,"12 траўня","12 мај"
be-by,mk-mk,"12 чэрвеня","12 јуни"
be-by,mk-mk,"13 верасня","13 септември"
be-by,mk-mk,"13 верасьня","13 септември"
be-by,mk-mk,"13 жніўня","13 август"
be-by,mk-mk,"13 кастрычніка","13 октомври"
be-by,mk-mk,"13 красавіка","13 април"
be-by,mk-mk,"13 лютага","13 февруари"
be-by,mk-mk,"13 ліпеня","13 јули"
be-by,mk-mk,"13 лістапада","13 ноември"
be-by,mk-mk,"13 мая","13 мај"
be-by,mk-mk,"13 сакавіка","13 март"
be-by,mk-mk,"13 снежня","13 декември"
be-by,mk-mk,"13 стагоддзе","13 век"
be-by,mk-mk,"13 студзеня","13 јануари"
be-by,mk-mk,"13 траўня","13 мај"
be-by,mk-mk,"13 чэрвеня","13 јуни"
be-by,mk-mk,"14 верасня","14 септември"
be-by,mk-mk,"14 верасьня","14 септември"
be-by,mk-mk,"14 жніўня","14 август"
be-by,mk-mk,"14 кастрычніка","14 октомври"
be-by,mk-mk,"14 красавіка","14 април"
be-by,mk-mk,"14 лютага","14 февруари"
be-by,mk-mk,"14 ліпеня","14 јули"
be-by,mk-mk,"14 лістапада","14 ноември"
be-by,mk-mk,"14 мая","14 мај"
be-by,mk-mk,"14 сакавіка","14 март"
be-by,mk-mk,"14 снежня","14 декември"
be-by,mk-mk,"14 стагоддзе","14 век"
be-by,mk-mk,"14 студзеня","14 јануари"
be-by,mk-mk,"14 сьнежня","14 декември"
be-by,mk-mk,"14 траўня","14 мај"
be-by,mk-mk,"14 чэрвеня","14 јуни"
be-by,mk-mk,"15 верасня","15 септември"
be-by,mk-mk,"15 верасьня","15 септември"
be-by,mk-mk,"15 жніўня","15 август"
be-by,mk-mk,"15 кастрычніка","15 октомври"
be-by,mk-mk,"15 красавіка","15 април"
be-by,mk-mk,"15 лютага","15 февруари"
be-by,mk-mk,"15 ліпеня","15 јули"
be-by,mk-mk,"15 лістапада","15 ноември"
be-by,mk-mk,"15 мая","15 мај"
be-by,mk-mk,"15 сакавіка","15 март"
be-by,mk-mk,"15 снежня","15 декември"
be-by,mk-mk,"15 стагоддзе","15 век"
be-by,mk-mk,"15 студзеня","15 јануари"
be-by,mk-mk,"15 сьнежня","15 декември"
be-by,mk-mk,"15 траўня","15 мај"
be-by,mk-mk,"15 чэрвеня","15 јуни"
be-by,mk-mk,"16 верасня","16 септември"
be-by,mk-mk,"16 верасьня","16 септември"
be-by,mk-mk,"16 жніўня","16 август"
be-by,mk-mk,"16 кастрычніка","16 октомври"
be-by,mk-mk,"16 красавіка","16 април"
be-by,mk-mk,"16 лютага","16 февруари"
be-by,mk-mk,"16 ліпеня","16 јули"
be-by,mk-mk,"16 лістапада","16 ноември"
be-by,mk-mk,"16 мая","16 мај"
be-by,mk-mk,"16 сакавіка","16 март"
be-by,mk-mk,"16 снежня","16 декември"
be-by,mk-mk,"16 стагоддзе","16 век"
be-by,mk-mk,"16 студзеня","16 јануари"
be-by,mk-mk,"16 траўня","16 мај"
be-by,mk-mk,"16 чэрвеня","16 јуни"
be-by,mk-mk,"17 верасня","17 септември"
be-by,mk-mk,"17 верасьня","17 септември"
be-by,mk-mk,"17 жніўня","17 август"
be-by,mk-mk,"17 кастрычніка","17 октомври"
be-by,mk-mk,"17 красавіка","17 април"
be-by,mk-mk,"17 лютага","17 февруари"
be-by,mk-mk,"17 ліпеня","17 јули"
be-by,mk-mk,"17 лістапада","17 ноември"
be-by,mk-mk,"17 мая","17 мај"
be-by,mk-mk,"17 сакавіка","17 март"
be-by,mk-mk,"17 снежня","17 декември"
be-by,mk-mk,"17 стагоддзе","17 век"
be-by,mk-mk,"17 стагодзьдзе","17 век"
be-by,mk-mk,"17 студзеня","17 јануари"
be-by,mk-mk,"17 сьнежня","17 декември"
be-by,mk-mk,"17 траўня","17 мај"
be-by,mk-mk,"17 чэрвеня","17 јуни"
be-by,mk-mk,"18 верасня","18 септември"
be-by,mk-mk,"18 верасьня","18 септември"
be-by,mk-mk,"18 жніўня","18 август"
be-by,mk-mk,"18 кастрычніка","18 октомври"
be-by,mk-mk,"18 красавіка","18 април"
be-by,mk-mk,"18 лютага","18 февруари"
be-by,mk-mk,"18 ліпеня","18 јули"
be-by,mk-mk,"18 лістапада","18 ноември"
be-by,mk-mk,"18 мая","18 мај"
be-by,mk-mk,"18 сакавіка","18 март"
be-by,mk-mk,"18 снежня","18 декември"
be-by,mk-mk,"18 стагоддзе","18 век"
be-by,mk-mk,"18 студзеня","18 јануари"
be-by,mk-mk,"18 сьнежня","18 декември"
be-by,mk-mk,"18 траўня","18 мај"
be-by,mk-mk,"18 чэрвеня","18 јуни"
be-by,mk-mk,"19 верасня","19 септември"
be-by,mk-mk,"19 верасьня","19 септември"
be-by,mk-mk,"19 жніўня","19 август"
be-by,mk-mk,"19 кастрычніка","19 октомври"
be-by,mk-mk,"19 красавіка","19 април"
be-by,mk-mk,"19 лютага","19 февруари"
be-by,mk-mk,"19 ліпеня","19 јули"
be-by,mk-mk,"19 лістапада","19 ноември"
be-by,mk-mk,"19 мая","19 мај"
be-by,mk-mk,"19 сакавіка","19 март"
be-by,mk-mk,"19 снежня","19 декември"
be-by,mk-mk,"19 стагоддзе","19 век"
be-by,mk-mk,"19 студзеня","19 јануари"
be-by,mk-mk,"19 сьнежня","19 декември"
be-by,mk-mk,"19 траўня","19 мај"
be-by,mk-mk,"19 чэрвеня","19 јуни"
be-by,mk-mk,"2 верасня","2 септември"
be-by,mk-mk,"2 верасьня","2 септември"
be-by,mk-mk,"2 жніўня","2 август"
be-by,mk-mk,"2 кастрычніка","2 октомври"
be-by,mk-mk,"2 красавіка","2 април"
be-by,mk-mk,"2 лютага","2 февруари"
be-by,mk-mk,"2 ліпеня","2 јули"
be-by,mk-mk,"2 лістапада","2 ноември"
be-by,mk-mk,"2 мая","2 мај"
be-by,mk-mk,"2 сакавіка","2 март"
be-by,mk-mk,"2 снежня","2 декември"
be-by,mk-mk,"2 стагоддзе","2 век"
be-by,mk-mk,"2 студзеня","2 јануари"
be-by,mk-mk,"2 траўня","2 мај"
be-by,mk-mk,"2 чэрвеня","2 јуни"
be-by,mk-mk,"20 верасня","20 септември"
be-by,mk-mk,"20 верасьня","20 септември"
be-by,mk-mk,"20 жніўня","20 август"
be-by,mk-mk,"20 кастрычніка","20 октомври"
be-by,mk-mk,"20 красавіка","20 април"
be-by,mk-mk,"20 лютага","20 февруари"
be-by,mk-mk,"20 ліпеня","20 јули"
be-by,mk-mk,"20 лістапада","20 ноември"
be-by,mk-mk,"20 мая","20 мај"
be-by,mk-mk,"20 сакавіка","20 март"
be-by,mk-mk,"20 стагоддзе","20 век"
be-by,mk-mk,"20 студзеня","20 јануари"
be-by,mk-mk,"20 сьнежня","20 декември"
be-by,mk-mk,"20 траўня","20 мај"
be-by,mk-mk,"20 чэрвеня","20 јуни"
be-by,mk-mk,"21 верасня","21 септември"
be-by,mk-mk,"21 верасьня","21 септември"
be-by,mk-mk,"21 жніўня","21 август"
be-by,mk-mk,"21 кастрычніка","21 октомври"
be-by,mk-mk,"21 красавіка","21 април"
be-by,mk-mk,"21 лютага","21 февруари"
be-by,mk-mk,"21 ліпеня","21 јули"
be-by,mk-mk,"21 лістапада","21 ноември"
be-by,mk-mk,"21 мая","21 мај"
be-by,mk-mk,"21 сакавіка","21 март"
be-by,mk-mk,"21 снежня","21 декември"
be-by,mk-mk,"21 стагоддзе","21 век"
be-by,mk-mk,"21 студзеня","21 јануари"
be-by,mk-mk,"21 траўня","21 мај"
be-by,mk-mk,"21 чэрвеня","21 јуни"
be-by,mk-mk,"22 верасня","22 септември"
be-by,mk-mk,"22 верасьня","22 септември"
be-by,mk-mk,"22 жніўня","22 август"
be-by,mk-mk,"22 кастрычніка","22 октомври"
be-by,mk-mk,"22 красавіка","22 април"
be-by,mk-mk,"22 лютага","22 февруари"
be-by,mk-mk,"22 ліпеня","22 јули"
be-by,mk-mk,"22 лістапада","22 ноември"
be-by,mk-mk,"22 мая","22 мај"
be-by,mk-mk,"22 сакавіка","22 март"
be-by,mk-mk,"22 снежня","22 декември"
be-by,mk-mk,"22 студзеня","22 јануари"
be-by,mk-mk,"22 сьнежня","22 декември"
be-by,mk-mk,"22 траўня","22 мај"
be-by,mk-mk,"22 чэрвеня","22 јуни"
be-by,mk-mk,"23 верасня","23 септември"
be-by,mk-mk,"23 верасьня","23 септември"
be-by,mk-mk,"23 жніўня","23 август"
be-by,mk-mk,"23 кастрычніка","23 октомври"
be-by,mk-mk,"23 красавіка","23 април"
be-by,mk-mk,"23 лютага","23 февруари"
be-by,mk-mk,"23 ліпеня","23 јули"
be-by,mk-mk,"23 лістапада","23 ноември"
be-by,mk-mk,"23 мая","23 мај"
be-by,mk-mk,"23 сакавіка","23 март"
be-by,mk-mk,"23 снежня","23 декември"
be-by,mk-mk,"23 студзеня","23 јануари"
be-by,mk-mk,"23 траўня","23 мај"
be-by,mk-mk,"23 чэрвеня","23 јуни"
be-by,mk-mk,"24 верасня","24 септември"
be-by,mk-mk,"24 верасьня","24 септември"
be-by,mk-mk,"24 жніўня","24 август"
be-by,mk-mk,"24 кастрычніка","24 октомври"
be-by,mk-mk,"24 красавіка","24 април"
be-by,mk-mk,"24 лютага","24 февруари"
be-by,mk-mk,"24 ліпеня","24 јули"
be-by,mk-mk,"24 лістапада","24 ноември"
be-by,mk-mk,"24 мая","24 мај"
be-by,mk-mk,"24 сакавіка","24 март"
be-by,mk-mk,"24 снежня","24 декември"
be-by,mk-mk,"24 студзеня","24 јануари"
be-by,mk-mk,"24 траўня","24 мај"
be-by,mk-mk,"24 чэрвеня","24 јуни"
be-by,mk-mk,"25 верасня","25 септември"
be-by,mk-mk,"25 верасьня","25 септември"
be-by,mk-mk,"25 жніўня","25 август"
be-by,mk-mk,"25 кастрычніка","25 октомври"
be-by,mk-mk,"25 красавіка","25 април"
be-by,mk-mk,"25 лютага","25 февруари"
be-by,mk-mk,"25 ліпеня","25 јули"
be-by,mk-mk,"25 лістапада","25 ноември"
be-by,mk-mk,"25 мая","25 мај"
be-by,mk-mk,"25 сакавіка","25 март"
be-by,mk-mk,"25 студзеня","25 јануари"
be-by,mk-mk,"25 сьнежня","25 декември"
be-by,mk-mk,"25 траўня","25 мај"
be-by,mk-mk,"25 чэрвеня","25 јуни"
be-by,mk-mk,"26 верасня","26 септември"
be-by,mk-mk,"26 верасьня","26 септември"
be-by,mk-mk,"26 жніўня","26 август"
be-by,mk-mk,"26 кастрычніка","26 октомври"
be-by,mk-mk,"26 красавіка","26 април"
be-by,mk-mk,"26 лютага","26 февруари"
be-by,mk-mk,"26 ліпеня","26 јули"
be-by,mk-mk,"26 лістапада","26 ноември"
be-by,mk-mk,"26 мая","26 мај"
be-by,mk-mk,"26 сакавіка","26 март"
be-by,mk-mk,"26 студзеня","26 јануари"
be-by,mk-mk,"26 сьнежня","26 декември"
be-by,mk-mk,"26 траўня","26 мај"
be-by,mk-mk,"26 чэрвеня","26 јуни"
be-by,mk-mk,"27 верасня","27 септември"
be-by,mk-mk,"27 верасьня","27 септември"
be-by,mk-mk,"27 жніўня","27 август"
be-by,mk-mk,"27 кастрычніка","27 октомври"
be-by,mk-mk,"27 красавіка","27 април"
be-by,mk-mk,"27 лютага","27 февруари"
be-by,mk-mk,"27 ліпеня","27 јули"
be-by,mk-mk,"27 лістапада","27 ноември"
be-by,mk-mk,"27 мая","27 мај"
be-by,mk-mk,"27 сакавіка","27 март"
be-by,mk-mk,"27 студзеня","27 јануари"
be-by,mk-mk,"27 траўня","27 мај"
be-by,mk-mk,"27 чэрвеня","27 јуни"
be-by,mk-mk,"28 верасня","28 септември"
be-by,mk-mk,"28 верасьня","28 септември"
be-by,mk-mk,"28 жніўня","28 август"
be-by,mk-mk,"28 кастрычніка","28 октомври"
be-by,mk-mk,"28 красавіка","28 април"
be-by,mk-mk,"28 лютага","28 февруари"
be-by,mk-mk,"28 ліпеня","28 јули"
be-by,mk-mk,"28 лістапада","28 ноември"
be-by,mk-mk,"28 мая","28 мај"
be-by,mk-mk,"28 сакавіка","28 март"
be-by,mk-mk,"28 студзеня","28 јануари"
be-by,mk-mk,"28 сьнежня","28 декември"
be-by,mk-mk,"28 траўня","28 мај"
be-by,mk-mk,"28 чэрвеня","28 јуни"
be-by,mk-mk,"29 верасня","29 септември"
be-by,mk-mk,"29 верасьня","29 септември"
be-by,mk-mk,"29 жніўня","29 август"
be-by,mk-mk,"29 кастрычніка","29 октомври"
be-by,mk-mk,"29 красавіка","29 април"
be-by,mk-mk,"29 лютага","29 февруари"
be-by,mk-mk,"29 ліпеня","29 јули"
be-by,mk-mk,"29 лістапада","29 ноември"
be-by,mk-mk,"29 мая","29 мај"
be-by,mk-mk,"29 сакавіка","29 март"
be-by,mk-mk,"29 студзеня","29 јануари"
be-by,mk-mk,"29 сьнежня","29 декември"
be-by,mk-mk,"29 траўня","29 мај"
be-by,mk-mk,"29 чэрвеня","29 јуни"
be-by,mk-mk,"3 верасня","3 септември"
be-by,mk-mk,"3 верасьня","3 септември"
be-by,mk-mk,"3 жніўня","3 август"
be-by,mk-mk,"3 кастрычніка","3 октомври"
be-by,mk-mk,"3 красавіка","3 април"
be-by,mk-mk,"3 лютага","3 февруари"
be-by,mk-mk,"3 ліпеня","3 јули"
be-by,mk-mk,"3 лістапада","3 ноември"
be-by,mk-mk,"3 мая","3 мај"
be-by,mk-mk,"3 сакавіка","3 март"
be-by,mk-mk,"3 снежня","3 декември"
be-by,mk-mk,"3 стагоддзе","3 век"
be-by,mk-mk,"3 студзеня","3 јануари"
be-by,mk-mk,"3 сьнежня","3 декември"
be-by,mk-mk,"3 траўня","3 мај"
be-by,mk-mk,"3 чэрвеня","3 јуни"
be-by,mk-mk,"30 верасня","30 септември"
be-by,mk-mk,"30 верасьня","30 септември"
be-by,mk-mk,"30 жніўня","30 август"
be-by,mk-mk,"30 кастрычніка","30 октомври"
be-by,mk-mk,"30 красавіка","30 април"
be-by,mk-mk,"30 ліпеня","30 јули"
be-by,mk-mk,"30 лістапада","30 ноември"
be-by,mk-mk,"30 мая","30 мај"
be-by,mk-mk,"30 сакавіка","30 март"
be-by,mk-mk,"30 снежня","30 декември"
be-by,mk-mk,"30 студзеня","30 јануари"
be-by,mk-mk,"30 сьнежня","30 декември"
be-by,mk-mk,"30 траўня","30 мај"
be-by,mk-mk,"30 чэрвеня","30 јуни"
be-by,mk-mk,"31 жніўня","31 август"
be-by,mk-mk,"31 кастрычніка","31 октомври"
be-by,mk-mk,"31 ліпеня","31 јули"
be-by,mk-mk,"31 мая","31 мај"
be-by,mk-mk,"31 сакавіка","31 март"
be-by,mk-mk,"31 снежня","31 декември"
be-by,mk-mk,"31 студзеня","31 јануари"
be-by,mk-mk,"31 траўня","31 мај"
be-by,mk-mk,"4 верасня","4 септември"
be-by,mk-mk,"4 верасьня","4 септември"
be-by,mk-mk,"4 жніўня","4 август"
be-by,mk-mk,"4 кастрычніка","4 октомври"
be-by,mk-mk,"4 красавіка","4 април"
be-by,mk-mk,"4 лютага","4 февруари"
be-by,mk-mk,"4 ліпеня","4 јули"
be-by,mk-mk,"4 лістапада","4 ноември"
be-by,mk-mk,"4 мая","4 мај"
be-by,mk-mk,"4 сакавіка","4 март"
be-by,mk-mk,"4 снежня","4 декември"
be-by,mk-mk,"4 стагоддзе","4 век"
be-by,mk-mk,"4 студзеня","4 јануари"
be-by,mk-mk,"4 сьнежня","4 декември"
be-by,mk-mk,"4 траўня","4 мај"
be-by,mk-mk,"4 чэрвеня","4 јуни"
be-by,mk-mk,"5 верасня","5 септември"
be-by,mk-mk,"5 верасьня","5 септември"
be-by,mk-mk,"5 жніўня","5 август"
be-by,mk-mk,"5 кастрычніка","5 октомври"
be-by,mk-mk,"5 красавіка","5 април"
be-by,mk-mk,"5 лютага","5 февруари"
be-by,mk-mk,"5 ліпеня","5 јули"
be-by,mk-mk,"5 лістапада","5 ноември"
be-by,mk-mk,"5 мая","5 мај"
be-by,mk-mk,"5 сакавіка","5 март"
be-by,mk-mk,"5 снежня","5 декември"
be-by,mk-mk,"5 стагоддзе","5 век"
be-by,mk-mk,"5 студзеня","5 јануари"
be-by,mk-mk,"5 сьнежня","5 декември"
be-by,mk-mk,"5 траўня","5 мај"
be-by,mk-mk,"5 чэрвеня","5 јуни"
be-by,mk-mk,"6 верасня","6 септември"
be-by,mk-mk,"6 верасьня","6 септември"
be-by,mk-mk,"6 жніўня","6 август"
be-by,mk-mk,"6 кастрычніка","6 октомври"
be-by,mk-mk,"6 красавіка","6 април"
be-by,mk-mk,"6 лютага","6 февруари"
be-by,mk-mk,"6 ліпеня","6 јули"
be-by,mk-mk,"6 лістапада","6 ноември"
be-by,mk-mk,"6 мая","6 мај"
be-by,mk-mk,"6 сакавіка","6 март"
be-by,mk-mk,"6 снежня","6 декември"
be-by,mk-mk,"6 стагоддзе да н.э.","6 век п.н.е."
be-by,mk-mk,"6 стагоддзе","6 век"
be-by,mk-mk,"6 студзеня","6 јануари"
be-by,mk-mk,"6 сьнежня","6 декември"
be-by,mk-mk,"6 траўня","6 мај"
be-by,mk-mk,"6 чэрвеня","6 јуни"
be-by,mk-mk,"7 верасня","7 септември"
be-by,mk-mk,"7 верасьня","7 септември"
be-by,mk-mk,"7 жніўня","7 август"
be-by,mk-mk,"7 кастрычніка","7 октомври"
be-by,mk-mk,"7 красавіка","7 април"
be-by,mk-mk,"7 лютага","7 февруари"
be-by,mk-mk,"7 ліпеня","7 јули"
be-by,mk-mk,"7 лістапада","7 ноември"
be-by,mk-mk,"7 мая","7 мај"
be-by,mk-mk,"7 сакавіка","7 март"
be-by,mk-mk,"7 снежня","7 декември"
be-by,mk-mk,"7 стагоддзе да н.э.","7 век п.н.е."
be-by,mk-mk,"7 стагоддзе","7 век"
be-by,mk-mk,"7 студзеня","7 јануари"
be-by,mk-mk,"7 сьнежня","7 декември"
be-by,mk-mk,"7 траўня","7 мај"
be-by,mk-mk,"7 чэрвеня","7 јуни"
be-by,mk-mk,"8 верасня","8 септември"
be-by,mk-mk,"8 верасьня","8 септември"
be-by,mk-mk,"8 жніўня","8 август"
be-by,mk-mk,"8 кастрычніка","8 октомври"
be-by,mk-mk,"8 красавіка","8 април"
be-by,mk-mk,"8 лютага","8 февруари"
be-by,mk-mk,"8 ліпеня","8 јули"
be-by,mk-mk,"8 лістапада","8 ноември"
be-by,mk-mk,"8 мая","8 мај"
be-by,mk-mk,"8 сакавіка","8 март"
be-by,mk-mk,"8 снежня","8 декември"
be-by,mk-mk,"8 стагоддзе","8 век"
be-by,mk-mk,"8 студзеня","8 јануари"
be-by,mk-mk,"8 траўня","8 мај"
be-by,mk-mk,"8 чэрвеня","8 јуни"
be-by,mk-mk,"9 верасня","9 септември"
be-by,mk-mk,"9 верасьня","9 септември"
be-by,mk-mk,"9 жніўня","9 август"
be-by,mk-mk,"9 кастрычніка","9 октомври"
be-by,mk-mk,"9 красавіка","9 април"
be-by,mk-mk,"9 лютага","9 февруари"
be-by,mk-mk,"9 ліпеня","9 јули"
be-by,mk-mk,"9 лістапада","9 ноември"
be-by,mk-mk,"9 мая","9 мај"
be-by,mk-mk,"9 сакавіка","9 март"
be-by,mk-mk,"9 снежня","9 декември"
be-by,mk-mk,"9 стагоддзе","9 век"
be-by,mk-mk,"9 студзеня","9 јануари"
be-by,mk-mk,"9 траўня","9 мај"
be-by,mk-mk,"9 чэрвеня","9 јуни"
be-by,mk-mk,"Culture Гаіці","Хаити"
be-by,mk-mk,"De facto","Де факто"
be-by,mk-mk,"Ivan Sidorsky/Арганізацыя Паўночнаатлантычнага дагавора","НАТО"
be-by,mk-mk,"Mozilla Firefox","Mozilla Firefox"
be-by,mk-mk,"The Beatles","Битлс"
be-by,mk-mk,"Ёган Вольфґанґ фон Ґётэ","Јохан Волфганг фон Гете"
be-by,mk-mk,"Ёган Гутэнберг","Јохан Гутенберг"
be-by,mk-mk,"Ёган Кеплер","Јохан Кеплер"
be-by,mk-mk,"Ёд","Јод"
be-by,mk-mk,"Іаган Себасцьян Бах","Јохан Себастијан Бах"
be-by,mk-mk,"Іарданія","Јордан"
be-by,mk-mk,"Ідэалізм","Идеализам"
be-by,mk-mk,"Ізатоп","Изотоп"
be-by,mk-mk,"Ізраіль","Израел"
be-by,mk-mk,"Ілюзіяніст","Илузионист [филм"
be-by,mk-mk,"Імануіл Кант","Имануел Кант"
be-by,mk-mk,"Індаэўрапейскія мовы","Индоевропски јазици"
be-by,mk-mk,"Індый","Индиум"
be-by,mk-mk,"Індыйскі акіян","Индиски Океан"
be-by,mk-mk,"Індыя","Индија"
be-by,mk-mk,"Інтэрнэт","Интернет"
be-by,mk-mk,"Інфармацыя","Информација"
be-by,mk-mk,"Інфляцыя","Инфлација"
be-by,mk-mk,"Іосіф Сталін","Јосиф Сталин"
be-by,mk-mk,"Ірак","Ирак"
be-by,mk-mk,"Іран","Иран"
be-by,mk-mk,"Ісак Ньютан","Исак Њутн"
be-by,mk-mk,"Іслам","Ислам"
be-by,mk-mk,"Ісландыя","Исланд"
be-by,mk-mk,"Іспанія","Шпанија"
be-by,mk-mk,"Ісціна","Вистина"
be-by,mk-mk,"Ісьляндыя","Исланд"
be-by,mk-mk,"Італьянская мова","Италијански јазик"
be-by,mk-mk,"Італія","Италија"
be-by,mk-mk,"Іціра Мідзукі","Ичиро Мизуки"
be-by,mk-mk,"Абраз","Икона"
be-by,mk-mk,"Абрахам Лінкальн","Абрахам Линколн"
be-by,mk-mk,"Абстракцыя","Апстракција"
be-by,mk-mk,"Абшар","Простор"
be-by,mk-mk,"Агіяграфія","Хагиографија"
be-by,mk-mk,"Аддыхаць","Дишење"
be-by,mk-mk,"Адмена","Промена"
be-by,mk-mk,"Адмоўе","Негација"
be-by,mk-mk,"Адміністрацыйна-тэрытарыяльны падзел Італіі","Италијански региони"
be-by,mk-mk,"Адукацыя","Образование"
be-by,mk-mk,"Адэназінтрыфосфарная кіслата","Аденозин трифосфат"
be-by,mk-mk,"Азербайджан","Азербејџан"
be-by,mk-mk,"Азот","Азот"
be-by,mk-mk,"Азэрбайджан","Азербејџан"
be-by,mk-mk,"Азія","Азија"
be-by,mk-mk,"Аксіёма","Аксиома"
be-by,mk-mk,"Актор","Актер"
be-by,mk-mk,"Акцыя","Акција"
be-by,mk-mk,"Акіян","Океан"
be-by,mk-mk,"Албанія","Албанија"
be-by,mk-mk,"Алгарытм","Алгоритам"
be-by,mk-mk,"Алена дэ Бурбон",Хелена
be-by,mk-mk,"Алжыр","Алжир"
be-by,mk-mk,"Алкогал","Алкохол"
be-by,mk-mk,"Алмаз","Дијамант"
be-by,mk-mk,"Альбанія","Албанија"
be-by,mk-mk,"Альберт Эйнштэйн","Алберт Ајнштајн"
be-by,mk-mk,"Альбэрт Айнштайн","Алберт Ајнштајн"
be-by,mk-mk,"Алюміній","Алуминиум"
be-by,mk-mk,"Аляксандар Эйфэль","Густав Ајфел"
be-by,mk-mk,"Аляксандр I, папа рымскі","Александар I"
be-by,mk-mk,"Аляксандр I, імператар расійскі","Александар I"
be-by,mk-mk,"Аляксандр Ягелончык","Александар"
be-by,mk-mk,"Аман","Оман"
be-by,mk-mk,"Амерыка","Америка"
be-by,mk-mk,"Амэрыканскі даляр","Американски долар"
be-by,mk-mk,"Аналітычная хімія","Аналитичка хемија"
be-by,mk-mk,"Анархизм","Анархизам"
be-by,mk-mk,"Анатомія","Анатомија"
be-by,mk-mk,"Ангелшчына","Англија"
be-by,mk-mk,"Ангельская мова","Англиски јазик"
be-by,mk-mk,"Ангельская","Македонски"
be-by,mk-mk,"Англійская кухня","Британска кујна"
be-by,mk-mk,"Англійская мова","Англиски јазик"
be-by,mk-mk,"Андора ля Вэлья","Андора"
be-by,mk-mk,"Андора","Андора"
be-by,mk-mk,"Анды","Анди"
be-by,mk-mk,"Анна Комніна","Ана Комнен"
be-by,mk-mk,"Антрапаніміка","Антропоним"
be-by,mk-mk,"Анімізм","Анимизам"
be-by,mk-mk,"Апавяданне","Расказ"
be-by,mk-mk,"Апельсін","Орање"
be-by,mk-mk,"Аперацыйная сістэма","Оперативен систем"
be-by,mk-mk,"Апэрацыйная сыстэма","Оперативен систем"
be-by,mk-mk,"Арган","Орган"
be-by,mk-mk,"Арганы","Орган"
be-by,mk-mk,"Арганізацыя Аб'яднаных Нацый","Обединети Нации"
be-by,mk-mk,"Арганізацыя Паўночнаатлантычнага дагавора","НАТО"
be-by,mk-mk,"Арганізацыя краін, экспартуючых нафту","Организација на земји извознички на нафта"
be-by,mk-mk,"Аргентына","Аргентина"
be-by,mk-mk,"Аргенціна","Аргентина"
be-by,mk-mk,"Аргон","Аргон"
be-by,mk-mk,"Арктычны акіян","Северен Леден Океан"
be-by,mk-mk,"Арменія","Ерменија"
be-by,mk-mk,"Армэнія","Ерменија"
be-by,mk-mk,"Армія Краёва","Армија Крајова"
be-by,mk-mk,"Арфаграфія","Правопис"
be-by,mk-mk,"Археалёгія","Археологија"
be-by,mk-mk,"Арыстоцель","Аристотел"
be-by,mk-mk,"Арэхі","Клеточно јадро"
be-by,mk-mk,"Асвета","Образование"
be-by,mk-mk,"Асманская імперыя","Отоманска Империја"
be-by,mk-mk,"Асманская імпэрыя","Отоманска Империја"
be-by,mk-mk,"Аснова","База"
be-by,mk-mk,"Астраномія","Астрономија"
be-by,mk-mk,"Астрафізіка","Астрофизика"
be-by,mk-mk,"Астэроід","Астероид"
be-by,mk-mk,"Асяроддзе","Среда"
be-by,mk-mk,"Атам","Атом"
be-by,mk-mk,"Атамная маса","Атомска маса"
be-by,mk-mk,"Атлантычны акіян","Атлантски Океан"
be-by,mk-mk,"Атлянтычны акіян","Атлантски Океан"
be-by,mk-mk,"Атмасфера Зямлі","Атмосфера"
be-by,mk-mk,"Атэны","Атина"
be-by,mk-mk,"Атэізм","Атеизам"
be-by,mk-mk,"Ауторак","Вторник"
be-by,mk-mk,"Афганістан","Авганистан"
be-by,mk-mk,"Афрыка","Африка"
be-by,mk-mk,"Афіцыйная мова","Официјален јазик"
be-by,mk-mk,"Аўганістан","Авганистан"
be-by,mk-mk,"Аўстралія","Австралија"
be-by,mk-mk,"Аўстрыя","Австрија"
be-by,mk-mk,"Аўторак","Вторник"
be-by,mk-mk,"Бiно","Вино"
be-by,mk-mk,"Бабск","Бабск"
be-by,mk-mk,"Багародзіца","Богородица Марија"
be-by,mk-mk,"Бадыль","Стебло"
be-by,mk-mk,"Баку","Баку"
be-by,mk-mk,"Балгарыя","Бугарија"
be-by,mk-mk,"Балканская паўвыспа","Балкански Полуостров"
be-by,mk-mk,"Балканскія войны","Балкански војни"
be-by,mk-mk,"Балтыйскае мора","Балтичко Море"
be-by,mk-mk,"Бальцана","Боцен"
be-by,mk-mk,"Баляса","Балустер"
be-by,mk-mk,"Балівія","Боливија"
be-by,mk-mk,"Бангладэш","Бангладеш"
be-by,mk-mk,"Банкок","Бангкок"
be-by,mk-mk,"Барсэлёна","Барселона"
be-by,mk-mk,"Батаніка","Ботаника"
be-by,mk-mk,"Бахрэйн","Бахрaин"
be-by,mk-mk,"Баўгарыя","Бугарија"
be-by,mk-mk,"Беларускi","Белоруски јазик"
be-by,mk-mk,"Беларуская Савецкая Сацыялістычная Рэспубліка","Белоруска ССР"
be-by,mk-mk,"Беларуская мова","Белоруски јазик"
be-by,mk-mk,"Беларуская","Македонски"
be-by,mk-mk,"Беларусы","Белоруси"
be-by,mk-mk,"Беларусь","Белорусија"
be-by,mk-mk,"Белы","Бела боја"
be-by,mk-mk,"Бельгія","Белгија"
be-by,mk-mk,"Беліз","Белизе"
be-by,mk-mk,"Бенедыкт XVI, папа рымскі","Папа Бенедикт XVI"
be-by,mk-mk,"Берлін","Берлин"
be-by,mk-mk,"Берылій","Берилиум"
be-by,mk-mk,"Блоґ","Блог"
be-by,mk-mk,"Блэр, Тоні","Тони Блер"
be-by,mk-mk,"Блізкі Ўсход","Близок Исток"
be-by,mk-mk,"Бог","Бог"
be-by,mk-mk,"Боже, Царя храни","Боже чувај го царот"
be-by,mk-mk,"Бор","Бор"
be-by,mk-mk,"Бор, хімічны элемент","Бор"
be-by,mk-mk,"Боснія і Герцагавіна","Босна и Херцеговина"
be-by,mk-mk,"Босьнія і Герцагавіна","Босна и Херцеговина"
be-by,mk-mk,"Бразілія","Бразил"
be-by,mk-mk,"Браты РАЙТ","Браќа Рајт"
be-by,mk-mk,"Браты Райт","Браќа Рајт"
be-by,mk-mk,"Бром","Бром"
be-by,mk-mk,"Брусэль","Брисел"
be-by,mk-mk,"Брынза","Бело сирење"
be-by,mk-mk,"Брытанскі фунт","Британска Фунта"
be-by,mk-mk,"Брэсцкая вобласць","Брест"
be-by,mk-mk,"Будапэшт","Будимпешта"
be-by,mk-mk,"Будова","Градбa"
be-by,mk-mk,"Будоўля","Градежништво"
be-by,mk-mk,"Будынак","Градбa"
be-by,mk-mk,"Бурштын","Бршлен"
be-by,mk-mk,"Бык","Бик"
be-by,mk-mk,"Бэнэдыкт XVI","Папа Бенедикт XVI"
be-by,mk-mk,"Бэрлін","Берлин"
be-by,mk-mk,"Бэрлінскі кангрэс","Берлински конгрес"
be-by,mk-mk,"Бясхвостыя","Жаба"
be-by,mk-mk,"Біблія","Библија"
be-by,mk-mk,"Бізантыйская імпэрыя","Византија"
be-by,mk-mk,"Біржа","Берза"
be-by,mk-mk,"Бірманская котка","Мијанмар"
be-by,mk-mk,"Біяграфія","Биографија"
be-by,mk-mk,"Біялёгія","Биологија"
be-by,mk-mk,"В'етнам","Виетнам"
be-by,mk-mk,"Вага",Тежина
be-by,mk-mk,"Вагацца","Карпа"
be-by,mk-mk,"Вада","Вода"
be-by,mk-mk,"Вадарод","Водород"
be-by,mk-mk,"Вадкасць","Течност"
be-by,mk-mk,"Вадкасьць","Течност"
be-by,mk-mk,"Вадкасьць","Флуид"
be-by,mk-mk,"Вайката","Ваикато"
be-by,mk-mk,"Валгаградская вобласць","Волгоградска област"
be-by,mk-mk,"Валюта","Валута"
be-by,mk-mk,"Вантроба","Црн дроб"
be-by,mk-mk,"Вануату","Вануату"
be-by,mk-mk,"Варта","Пост"
be-by,mk-mk,"Варшава","Варшава"
be-by,mk-mk,"Васілій II","Василиј II Македонецот"
be-by,mk-mk,"Ватыкан","Ватикан"
be-by,mk-mk,"Вашынгтон","Вашингтон"
be-by,mk-mk,"Веда","Знаење"
be-by,mk-mk,"Веды","Знаење"
be-by,mk-mk,"Венгрыя","Унгарија"
be-by,mk-mk,"Венера","Венера"
be-by,mk-mk,"Венесуэла","Венецуела"
be-by,mk-mk,"Верасень","24 септември"
be-by,mk-mk,"Верш","Поезија"
be-by,mk-mk,"Верш","Стих"
be-by,mk-mk,"Ветравей","Ветер"
be-by,mk-mk,"Вецер","Ветер"
be-by,mk-mk,"Воблак","Облак"
be-by,mk-mk,"Водгулле","Ехо"
be-by,mk-mk,"Возера Таупа","Таупо"
be-by,mk-mk,"Возера","Езеро"
be-by,mk-mk,"Вока","Око"
be-by,mk-mk,"Восень","Есен"
be-by,mk-mk,"Востраў Мэн","Мејн"
be-by,mk-mk,"Востраў","Остров"
be-by,mk-mk,"Вугал","Јаглен"
be-by,mk-mk,"Вугал","Јаглерод"
be-by,mk-mk,"Вугаль","Јаглен"
be-by,mk-mk,"Вуглярод","Јаглерод"
be-by,mk-mk,"Вугоршчына","Унгарија"
be-by,mk-mk,"Вулкан","Вулкан"
be-by,mk-mk,"Выбары","Избори"
be-by,mk-mk,"Выгляд","Воздух"
be-by,mk-mk,"Выдма","Дина"
be-by,mk-mk,"Выканаўчая ўлада","Извршна власт"
be-by,mk-mk,"Выраб",Член
be-by,mk-mk,"Выспа","Остров"
be-by,mk-mk,"Вялiкдзень","Велигден"
be-by,mk-mk,"Вялікабрытанія","Обединетото Кралство"
be-by,mk-mk,"Вялікая Айчынная вайна","Операција Барбароса"
be-by,mk-mk,"Вялікдзень","Велигден"
be-by,mk-mk,"Вялікі бар'ерны рыф","Голем корален гребен"
be-by,mk-mk,"Вярба","Врба"
be-by,mk-mk,"Вясёлы","Геј маж"
be-by,mk-mk,"Вёска Кураў","Куров"
be-by,mk-mk,"Вёска",Село
be-by,mk-mk,"Віетнам","Виетнам"
be-by,mk-mk,"Віктар Юшчанка","Виктор Јушченко"
be-by,mk-mk,"Вікторыя","Езеро Викторија"
be-by,mk-mk,"Вікінгі","Викинзи"
be-by,mk-mk,"Вікіпедыя","Википедија"
be-by,mk-mk,"Вікіпэдыя","Википедија"
be-by,mk-mk,"Вільля-Клара","Вила Клара"
be-by,mk-mk,"Вільня","Вилнус"
be-by,mk-mk,"Вінцэнт ван Гог","Винсент ван Гог"
be-by,mk-mk,"Габрыэль Гарсія Маркес","Габриел Гарсија Маркес"
be-by,mk-mk,"Гавана",Хавана
be-by,mk-mk,"Гад","Влечуги"
be-by,mk-mk,"Газ","Гас"
be-by,mk-mk,"Галакост","Холокауст"
be-by,mk-mk,"Галоўная старонка","Почетна страна"
be-by,mk-mk,"Галубцы","Сарма"
be-by,mk-mk,"Галілеа Галілей","Галилео Галилеј"
be-by,mk-mk,"Гана","Гана"
be-by,mk-mk,"Гандал","Трговија"
be-by,mk-mk,"Гандаль","Трговија"
be-by,mk-mk,"Гандляваць","Трговија"
be-by,mk-mk,"Гандурас","Хондурас"
be-by,mk-mk,"Гара Кіліманджара","Килиманџаро"
be-by,mk-mk,"Гара Чагары","К2"
be-by,mk-mk,"Гара","Планина"
be-by,mk-mk,"Гарбата","Чај"
be-by,mk-mk,"Гарэлка","Виена"
be-by,mk-mk,"Гаіці","Хаити"
be-by,mk-mk,"Геаграфічныя каардынаты","Географски координатен систем"
be-by,mk-mk,"Геаграфія","Географија"
be-by,mk-mk,"Гелій","Хелиум"
be-by,mk-mk,"Геральдыка","Хералдика"
be-by,mk-mk,"Герб","Грб"
be-by,mk-mk,"Германскія мовы","Германски јазици"
be-by,mk-mk,"Германія","Германија"
be-by,mk-mk,"Гзымс","Корниз"
be-by,mk-mk,"Глаголіца","Глаголица"
be-by,mk-mk,"Глеба","Почва"
be-by,mk-mk,"Глюкоза","Глукоза"
be-by,mk-mk,"Горад Ісламабад","Исламабад"
be-by,mk-mk,"Горад Амстэрдам","Амстердам"
be-by,mk-mk,"Горад Баку","Баку"
be-by,mk-mk,"Горад Берлін","Берлин"
be-by,mk-mk,"Горад Братыслава","Братислава"
be-by,mk-mk,"Горад Брэст","Брест"
be-by,mk-mk,"Горад Варшава","Варшава"
be-by,mk-mk,"Горад Вашынгтон","Вашингтон"
be-by,mk-mk,"Горад Вена","Виена"
be-by,mk-mk,"Горад Вільнюс","Вилнус"
be-by,mk-mk,"Горад Каломна","Коломна"
be-by,mk-mk,"Горад Калькута","Калкута"
be-by,mk-mk,"Горад Каракас","Каракас"
be-by,mk-mk,"Горад Курыціба","Куритиба"
be-by,mk-mk,"Горад Кіеў","Киев"
be-by,mk-mk,"Горад Ломе","Ломе"
be-by,mk-mk,"Горад Львоў","Лвивска област"
be-by,mk-mk,"Горад Мадрыд","Мадрид"
be-by,mk-mk,"Горад Мале","Шах"
be-by,mk-mk,"Горад Манака","Монако"
be-by,mk-mk,"Горад Масква","Москва"
be-by,mk-mk,"Горад Нова-Места","Ново место"
be-by,mk-mk,"Горад Нью-Йорк","Њујорк Сити"
be-by,mk-mk,"Горад Парыж","Париз"
be-by,mk-mk,"Горад Пекін","Пекинг"
be-by,mk-mk,"Горад Пермь","Перм"
be-by,mk-mk,"Горад Прага","Прага"
be-by,mk-mk,"Горад Рыга","Рига"
be-by,mk-mk,"Горад Рым","Рим"
be-by,mk-mk,"Горад Сан-Марына","Сан Марино"
be-by,mk-mk,"Горад Санкт-Пецярбург","Санкт-Петербург"
be-by,mk-mk,"Горад Сент-Пітэрсберг","Санкт-Петербург"
be-by,mk-mk,"Горад Сукрэ","Шеќер"
be-by,mk-mk,"Горад Таронта","Торонто"
be-by,mk-mk,"Горад Ульянаўск","Улјановск"
be-by,mk-mk,"Горад","Град"
be-by,mk-mk,"Гранат","Гренада"
be-by,mk-mk,"Гранма","Гранма"
be-by,mk-mk,"Гросглокнер","Гросглокнер"
be-by,mk-mk,"Грошы","Пари"
be-by,mk-mk,"Грузія","Грузија"
be-by,mk-mk,"Грыб","Габа"
be-by,mk-mk,"Грыгарыянскі каляндар","Грегоријански календар"
be-by,mk-mk,"Грэгарыянскі каляндар","Грегоријански календар"
be-by,mk-mk,"Грэнландыя","Гренланд"
be-by,mk-mk,"Грэцкая мова","Грчки јазик"
be-by,mk-mk,"Грэцыя","Грција"
be-by,mk-mk,"Гуантанама","Гвантанамо"
be-by,mk-mk,"Гук","Звук"
be-by,mk-mk,"Гулня","Дивеч"
be-by,mk-mk,"Гулня","Драма"
be-by,mk-mk,"Гулня","Игри"
be-by,mk-mk,"Гульня","Игри"
be-by,mk-mk,"Гуляць","Драма"
be-by,mk-mk,"Гімалаі",Хималаи
be-by,mk-mk,"Гімн Расійскай імперыі","Боже чувај го царот!"
be-by,mk-mk,"Гісторыя Кітая","Кинески династии"
be-by,mk-mk,"Гісторыя Старажытнага Егіпта","Стар Египет"
be-by,mk-mk,"Гісторыя","Историја"
be-by,mk-mk,"Гітара","Гитара"
be-by,mk-mk,"Гішпанская мова","Шпански јазик"
be-by,mk-mk,"Гішпанская","Шпански јазик"
be-by,mk-mk,"Гішпанія","Шпанија"
be-by,mk-mk,"Даглядчык","Тот"
be-by,mk-mk,"Далонь","Дланка"
be-by,mk-mk,"Далёкі Усход","Далекуисточен федерален округ"
be-by,mk-mk,"Даныя","Податок"
be-by,mk-mk,"Данія","Данска"
be-by,mk-mk,"Дарога","Пат"
be-by,mk-mk,"Дацкая мова","Дански јазик"
be-by,mk-mk,"Денес Над Македонија","Денес над Македонија"
be-by,mk-mk,"Джавані Бакачча","Џовани Бокачо"
be-by,mk-mk,"Джон Рональд Руэл Толкін","Џ.Р.Р. Толкин"
be-by,mk-mk,"Джордж Вашынгтон","Џорџ Вашингтон"
be-by,mk-mk,"Джорджыя","Џорџија"
be-by,mk-mk,"Джыга","Гига"
be-by,mk-mk,"Джым Морысан","Џим Морисон"
be-by,mk-mk,"Дзева","Девица"
be-by,mk-mk,"Дзень Сьвятога Духа","Педесетница"
be-by,mk-mk,"Дзень","Ден"
be-by,mk-mk,"Дзічына","Дивеч"
be-by,mk-mk,"Дождж","Дожд"
be-by,mk-mk,"Дол","Земја"
be-by,mk-mk,"Дом","Градбa"
be-by,mk-mk,"Драма","Драма"
be-by,mk-mk,"Другая сусветная вайна","Втора Светска војна"
be-by,mk-mk,"Дрэва","Дрво"
be-by,mk-mk,"Дулебы","Дулеби"
be-by,mk-mk,"Думка","Идеја"
be-by,mk-mk,"Думка","Мисла"
be-by,mk-mk,"Дунай","Дунав"
be-by,mk-mk,"Дэмакратычная Рэспубліка Конга","Демократска Република Конго"
be-by,mk-mk,"Дэмакратычная Рэспубліка Конґа","Конго, Демократска Република"
be-by,mk-mk,"Дябал","Ѓавол"
be-by,mk-mk,"Егіпет","Египет"
be-by,mk-mk,"Ежа","Храна"
be-by,mk-mk,"Езус Хрыстус","Исус Христос"
be-by,mk-mk,"Елізавета ІІ, каралева Вялікабрытаніі","Елизабета II"
be-by,mk-mk,"Емэн","Јемен"
be-by,mk-mk,"Ена","Јен"
be-by,mk-mk,"Ерузаль","Јерузаљ"
be-by,mk-mk,"Ерэван","Ереван"
be-by,mk-mk,"Еўра","Евро"
be-by,mk-mk,"Еўрапейскі Саюз","Европска Унија"
be-by,mk-mk,"Еўропа","Европа"
be-by,mk-mk,"Жаба","Жаба"
be-by,mk-mk,"Жалеза","Железо"
be-by,mk-mk,"Жалезны","Железо"
be-by,mk-mk,"Жалудок","Желудник"
be-by,mk-mk,"Жан Анарэ Фраганар","Жан-Оноре Фрагонард"
be-by,mk-mk,"Жывёла","Животни"
be-by,mk-mk,"Жыла","Вена"
be-by,mk-mk,"Жыхарства","Население"
be-by,mk-mk,"Жыццё","Живот"
be-by,mk-mk,"Жыцьцё","Живот"
be-by,mk-mk,"ЗША","Соединети Американски Држави"
be-by,mk-mk,"Забаўка","Игри"
be-by,mk-mk,"Забруджваць","Почва"
be-by,mk-mk,"Загрэб","Загреб"
be-by,mk-mk,"Заканадаўчая ўлада","Законодавна власт"
be-by,mk-mk,"Закон","Право"
be-by,mk-mk,"Законадаўства","Законодавна власт"
be-by,mk-mk,"Законатворчая","Законодавна власт"
be-by,mk-mk,"Закот","Фронтон"
be-by,mk-mk,"Залобак","Фронтон"
be-by,mk-mk,"Заўжды","Секогаш"
be-by,mk-mk,"Заўсёды","Секогаш"
be-by,mk-mk,"Збожжа","Леб"
be-by,mk-mk,"Зброя","Грб"
be-by,mk-mk,"Здароўе","Здравје"
be-by,mk-mk,"Здрада","Велепредавство"
be-by,mk-mk,"Землятрус","Земјотрес"
be-by,mk-mk,"Землі Аўстрыі","Сојузни покраини во Германија"
be-by,mk-mk,"Злучаныя Штаты Амерыкі","Соединети Американски Држави"
be-by,mk-mk,"Злучаныя Штаты Амэрыкі","Соединети Американски Држави"
be-by,mk-mk,"Змушаць",Сила
be-by,mk-mk,"Зняверца",Човек
be-by,mk-mk,"Золата","Злато"
be-by,mk-mk,"Зорка","Ѕвезда"
be-by,mk-mk,"Зуб","Заб"
be-by,mk-mk,"Зьвер","Животни"
be-by,mk-mk,"Зьмена","Промена"
be-by,mk-mk,"Зьмяняць","Промена"
be-by,mk-mk,"Зялеза","Железо"
be-by,mk-mk,"Зялёны","Зелена боја"
be-by,mk-mk,"Зямля","Земја"
be-by,mk-mk,"Индия","Индија"
be-by,mk-mk,"Кава","Кафе"
be-by,mk-mk,"Кажурына","Крзно"
be-by,mk-mk,"Казахстан","Казахстан"
be-by,mk-mk,"Калатоўка","Членестостеблени растенија"
be-by,mk-mk,"Калумбія","Колумбија"
be-by,mk-mk,"Каляндар","Историски годишнини"
be-by,mk-mk,"Калій","Калиум"
be-by,mk-mk,"Каменны век","Камено доба"
be-by,mk-mk,"Камень","Апостол Петар"
be-by,mk-mk,"Камета","Комета"
be-by,mk-mk,"Кампутар","Компјутер"
be-by,mk-mk,"Камунізм","Комунизам"
be-by,mk-mk,"Канада","Канада"
be-by,mk-mk,"Канскаволя","Коњсковола"
be-by,mk-mk,"Канстытуцыя","Устав"
be-by,mk-mk,"Кантынэнт","Континент"
be-by,mk-mk,"Канфуцый","Конфучиј"
be-by,mk-mk,"Капітал","Капитал"
be-by,mk-mk,"Каралева",Queen
be-by,mk-mk,"Карпаты","Карпати"
be-by,mk-mk,"Карыбскае мора","Карипско Море"
be-by,mk-mk,"Карысьць","Профит"
be-by,mk-mk,"Кастрамская вобласць","Костромска област"
be-by,mk-mk,"Касьцёл","Црква"
be-by,mk-mk,"Каханне","Љубов"
be-by,mk-mk,"Каханьне","Љубов"
be-by,mk-mk,"Кахаць","Љубов"
be-by,mk-mk,"Квадратны кіламетр","Квадратен километар"
be-by,mk-mk,"Квадратны кілямэтар","Квадратен километар"
be-by,mk-mk,"Квадратны","Квадрат"
be-by,mk-mk,"Квас","Киселина"
be-by,mk-mk,"Квет","Цвет"
be-by,mk-mk,"Кветка","Цвет"
be-by,mk-mk,"Клас","Општествена класа"
be-by,mk-mk,"Клець","Поткровје"
be-by,mk-mk,"Клод Манэ","Клод Моне"
be-by,mk-mk,"Ключ","Клуч"
be-by,mk-mk,"Клявіятура","Тастатура"
be-by,mk-mk,"Клімат","Клима"
be-by,mk-mk,"Кобальт","Кобалт"
be-by,mk-mk,"Кола","Кола"
be-by,mk-mk,"Колькасць","Количество"
be-by,mk-mk,"Конь","Коњ"
be-by,mk-mk,"Корань","Корен"
be-by,mk-mk,"Корч","Апостол Лука"
be-by,mk-mk,"Костка","Коска"
be-by,mk-mk,"Косьць","Коска"
be-by,mk-mk,"Кот д'Івуар","Брег на Слоновата Коска"
be-by,mk-mk,"Кофі Анан","Кофи Анан"
be-by,mk-mk,"Коўна","Каунас"
be-by,mk-mk,"Кра?на","Земја"
be-by,mk-mk,"Краiна","Пат"
be-by,mk-mk,"Край","Земја"
be-by,mk-mk,"Красавік","Април"
be-by,mk-mk,"Краска","Цвет"
be-by,mk-mk,"Краіна","Земја"
be-by,mk-mk,"Краіны паводле алфавіту","Листа на земјите во светот"
be-by,mk-mk,"Кровазварот","Циркулаторен систем"
be-by,mk-mk,"Кроу","Крв"
be-by,mk-mk,"Кроў","Крв"
be-by,mk-mk,"Крыж","Крст"
be-by,mk-mk,"Крыжовыя паходы","Крстоносни војни"
be-by,mk-mk,"Крыштал","Кристал"
be-by,mk-mk,"Крэмніевая даліна","Силициумска долина"
be-by,mk-mk,"Крэмній","Силициум"
be-by,mk-mk,"Куба","Куба"
be-by,mk-mk,"Культура","Култура"
be-by,mk-mk,"Кулінарыя","Готвење"
be-by,mk-mk,"Кураў","Куров"
be-by,mk-mk,"Кут","Агол"
be-by,mk-mk,"Кыргызстан","Киргистан"
be-by,mk-mk,"Кіеў","Киев"
be-by,mk-mk,"Кіеўская вобласць","Киев"
be-by,mk-mk,"Кілямэтар","Километар"
be-by,mk-mk,"Кіпр","Кипар"
be-by,mk-mk,"Кірыліца","Кирилица"
be-by,mk-mk,"Кісларод","Кислород"
be-by,mk-mk,"Кітай","Народна Република Кина"
be-by,mk-mk,"Лiст","Лист"
be-by,mk-mk,"Лад","Систем"
be-by,mk-mk,"Лас-Вегас","Лас Вегас"
be-by,mk-mk,"Латвія","Латвија"
be-by,mk-mk,"Лаціна","Латински јазик"
be-by,mk-mk,"Лацінская Амерыка","Латинска Америка"
be-by,mk-mk,"Лацінская мова","Латински јазик"
be-by,mk-mk,"Лацінскі альфабэт","Латиница"
be-by,mk-mk,"Лево","Левица"
be-by,mk-mk,"Легенда","Легенда"
be-by,mk-mk,"Ленінградская вобласць","Ленинградска област"
be-by,mk-mk,"Лета","Лето"
be-by,mk-mk,"Летува","Литванија"
be-by,mk-mk,"Летувіскі літ","Литиум"
be-by,mk-mk,"Леу","Лав"
be-by,mk-mk,"Леў Талстой","Лав Николаевич Толстој"
be-by,mk-mk,"Леў","Лав"
be-by,mk-mk,"Лос-Анджэлес","Лос Анџелес"
be-by,mk-mk,"Любасць","Љубов"
be-by,mk-mk,"Любляна","Љубљана"
be-by,mk-mk,"Людвіг ван Бетховен","Лудвиг ван Бетовен"
be-by,mk-mk,"Люксембург","Луксембург"
be-by,mk-mk,"Люксэмбург","Луксембург"
be-by,mk-mk,"Люоў","Љубов"
be-by,mk-mk,"Люты","Февруари"
be-by,mk-mk,"Лёгкае","Бел дроб"
be-by,mk-mk,"Лібэралізм","Либерализам"
be-by,mk-mk,"Лівія","Либија"
be-by,mk-mk,"Лік","Број"
be-by,mk-mk,"Лінус Торвальдс","Линус Торвалдс"
be-by,mk-mk,"Літва","Литванија"
be-by,mk-mk,"Літоўская мова","Литвански јазик"
be-by,mk-mk,"Літоўская","Литвански јазик"
be-by,mk-mk,"Літый","Литиум"
be-by,mk-mk,"Ліхтэнштайн","Лихтенштајн"
be-by,mk-mk,"Ліхтэнштэйн","Лихтенштајн"
be-by,mk-mk,"М'янма","Мијанмар"
be-by,mk-mk,"Магній","Магнезиум"
be-by,mk-mk,"Магчымае/ПЛ Кьодан","ПЛ Кјодан"
be-by,mk-mk,"Мадрыд","Мадрид"
be-by,mk-mk,"Македонская мова","Македонски јазик"
be-by,mk-mk,"Македонія","Република Македонија"
be-by,mk-mk,"Малако","Млеко"
be-by,mk-mk,"Малдовa","Молдавија"
be-by,mk-mk,"Малдова","Молдавија"
be-by,mk-mk,"Мальдывы","Малдиви"
be-by,mk-mk,"Мальдыўскія выспы","Малдиви"
be-by,mk-mk,"Мальта","Малта"
be-by,mk-mk,"Манета","Монета"
be-by,mk-mk,"Маоры","Маорски јазик"
be-by,mk-mk,"Марганец","Манган"
be-by,mk-mk,"Маркетынг","Маркетинг"
be-by,mk-mk,"Марыя Шэрыфавіч","Марија Шерифовиќ"
be-by,mk-mk,"Масква","Москва"
be-by,mk-mk,"Маскоўская вобласць","Московска област"
be-by,mk-mk,"Мастацтва","Уметност"
be-by,mk-mk,"Матансас","Матанзас"
be-by,mk-mk,"Матерыя","Материја"
be-by,mk-mk,"Матерыя","Супстанција"
be-by,mk-mk,"Матэматыка","Математика"
be-by,mk-mk,"Матэматычная логіка","Математичка логика"
be-by,mk-mk,"Матэрыя","Материја"
be-by,mk-mk,"Мацуа Басё","Мацуо Башо"
be-by,mk-mk,"Машына Т'юрынга","Тјурингова машина"
be-by,mk-mk,"Медзь","Бакар"
be-by,mk-mk,"Места","Град"
be-by,mk-mk,"Месяц","Месечина"
be-by,mk-mk,"Метад","Научен метод"
be-by,mk-mk,"Метамарфічныя горныя пароды","Метаморфна карпа"
be-by,mk-mk,"Метэарыт","Точка на измама"
be-by,mk-mk,"Мех","Крзно"
be-by,mk-mk,"Мешань","Смеса"
be-by,mk-mk,"Мова праграмавання C",C
be-by,mk-mk,"Мова","Јазик"
be-by,mk-mk,"Мовазнаўства","Лингвистика"
be-by,mk-mk,"Моль","Мол"
be-by,mk-mk,"Мора","Море"
be-by,mk-mk,"Мостар","Мостар"
be-by,mk-mk,"Моц",Сила
be-by,mk-mk,"Мошаўцы","Мошовце"
be-by,mk-mk,"Мошаўцэ","Мошовце"
be-by,mk-mk,"Мытня","Царина"
be-by,mk-mk,"Мыш","Глушец"
be-by,mk-mk,"Мэбля","Мебел"
be-by,mk-mk,"Мэксыка","Мексико"
be-by,mk-mk,"Мэтал","Метал"
be-by,mk-mk,"Мэталь","Метал"
be-by,mk-mk,"Мэталёвы","Метал"
be-by,mk-mk,"Мядзьведзь","Мечка"
be-by,mk-mk,"Мёртвае мора","Мртво Mоре"
be-by,mk-mk,"Мігдалы","Бадем"
be-by,mk-mk,"Мігель Сэрвантэс","Мигел де Сервантес"
be-by,mk-mk,"Міжземнае мора","Средоземно Море"
be-by,mk-mk,"Міжнародны валютны фонд","Меѓународен Монетарен Фонд"
be-by,mk-mk,"Мікеланджэла Буанароцці","Микеланџело Буонароти"
be-by,mk-mk,"Мінерал","Минерал"
be-by,mk-mk,"НЯМЕЧЧЫНА","Германија"
be-by,mk-mk,"Навука","Наука"
be-by,mk-mk,"Навуковец",Човек
be-by,mk-mk,"Навухаданосар ІІ","Навуходонозор"
be-by,mk-mk,"Навэла","Расказ"
be-by,mk-mk,"Нага","Стапка"
be-by,mk-mk,"Назва","Имe"
be-by,mk-mk,"Назваць","Имe"
be-by,mk-mk,"Назоў","Имe"
be-by,mk-mk,"Называць","Имe"
be-by,mk-mk,"Намер","Проект"
be-by,mk-mk,"Намібія","Намибија"
be-by,mk-mk,"Напалеон I Банапарт","Наполеон Бонапарт"
be-by,mk-mk,"Нарвегія","Норвешка"
be-by,mk-mk,"Народ",Село
be-by,mk-mk,"Насельніцтва","Население"
be-by,mk-mk,"Насельн口цтва","Население"
be-by,mk-mk,"Натрый","Натриум"
be-by,mk-mk,"Нацызм","Нацизам"
be-by,mk-mk,"Незалежнасць","Независност"
be-by,mk-mk,"Неон","Неон"
be-by,mk-mk,"Непал","Непал"
be-by,mk-mk,"Нептун","Нептун"
be-by,mk-mk,"Нептуній","Нептун"
be-by,mk-mk,"Ноам Хомскі","Ноам Чомски"
be-by,mk-mk,"Ноам Чомскі","Ноам Чомски"
be-by,mk-mk,"Нобэлеўская прэмія","Нобелова награда"
be-by,mk-mk,"Новая Зеландыя","Нов Зеланд"
be-by,mk-mk,"Нос","Нос"
be-by,mk-mk,"Ноч","Ноќ"
be-by,mk-mk,"Нью-Ёрк","Њујорк"
be-by,mk-mk,"Нэрв","Нерв"
be-by,mk-mk,"Нядзеля","Недела"
be-by,mk-mk,"Нямецкая мова","Германски јазик"
be-by,mk-mk,"Нямеччына","Германија"
be-by,mk-mk,"Нігерыя","Нигерија"
be-by,mk-mk,"Нідэрландская мова","Холандски јазик"
be-by,mk-mk,"Нідэрланды","Холандија"
be-by,mk-mk,"Нідэрлянды","Холандија"
be-by,mk-mk,"Ніжагародская вобласць","Нижегородска област"
be-by,mk-mk,"Ніжні Ноўгарад","Нижни Новгород"
be-by,mk-mk,"Нільс Бор","Нилс Бор"
be-by,mk-mk,"Ойча наш","Оче наш"
be-by,mk-mk,"Опера","Опера"
be-by,mk-mk,"Орган","Орган"
be-by,mk-mk,"Охрыд","Охрид"
be-by,mk-mk,"Павека","Клепач"
be-by,mk-mk,"Паверхня","Плоштина"
be-by,mk-mk,"Паветра","Воздух"
be-by,mk-mk,"Паводка","Поплава"
be-by,mk-mk,"Паданне","Легенда"
be-by,mk-mk,"Падгорыца","Подгорица"
be-by,mk-mk,"Падмурак","База"
be-by,mk-mk,"Падножка","База"
be-by,mk-mk,"Паднябенне",Свод
be-by,mk-mk,"Падстава","База"
be-by,mk-mk,"Пажытак","Храна"
be-by,mk-mk,"Пакістан","Пакистан"
be-by,mk-mk,"Палазня","Пат"
be-by,mk-mk,"Палестынская аўтаномія","Палестинска самоуправа"
be-by,mk-mk,"Палякі","Полска"
be-by,mk-mk,"Палітыка","Политика"
be-by,mk-mk,"Панамскі канал","Панамски канал"
be-by,mk-mk,"Панна","Девица"
be-by,mk-mk,"Панядзелак","Понеделник"
be-by,mk-mk,"Паняцьце Бога ў політэізьме","Бог"
be-by,mk-mk,"Парад Перамогі","Московска парада на победата 1945"
be-by,mk-mk,"Партугальская мова","Португалски јазик"
be-by,mk-mk,"Парыж","Париз"
be-by,mk-mk,"Пасада","Пост"
be-by,mk-mk,"Пастанова","Дефиниција"
be-by,mk-mk,"Пацалаваць","Бакнеж"
be-by,mk-mk,"Пацалунак","Бакнеж"
be-by,mk-mk,"Пацук","Ландкројцер П. 1000 Стаорец"
be-by,mk-mk,"Пачатковец","Тот"
be-by,mk-mk,"Паша","Пасиште"
be-by,mk-mk,"Паўвострау","Полуостров"
be-by,mk-mk,"Паўвыспа","Полуостров"
be-by,mk-mk,"Паўднёва-Афрыканская Рэспубліка","Јужна Африка"
be-by,mk-mk,"Паўднёвая Амерыка","Јужна Америка"
be-by,mk-mk,"Паўднёвая Амэрыка","Јужна Америка"
be-by,mk-mk,"Паўднёвая Карэя","Јужна Кореја"
be-by,mk-mk,"Паўднёвы полюс","Јужен пол"
be-by,mk-mk,"Паўночная Амерыка","Северна Америка"
be-by,mk-mk,"Паўночны востраў","Северен новозеландски остров"
be-by,mk-mk,"Перапёлка","Препелица"
be-by,mk-mk,"Персанальны камп'ютар","Персонален компјутер"
be-by,mk-mk,"Першая сусветная вайна","Прва Светска војна"
be-by,mk-mk,"Першая сусьветная вайна","Прва Светска војна"
be-by,mk-mk,"Перыядычная сістэма элементаў","Периоден систем на елементите"
be-by,mk-mk,"Планета Венера","Венера"
be-by,mk-mk,"Планета Зямля","Земја"
be-by,mk-mk,"Планета Юпітэр","Јупитер"
be-by,mk-mk,"Планета","Планета"
be-by,mk-mk,"Платон","Платон"
be-by,mk-mk,"Плошча","Плоштина"
be-by,mk-mk,"Плянэта","Планета"
be-by,mk-mk,"Пляц","Квадрат"
be-by,mk-mk,"Пляц","Плоштина"
be-by,mk-mk,"Подых","Дишење"
be-by,mk-mk,"Пол Макартні","Пол Мекартни"
be-by,mk-mk,"Пол","Род"
be-by,mk-mk,"Поле",Село
be-by,mk-mk,"Полшча","Полска"
be-by,mk-mk,"Польская мова","Полски јазик"
be-by,mk-mk,"Польшча","Полска"
be-by,mk-mk,"Попоудня","Попладне"
be-by,mk-mk,"Пост","Пост"
be-by,mk-mk,"Постаць","Реторика"
be-by,mk-mk,"Постаць","Фигури"
be-by,mk-mk,"Поудзень","Попладне"
be-by,mk-mk,"Пошчак","Ехо"
be-by,mk-mk,"Права","Право"
be-by,mk-mk,"Праваслаўе","Православие"
be-by,mk-mk,"Праведная Царква Іісуса","Вистинска црква на Исус"
be-by,mk-mk,"Прадмет",Член
be-by,mk-mk,"Прамысловасць","Индустрија"
be-by,mk-mk,"Прас","Железо"
be-by,mk-mk,"Прастора","Простор"
be-by,mk-mk,"Пратон","Протон"
be-by,mk-mk,"Прафесар","Процесор"
be-by,mk-mk,"Праўда","Вистина"
be-by,mk-mk,"Праўдзівая Царква Ісуса","Вистинска црква на Исус"
be-by,mk-mk,"Проза","Проза"
be-by,mk-mk,"Прыбытак","Профит"
be-by,mk-mk,"Прыгода","Историја"
be-by,mk-mk,"Прыказка","Листа на латински фрази"
be-by,mk-mk,"Прыкмета",Симбол
be-by,mk-mk,"Прымета",Симбол
be-by,mk-mk,"Прымушаць",Сила
be-by,mk-mk,"Прырода","Природа"
be-by,mk-mk,"Прыродазнаўчыя навукі","Природни науки"
be-by,mk-mk,"Прэзыдэнт","Ректор"
be-by,mk-mk,"Птаства","Птици"
be-by,mk-mk,"Птах","Птици"
be-by,mk-mk,"Птух","Птици"
be-by,mk-mk,"Птушка","Птици"
be-by,mk-mk,"Пустыня Сахара","Сахара"
be-by,mk-mk,"Пуэрта-Рыка","Порторико"
be-by,mk-mk,"Пэру","Перу"
be-by,mk-mk,"Пярэчанне","Негација"
be-by,mk-mk,"Пятнiца","Петок"
be-by,mk-mk,"Пятніца","Петок"
be-by,mk-mk,"Пячора","Пештера"
be-by,mk-mk,"Пётр I, імператар расійскі","Петар Велики"
be-by,mk-mk,"Пётр, папа рымскі","Апостол Петар"
be-by,mk-mk,"Пі","Пи"
be-by,mk-mk,"Піва","Пиво"
be-by,mk-mk,"РАСЕЯ","Русија"
be-by,mk-mk,"Радый","Радио"
be-by,mk-mk,"Радыё","Радио"
be-by,mk-mk,"Разуменне","Концепт"
be-by,mk-mk,"Разьба","Вајарство"
be-by,mk-mk,"Рак","Рак"
be-by,mk-mk,"Рака Амазонка","Амазон"
be-by,mk-mk,"Рака Амур","Љубов"
be-by,mk-mk,"Рака Вайката","Ваикато"
be-by,mk-mk,"Рака Волга","Волга"
be-by,mk-mk,"Рака Дунай","Дунав"
be-by,mk-mk,"Рака Еўфрат","Еуфрат"
be-by,mk-mk,"Рака Калумбія","Колумбија"
be-by,mk-mk,"Рака Конга","Република Конго"
be-by,mk-mk,"Рака Місісіпі","Мисисипи"
be-by,mk-mk,"Рака Нігер","Нигер"
be-by,mk-mk,"Рака Ніл","Нил"
be-by,mk-mk,"Рака","Река"
be-by,mk-mk,"Раман","Роман"
be-by,mk-mk,"Раманскія мовы","Романски јазици"
be-by,mk-mk,"Расейская","Македонски"
be-by,mk-mk,"Расейская","Стереотип"
be-by,mk-mk,"Расея","Русија"
be-by,mk-mk,"Расьлiна","Растенија"
be-by,mk-mk,"Расія","Русија"
be-by,mk-mk,"Рог","Коњ"
be-by,mk-mk,"Род","Пол"
be-by,mk-mk,"Род","Род"
be-by,mk-mk,"Род","Сексуалност"
be-by,mk-mk,"Росчын","Раствор"
be-by,mk-mk,"Рот","Усна празнина"
be-by,mk-mk,"Роў","Шанец"
be-by,mk-mk,"Ртуць","Меркур"
be-by,mk-mk,"Руанда","Руанда"
be-by,mk-mk,"Рудольф Дызель","Рудолф Дизел"
be-by,mk-mk,"Румынская мова","Романски јазик"
be-by,mk-mk,"Румынія","Романија"
be-by,mk-mk,"Руская мова","Руски јазик"
be-by,mk-mk,"Рускія","Руси"
be-by,mk-mk,"Рыба","Риби"
be-by,mk-mk,"Рым","Рим"
be-by,mk-mk,"Рымская Імперыя","Римска империја"
be-by,mk-mk,"Рымская імперыя","Римска Империја"
be-by,mk-mk,"Рысь еўрапейская","Евроазиски рис"
be-by,mk-mk,"Рычард Столман","Ричард Сталман"
be-by,mk-mk,"Рыґа","Рига"
be-by,mk-mk,"Рэальнасць","Стварност"
be-by,mk-mk,"Рэгіён","Региони на Англија"
be-by,mk-mk,"Рэлігія","Религија"
be-by,mk-mk,"Рэспублiка","Република"
be-by,mk-mk,"Рэспубліка Кітай","Република Кина"
be-by,mk-mk,"Рэспубліка Македонія","Република Македонија"
be-by,mk-mk,"Рэспубліка","Република"
be-by,mk-mk,"Рэфармацыя","Протестантска реформација"
be-by,mk-mk,"Рэха","Ехо"
be-by,mk-mk,"Рэчыва","Супстанција"
be-by,mk-mk,"СНІД","СИДА"
be-by,mk-mk,"Сакавік","Марс"
be-by,mk-mk,"Сакрат","Сократ"
be-by,mk-mk,"Салата","Зелена салата"
be-by,mk-mk,"Салоны",Соли
be-by,mk-mk,"Сальвадор Альендэ","Салвадор Аљенде"
be-by,mk-mk,"Сальвадор Далі","Салвадор Дали"
be-by,mk-mk,"Самаўрад","Општина"
be-by,mk-mk,"Сан-Дыега","Сан Диего"
be-by,mk-mk,"Сан-Марына","Сан Марино"
be-by,mk-mk,"Санскрыт","Санскрит"
be-by,mk-mk,"Сапраўдная царква Ісуса","Вистинска црква на Исус"
be-by,mk-mk,"Сараева","Сараево"
be-by,mk-mk,"Сарна","Дивокоза"
be-by,mk-mk,"Сафія","Софија"
be-by,mk-mk,"Саюз Савецкіх Сацыялістычных Рэспублік","Сојуз на Советските Социјалистички Републики"
be-by,mk-mk,"Святло","Светлина"
be-by,mk-mk,"Сельская гаспадарка","Земјоделство"
be-by,mk-mk,"Сем пагоркаў Рыма","Седум рида на Рим"
be-by,mk-mk,"Сера","Сулфур"
be-by,mk-mk,"Серада","Среда"
be-by,mk-mk,"Сербія","Србија"
be-by,mk-mk,"Скалістыя горы","Карпести планини"
be-by,mk-mk,"Скандый","Скандиум"
be-by,mk-mk,"Скляпенне",Свод
be-by,mk-mk,"Скрозь","Секогаш"
be-by,mk-mk,"Скура","Кожа"
be-by,mk-mk,"Славакія","Словачка"
be-by,mk-mk,"Славаччына","Словачка"
be-by,mk-mk,"Славенская мова","Словенечки јазик"
be-by,mk-mk,"Славенская","Словенечки јазик"
be-by,mk-mk,"Славенія","Словенија"
be-by,mk-mk,"Славянскія мовы","Словенски јазици"
be-by,mk-mk,"Слонь",Слон
be-by,mk-mk,"Смуга","Мaгла"
be-by,mk-mk,"Соль",Соли
be-by,mk-mk,"Сонечная сістэма","Сончев систем"
be-by,mk-mk,"Сонца","Сонце"
be-by,mk-mk,"Спажыва","Храна"
be-by,mk-mk,"Спажытак","Храна"
be-by,mk-mk,"Спазьненьне","Екот"
be-by,mk-mk,"Спачын","Рекреација"
be-by,mk-mk,"Спачынак","Рекреација"
be-by,mk-mk,"Споведзь","Исповед"
be-by,mk-mk,"Спорт","Спорт"
be-by,mk-mk,"Справа","Материја"
be-by,mk-mk,"Справа","Супстанција"
be-by,mk-mk,"Спіс брытанскіх манархаў","Листа на британски монарси"
be-by,mk-mk,"Сталіца","Главен град"
be-by,mk-mk,"Старажытная Грэцыя","Античка Грција"
be-by,mk-mk,"Старажытны Егіпет","Стар Египет"
be-by,mk-mk,"Старажытны","Антиквитет"
be-by,mk-mk,"Страва","Храна"
be-by,mk-mk,"Страваванне","Варење"
be-by,mk-mk,"Структура","Структура"
be-by,mk-mk,"Студзень","Јануари"
be-by,mk-mk,"Субота","Сабота"
be-by,mk-mk,"Судан","Судан"
be-by,mk-mk,"Сузор'е Авен","Овен"
be-by,mk-mk,"Сузор'е Андрамеда","Андромеда"
be-by,mk-mk,"Сузор'е Блізняты","Близнаци"
be-by,mk-mk,"Сузор'е Вадаліў","Водолија"
be-by,mk-mk,"Сузор'е Воўк","Обичен шакал"
be-by,mk-mk,"Сузор'е Голуб","Април"
be-by,mk-mk,"Сузор'е Дзева","Девица"
be-by,mk-mk,"Сузор'е Казярог","Јарец"
be-by,mk-mk,"Сузор'е Касіяпея","Касиопеја"
be-by,mk-mk,"Сузор'е Крыж","Крст"
be-by,mk-mk,"Сузор'е Кіт","Кит"
be-by,mk-mk,"Сузор'е Леў","Лав"
be-by,mk-mk,"Сузор'е Муха","Москва"
be-by,mk-mk,"Сузор'е Мікраскоп","Светлински микроскоп"
be-by,mk-mk,"Сузор'е Паўлін","Паун"
be-by,mk-mk,"Сузор'е Рак","Рак"
be-by,mk-mk,"Сузор'е Рыбы","Риби"
be-by,mk-mk,"Сузор'е Рысь","Евроазиски рис"
be-by,mk-mk,"Сузор'е Скарпіён","Крал Шкорпија"
be-by,mk-mk,"Сузор'е Скульптар","Вајарство"
be-by,mk-mk,"Сузор'е Стралец","Стрелец"
be-by,mk-mk,"Сузор'е Трыкутнік","Триаголник"
be-by,mk-mk,"Сузор'е Цялец","Тор"
be-by,mk-mk,"Сузор'е Шалі","Вага"
be-by,mk-mk,"Сузор'е Яшчарка","Гуштер"
be-by,mk-mk,"Сумесь","Смеса"
be-by,mk-mk,"Супярэчнасць","Контрадикција"
be-by,mk-mk,"Сусвет","Вселена"
be-by,mk-mk,"Сусветная Гандлёвая Арганізацыя","Светска Трговска Организација"
be-by,mk-mk,"Сусьвет","Вселена"
be-by,mk-mk,"Сусьветны банк","Светска Банка"
be-by,mk-mk,"Сусьветны сабор","Вселенски Собор"
be-by,mk-mk,"Суэцкі канал","Суецки канал"
be-by,mk-mk,"Сцябло","Стебло"
be-by,mk-mk,"Сыбір","Сибир"
be-by,mk-mk,"Сымбол",Симбол
be-by,mk-mk,"Сыцылія","Сицилија"
be-by,mk-mk,"Сьвятая Троіца","Тринидад, Куба"
be-by,mk-mk,"Сьвятло","Светлина"
be-by,mk-mk,"Сьвяты Пётра","Апостол Петар"
be-by,mk-mk,"Сьмешны","Стрип"
be-by,mk-mk,"Сьпірт","Алкохол"
be-by,mk-mk,"Сьпіс краінаў паводле плошчы","Листа на земји по површина"
be-by,mk-mk,"Сьпіс краінаў і тэрыторыяў паводле альфабэта","Листа на земјите во светот"
be-by,mk-mk,"Сьпіс краінаў і тэрыторыяў паводле альфабэту","Листа на земјите во светот"
be-by,mk-mk,"Сьпіс памятных дат","Историски годишнини"
be-by,mk-mk,"Сьпіс рымскіх папаў","Папа"
be-by,mk-mk,"Сэрбская мова","Српски јазик"
be-by,mk-mk,"Сэрбская","Српски јазик"
be-by,mk-mk,"Сэрбія і Чарнагорыя","Србија и Црна Гора"
be-by,mk-mk,"Сэрбія","Србија"
be-by,mk-mk,"Сэрца","Срце"
be-by,mk-mk,"Сякера","Секира"
be-by,mk-mk,"Сяло",Село
be-by,mk-mk,"Сібір","Сибир"
be-by,mk-mk,"Сіла",Сила
be-by,mk-mk,"Тавар",Член
be-by,mk-mk,"Таджыкістан","Таџикистан"
be-by,mk-mk,"Тайвань","Република Кина"
be-by,mk-mk,"Танганьіка","Тангањика"
be-by,mk-mk,"Татарстан","Татарстан"
be-by,mk-mk,"Таўматавакатангіангакаававатаматэатурыпукакапікімаўнгахаранукупакаівенуакітанатах","Тетауматафакатангихангакоауаотаматеаурехаеатурипукапихимаунгахоронукупокаифенуаакитанараху"
be-by,mk-mk,"Томас Эдысан","Томас Алва Едисон"
be-by,mk-mk,"Торый","Пруга"
be-by,mk-mk,"Транс","Транс музика"
be-by,mk-mk,"Тратуар","Тротоар"
be-by,mk-mk,"Тройца","Педесетница"
be-by,mk-mk,"Троян","Тројан"
be-by,mk-mk,"Троіца","Педесетница"
be-by,mk-mk,"Трынідад і Табага","Тринидад и Тобаго"
be-by,mk-mk,"Тувалу","Тувалу"
be-by,mk-mk,"Тульская вобласць","Тулска област"
be-by,mk-mk,"Туман","Мaгла"
be-by,mk-mk,"Турцыя","Турција"
be-by,mk-mk,"Тыгр","Тигар"
be-by,mk-mk,"Тыгра","Тигар"
be-by,mk-mk,"Тыгровы оскар","Оскар"
be-by,mk-mk,"Тытунь","Тутун"
be-by,mk-mk,"Тытыкака","Титикака"
be-by,mk-mk,"Тэатр","Театар"
be-by,mk-mk,"Тэорыя мностваў","Теорија на множествата"
be-by,mk-mk,"Тэрмадынаміка","Термодинамика"
be-by,mk-mk,"Увасабленне","Персонификација"
be-by,mk-mk,"Угрунтаваць","База"
be-by,mk-mk,"Угрунтоўваць","База"
be-by,mk-mk,"Украінская мова","Украински јазик"
be-by,mk-mk,"Украінская","Македонски"
be-by,mk-mk,"Украінцы","Украинци"
be-by,mk-mk,"Уладзімір Пуцін","Владимир Путин"
be-by,mk-mk,"Уладзімірская вобласць","Владимирска област"
be-by,mk-mk,"Унівэрсальны каардынаваны час",UTC
be-by,mk-mk,"Урал","Уралски федерален округ"
be-by,mk-mk,"Уран","Уран"
be-by,mk-mk,"Уран, хімічны элемент","Уран"
be-by,mk-mk,"Урода","Природа"
be-by,mk-mk,"Усеагульная дэкларацыя правоў чалавека","Декларација за правата на човекот"
be-by,mk-mk,"Усходняя Еўропа","Источна Европа"
be-by,mk-mk,"Усходняя Рымская імперыя","Византија"
be-by,mk-mk,"Уільям Хогарт","Вилијам Хогарт"
be-by,mk-mk,"Фарэрскія выспы","Фарски Острови"
be-by,mk-mk,"Фердынанд I Габсбург","Цар Фердинанд"
be-by,mk-mk,"Ферма","Полудрвена градба"
be-by,mk-mk,"Фосфар","Фосфор"
be-by,mk-mk,"Французская рэвалюцыя","Француска револуција"
be-by,mk-mk,"Француская мова","Француски јазик"
be-by,mk-mk,"Француская","Француски јазик"
be-by,mk-mk,"Францыя","Франција"
be-by,mk-mk,"Футбол","Фудбал"
be-by,mk-mk,"Футра","Крзно"
be-by,mk-mk,"Фёдар Цютчаў","Фјодор Тjутчев"
be-by,mk-mk,"Фіджы","Фиџи"
be-by,mk-mk,"Фідэль Кастра","Фидел Кастро"
be-by,mk-mk,"Філасофія","Философија"
be-by,mk-mk,"Філіп ІІ","Филип II Македонски"
be-by,mk-mk,"Фінляндыя","Финска"
be-by,mk-mk,"Харватыя","Хрватска"
be-by,mk-mk,"Харвацкая мова","Хрватски јазик"
be-by,mk-mk,"Харвацкая","Хрватски јазик"
be-by,mk-mk,"Харч","Храна"
be-by,mk-mk,"Харчаванне","Храна"
be-by,mk-mk,"Харчы","Храна"
be-by,mk-mk,"Хлор","Хлор"
be-by,mk-mk,"Хмара","Облак"
be-by,mk-mk,"Хор","Хорус"
be-by,mk-mk,"Хром","Хром"
be-by,mk-mk,"Хрыстафор Калумб","Кристофер Колумбо"
be-by,mk-mk,"Хрысьціянства","Христијанство"
be-by,mk-mk,"Хуткасць","Брзина"
be-by,mk-mk,"Хэльсынкі","Хелсинки"
be-by,mk-mk,"Хімічны элемент","Хемиски елемент"
be-by,mk-mk,"Цаля","Инч"
be-by,mk-mk,"Царква","Црква"
be-by,mk-mk,"Цукар","Шеќер"
be-by,mk-mk,"Цукер","Шеќер"
be-by,mk-mk,"Цунамі","Цунами"
be-by,mk-mk,"Цыбук","Стебло"
be-by,mk-mk,"Цыбур","Стебло"
be-by,mk-mk,"Цыгара","Пура"
be-by,mk-mk,"Цыгарэта","Цигара"
be-by,mk-mk,"Цынк",Цинк
be-by,mk-mk,"Цэнтральна-Афрыканская Рэспубліка","Централноафриканска Република"
be-by,mk-mk,"Цюменская вобласць","Тјуменска област"
be-by,mk-mk,"Ціхі акіян","Тихи Океан"
be-by,mk-mk,"ЧС па футболе, 1986","1986 ФИФА Светско Првенство"
be-by,mk-mk,"Чарнагорыя","Црна Гора"
be-by,mk-mk,"Часавы пас","Временска зона"
be-by,mk-mk,"Чацвёрты крыжовы паход","Четврта крстоносна војна"
be-by,mk-mk,"Чацьвер","Четврток"
be-by,mk-mk,"Чашчыня","Фреквенција"
be-by,mk-mk,"Чорнае мора","Црно Море"
be-by,mk-mk,"Чылі",Чиле
be-by,mk-mk,"Чэ Ґевара","Че Гевара"
be-by,mk-mk,"Чэмпіянат свету па футболе 2006 года","Светско Првенство во Фудбал 2006"
be-by,mk-mk,"Чэрвень","Јуни"
be-by,mk-mk,"Чэская мова","Чешки јазик"
be-by,mk-mk,"Чэхія","Чешка"
be-by,mk-mk,"Шалі","Вага"
be-by,mk-mk,"Шарош","Мол"
be-by,mk-mk,"Шасьцiножка","Инсект"
be-by,mk-mk,"Шаша","Пат"
be-by,mk-mk,"Швайцарыя","Швајцарија"
be-by,mk-mk,"Швейцарыя","Швајцарија"
be-by,mk-mk,"Швецыя","Шведска"
be-by,mk-mk,"Швэцыя","Шведска"
be-by,mk-mk,"Шклянка","Стакло"
be-by,mk-mk,"Шкура","Кожа"
be-by,mk-mk,"Шлюб","Брак"
be-by,mk-mk,"Шлях","Пат"
be-by,mk-mk,"Штат Індыяна","Индијана"
be-by,mk-mk,"Штат Аляска","Аљаска"
be-by,mk-mk,"Штат Арызона","Аризона"
be-by,mk-mk,"Штат Каларада","Колорадо"
be-by,mk-mk,"Штат Каліфорнія","Калифорнија"
be-by,mk-mk,"Штат Мічыган","Мичиген"
be-by,mk-mk,"Штат Небраска","Небраска"
be-by,mk-mk,"Штат Паўночная Караліна","Северна Каролина"
be-by,mk-mk,"Штат Тэхас","Тексас"
be-by,mk-mk,"Штат Фларыда","Флорида"
be-by,mk-mk,"Штат Юта","Јута"
be-by,mk-mk,"Штаты ЗША","Сојузни држави во САД"
be-by,mk-mk,"Штучны спадарожнік Зямлі","Природен сателит"
be-by,mk-mk,"Шчур","Ландкројцер П. 1000 Стаорец"
be-by,mk-mk,"Шчыльнасьць насельніцтва","Густина на населеност"
be-by,mk-mk,"Шыба","Стакло"
be-by,mk-mk,"Шыба","Стакло Seguso"
be-by,mk-mk,"Ще не вмерла Україна","Ще не вмерла Україна"
be-by,mk-mk,"Щлюб","Брак"
be-by,mk-mk,"ЭЎРОПА","Европа"
be-by,mk-mk,"ЭТА","ЕТА"
be-by,mk-mk,"Эканоміка","Економија"
be-by,mk-mk,"Элементарная часціца","Елементарна честичка"
be-by,mk-mk,"Эль Ніньё","Ел Нињо"
be-by,mk-mk,"Эрнэста Гевара","Че Гевара"
be-by,mk-mk,"Эрытрэя","Еритреја"
be-by,mk-mk,"Эсперанта","Македонски"
be-by,mk-mk,"Эспэранта","Македонски"
be-by,mk-mk,"Эстонія","Естонија"
be-by,mk-mk,"Эфіопія","Етиопија"
be-by,mk-mk,"Эўразія","Евроазија"
be-by,mk-mk,"Эўрапейскі Зьвяз","Европска Унија"
be-by,mk-mk,"Эўропа","Европа"
be-by,mk-mk,"ЮНЭСКА","УНЕСКО"
be-by,mk-mk,"Югаславія","Југославија"
be-by,mk-mk,"Юха","Крв"
be-by,mk-mk,"Ядро","Јадро на оперативен систем"
be-by,mk-mk,"Язык","Јазик"
be-by,mk-mk,"Якасць","Квалитет"
be-by,mk-mk,"Якасьць","Квалитет"
be-by,mk-mk,"Ян Павал Другі","Папа Јован Павле II"
be-by,mk-mk,"Ян Павел II, папа рымскі","Папа Јован Павле II"
be-by,mk-mk,"Японія","Јапонија"
be-by,mk-mk,"Ярданія","Јордан"
be-by,mk-mk,"Ясір Арафат","Јасер Арафат"
be-by,mk-mk,"Яшчарка","Гуштер"
be-by,mk-mk,"ہيàٍîى³ے","Анатомија"
be-by,mk-mk,Java,"Јава"
be-by,mk-mk,JavaScript,JavaScript
be-by,mk-mk,Mousepad,Mousepad
be-by,mk-mk,Nirvana,Nirvana
be-by,mk-mk,Pascal,"Паскал"
be-by,mk-mk,Radiohead,Radiohead
be-by,mk-mk,Subota,"Сабота"
be-by,mk-mk,Unix,Unix
be-by,mk-mk,Windows,"Microsoft Windows"
be-by,mk-mk,Сакавiк,"Марс"
be-by,mk-mk,Селен,Селен
be-by,mk-mk,Скала,"Карпа"
be-by,mk-mk,Склон,"Падеж"
be-by,mk-mk,Слова,"Збор"
be-by,mk-mk,Слон,Слон
be-by,mk-mk,Сол,Соли
be-by,mk-mk,Тайланд,"Тајланд"
be-by,mk-mk,Тканка,Ткиво
be-by,mk-mk,Тлен,"Кислород"
be-by,mk-mk,Уганда,Уганда
be-by,mk-mk,Улада,"Власт"
be-by,mk-mk,Фаланга,"Античка Македонска војска"
be-by,mk-mk,Хлеб,"Леб"
be-by,mk-mk,Цал,"Инч"
be-by,mk-mk,Чад,Чад
be-by,mk-mk,Чалавек,Човек
be-by,mk-mk,Шкло,"Стакло"
be-by,mk-mk,Яго,"Звук"
be-by,mk-mk,Ямайка,"Јамајка"
