lv-lv,mk-mk,"1. februāris","1 февруари"
lv-lv,mk-mk,"1. janvāris","1 јануари"
lv-lv,mk-mk,"1. jūlijs","1 јули"
lv-lv,mk-mk,"10. jūlijs","10 јули"
lv-lv,mk-mk,"10. novembris","10 ноември"
lv-lv,mk-mk,"11. februāris","11 февруари"
lv-lv,mk-mk,"11. jūlijs","11 јули"
lv-lv,mk-mk,"11. marts","11 март"
lv-lv,mk-mk,"12. augusts","12 август"
lv-lv,mk-mk,"12. februāris","12 февруари"
lv-lv,mk-mk,"12. gadsimts","12 век"
lv-lv,mk-mk,"12. jūlijs","12 јули"
lv-lv,mk-mk,"12. marts","12 март"
lv-lv,mk-mk,"13. gadsimts","13 век"
lv-lv,mk-mk,"13. janvāris","13 јануари"
lv-lv,mk-mk,"13. jūlijs","13 јули"
lv-lv,mk-mk,"13. marts","13 март"
lv-lv,mk-mk,"14. aprīlis","14 април"
lv-lv,mk-mk,"14. gadsimts","14 век"
lv-lv,mk-mk,"14. janvāris","14 јануари"
lv-lv,mk-mk,"14. jūlijs","14 јули"
lv-lv,mk-mk,"14. marts","14 март"
lv-lv,mk-mk,"14. novembris","14 ноември"
lv-lv,mk-mk,"14. septembris","14 септември"
lv-lv,mk-mk,"15. gadsimts","15 век"
lv-lv,mk-mk,"15. jūlijs","15 јули"
lv-lv,mk-mk,"15. marts","15 март"
lv-lv,mk-mk,"15. oktobris","15 октомври"
lv-lv,mk-mk,"16. augusts","16 август"
lv-lv,mk-mk,"16. gadsimts","16 век"
lv-lv,mk-mk,"16. jūlijs","16 јули"
lv-lv,mk-mk,"16. maijs","16 мај"
lv-lv,mk-mk,"16. marts","16 март"
lv-lv,mk-mk,"17. decembris","17 декември"
lv-lv,mk-mk,"17. gadsimts","17 век"
lv-lv,mk-mk,"17. jūlijs","17 јули"
lv-lv,mk-mk,"17. jūnijs","17 јуни"
lv-lv,mk-mk,"17. maijs","17 мај"
lv-lv,mk-mk,"17. marts","17 март"
lv-lv,mk-mk,"18. gadsimts","18 век"
lv-lv,mk-mk,"18. janvāris","18 јануари"
lv-lv,mk-mk,"18. jūlijs","18 јули"
lv-lv,mk-mk,"18. maijs","18 мај"
lv-lv,mk-mk,"18. marts","18 март"
lv-lv,mk-mk,"19. augusts","19 август"
lv-lv,mk-mk,"19. februāris","19 февруари"
lv-lv,mk-mk,"19. gadsimts","19 век"
lv-lv,mk-mk,"19. janvāris","19 јануари"
lv-lv,mk-mk,"19. jūlijs","19 јули"
lv-lv,mk-mk,"19. marts","19 март"
lv-lv,mk-mk,"19. novembris","19 ноември"
lv-lv,mk-mk,"1905. gada revolūcija","Октомвриска револуција"
lv-lv,mk-mk,"1917. gada Krievijas revolūcija","Октомвриска револуција"
lv-lv,mk-mk,"2. janvāris","2 јануари"
lv-lv,mk-mk,"2. jūlijs","2 јули"
lv-lv,mk-mk,"2. marts","2 март"
lv-lv,mk-mk,"2. novembris","2 ноември"
lv-lv,mk-mk,"20. gadsimts","20 век"
lv-lv,mk-mk,"20. janvāris","20 јануари"
lv-lv,mk-mk,"20. jūlijs","20 јули"
lv-lv,mk-mk,"20. marts","20 март"
lv-lv,mk-mk,"20. novembris","20 ноември"
lv-lv,mk-mk,"20. oktobris","20 октомври"
lv-lv,mk-mk,"2007. gada Eirovizijas dziesmu konkurss","Евровизија 2007"
lv-lv,mk-mk,"2007. gada Eirovīzijas dziesmu konkurss","Евровизија 2007"
lv-lv,mk-mk,"21. februāris","21 февруари"
lv-lv,mk-mk,"21. janvāris","21 јануари"
lv-lv,mk-mk,"21. jūlijs","21 јули"
lv-lv,mk-mk,"21. marts","21 март"
lv-lv,mk-mk,"21. septembris","21 септември"
lv-lv,mk-mk,"22. februāris","22 февруари"
lv-lv,mk-mk,"22. janvāris","22 јануари"
lv-lv,mk-mk,"22. jūlijs","22 јули"
lv-lv,mk-mk,"22. marts","22 март"
lv-lv,mk-mk,"22. novembris","22 ноември"
lv-lv,mk-mk,"23. jūlijs","23 јули"
lv-lv,mk-mk,"23. jūnijs","23 јуни"
lv-lv,mk-mk,"23. maijs","23 мај"
lv-lv,mk-mk,"23. marts","23 март"
lv-lv,mk-mk,"23. oktobris","23 октомври"
lv-lv,mk-mk,"24. februāris","24 февруари"
lv-lv,mk-mk,"24. jūlijs","24 јули"
lv-lv,mk-mk,"24. jūnijs","24 јуни"
lv-lv,mk-mk,"24. marts","24 март"
lv-lv,mk-mk,"25. aprīlis","25 април"
lv-lv,mk-mk,"25. augusts","25 август"
lv-lv,mk-mk,"25. jūlijs","25 јули"
lv-lv,mk-mk,"25. marts","25 март"
lv-lv,mk-mk,"26. aprīlis","26 април"
lv-lv,mk-mk,"26. janvāris","26 јануари"
lv-lv,mk-mk,"26. jūlijs","26 јули"
lv-lv,mk-mk,"26. marts","26 март"
lv-lv,mk-mk,"26. oktobris","26 октомври"
lv-lv,mk-mk,"27. februāris","27 февруари"
lv-lv,mk-mk,"27. janvāris","27 јануари"
lv-lv,mk-mk,"27. jūlijs","27 јули"
lv-lv,mk-mk,"27. marts","27 март"
lv-lv,mk-mk,"27. novembris","27 ноември"
lv-lv,mk-mk,"28. aprīlis","28 април"
lv-lv,mk-mk,"28. janvāris","28 јануари"
lv-lv,mk-mk,"28. jūlijs","28 јули"
lv-lv,mk-mk,"28. marts","28 март"
lv-lv,mk-mk,"28. oktobris","28 октомври"
lv-lv,mk-mk,"29. jūlijs","29 јули"
lv-lv,mk-mk,"29. jūnijs","29 јуни"
lv-lv,mk-mk,"29. marts","29 март"
lv-lv,mk-mk,"3. decembris","3 декември"
lv-lv,mk-mk,"3. jūlijs","3 јули"
lv-lv,mk-mk,"3. novembris","3 ноември"
lv-lv,mk-mk,"3. septembris","3 септември"
lv-lv,mk-mk,"30. jūlijs","30 јули"
lv-lv,mk-mk,"30. marts","30 март"
lv-lv,mk-mk,"30. novembris","30 ноември"
lv-lv,mk-mk,"31. jūlijs","31 јули"
lv-lv,mk-mk,"31. marts","31 март"
lv-lv,mk-mk,"4. augusts","4 август"
lv-lv,mk-mk,"4. februāris","4 февруари"
lv-lv,mk-mk,"4. janvāris","4 јануари"
lv-lv,mk-mk,"4. jūlijs","4 јули"
lv-lv,mk-mk,"4. oktobris","4 октомври"
lv-lv,mk-mk,"5. aprīlis","5 април"
lv-lv,mk-mk,"5. februāris","5 февруари"
lv-lv,mk-mk,"5. janvāris","5 јануари"
lv-lv,mk-mk,"5. jūlijs","5 јули"
lv-lv,mk-mk,"5. jūnijs","5 јуни"
lv-lv,mk-mk,"5. maijs","5 мај"
lv-lv,mk-mk,"5. marts","5 март"
lv-lv,mk-mk,"5. septembris","5 септември"
lv-lv,mk-mk,"6. decembris","6 декември"
lv-lv,mk-mk,"6. februāris","6 февруари"
lv-lv,mk-mk,"6. janvāris","6 јануари"
lv-lv,mk-mk,"6. jūlijs","6 јули"
lv-lv,mk-mk,"6. marts","6 март"
lv-lv,mk-mk,"6. novembris","6 ноември"
lv-lv,mk-mk,"6. septembris","6 септември"
lv-lv,mk-mk,"7. augusts","7 август"
lv-lv,mk-mk,"7. janvāris","7 јануари"
lv-lv,mk-mk,"7. jūlijs","7 јули"
lv-lv,mk-mk,"7. marts","7 март"
lv-lv,mk-mk,"7. oktobris","7 октомври"
lv-lv,mk-mk,"8. februāris","8 февруари"
lv-lv,mk-mk,"8. janvāris","8 јануари"
lv-lv,mk-mk,"8. jūlijs","8 јули"
lv-lv,mk-mk,"8. novembris","8 ноември"
lv-lv,mk-mk,"8. septembris","8 септември"
lv-lv,mk-mk,"9. februāris","9 февруари"
lv-lv,mk-mk,"9. jūlijs","9 јули"
lv-lv,mk-mk,"9. marts","9 март"
lv-lv,mk-mk,"A Hard Day's Night","A Hard Day's Night"
lv-lv,mk-mk,"AC Milan","Милано"
lv-lv,mk-mk,"AS Monaco","Монако"
lv-lv,mk-mk,"ASV Atklātais čempionāts tenisā","Отворено Тениско Првенство на САД"
lv-lv,mk-mk,"ASV dolārs","Американски долар"
lv-lv,mk-mk,"ASV prezidents","Листа на претседатели на Соединетите Американски Држави"
lv-lv,mk-mk,"Abidžāna","Абиџан"
lv-lv,mk-mk,"Abrahams Linkolns","Абрахам Линколн"
lv-lv,mk-mk,"Adrijas jūra","Јадранско Море"
lv-lv,mk-mk,"Afganistāna","Авганистан"
lv-lv,mk-mk,"Aizeks Azimovs","Исак Асимов"
lv-lv,mk-mk,"Akmens laikmets","Камено доба"
lv-lv,mk-mk,"Akmeņogles","Јаглен"
lv-lv,mk-mk,"Alans Tjūrings","Алан Тјуринг"
lv-lv,mk-mk,"Alberts Einšteins","Алберт Ајнштајн"
lv-lv,mk-mk,"Albānija","Албанија"
lv-lv,mk-mk,"Albāņi","Албанци"
lv-lv,mk-mk,"Albērs Kamī","Албер Ками"
lv-lv,mk-mk,"Aleksandrs Greiems Bells","Александар Грејам Бел"
lv-lv,mk-mk,"Aleksandrs I","Александар I"
lv-lv,mk-mk,"Aleksandrs II","Александар II"
lv-lv,mk-mk,"Aleksandrs Lielais","Александар III Македонски"
lv-lv,mk-mk,"Alfrēds Adlers","Алфред Адлер"
lv-lv,mk-mk,"Alkadiēni","Диен"
lv-lv,mk-mk,"Alkoholiskie dzērieni","Алкохолен пијалок"
lv-lv,mk-mk,"Alkāni","Алкан"
lv-lv,mk-mk,"Alkēni","Алкен"
lv-lv,mk-mk,"Amerikas Kinoakadēmijas balva","Оскар"
lv-lv,mk-mk,"Amerikas Savienotās Valstis","Соединети Американски Држави"
lv-lv,mk-mk,"Amerikāņu Samoa","Американска Самоа"
lv-lv,mk-mk,"Aminoskābes","Амино киселина"
lv-lv,mk-mk,"Analītiskā ģeometrija","Аналитичка геометрија"
lv-lv,mk-mk,"Analītiskā ķīmija","Аналитичка хемија"
lv-lv,mk-mk,"Angela Merkela","Ангела Меркел"
lv-lv,mk-mk,"Anglijas futbola izlase","Национален фудбалски тим на Англија"
lv-lv,mk-mk,"Angolas futbola izlase","Национален фудбалски тим на Ангола"
lv-lv,mk-mk,"Angļu valoda","Англиски јазик"
lv-lv,mk-mk,"Ankaras province","Анкара"
lv-lv,mk-mk,"Aprakstošā statistika","Население"
lv-lv,mk-mk,"Apvienotie Arābu Emirāti","Обединети Арапски Емирати"
lv-lv,mk-mk,"Apvienoto Nāciju Organizācija","Обединети Нации"
lv-lv,mk-mk,"Apvienotā Karaliste","Обединетото Кралство"
lv-lv,mk-mk,"Arhimēds","Архимед"
lv-lv,mk-mk,"Arhitrāvs","Архитрав"
lv-lv,mk-mk,"Aristokrātija","Аристократија"
lv-lv,mk-mk,"Armēnija","Ерменија"
lv-lv,mk-mk,"Armēņu genocīds","Ерменски геноцид"
lv-lv,mk-mk,"Aromātiskie ogļūdeņraži","Ароматично соединение"
lv-lv,mk-mk,"Arsenal F.C.","ФК Арсенал"
lv-lv,mk-mk,"Arsenal de Sarandi","ФК Арсенал"
lv-lv,mk-mk,"Artilērija","Артилерија"
lv-lv,mk-mk,"Arturs Rembo","Артур Рембо"
lv-lv,mk-mk,"Arturs Salivens","Артур Саливан"
lv-lv,mk-mk,"Arturs Šniclers","Артур Шницлер"
lv-lv,mk-mk,"Artērijas","Артерија"
lv-lv,mk-mk,"Artūrs Šopenhauers","Артур Шопенхауер"
lv-lv,mk-mk,"Arābu valoda","Арапски јазик"
lv-lv,mk-mk,"Asinsrites orgānu sistēma","Циркулаторен систем"
lv-lv,mk-mk,"Asku sēnes","Торбести габи"
lv-lv,mk-mk,"Ass valstis","Сили на Оската"
lv-lv,mk-mk,"Atmosfēra","Атмосфера"
lv-lv,mk-mk,"Atēna","Атена"
lv-lv,mk-mk,"Atēnas","Атина"
lv-lv,mk-mk,"Austroungārija","Австроунгарија"
lv-lv,mk-mk,"Austrālija","Австралија"
lv-lv,mk-mk,"Austrālijas Atklātais čempionāts tenisā","Отворено Тениско Првенство на Австралија"
lv-lv,mk-mk,"Azerbaidžāna","Азербејџан"
lv-lv,mk-mk,"Babilonas gaisa dārzi","Семирамидини висечки градини"
lv-lv,mk-mk,"Bafina Zeme","Бафинова Земја"
lv-lv,mk-mk,"Bagdāde","Багдад"
lv-lv,mk-mk,"Baikāls","Бајкалско Езеро"
lv-lv,mk-mk,"Baktērija","Бактерија"
lv-lv,mk-mk,"Balkānu pussala","Балкански полуостров"
lv-lv,mk-mk,"Baltijas jūra","Балтичко Море"
lv-lv,mk-mk,"Baltu valodas","Балтички јазици"
lv-lv,mk-mk,"Barības vads","Хранопровод"
lv-lv,mk-mk,"Basģitāra","Бас гитара"
lv-lv,mk-mk,"Bavārija","Баварија"
lv-lv,mk-mk,"Bayern München","Баерн Минхен"
lv-lv,mk-mk,"Bazīdijsēnes","Столпчести габи"
lv-lv,mk-mk,"Benito Musolīni","Бенито Мусолини"
lv-lv,mk-mk,"Benjamin Sehene","Руанда"
lv-lv,mk-mk,"Bertolts Brehts","Бертолд Брехт"
lv-lv,mk-mk,"Bils Geitss","Бил Гејтс"
lv-lv,mk-mk,"Biogrāfija","Биографија"
lv-lv,mk-mk,"Bohēmija","Чешка"
lv-lv,mk-mk,"Bolcāno","Боцен"
lv-lv,mk-mk,"Borats Sagdijevs","Борат"
lv-lv,mk-mk,"Bosnija un Hercegovina","Босна и Херцеговина"
lv-lv,mk-mk,"Botsvāna","Боцвана"
lv-lv,mk-mk,"Botānika","Ботаника"
lv-lv,mk-mk,"Branko Crvenkovskis","Бранко Црвенковски"
lv-lv,mk-mk,"Brazīlijas futbola izlase","Национален фудбалски тим на Бразил"
lv-lv,mk-mk,"Britu impērija","Британска империја"
lv-lv,mk-mk,"Bronzas laikmets","Бронзено доба"
lv-lv,mk-mk,"Bruņurupuči","Желка"
lv-lv,mk-mk,"Brēmene","Бремен"
lv-lv,mk-mk,"Bulgārija","Бугарија"
lv-lv,mk-mk,"Bulgārijas Republikas karogs","Знаме на Бугарија"
lv-lv,mk-mk,"Bulgāru valoda","Бугарски јазик"
lv-lv,mk-mk,"Bādene-Virtemberga","Баден-Виртемберг"
lv-lv,mk-mk,"Bāršanās","Јазик"
lv-lv,mk-mk,"Bāze","База"
lv-lv,mk-mk,"Centrālā procesora ligzda","Процесорско лежиште"
lv-lv,mk-mk,"Centrālāfrika","Централноафриканска Република"
lv-lv,mk-mk,"Centrālāfrikas Republika","Централноафриканска Република"
lv-lv,mk-mk,"Chelsea F.C.","ФК Челзи"
lv-lv,mk-mk,"Cieta viela","Цврста агрегатна состојба"
lv-lv,mk-mk,"Cietais disks","Хард диск"
lv-lv,mk-mk,"Cilvēks",Човек
lv-lv,mk-mk,"Cilvēktiesības","Човекови права"
lv-lv,mk-mk,"Club de Regatas Vasco da Gama","Васко де Гама"
lv-lv,mk-mk,"Dante Aligjēri","Данте Алигиери"
lv-lv,mk-mk,"Datora arhitektūra","Архитектура"
lv-lv,mk-mk,"Datorzinātne","Информатика"
lv-lv,mk-mk,"Death metal","Дет метал"
lv-lv,mk-mk,"Deivids Hjūms","Дејвид Хјум"
lv-lv,mk-mk,"Delavēra","Делавер"
lv-lv,mk-mk,"Demokrātija","Демократија"
lv-lv,mk-mk,"Dens Brauns","Ден Браун"
lv-lv,mk-mk,"Dezoksiribonukleīnskābe","ДНК"
lv-lv,mk-mk,"Dienvidslāvija","Југославија"
lv-lv,mk-mk,"Dienvidāfrikas Republika","Јужна Африка"
lv-lv,mk-mk,"Dietilēteris","Етер"
lv-lv,mk-mk,"Dievs, svētī Caru!","Боже чувај го царот!"
lv-lv,mk-mk,"Difuzionistu skola","Дифузија"
lv-lv,mk-mk,"Divvāku gliemji",Школки
lv-lv,mk-mk,"Dominikāna","Доминиканска Република"
lv-lv,mk-mk,"Domāšana","Мисла"
lv-lv,mk-mk,"Drēzdene","Дрезден"
lv-lv,mk-mk,"Dzelzs laikmets","Железно доба"
lv-lv,mk-mk,"Dzēlējzarndobumaiņi","Жаркари"
lv-lv,mk-mk,"Dānija","Данска"
lv-lv,mk-mk,"Dārznieks","Градинар"
lv-lv,mk-mk,"Dēle","Пијавици"
lv-lv,mk-mk,"Džeims Maksvels","Џејмс Максвел"
lv-lv,mk-mk,"Džeimss Džoiss","Џемс Џојс"
lv-lv,mk-mk,"Džons F. Kenedijs","Џон Ф. Кенеди"
lv-lv,mk-mk,"Džons Lenons","Џон Ленон"
lv-lv,mk-mk,"Džons Ronalds Rūels Tolkīns","Џ.Р.Р. Толкин"
lv-lv,mk-mk,"Džordžs Bušs","Џорџ Буш"
lv-lv,mk-mk,"Džordžs Harisons","Џорџ Харисон"
lv-lv,mk-mk,"Džordžs Orvels","Џорџ Орвел"
lv-lv,mk-mk,"Džordžs Vašingtons","Џорџ Вашингтон"
lv-lv,mk-mk,"Džovanni Bokačo","Џовани Бокачо"
lv-lv,mk-mk,"Džovanni Lorenco Bernīni","Џан Лоренцо Бернини"
lv-lv,mk-mk,"Edgars Alans Po","Едгар Алан По"
lv-lv,mk-mk,"Eifeļa tornis","Ајфелова Кула"
lv-lv,mk-mk,"Eintracht Frankfurt","Ајнтрахт Франкфурт"
lv-lv,mk-mk,"Eiropas Komisija","Европска Комисија"
lv-lv,mk-mk,"Eiropas Savienība","Европска Унија"
lv-lv,mk-mk,"Eiropas Savienības Padome","Совет на Европската Унија"
lv-lv,mk-mk,"Eirovīzijas dziesmu konkurss","Евровизија"
lv-lv,mk-mk,"Eirāzija","Евроазија"
lv-lv,mk-mk,"Ekvatoriālā Gvineja","Екваторијална Гвинеја"
lv-lv,mk-mk,"Elektriskā ģitāra","Електрична гитара"
lv-lv,mk-mk,"Elektromagnētiskās indukcijas likums","Индукција"
lv-lv,mk-mk,"Elektroniskā mūzika","Електронска музика"
lv-lv,mk-mk,"Elementārdaļiņas","Елементарна честичка"
lv-lv,mk-mk,"Elizabete I","Елизабета I"
lv-lv,mk-mk,"Elizabete II","Елизабета II"
lv-lv,mk-mk,"Emma Goldmane","Ема Голдман"
lv-lv,mk-mk,"Enciklopēdija","Енциклопедија"
lv-lv,mk-mk,"Endokrina sistema","Ендокрин систем"
lv-lv,mk-mk,"Endokrīnā sistēma","Ендокрин систем"
lv-lv,mk-mk,"Endoplazmatiskais tīkls","Ендоплазматичен ретикулум"
lv-lv,mk-mk,"Enriko Fermi","Енрико Ферми"
lv-lv,mk-mk,"Ernests Hemingvejs","Ернест Хемингвеј"
lv-lv,mk-mk,"Evolūcijas teorija","Еволутивна биологија"
lv-lv,mk-mk,"Eņergija","Енергија"
lv-lv,mk-mk,"F.C. Internazionale Milano","Интер Милано"
lv-lv,mk-mk,"FC Barcelona","Барселона"
lv-lv,mk-mk,"FC Lokomotiv Moskva","Локомотива"
lv-lv,mk-mk,"FIFA Pasaules kauss 1930","1930 ФИФА Светско Првенство"
lv-lv,mk-mk,"FIFA Pasaules kauss 1934","1934 ФИФА Светско Првенство"
lv-lv,mk-mk,"FIFA Pasaules kauss 1938","1938 ФИФА Светско Првенство"
lv-lv,mk-mk,"FIFA Pasaules kauss 1950","1950 ФИФА Светско Првенство"
lv-lv,mk-mk,"FIFA Pasaules kauss 1954","1954 ФИФА Светско Првенство"
lv-lv,mk-mk,"FIFA Pasaules kauss 1958","1958 ФИФА Светско Првенство"
lv-lv,mk-mk,"FIFA Pasaules kauss 1962","1962 ФИФА Светско Првенство"
lv-lv,mk-mk,"FIFA Pasaules kauss 1966","1966 ФИФА Светско Првенство"
lv-lv,mk-mk,"FIFA Pasaules kauss 1970","1970 ФИФА Светско Првенство"
lv-lv,mk-mk,"FIFA Pasaules kauss 1974","1974 ФИФА Светско Првенство"
lv-lv,mk-mk,"FIFA Pasaules kauss 1978","1978 ФИФА Светско Првенство"
lv-lv,mk-mk,"FIFA Pasaules kauss 1982","1982 ФИФА Светско Првенство"
lv-lv,mk-mk,"FIFA Pasaules kauss 1986","1986 ФИФА Светско Првенство"
lv-lv,mk-mk,"FIFA Pasaules kauss 1990","1990 ФИФА Светско Првенство"
lv-lv,mk-mk,"FIFA Pasaules kauss 1994","1994 ФИФА Светско Првенство"
lv-lv,mk-mk,"FIFA Pasaules kauss 1998","1998 ФИФА Светско Првенство"
lv-lv,mk-mk,"FIFA Pasaules kauss 2002","2002 ФИФА Светско Првенство"
lv-lv,mk-mk,"FIFA Pasaules kauss 2006","Светско Првенство во Фудбал 2006"
lv-lv,mk-mk,"Fantāzijas literatūra","Фантазија"
lv-lv,mk-mk,"Februāra revolūcija","Октомвриска револуција"
lv-lv,mk-mk,"Februāris","Февруари"
lv-lv,mk-mk,"Federiko Garsija Lorka","Федерико Гарсија Лорка"
lv-lv,mk-mk,"Felipe II","Филип II Македонски"
lv-lv,mk-mk,"Felipe IV","Филип IV"
lv-lv,mk-mk,"Fernāns Magelāns","Фернандо Магелан"
lv-lv,mk-mk,"Fidels Kastro Russ","Фидел Кастро"
lv-lv,mk-mk,"Fidžiešu valoda","Фиџи"
lv-lv,mk-mk,"Filips II","Филип II Македонски"
lv-lv,mk-mk,"Fizikālais slānis","Физичко ниво"
lv-lv,mk-mk,"Fjodors Dostojevskis","Фјодор Михајлович Достоевски"
lv-lv,mk-mk,"Foo Fighters","Foo Fighters"
lv-lv,mk-mk,"Fotogrāfija","Филмска уметност"
lv-lv,mk-mk,"Francijas Atklātais čempionāts tenisā","Отворено Тениско Првенство на Франција"
lv-lv,mk-mk,"Francijas futbola izlase","Национален фудбалски тим на Франција"
lv-lv,mk-mk,"Francis Šūberts","Франц Шуберт"
lv-lv,mk-mk,"Francs Kafka","Франц Кафка"
lv-lv,mk-mk,"Frankfurte pie Mainas","Франкфурт"
lv-lv,mk-mk,"Frankfurtes Starptautiskā Lidosta","Франкфурт"
lv-lv,mk-mk,"Fransisko Hosē de Goija i Lusientess","Франсиско Гоја"
lv-lv,mk-mk,"Frančesko Bartolomeo Rastrelli","Бартоломео Растрели"
lv-lv,mk-mk,"Franču revolūcija","Француска револуција"
lv-lv,mk-mk,"Franču valoda","Француски јазик"
lv-lv,mk-mk,"Frederiks Šopēns","Фредерик Шопен"
lv-lv,mk-mk,"Frenklins Rūzvelts","Франклин Делано Рузвелт"
lv-lv,mk-mk,"Frenks Herberts","Френк Херберт"
lv-lv,mk-mk,"Frensiss Bēkons","Френсис Бејкон"
lv-lv,mk-mk,"Frīdrihs Engelss","Фридрих Енгелс"
lv-lv,mk-mk,"Frīdrihs Nīcše","Фридрих Ниче"
lv-lv,mk-mk,"Frīdrihs Nīče","Фридрих Ниче"
lv-lv,mk-mk,"Futbola komanda","Фудбалски клуб"
lv-lv,mk-mk,"Fēru salas","Фарски Острови"
lv-lv,mk-mk,"Gabriels Garsija Markess","Габриел Гарсија Маркес"
lv-lv,mk-mk,"Gaismas gads","Светлосна година"
lv-lv,mk-mk,"Gaismas stars","Радиус"
lv-lv,mk-mk,"Gajs Cēzars","Јулиј Цезар"
lv-lv,mk-mk,"Gajāna","Гвајана"
lv-lv,mk-mk,"Galileo Galilejs","Галилео Галилеј"
lv-lv,mk-mk,"Galvaspilsēta","Главен град"
lv-lv,mk-mk,"Galvenās secības zvaigzne","Херцшпрунг-Раселов дијаграм"
lv-lv,mk-mk,"Galvkāji","Главоноги"
lv-lv,mk-mk,"Ganas futbola izlase","Национален фудбалски тим на Гана"
lv-lv,mk-mk,"Garais gads","Престапна година"
lv-lv,mk-mk,"Gardas ezers","Гарда"
lv-lv,mk-mk,"Gazas josla","Појас Газа"
lv-lv,mk-mk,"Gdaņska","Гдањск"
lv-lv,mk-mk,"Georgs Frīdrihs Hendelis","Георг Фридрих Хендл"
lv-lv,mk-mk,"Georgs Vilhelms Frīdrihs Hēgelis","Георг Вилхелм Фридрих Хегел"
lv-lv,mk-mk,"Globalizācija","Глобализација"
lv-lv,mk-mk,"Glāze","Стакло"
lv-lv,mk-mk,"Goldži komplekss","Голџиев систем"
lv-lv,mk-mk,"Gotlībs Daimlers","Готлиб Вилхелм Дајмлер"
lv-lv,mk-mk,"Grauzēji","Глодари"
lv-lv,mk-mk,"Gregora kalendārs","Грегоријански календар"
lv-lv,mk-mk,"Gremošanas sistēma","Систем за варење"
lv-lv,mk-mk,"Grenāda","Гренада"
lv-lv,mk-mk,"Grieķu alfabēts","Грчка азбука"
lv-lv,mk-mk,"Grieķu valoda","Грчки јазик"
lv-lv,mk-mk,"Grāca","Грција"
lv-lv,mk-mk,"Gustavs Roberts Kirhofs","Густав Кирхоф"
lv-lv,mk-mk,"Gāze","Гас"
lv-lv,mk-mk,"Gēns","Ген"
lv-lv,mk-mk,"Halogēnogļūdeņraži","Алкилхалогенид"
lv-lv,mk-mk,"Hamfrijs Bogarts","Хемфри Богарт"
lv-lv,mk-mk,"Hanss Franks","Ханс Франк"
lv-lv,mk-mk,"Hanss Holbeins Jaunākais","Ханс Холбајн Помладиот"
lv-lv,mk-mk,"Hanss Holbeins","Ханс Холбајн"
lv-lv,mk-mk,"Heinrihs Himlers","Хајнрих Химлер"
lv-lv,mk-mk,"Helicerāti","Клештари"
lv-lv,mk-mk,"Hellēnisms","Хеленистички период"
lv-lv,mk-mk,"Hemosintēze","Хемосинтеза"
lv-lv,mk-mk,"Henrijs Fords","Хенри Форд"
lv-lv,mk-mk,"Hercšprunga - Rasela diagramma","Херцшпрунг-Раселов дијаграм"
lv-lv,mk-mk,"Hermanis Hese","Херман Хесе"
lv-lv,mk-mk,"Hernans Kortess","Хернан Кортез"
lv-lv,mk-mk,"Hip hop","Хип-хоп"
lv-lv,mk-mk,"Homo ģints",Човек
lv-lv,mk-mk,"Homērs","Хомер"
lv-lv,mk-mk,"Hordaiņi","Хордати"
lv-lv,mk-mk,"Horvātija","Хрватска"
lv-lv,mk-mk,"Horvātijas futbola izlase","Национален фудбалски тим на Хрватска"
lv-lv,mk-mk,"Hugo Čavess","Хуго Чавез"
lv-lv,mk-mk,"Humānisms","Хуманизам"
lv-lv,mk-mk,"Hēla","Хелиум"
lv-lv,mk-mk,"Hēlijs","Хелиум"
lv-lv,mk-mk,"I gadsimts","1 век"
lv-lv,mk-mk,"Iedzīvotāju blīvums","Густина на населеност"
lv-lv,mk-mk,"Iekšējā jūra","Средоземно Море"
lv-lv,mk-mk,"Igauņu valoda","Естонски јазик"
lv-lv,mk-mk,"Ilgtspējība","Одржлив развој"
lv-lv,mk-mk,"Imanuels Kants","Имануел Кант"
lv-lv,mk-mk,"Impresionisma literatūra","Импресионистичка музика"
lv-lv,mk-mk,"Imunitāte","Имунитет"
lv-lv,mk-mk,"Indijas okeāns","Индиски Океан"
lv-lv,mk-mk,"Indiāna","Индијана"
lv-lv,mk-mk,"Indoeiropiešu valodas","Индоевропски јазици"
lv-lv,mk-mk,"Inflācija","Инфлација"
lv-lv,mk-mk,"Informācija","Информација"
lv-lv,mk-mk,"Ingrīda Bergmane","Ингрид Бергман"
lv-lv,mk-mk,"Integrālis","Интеграл"
lv-lv,mk-mk,"Internacionāle","Интернационала"
lv-lv,mk-mk,"Iron Maiden","Iron Maiden"
lv-lv,mk-mk,"Irāka","Ирак"
lv-lv,mk-mk,"Irāna","Иран"
lv-lv,mk-mk,"Islāms","Ислам"
lv-lv,mk-mk,"Itāliešu valoda","Италијански јазик"
lv-lv,mk-mk,"Itālija","Италија"
lv-lv,mk-mk,"Itālijas reģioni","Италијански региони"
lv-lv,mk-mk,"Izomēri","Изомерија"
lv-lv,mk-mk,"Izraēla","Израел"
lv-lv,mk-mk,"Ičiro Midzuki","Ичиро Мизуки"
lv-lv,mk-mk,"Janvāris","Јануари"
lv-lv,mk-mk,"Janvārs","Јануари"
lv-lv,mk-mk,"Japāna","Јапонија"
lv-lv,mk-mk,"Japāņu valoda","Јапонски јазик"
lv-lv,mk-mk,"Jasirs Arafats","Јасер Арафат"
lv-lv,mk-mk,"Jaunava Marija","Богородица Марија"
lv-lv,mk-mk,"Jaungrieķu valoda","Грчки јазик"
lv-lv,mk-mk,"Jaunzēlande","Нов Зеланд"
lv-lv,mk-mk,"Jeničeri","Јаничар"
lv-lv,mk-mk,"Jeruzāleme","Ерусалим"
lv-lv,mk-mk,"Johanness Keplers","Јохан Кеплер"
lv-lv,mk-mk,"Johans Gūtenbergs","Јохан Гутенберг"
lv-lv,mk-mk,"Johans Sebastians Bahs","Јохан Себастијан Бах"
lv-lv,mk-mk,"Johans Volfgangs fon Gēte","Јохан Волфганг фон Гете"
lv-lv,mk-mk,"Jonijas jūra","Јонско Море"
lv-lv,mk-mk,"Jonizācijas potenciāls","Енергија на јонизација"
lv-lv,mk-mk,"Jonosfēra","Јоносфера"
lv-lv,mk-mk,"Jordānija","Јордан"
lv-lv,mk-mk,"Josifs Staļins","Јосиф Сталин"
lv-lv,mk-mk,"Jozefs Haidns","Јозеф Хајдн"
lv-lv,mk-mk,"Justiniāns I","Јустинијан I"
lv-lv,mk-mk,"Juventus F.C.","Јувентус"
lv-lv,mk-mk,"Jānis Pāvils II","Папа Јован Павле II"
lv-lv,mk-mk,"Jātnieki","Коњаница"
lv-lv,mk-mk,"Jēzus Kristus","Исус Христос"
lv-lv,mk-mk,"Jūlija Timošenko","Јулија Тимошенко"
lv-lv,mk-mk,"Jūlijs Cēzars","Јулиј Цезар"
lv-lv,mk-mk,"Jūrascūciņa","Морско прасе"
lv-lv,mk-mk,"Kailsēkļi","Голосеменици"
lv-lv,mk-mk,"Kalnu kristāls","Кварц"
lv-lv,mk-mk,"Kanāda","Канада"
lv-lv,mk-mk,"Kapitāls","Капитал"
lv-lv,mk-mk,"Karbonskābes","Карбоксилна киселина"
lv-lv,mk-mk,"Karbonāti","Карбонат"
lv-lv,mk-mk,"Karls Gustavs Jungs","Карл Густав Јунг"
lv-lv,mk-mk,"Karību jūra","Карипско Море"
lv-lv,mk-mk,"Kauņa","Каунас"
lv-lv,mk-mk,"Kauņas apriņķis","Каунас"
lv-lv,mk-mk,"Kavalērija","Коњаница"
lv-lv,mk-mk,"Kazahstāna","Казахстан"
lv-lv,mk-mk,"Kaķu ģints","Обичен шакал"
lv-lv,mk-mk,"Kenzo Tange","Кензоо Танге"
lv-lv,mk-mk,"Kilimandžāro","Килиманџаро"
lv-lv,mk-mk,"Kirgizstāna","Киргистан"
lv-lv,mk-mk,"Kiņaruandas valoda","Руанда"
lv-lv,mk-mk,"Klaipēda","Клајпеда"
lv-lv,mk-mk,"Klaipēdas apriņķis","Клајпеда"
lv-lv,mk-mk,"Klusais okeāns","Тихи Океан"
lv-lv,mk-mk,"Kodolieroči","Атомска бомба"
lv-lv,mk-mk,"Kolorādo","Колорадо"
lv-lv,mk-mk,"Komo ezers","Комо"
lv-lv,mk-mk,"Komoru salas","Комори"
lv-lv,mk-mk,"Komunistiskās partijas manifests","Комунистички манифест"
lv-lv,mk-mk,"Komēdija","Комичар"
lv-lv,mk-mk,"Komēta","Комета"
lv-lv,mk-mk,"Kongo DR","Демократска Република Конго"
lv-lv,mk-mk,"Kontinentālā Zemes garoza","Земјина кора"
lv-lv,mk-mk,"Koronija ezers","Лагадинско Езеро"
lv-lv,mk-mk,"Korāns","Куран"
lv-lv,mk-mk,"Kosmiskā telpa","Простор"
lv-lv,mk-mk,"Kosova un Metohija","Косово"
lv-lv,mk-mk,"Kostromas apgabals","Костромска област"
lv-lv,mk-mk,"Kotdivuāra","Брег на Слоновата Коска"
lv-lv,mk-mk,"Kotdivuāras futbola izlase","Национален фудбалски тим на Брегот на Слоновата Коска"
lv-lv,mk-mk,"Krievijas PFSR","Руска СФСР"
lv-lv,mk-mk,"Krievu valoda","Руски јазик"
lv-lv,mk-mk,"Krievu-turku kari","Руско-Турска војна"
lv-lv,mk-mk,"Krievu-turku karš","Руско-Турска војна"
lv-lv,mk-mk,"Kristofors Kolumbs","Кристофер Колумбо"
lv-lv,mk-mk,"Kristāls","Кристал"
lv-lv,mk-mk,"Krusta kari","Крстоносни војни"
lv-lv,mk-mk,"Krustu kauls","Безобразлук"
lv-lv,mk-mk,"Kubas prezidenti","Претседател на Куба"
lv-lv,mk-mk,"Kukaiņi","Инсект"
lv-lv,mk-mk,"Kurdistāna","Курдистан"
lv-lv,mk-mk,"Kurts Vonnegūts","Курт Вонегат"
lv-lv,mk-mk,"Kuņģis","Желудник"
lv-lv,mk-mk,"Kušanas temperatūra","Точка на топење"
lv-lv,mk-mk,"Kvadrātkilometrs","Квадратен километар"
lv-lv,mk-mk,"Kvadrāts","Квадрат"
lv-lv,mk-mk,"Kvalitāte","Квалитет"
lv-lv,mk-mk,"Kvantu mehānika","Квантна механика"
lv-lv,mk-mk,"Kvarca rezonators","Кристал"
lv-lv,mk-mk,"Kālijs","Калиум"
lv-lv,mk-mk,"Kāpa","Дина"
lv-lv,mk-mk,"Kārlis Markss","Карл Маркс"
lv-lv,mk-mk,"Lagoarhentino ezers","Аргентина"
lv-lv,mk-mk,"Laika josla","Временска зона"
lv-lv,mk-mk,"Laika zona","Временска зона"
lv-lv,mk-mk,"Lasāmatmiņa","ROM меморија"
lv-lv,mk-mk,"Latviešu valoda","Латвиски јазик"
lv-lv,mk-mk,"Latīņu alfabēts","Латиница"
lv-lv,mk-mk,"Latīņu valoda","Латински јазик"
lv-lv,mk-mk,"Led Zeppelin","Led Zeppelin"
lv-lv,mk-mk,"Leonardo da Vinči","Леонардо да Винчи"
lv-lv,mk-mk,"Leonards Eilers","Леонард Ојлер"
lv-lv,mk-mk,"Leņķis","Агол"
lv-lv,mk-mk,"Libāna","Либан"
lv-lv,mk-mk,"Libērija","Либерија"
lv-lv,mk-mk,"Lielais Barjerrifs","Голем корален гребен"
lv-lv,mk-mk,"Lielais Sprādziens","Биг Бенг"
lv-lv,mk-mk,"Lielais sprādziens","Биг Бенг"
lv-lv,mk-mk,"Lielie ezeri","Големите езера"
lv-lv,mk-mk,"Lietuviešu valoda","Литвански јазик"
lv-lv,mk-mk,"Lietvārds","Имe"
lv-lv,mk-mk,"Limfrites sistēma","Лимфен систем"
lv-lv,mk-mk,"Linuss Torvalds","Линус Торвалдс"
lv-lv,mk-mk,"Linux distributīvs","Линукс"
lv-lv,mk-mk,"Liva un Livtrasirs","Живот"
lv-lv,mk-mk,"Lokālais tīkls","Локална мрежа"
lv-lv,mk-mk,"Ludvigs van Bēthovens","Лудвиг ван Бетовен"
lv-lv,mk-mk,"Luiziāna","Луизијана"
lv-lv,mk-mk,"Lācis","Мечка"
lv-lv,mk-mk,"Lāzers","Ласер"
lv-lv,mk-mk,"Maksteņu kārta","Воден молец"
lv-lv,mk-mk,"Malāvija","Малави"
lv-lv,mk-mk,"Managvas ezers","Манагва"
lv-lv,mk-mk,"Manchester United F.C.","ФК Манчестер Јунајтед"
lv-lv,mk-mk,"Manchester United","ФК Манчестер Јунајтед"
lv-lv,mk-mk,"Mangāns","Манган"
lv-lv,mk-mk,"Manhetenas projekts","Менхетн"
lv-lv,mk-mk,"Mao Dzeduns","Мао Це Тунг"
lv-lv,mk-mk,"Marija Kirī","Марија Склодовска - Кири"
lv-lv,mk-mk,"Marsels Prusts","Марсел Пруст"
lv-lv,mk-mk,"Masačūsetsa","Масачусетс"
lv-lv,mk-mk,"Maskavas apgabals","Московска област"
lv-lv,mk-mk,"Masu mediji","Медиуми"
lv-lv,mk-mk,"Matemātika","Математика"
lv-lv,mk-mk,"Mauritānija","Мавританија"
lv-lv,mk-mk,"Mazovijas vojevodiste","Мазовско војводство"
lv-lv,mk-mk,"Maķedonijas Futbola Federācija","Фудбалска Федерација на Македонија"
lv-lv,mk-mk,"Maķedonijas Republika","Република Македонија"
lv-lv,mk-mk,"Maķedonijas pilsētu uzskaitījums","Листа на градови во Република Македонија"
lv-lv,mk-mk,"Mehmeds V","Мехмед V"
lv-lv,mk-mk,"Mehānika","Механика"
lv-lv,mk-mk,"Meklenburga-Priekšpomerānija","Мекленбург-Западна Померанија"
lv-lv,mk-mk,"Melnā jūra","Црно Море"
lv-lv,mk-mk,"Membrāna","Клеточна мембрана"
lv-lv,mk-mk,"Menas sala","Мејн"
lv-lv,mk-mk,"Metāls","Метал"
lv-lv,mk-mk,"Metāns","Метан"
lv-lv,mk-mk,"Microsoft Windows","Microsoft Windows"
lv-lv,mk-mk,"Micēlijs","Талус"
lv-lv,mk-mk,"Mihails Bulgakovs","Михаил Булгаков"
lv-lv,mk-mk,"Mihails Ļermontovs","Михаил Јурјевич Лермонтов"
lv-lv,mk-mk,"Milans Kundera","Милан Кундера"
lv-lv,mk-mk,"Milāna","Милано"
lv-lv,mk-mk,"Minerāls","Минерал"
lv-lv,mk-mk,"Mičigana","Мичиген"
lv-lv,mk-mk,"Mičigans","Мичиген"
lv-lv,mk-mk,"Monty Python","Монти Пајтон"
lv-lv,mk-mk,"Montāna","Монтана"
lv-lv,mk-mk,"Monēta","Монета"
lv-lv,mk-mk,"Moriss Kornēlijs Ešērs","Мауриц Корнелис Ешер"
lv-lv,mk-mk,"Morāle","Морал"
lv-lv,mk-mk,"Motoru sports","Моторни трки"
lv-lv,mk-mk,"Multiplikācija","Анимација"
lv-lv,mk-mk,"Mustafa Kemals Ataturks","Кемал Ататурк"
lv-lv,mk-mk,"Mājas lapa","Веб страница"
lv-lv,mk-mk,"Mākonis","Облак"
lv-lv,mk-mk,"Mākoņi","Облак"
lv-lv,mk-mk,"Māli","Мол"
lv-lv,mk-mk,"Māls","Мол"
lv-lv,mk-mk,"Māni","Природен сателит"
lv-lv,mk-mk,"Mārketings","Маркетинг"
lv-lv,mk-mk,"Mārtiņš Luters","Мартин Лутер"
lv-lv,mk-mk,"Māte Terēze","Мајка Тереза"
lv-lv,mk-mk,"Mēle","Јазик"
lv-lv,mk-mk,"Mēnesis","Месец"
lv-lv,mk-mk,"Mēness","Месечина"
lv-lv,mk-mk,"Mērilenda","Мериленд"
lv-lv,mk-mk,"Nacionālisms","Национализам"
lv-lv,mk-mk,"Napoleons Bonaparts","Наполеон Бонапарт"
lv-lv,mk-mk,"Naturāls skaitlis","Природен број"
lv-lv,mk-mk,"Neatkarīgo Valstu Savienība","Заедница на независни држави"
lv-lv,mk-mk,"Nebukadnecars II","Навуходонозор"
lv-lv,mk-mk,"Nepāla","Непал"
lv-lv,mk-mk,"Niagāras ūdenskritums","Нијагарини водопади"
lv-lv,mk-mk,"Nigēra","Нигер"
lv-lv,mk-mk,"Nigērija","Нигерија"
lv-lv,mk-mk,"Nikaragvas ezers","Никарагва"
lv-lv,mk-mk,"Nikola Tesla","Никола Тесла"
lv-lv,mk-mk,"Nikolajs Gogolis","Николај Васиљевич Гогољ"
lv-lv,mk-mk,"Nikolo Makjavelli","Николо Макијавели"
lv-lv,mk-mk,"Nikolā Sarkozī","Никола Саркози"
lv-lv,mk-mk,"Njasa ezers","Малави"
lv-lv,mk-mk,"Noams Čomskis","Ноам Чомски"
lv-lv,mk-mk,"Nobela prēmija","Нобелова награда"
lv-lv,mk-mk,"Norvēģija","Норвешка"
lv-lv,mk-mk,"Norvēģu jūra","Норвешко Море"
lv-lv,mk-mk,"Norvēģu valoda","Норвешки јазик"
lv-lv,mk-mk,"Noziegums un sods","Злосторство и казна"
lv-lv,mk-mk,"Nukleīnskābes","Нуклеинска киселина"
lv-lv,mk-mk,"Numismātika","Нумизматика"
lv-lv,mk-mk,"Nātrija hidroksīds","Натриум хидроксид"
lv-lv,mk-mk,"Nātrija hlorīds",Соли
lv-lv,mk-mk,"Nātrijs","Натриум"
lv-lv,mk-mk,"Nāves jūra","Мртво Mоре"
lv-lv,mk-mk,"Nīderlandes futbola izlase","Национален фудбалски тим на Холандија"
lv-lv,mk-mk,"Nīderlandiešu valoda","Холандски јазик"
lv-lv,mk-mk,"Nīlss Bors","Нилс Бор"
lv-lv,mk-mk,"Oglekļa dioksīds","Јаглерод диоксид"
lv-lv,mk-mk,"Ogļhidrāti","Јаглехидрат"
lv-lv,mk-mk,"Ogļūdeņraži","Јаглеводород"
lv-lv,mk-mk,"Ohridas ezers","Охридско Езеро"
lv-lv,mk-mk,"Okeānija","Океанија"
lv-lv,mk-mk,"Okeāns","Океан"
lv-lv,mk-mk,"Oktavs Mirbo","Октав Мирбо"
lv-lv,mk-mk,"Oktobra revolūcija","Октомвриска револуција"
lv-lv,mk-mk,"Olimpiskās spēles","Олимпијада"
lv-lv,mk-mk,"Omāna","Оман"
lv-lv,mk-mk,"Ontoģenēze","Онтогенеза"
lv-lv,mk-mk,"Operacionālā sistēma","Оперативен систем"
lv-lv,mk-mk,"Operētājsistēma","Оперативен систем"
lv-lv,mk-mk,"Organiskā ķīmija","Органска хемија"
lv-lv,mk-mk,"Organismu klasifikācija","Систематика"
lv-lv,mk-mk,"Orgāni","Орган"
lv-lv,mk-mk,"Osama bin Ladens","Осама бин Ладен"
lv-lv,mk-mk,"Oskara Galveza autodroms","Буенос Аирес"
lv-lv,mk-mk,"Osmaņu impērija","Отоманска Империја"
lv-lv,mk-mk,"Osmāņu impērija","Отоманска Империја"
lv-lv,mk-mk,"Oto fon Bismarks","Ото фон Бизмарк"
lv-lv,mk-mk,"Otrais pasaules karš","Втора Светска војна"
lv-lv,mk-mk,"Padomju Savienība","Сојуз на Советските Социјалистички Републики"
lv-lv,mk-mk,"Padomju Sociālistiskās Republikas","Републики на Советскиот Сојуз"
lv-lv,mk-mk,"Pakistāna","Пакистан"
lv-lv,mk-mk,"Panevēža","Паневежис"
lv-lv,mk-mk,"Panevēžas apriņķis","Паневежис"
lv-lv,mk-mk,"Par Ģermānijas atrašanās vietu un tautām","Германија"
lv-lv,mk-mk,"Partizānu karš","Партизан"
lv-lv,mk-mk,"Paskāls","Паскал"
lv-lv,mk-mk,"Patiesā Jēzus Baznīca","Вистинска црква на Исус"
lv-lv,mk-mk,"Pašā","Паша"
lv-lv,mk-mk,"Pensilvānija","Пенсилванија"
lv-lv,mk-mk,"Personālais dators","Персонален компјутер"
lv-lv,mk-mk,"Piena Ceļš","Млечен пат"
lv-lv,mk-mk,"Pilsēta","Град"
lv-lv,mk-mk,"Pirmais pasaules karš","Прва Светска војна"
lv-lv,mk-mk,"Pirmsvasas augi","Мов"
lv-lv,mk-mk,"Plakantārpi","Сплескани црви"
lv-lv,mk-mk,"Planēta","Планета"
lv-lv,mk-mk,"Plēsīgs putns","Граблива птица"
lv-lv,mk-mk,"Pols Gogēns","Пол Гоген"
lv-lv,mk-mk,"Pols Makartnijs","Пол Мекартни"
lv-lv,mk-mk,"Portugāļu valoda","Португалски јазик"
lv-lv,mk-mk,"Posmkāji",Членконоги
lv-lv,mk-mk,"Poļu valoda","Полски јазик"
lv-lv,mk-mk,"Prespas ezers","Преспанско Езеро"
lv-lv,mk-mk,"Priežu rinda","Голосеменици"
lv-lv,mk-mk,"Programmēšanas paradigma","Парадигма"
lv-lv,mk-mk,"Prāga","Прага"
lv-lv,mk-mk,"Pāns","Леб"
lv-lv,mk-mk,"Pēteris I","Петар Велики"
lv-lv,mk-mk,"Pēteris Čaikovskis","Петар Илич Чајковски"
lv-lv,mk-mk,"RKK Eņergija","Енергија"
lv-lv,mk-mk,"Racionāls skaitlis","Рационален број"
lv-lv,mk-mk,"Reformācija","Протестантска реформација"
lv-lv,mk-mk,"Rejs Bredberijs","Реј Бредбери"
lv-lv,mk-mk,"Relativitātes teorija","Теорија на релативитет"
lv-lv,mk-mk,"Renē Dekarts","Рене Декарт"
lv-lv,mk-mk,"Resnā zarna","Дебело црево"
lv-lv,mk-mk,"Reālo skaitļu kopa","Реален број"
lv-lv,mk-mk,"Reāls skaitlis","Реален број"
lv-lv,mk-mk,"Ribonukleīnskābe","РНК"
lv-lv,mk-mk,"Rietumsahāra","Западна Сахара"
lv-lv,mk-mk,"Rihards Vāgners","Рихард Вагнер"
lv-lv,mk-mk,"Rijāda","Ер Ријад"
lv-lv,mk-mk,"Ringo Stārs","Ринго Стар"
lv-lv,mk-mk,"Ričards Stalmans","Ричард Сталман"
lv-lv,mk-mk,"Riņķis","Периметар"
lv-lv,mk-mk,"Robert Kurz","Robert Kurz"
lv-lv,mk-mk,"Roberts Luiss Stīvensons","Роберт Луис Стивенсон"
lv-lv,mk-mk,"Romas impērija","Римска империја"
lv-lv,mk-mk,"Romas līgums","Договорот од Рим"
lv-lv,mk-mk,"Romas pāvests","Папа"
lv-lv,mk-mk,"Romiešu ceļš","Млечен пат"
lv-lv,mk-mk,"Romiešu literatūra","Римска книжевност"
lv-lv,mk-mk,"Romāns","Роман"
lv-lv,mk-mk,"Rumānija","Романија"
lv-lv,mk-mk,"Rumāņu valoda","Романски јазик"
lv-lv,mk-mk,"Rādijs","Радио"
lv-lv,mk-mk,"Rādiuss","Радиус"
lv-lv,mk-mk,"Rāpulis","Влечуги"
lv-lv,mk-mk,"Rīgas Starptautiskā Lidosta","Рига"
lv-lv,mk-mk,"Rīgas rajons","Рига"
lv-lv,mk-mk,"Rūdolfs Dīzels","Рудолф Дизел"
lv-lv,mk-mk,"S.S. Lazio","Лацио"
lv-lv,mk-mk,"Sahāras tuksnesis","Сахара"
lv-lv,mk-mk,"Salmans Rušdi","Салман Ружди"
lv-lv,mk-mk,"Salu valsts","Островска држава"
lv-lv,mk-mk,"Salu valstu saraksts","Островска држава"
lv-lv,mk-mk,"Sanktpēterburga","Санкт-Петербург"
lv-lv,mk-mk,"Santome un Prinsipi","Сао Томе и Принсипе"
lv-lv,mk-mk,"Saules sistēma","Сончев систем"
lv-lv,mk-mk,"Seišelu salas","Сејшели"
lv-lv,mk-mk,"Selēns",Селен
lv-lv,mk-mk,"Senegāla",Сенегал
lv-lv,mk-mk,"Sengrieķu literatūra","Грчка литература"
lv-lv,mk-mk,"Sentvinsenta un Grenadīnas","Свети Винсент и Гренадини"
lv-lv,mk-mk,"Senā Grieķija","Античка Грција"
lv-lv,mk-mk,"Senā Ēģipte","Стар Египет"
lv-lv,mk-mk,"Septiņi pasaules brīnumi","Седум светски чуда"
lv-lv,mk-mk,"Serbija un Melnkalne","Србија и Црна Гора"
lv-lv,mk-mk,"Serbijas Futbola Asociācija","Национален фудбалски тим на Србија и Црна Гора"
lv-lv,mk-mk,"Serbijas futbola izlase","Национален фудбалски тим на Србија и Црна Гора"
lv-lv,mk-mk,"Serbu valoda","Српски јазик"
lv-lv,mk-mk,"Sergejs Jeseņins","Сергеј Александрович Есенин"
lv-lv,mk-mk,"Silvio Berluskoni","Силвио Берлускони"
lv-lv,mk-mk,"Sirreālisms","Надреализам"
lv-lv,mk-mk,"Sistemātika","Систематика"
lv-lv,mk-mk,"Skaņa","Звук"
lv-lv,mk-mk,"Skaņas ātrums","Брзина на звук"
lv-lv,mk-mk,"Skābe","Киселина"
lv-lv,mk-mk,"Skābeklis","Кислород"
lv-lv,mk-mk,"Skābs","Киселина"
lv-lv,mk-mk,"Slovākija","Словачка"
lv-lv,mk-mk,"Slovēnija","Словенија"
lv-lv,mk-mk,"Slāpeklis","Азот"
lv-lv,mk-mk,"Slāvu valodas","Словенски јазици"
lv-lv,mk-mk,"Smagais metāls","Хеви метал музика"
lv-lv,mk-mk,"Sociālisms","Социјализам"
lv-lv,mk-mk,"Somu valoda","Фински јазик"
lv-lv,mk-mk,"Somālija","Сомалија"
lv-lv,mk-mk,"Somālijas pussala","Сомалија"
lv-lv,mk-mk,"Sporta veidi","Видови на спортови"
lv-lv,mk-mk,"Sprāgstvielas","Експлозив"
lv-lv,mk-mk,"Spānija","Шпанија"
lv-lv,mk-mk,"Spānijas pilsoņu karš","Шпанска граѓанска војна"
lv-lv,mk-mk,"Spāņu valoda","Шпански јазик"
lv-lv,mk-mk,"Spēks",Сила
lv-lv,mk-mk,"Spēle","Игри"
lv-lv,mk-mk,"Stara Zagora","Стара Загора"
lv-lv,mk-mk,"Starptautiskais valūtas fonds","Меѓународен Монетарен Фонд"
lv-lv,mk-mk,"Staņislavs Lems","Станислав Лем"
lv-lv,mk-mk,"Stefans Banahs","Стефан Банах"
lv-lv,mk-mk,"Stikla šķiedra","Оптички влакна"
lv-lv,mk-mk,"Stikls Seguso","Стакло Seguso"
lv-lv,mk-mk,"Stokholmas lēnis","Стокхолм"
lv-lv,mk-mk,"Stratēģija","Воена тактика"
lv-lv,mk-mk,"Stīvs Džobss","Стив Џобс"
lv-lv,mk-mk,"Sudāna","Судан"
lv-lv,mk-mk,"Suverēno valstu saraksts","Листа на земјите во светот"
lv-lv,mk-mk,"Suverēno valstu uzskaitījums","Листа на земјите во светот"
lv-lv,mk-mk,"Sv. Augustīns","Свети Августин"
lv-lv,mk-mk,"Svētais Kirils","Св.Кирил и Методиј"
lv-lv,mk-mk,"Svētdien","Недела"
lv-lv,mk-mk,"Svētdiena","Недела"
lv-lv,mk-mk,"Svētā Sofija","Црква “Света Софија“ Истанбул"
lv-lv,mk-mk,"System of a Down","System of a Down"
lv-lv,mk-mk,"Sākumlapa","Главна страница"
lv-lv,mk-mk,"Sāls",Соли
lv-lv,mk-mk,"Sārms","База"
lv-lv,mk-mk,"Sārmu metāli","Алкален метал"
lv-lv,mk-mk,"Sārmzemju metāli","Земноалкален метал"
lv-lv,mk-mk,"Sēne","Габа"
lv-lv,mk-mk,"Sēnes","Габа"
lv-lv,mk-mk,"Sērens Kjerkegors","Серен Кјеркегор"
lv-lv,mk-mk,"Sērs","Сулфур"
lv-lv,mk-mk,"Sēta","Јарда"
lv-lv,mk-mk,"Sūcējtārpi","Метили"
lv-lv,mk-mk,"Tadžikijas PSR","Таџикистанска ССР"
lv-lv,mk-mk,"Tadžikistāna","Таџикистан"
lv-lv,mk-mk,"Tanganjikas ezers","Тангањика"
lv-lv,mk-mk,"Tanzānija","Танзанија"
lv-lv,mk-mk,"Tasmāna jūra","Тасманово Море"
lv-lv,mk-mk,"Tatarstāna","Татарстан"
lv-lv,mk-mk,"Taukskābe","Масна киселина"
lv-lv,mk-mk,"Taupo ezers","Таупо"
lv-lv,mk-mk,"Teherāna","Техеран"
lv-lv,mk-mk,"Teherānas ostāns","Техеран"
lv-lv,mk-mk,"Templiešu ordenis","Витези-Темплари"
lv-lv,mk-mk,"Termobāriskie ieroči","Термобарско оружје"
lv-lv,mk-mk,"Teātris","Театар"
lv-lv,mk-mk,"The Beatles","Битлс"
lv-lv,mk-mk,"The Cure","The Cure"
lv-lv,mk-mk,"The Rolling Stones","The Rolling Stones"
lv-lv,mk-mk,"Ticības apliecinājums islāmā","Шехадет"
lv-lv,mk-mk,"Tirāna","Тирана"
lv-lv,mk-mk,"Titikakas ezers","Титикака"
lv-lv,mk-mk,"Titāniks","Титаник"
lv-lv,mk-mk,"Tjumeņas apgabals","Тјуменска област"
lv-lv,mk-mk,"Tjurku valodas","Турски јазик"
lv-lv,mk-mk,"Tomass Edisons","Томас Алва Едисон"
lv-lv,mk-mk,"Tomass Manns","Томас Ман"
lv-lv,mk-mk,"Tonalitāte","Клуч"
lv-lv,mk-mk,"Tonijs Blērs","Тони Блер"
lv-lv,mk-mk,"Totalitārisms","Тоталитаризам"
lv-lv,mk-mk,"Trikarbonskābju cikls","Кребсов циклус"
lv-lv,mk-mk,"Trinidada un Tobago","Тринидад и Тобаго"
lv-lv,mk-mk,"Trinidāda un Tobāgo","Тринидад и Тобаго"
lv-lv,mk-mk,"Trinidāda","Тринидад, Куба"
lv-lv,mk-mk,"Trīs laikmetu sistēma","Трипериоден систем"
lv-lv,mk-mk,"Tulas apgabals","Тулска област"
lv-lv,mk-mk,"Tunikāti","Туникати"
lv-lv,mk-mk,"Turku valoda","Турски јазик"
lv-lv,mk-mk,"Tuvie Austrumi","Близок Исток"
lv-lv,mk-mk,"Tvaika dzinējs","Парна машина"
lv-lv,mk-mk,"TÄÂ«mekÄÂ¼a vietne","ÐÂ ÐÂµÐÂ±-ïÂ¿Â½?ÐÂ°ÑÂ ÑÂ"
lv-lv,mk-mk,"Tēbe",Теба
lv-lv,mk-mk,"Tēja","Чај"
lv-lv,mk-mk,"Tējas tase","Чајна шолја"
lv-lv,mk-mk,"Tēlniecība","Вајарство"
lv-lv,mk-mk,"Tīmekļa lappuse","Веб страница"
lv-lv,mk-mk,"Tīmekļa pārlūkprogramma","Веб прелистувач"
lv-lv,mk-mk,"Tīmekļa sindikācija","Политичка партија"
lv-lv,mk-mk,"Tīmekļa vietne","Веб-сајт"
lv-lv,mk-mk,"Tīmekļa žurnāls","Блог"
lv-lv,mk-mk,"Tūkstoš un vienas nakts pasakas","Илјада и една ноќ"
lv-lv,mk-mk,"Ukrainas himna","Ще не вмерла Україна"
lv-lv,mk-mk,"Ultravioletais starojums","Ултравиолетова светлина"
lv-lv,mk-mk,"Umberto Eko","Умберто Еко"
lv-lv,mk-mk,"Ungārija","Унгарија"
lv-lv,mk-mk,"Ungāru valoda","Унгарски јазик"
lv-lv,mk-mk,"Universālais koordinētais laiks","Координирано универзално време"
lv-lv,mk-mk,"Urāla","Уралски федерален округ"
lv-lv,mk-mk,"Urāli","Уралски федерален округ"
lv-lv,mk-mk,"Urāns","Уран"
lv-lv,mk-mk,"Valoda Java","Јава"
lv-lv,mk-mk,"Valsts himna","Национална химна"
lv-lv,mk-mk,"Valsts nodevība","Велепредавство"
lv-lv,mk-mk,"Valsts valoda","Официјален јазик"
lv-lv,mk-mk,"Vasko da Gama","Васко де Гама"
lv-lv,mk-mk,"Vatikāns","Ватикан"
lv-lv,mk-mk,"Veimāra","Вајмар"
lv-lv,mk-mk,"Veimāras republika","Вајмарска Република"
lv-lv,mk-mk,"Venecuēla","Венецуела"
lv-lv,mk-mk,"Venēcija","Венеција"
lv-lv,mk-mk,"Venēra","Венера"
lv-lv,mk-mk,"VfB Stuttgart","Штутгарт"
lv-lv,mk-mk,"Vienmēr","Секогаш"
lv-lv,mk-mk,"Viesuļvētra","Тропски циклон"
lv-lv,mk-mk,"Vikipēdija","Википедија"
lv-lv,mk-mk,"Viktorijas ezers","Езеро Викторија"
lv-lv,mk-mk,"Viktors Igo","Виктор Иго"
lv-lv,mk-mk,"Viktors Janukovičs","Виктор Јанукович"
lv-lv,mk-mk,"Viktors Juščenko","Виктор Јушченко"
lv-lv,mk-mk,"Vilems van Elsts","Вилем ван Алст"
lv-lv,mk-mk,"Vilhelms Šteinics","Вилхелм Штајниц"
lv-lv,mk-mk,"Viljams Folkners","Вилијам Фокнер"
lv-lv,mk-mk,"Viljams Šekspīrs","Вилијам Шекспир"
lv-lv,mk-mk,"Vimbldonas čempionāts","Вимблдон"
lv-lv,mk-mk,"Vinsents van Gogs","Винсент ван Гог"
lv-lv,mk-mk,"Vinstons Čērčils","Винстон Черчил"
lv-lv,mk-mk,"Viršanas temperatūra","Точка на вриење"
lv-lv,mk-mk,"Vispārējā cilvēktiesību deklarācija","Декларација за правата на човекот"
lv-lv,mk-mk,"Viļņa","Вилнус"
lv-lv,mk-mk,"Viļņas apriņķis","Вилнус"
lv-lv,mk-mk,"Vladimiras apgabals","Владимирска област"
lv-lv,mk-mk,"Vladimirs Putins","Владимир Путин"
lv-lv,mk-mk,"Volfgangs Amadejs Mocarts","Волфганг Амадеус Моцарт"
lv-lv,mk-mk,"Volgogradas apgabals","Волгоградска област"
lv-lv,mk-mk,"Voltērs","Франсоа Волтер"
lv-lv,mk-mk,"Volvi ezers","Бешичко Езеро"
lv-lv,mk-mk,"Vulkāns","Вулкан"
lv-lv,mk-mk,"Vācieši","Германци"
lv-lv,mk-mk,"Vācija","Германија"
lv-lv,mk-mk,"Vācijas federālās zemes","Сојузни покраини во Германија"
lv-lv,mk-mk,"Vācijas pilsētu uzskaitījums","Листа на градови во Германија"
lv-lv,mk-mk,"Vācu valoda","Германски јазик"
lv-lv,mk-mk,"Vārds","Збор"
lv-lv,mk-mk,"Vēders","Желудник"
lv-lv,mk-mk,"Vējš","Ветер"
lv-lv,mk-mk,"Vēnas","Вена"
lv-lv,mk-mk,"Vērmonta","Вермонт"
lv-lv,mk-mk,"Vēsture","Историја"
lv-lv,mk-mk,"Vēzis","Рак"
lv-lv,mk-mk,"Zemes atmosfēra","Атмосфера"
lv-lv,mk-mk,"Zemes garoza","Земјина кора"
lv-lv,mk-mk,"Zemes mākslīgais pavadonis","Природен сателит"
lv-lv,mk-mk,"Ziemeļreina-Vestfālene","Северна Рајна-Вестфалија"
lv-lv,mk-mk,"Ziemeļu Ledus okeāns","Северен Леден Океан"
lv-lv,mk-mk,"Zigmunds Freids","Зигмунд Фројд"
lv-lv,mk-mk,"Zinātne","Наука"
lv-lv,mk-mk,"Zinātniskā fantastika","Научна фантастика"
lv-lv,mk-mk,"Zināšanas","Знаење"
lv-lv,mk-mk,"Zodiaka zvaigznāji","Зодијак"
lv-lv,mk-mk,"Zvaigžņu ceļš","Ѕвездени патеки"
lv-lv,mk-mk,"Zviedrijas komūnas","Општина"
lv-lv,mk-mk,"Zviedru valoda","Шведски јазик"
lv-lv,mk-mk,"Zālamana salas","Соломонови Острови"
lv-lv,mk-mk,"Zāles","Здравје"
lv-lv,mk-mk,"Zāles","Медицина"
lv-lv,mk-mk,"Zāra","Сар"
lv-lv,mk-mk,"Zīdītāji","Цицачи"
lv-lv,mk-mk,"Āda","Кожа"
lv-lv,mk-mk,"Ādolfs Hitlers","Адолф Хитлер"
lv-lv,mk-mk,"Āfrika","Африка"
lv-lv,mk-mk,"Ārkanzasa","Арканзас"
lv-lv,mk-mk,"Ārstniecības kumelīte","Лајка"
lv-lv,mk-mk,"Ātrums","Брзина"
lv-lv,mk-mk,"Āzija","Азија"
lv-lv,mk-mk,"Āži","Коњ"
lv-lv,mk-mk,"Čada ezers",Чад
lv-lv,mk-mk,"Čada",Чад
lv-lv,mk-mk,"Če Gevara","Че Гевара"
lv-lv,mk-mk,"Čehija","Чешка"
lv-lv,mk-mk,"Čehoslovākija","Чехословачка"
lv-lv,mk-mk,"Čehu valoda","Чешки јазик"
lv-lv,mk-mk,"Čells","Виолончело"
lv-lv,mk-mk,"Četrstūris","Четириаголник"
lv-lv,mk-mk,"Čikāga",Чикаго
lv-lv,mk-mk,"Čārlzs Darvins","Чарлс Дарвин"
lv-lv,mk-mk,"Čārlzs Dikenss","Чарлс Дикенс"
lv-lv,mk-mk,"Čīle",Чиле
lv-lv,mk-mk,"Ēri ezers","Ири"
lv-lv,mk-mk,"Ērihs Fromms","Ерих Фром"
lv-lv,mk-mk,"Ēteri","Етер"
lv-lv,mk-mk,"Ētika","Етика"
lv-lv,mk-mk,"Ēzops","Езопови басни"
lv-lv,mk-mk,"Ēģipte","Египет"
lv-lv,mk-mk,"Ģenētika","Генетика"
lv-lv,mk-mk,"Ģeogrāfija","Географија"
lv-lv,mk-mk,"Ģermānija","Германија"
lv-lv,mk-mk,"Ģitāra","Гитара"
lv-lv,mk-mk,"Īsais stāsts","Расказ"
lv-lv,mk-mk,"Īzaks Ņūtons","Исак Њутн"
lv-lv,mk-mk,"Ķērpji","Лишаи"
lv-lv,mk-mk,"Ķīmiskais elements","Хемиски елемент"
lv-lv,mk-mk,"Ķīmisko elementu periodiskā tabula","Периоден систем на елементите"
lv-lv,mk-mk,"Ķīmiskā reakcija","Хемиска реакција"
lv-lv,mk-mk,"Ķīmiskā saite","Хемиска врска"
lv-lv,mk-mk,"Ķīmiskā viela","Супстанција"
lv-lv,mk-mk,"Ļeņingradas apgabals","Ленинградска област"
lv-lv,mk-mk,"Ļeņins","Владимир Илич Ленин"
lv-lv,mk-mk,"Ņižņijnovgoroda","Нижни Новгород"
lv-lv,mk-mk,"Ņižņijnovgorodas apgabals","Нижегородска област"
lv-lv,mk-mk,"Ņujorka","Њујорк Сити"
lv-lv,mk-mk,"Ņūdžersija","Њу Џерси"
lv-lv,mk-mk,"Ņūhempšīra","Њу Хемпшир"
lv-lv,mk-mk,"Ņūmeksika","Њу Мексико"
lv-lv,mk-mk,"Ņūtona likumi","Њутнови закони на движење"
lv-lv,mk-mk,"Ņūtons","Њутн"
lv-lv,mk-mk,"Šahs","Шах"
lv-lv,mk-mk,"Šakālis","Обичен шакал"
lv-lv,mk-mk,"Šanhaja","Шангај"
lv-lv,mk-mk,"Šanhajas trase","Шангај"
lv-lv,mk-mk,"Šarls Bodlērs","Шарл Бодлер"
lv-lv,mk-mk,"Šaujampulveris","Барут"
lv-lv,mk-mk,"Škodra","Скадар"
lv-lv,mk-mk,"Šlēzviga-Holšteina","Шлезвиг-Холштајн"
lv-lv,mk-mk,"Štutgarte","Штутгарт"
lv-lv,mk-mk,"Šumera","Сумер"
lv-lv,mk-mk,"Šveice","Швајцарија"
lv-lv,mk-mk,"Šķidrs","Флуид"
lv-lv,mk-mk,"Šķidrums","Течност"
lv-lv,mk-mk,"Šķīdums","Раствор"
lv-lv,mk-mk,"Šūna","Клетка"
lv-lv,mk-mk,"Šūnas kodols","Клеточно јадро"
lv-lv,mk-mk,"Šūnas membrāna","Клеточна мембрана"
lv-lv,mk-mk,"Šūnas organoīdi","Органела"
lv-lv,mk-mk,"Ūdeņradis","Водород"
lv-lv,mk-mk,"Žaks Širaks","Жак Ширак"
lv-lv,mk-mk,"Žanna d'Arka","Јованка Орлеанка"
lv-lv,mk-mk,"Žanna d’Arka","Јованка Орлеанка"
lv-lv,mk-mk,"Žans Pols Sartrs","Жан-Пол Сартр"
lv-lv,mk-mk,"Žans Žaks Ruso","Жан Жак Русо"
lv-lv,mk-mk,1/min,"Вртежи во минута"
lv-lv,mk-mk,ADSL,"АДСЛ"
lv-lv,mk-mk,AIDS,"СИДА"
lv-lv,mk-mk,Abinieki,"Водоземец"
lv-lv,mk-mk,Abudža,"Абуџа"
lv-lv,mk-mk,Acs,"Око"
lv-lv,mk-mk,Afrodīte,"Афродита"
lv-lv,mk-mk,Agnosticisms,"Агностицизам"
lv-lv,mk-mk,Aidaho,"Ајдахо"
lv-lv,mk-mk,Aikido,"Аикидо"
lv-lv,mk-mk,Ainava,"Пејзажно сликарство"
lv-lv,mk-mk,Aiova,"Ајова"
lv-lv,mk-mk,Aknas,"Црн дроб"
lv-lv,mk-mk,Akri,"Акра"
lv-lv,mk-mk,Aksioma,"Аксиома"
lv-lv,mk-mk,Ala,"Пештера"
lv-lv,mk-mk,Alabama,"Алабама"
lv-lv,mk-mk,Alas,"Пештера"
lv-lv,mk-mk,Albertparks,"Мелбурн"
lv-lv,mk-mk,Aldehīdi,"Алдехид"
lv-lv,mk-mk,Algebra,"Алгебра"
lv-lv,mk-mk,Algoritms,"Алгоритам"
lv-lv,mk-mk,Alkīni,"Алкин"
lv-lv,mk-mk,Alumīnijs,"Алуминиум"
lv-lv,mk-mk,Alus,"Пиво"
lv-lv,mk-mk,Alķīmija,"Алхемија"
lv-lv,mk-mk,Alžīrija,"Алжир"
lv-lv,mk-mk,Amazonasa,"Амазон"
lv-lv,mk-mk,Amazone,"Амазон"
lv-lv,mk-mk,Amerika,"Америка"
lv-lv,mk-mk,Amonjaks,"Амонијак"
lv-lv,mk-mk,Amsterdama,"Амстердам"
lv-lv,mk-mk,Amīdi,"Амид"
lv-lv,mk-mk,Amīni,"Амин"
lv-lv,mk-mk,Anaksimandrs,"Анаксимандар"
lv-lv,mk-mk,Anatomija,"Анатомија"
lv-lv,mk-mk,Andi,"Анди"
lv-lv,mk-mk,Andora,"Андора"
lv-lv,mk-mk,Andromeda,"Андромеда"
lv-lv,mk-mk,Anglija,"Англија"
lv-lv,mk-mk,Angola,"Ангола"
lv-lv,mk-mk,Angļi,"Англиски јазик"
lv-lv,mk-mk,Animisms,"Анимизам"
lv-lv,mk-mk,Ankara,"Анкара"
lv-lv,mk-mk,Antablements,"Перваз"
lv-lv,mk-mk,Antropoloģija,"Антропологија"
lv-lv,mk-mk,Apollons,"Аполон"
lv-lv,mk-mk,Aprīlis,"Април"
lv-lv,mk-mk,Arejs,"Арес"
lv-lv,mk-mk,Argentīna,"Аргентина"
lv-lv,mk-mk,Argons,"Аргон"
lv-lv,mk-mk,Arheoloģija,"Археологија"
lv-lv,mk-mk,Arhitektūra,"Архитектура"
lv-lv,mk-mk,Ariane,"Љубов на попладне"
lv-lv,mk-mk,Aristotelis,"Аристотел"
lv-lv,mk-mk,Arizona,"Аризона"
lv-lv,mk-mk,Arka,"Долг лак"
lv-lv,mk-mk,Arsenal,"ФК Арсенал"
lv-lv,mk-mk,Artemīda,"Артемида"
lv-lv,mk-mk,Aruba,"Аруба"
lv-lv,mk-mk,Asinis,"Крв"
lv-lv,mk-mk,Asins,"Крв"
lv-lv,mk-mk,Asinsvadi,"Крвни садови"
lv-lv,mk-mk,Aste,"Воз"
lv-lv,mk-mk,Asteroīds,"Астероид"
lv-lv,mk-mk,Astrofizika,"Астрофизика"
lv-lv,mk-mk,Astroloģija,"Астрологија"
lv-lv,mk-mk,Astronomija,"Астрономија"
lv-lv,mk-mk,Atbrīvošana,"Имунитет"
lv-lv,mk-mk,Atbrīvošana,"Имунолошки систем"
lv-lv,mk-mk,Ateisms,"Атеизам"
lv-lv,mk-mk,Atlantis,"Атлантида"
lv-lv,mk-mk,Atommasa,"Атомска маса"
lv-lv,mk-mk,Atoms,"Атом"
lv-lv,mk-mk,Audi,Ткиво
lv-lv,mk-mk,Augi,"Растенија"
lv-lv,mk-mk,Auglība,"Срце"
lv-lv,mk-mk,Augšezers,"Горно Езеро"
lv-lv,mk-mk,Auseklis,"Фосфор"
lv-lv,mk-mk,Austrija,"Австрија"
lv-lv,mk-mk,Austrumtimora,"Источен Тимор"
lv-lv,mk-mk,Automašīna,"Автомобил"
lv-lv,mk-mk,Automobilis,"Автомобил"
lv-lv,mk-mk,Aļaska,"Аљаска"
lv-lv,mk-mk,Aļģes,"Алги"
lv-lv,mk-mk,Babilona,"Вавилон"
lv-lv,mk-mk,Babska,"Бабск"
lv-lv,mk-mk,Bahamas,"Бахамски Острови"
lv-lv,mk-mk,Bahreina,"Бахрaин"
lv-lv,mk-mk,Bairons,"Џорџ Гордон Бајрон"
lv-lv,mk-mk,Baits,"Бајт"
lv-lv,mk-mk,Balsene,"Грклан"
lv-lv,mk-mk,Baltkrievi,"Белоруси"
lv-lv,mk-mk,Baltkrievija,"Белорусија"
lv-lv,mk-mk,Balts,"Бела боја"
lv-lv,mk-mk,Bandžula,"Банџул"
lv-lv,mk-mk,Bangkoka,"Бангкок"
lv-lv,mk-mk,Bangladeša,"Бангладеш"
lv-lv,mk-mk,Barbadosa,"Барбадос"
lv-lv,mk-mk,Barselona,"Барселона"
lv-lv,mk-mk,Barss,"Унца"
lv-lv,mk-mk,Barība,"Храна"
lv-lv,mk-mk,Basketbols,"Кошарка"
lv-lv,mk-mk,Baznīca,"Црква"
lv-lv,mk-mk,Beisbols,"Панкреас"
lv-lv,mk-mk,Bejs,"Бег"
lv-lv,mk-mk,Belarus,"Белорусија"
lv-lv,mk-mk,Belgrada,"Белград"
lv-lv,mk-mk,Beliza,"Белизе"
lv-lv,mk-mk,Benina,"Бенин"
lv-lv,mk-mk,Benzols,"Бензен"
lv-lv,mk-mk,Berilijs,"Берилиум"
lv-lv,mk-mk,Berils,"Берилиум"
lv-lv,mk-mk,Berlīne,"Берлин"
lv-lv,mk-mk,Beļģija,"Белгија"
lv-lv,mk-mk,Bioloģija,"Биологија"
lv-lv,mk-mk,Bioķīmija,"Биохемија"
lv-lv,mk-mk,Bitola,"Битола"
lv-lv,mk-mk,Bits,"Бит"
lv-lv,mk-mk,Bizantija,"Византија"
lv-lv,mk-mk,Blīvums,"Густина"
lv-lv,mk-mk,Bolīvija,"Боливија"
lv-lv,mk-mk,Bonna,"Бон"
lv-lv,mk-mk,Bors,"Бор"
lv-lv,mk-mk,Brandenburga,"Бранденбург"
lv-lv,mk-mk,Brasls,"Брод"
lv-lv,mk-mk,Bratislava,"Братислава"
lv-lv,mk-mk,Brazīlija,"Бразил"
lv-lv,mk-mk,Bresta,"Брест"
lv-lv,mk-mk,Brisele,"Брисел"
lv-lv,mk-mk,Broms,"Бром"
lv-lv,mk-mk,Bruneja,"Брунеи"
lv-lv,mk-mk,Budapešta,"Будимпешта"
lv-lv,mk-mk,Budisms,"Будизам"
lv-lv,mk-mk,Buenosairesa,"Буенос Аирес"
lv-lv,mk-mk,Buenosairess,"Буенос Аирес"
lv-lv,mk-mk,Bufalo,"Бафало"
lv-lv,mk-mk,Bukareste,"Букурешт"
lv-lv,mk-mk,Bungas,Тапани
lv-lv,mk-mk,Burgasa,"Бургас"
lv-lv,mk-mk,Burkinafaso,"Буркина Фасо"
lv-lv,mk-mk,Burundi,"Бурунди"
lv-lv,mk-mk,Bush,"Џорџ Буш"
lv-lv,mk-mk,Bībele,"Библија"
lv-lv,mk-mk,C,C
lv-lv,mk-mk,Cements,"Плунковнa жлездa"
lv-lv,mk-mk,Centriola,"Центриола"
lv-lv,mk-mk,Ceturtdien,"Четврток"
lv-lv,mk-mk,Ceturtdiena,"Четврток"
lv-lv,mk-mk,Ceļš,"Пат"
lv-lv,mk-mk,Ciems,Село
lv-lv,mk-mk,Cilveks,Човек
lv-lv,mk-mk,Cinks,Цинк
lv-lv,mk-mk,Cionisms,Ционизам
lv-lv,mk-mk,Cirvis,"Секира"
lv-lv,mk-mk,Citoplazma,"Цитоплазма"
lv-lv,mk-mk,Cukurs,"Шеќер"
lv-lv,mk-mk,Cunami,"Цунами"
lv-lv,mk-mk,Daba,"Природа"
lv-lv,mk-mk,Daka,"Дака"
lv-lv,mk-mk,Dakara,"Дакар"
lv-lv,mk-mk,Daoisms,Таоизам
lv-lv,mk-mk,Datori,"Компјутер"
lv-lv,mk-mk,Datorpele,"Глушец"
lv-lv,mk-mk,Datorprogramma,"Софтвер"
lv-lv,mk-mk,Dators,"Компјутер"
lv-lv,mk-mk,Daudzums,"Количество"
lv-lv,mk-mk,Dedukcija,"Дедукција"
lv-lv,mk-mk,Deguns,"Нос"
lv-lv,mk-mk,Degvīns,"Виена"
lv-lv,mk-mk,Diablo,"Ѓавол"
lv-lv,mk-mk,Diena,"Ден"
lv-lv,mk-mk,Dienvidamerika,"Јужна Америка"
lv-lv,mk-mk,Dienviddakota,"Јужна Дакота"
lv-lv,mk-mk,Dienvidkarolīna,"Јужна Каролина"
lv-lv,mk-mk,Dienvidkoreja,"Јужна Кореја"
lv-lv,mk-mk,Dievs,"Бог"
lv-lv,mk-mk,Dimants,"Дијамант"
lv-lv,mk-mk,Dinamīts,"Динамит"
lv-lv,mk-mk,Dio,"Бог"
lv-lv,mk-mk,Diseldorfa,"Диселдорф"
lv-lv,mk-mk,Diskurss,"Говорништво"
lv-lv,mk-mk,Do,C
lv-lv,mk-mk,Doma,"Мисла"
lv-lv,mk-mk,Donava,"Дунав"
lv-lv,mk-mk,Dramaturģija,"Драма"
lv-lv,mk-mk,Durbana,"Дурбан"
lv-lv,mk-mk,Durresa,"Драч"
lv-lv,mk-mk,Dzeja,"Поезија"
lv-lv,mk-mk,Dzels,"Железо"
lv-lv,mk-mk,Dzelzceļš,"Железница"
lv-lv,mk-mk,Dzelzs,"Железо"
lv-lv,mk-mk,Dziedzeris,"Жлезда"
lv-lv,mk-mk,Dzimumloceklis,"Пенис"
lv-lv,mk-mk,Dzintars,"Бршлен"
lv-lv,mk-mk,Dzīve,"Живот"
lv-lv,mk-mk,Dzīvnieki,"Животни"
lv-lv,mk-mk,Dzīvsudrabs,"Меркур"
lv-lv,mk-mk,Dzīvība,"Живот"
lv-lv,mk-mk,Džakarta,"Џакарта"
lv-lv,mk-mk,Džibuti,"Џибути"
lv-lv,mk-mk,Džordžija,"Џорџија"
lv-lv,mk-mk,Džūno,"Џуно"
lv-lv,mk-mk,E,"Логичка конјункција"
lv-lv,mk-mk,E-pasts,"Електронско писмо"
lv-lv,mk-mk,EUR,"Евро"
lv-lv,mk-mk,Ebreji,"Евреи"
lv-lv,mk-mk,Eindhovena,"Ајндховен"
lv-lv,mk-mk,Eiropa,"Европа"
lv-lv,mk-mk,Ekonomika,"Економија"
lv-lv,mk-mk,Eksperiments,"Експеримент"
lv-lv,mk-mk,Ekvadora,"Еквадор"
lv-lv,mk-mk,Ekvators,"Екватор"
lv-lv,mk-mk,Elektrolīze,"Електролиза"
lv-lv,mk-mk,Elektronmikroskops,"Електронски микроскоп"
lv-lv,mk-mk,Elektrons,"Електрон"
lv-lv,mk-mk,Elpa,"Дишење"
lv-lv,mk-mk,Enerģija,"Енергија"
lv-lv,mk-mk,Epīra,"Епир"
lv-lv,mk-mk,Eritreja,"Еритреја"
lv-lv,mk-mk,Esene,"Есен"
lv-lv,mk-mk,Esperanto,"Македонски"
lv-lv,mk-mk,Esteri,"Естер"
lv-lv,mk-mk,Ethernet,"Етернет"
lv-lv,mk-mk,Etiopija,"Етиопија"
lv-lv,mk-mk,Everests,"Монт Еверест"
lv-lv,mk-mk,Evolūcija,"Еволуција"
lv-lv,mk-mk,Ezers,"Езеро"
lv-lv,mk-mk,Eļbasana,"Елбасан"
lv-lv,mk-mk,Falanga,"Античка Македонска војска"
lv-lv,mk-mk,Fantastika,"Фантазија"
lv-lv,mk-mk,Farsi,"Персиски јазик"
lv-lv,mk-mk,Fašisms,"Фашизам"
lv-lv,mk-mk,Fedora,Fedora
lv-lv,mk-mk,Fenerbahçe,"Фенербахче"
lv-lv,mk-mk,Fenols,Фенол
lv-lv,mk-mk,Fidži,"Фиџи"
lv-lv,mk-mk,Filozofija,"Философија"
lv-lv,mk-mk,Fizika,Физика
lv-lv,mk-mk,Florence,"Фиренца"
lv-lv,mk-mk,Florida,"Флорида"
lv-lv,mk-mk,Fluors,"Флуор"
lv-lv,mk-mk,Folklora,"Фолклор"
lv-lv,mk-mk,Fosfors,"Фосфор"
lv-lv,mk-mk,Francija,"Франција"
lv-lv,mk-mk,Frekvence,"Фреквенција"
lv-lv,mk-mk,Freska,"Фреска"
lv-lv,mk-mk,Fruktoze,"Фруктоза"
lv-lv,mk-mk,Funkcija,"Падеж"
lv-lv,mk-mk,Futbols,"Фудбал"
lv-lv,mk-mk,GNOME,GNOME
lv-lv,mk-mk,GNU,"ГНУ"
lv-lv,mk-mk,GNU/Linux,"Линукс"
lv-lv,mk-mk,Gagra,"Гагра"
lv-lv,mk-mk,Gaisma,"Светлина"
lv-lv,mk-mk,Gaiss,"Воздух"
lv-lv,mk-mk,Galaktika,"Галаксија"
lv-lv,mk-mk,Galileo,"Галилео Галилеј"
lv-lv,mk-mk,Gambija,"Гамбија"
lv-lv,mk-mk,Gana,"Гана"
lv-lv,mk-mk,Geiša,"Гејша"
lv-lv,mk-mk,Geografija,"Географија"
lv-lv,mk-mk,Giza,"Пирамидите во Гиза"
lv-lv,mk-mk,Glezniecība,"Ликовна уметност"
lv-lv,mk-mk,Gliemenes,Школки
lv-lv,mk-mk,Gliemezis,"Полжав"
lv-lv,mk-mk,Gliemeži,"Полжав"
lv-lv,mk-mk,Glikoze,"Глукоза"
lv-lv,mk-mk,Grenada,"Гренада"
lv-lv,mk-mk,Grenlande,"Гренланд"
lv-lv,mk-mk,Grieķi,"Грци"
lv-lv,mk-mk,Grieķija,"Грција"
lv-lv,mk-mk,Gruzija,"Грузија"
lv-lv,mk-mk,Gvadelupa,"Гвадалупе"
lv-lv,mk-mk,Gvatemala,"Гватемала"
lv-lv,mk-mk,Gvineja-Bisava,"Гвинеја-Бисао"
lv-lv,mk-mk,HTML,HTML
lv-lv,mk-mk,Haiti,"Хаити"
lv-lv,mk-mk,Haizivs,"Ајкула"
lv-lv,mk-mk,Hamburga,"Хамбург"
lv-lv,mk-mk,Hammurapi,"Хамураби"
lv-lv,mk-mk,Havajas,Хаваи
lv-lv,mk-mk,Havana,Хавана
lv-lv,mk-mk,Havanna,Хавана
lv-lv,mk-mk,Helsinki,"Хелсинки"
lv-lv,mk-mk,Heraldika,"Хералдика"
lv-lv,mk-mk,Hercs,"Херц"
lv-lv,mk-mk,Hermejs,"Хермес"
lv-lv,mk-mk,Hesene,"Хесен"
lv-lv,mk-mk,Hidrolīze,"Хидролиза"
lv-lv,mk-mk,Himalaji,Хималаи
lv-lv,mk-mk,Hinduism,"Хиндуизам"
lv-lv,mk-mk,Hinduisms,"Хиндуизам"
lv-lv,mk-mk,Hip-hops,"Хип-хоп"
lv-lv,mk-mk,Hlors,"Хлор"
lv-lv,mk-mk,Hobijs,Хоби
lv-lv,mk-mk,Holivuda,"Холивуд"
lv-lv,mk-mk,Holokausts,"Холокауст"
lv-lv,mk-mk,Hondurasa,"Хондурас"
lv-lv,mk-mk,Honkonga,"Хонг Конг"
lv-lv,mk-mk,Hoplits,"Хоплит"
lv-lv,mk-mk,Hormoni,"Хормони"
lv-lv,mk-mk,Hromatīns,"Хроматин"
lv-lv,mk-mk,Hromosoma,"Хромозом"
lv-lv,mk-mk,Hroms,"Хром"
lv-lv,mk-mk,Hūrons,"Хјурон"
lv-lv,mk-mk,IP,"Интернет Протокол"
lv-lv,mk-mk,IPv4,IPv4
lv-lv,mk-mk,Ibadana,"Ибадан"
lv-lv,mk-mk,Iela,"Пат"
lv-lv,mk-mk,Ierocis,"Грб"
lv-lv,mk-mk,Ieži,"Карпа"
lv-lv,mk-mk,Igaunija,"Естонија"
lv-lv,mk-mk,Ikona,"Икона"
lv-lv,mk-mk,Ilinoisa,"Илиноис"
lv-lv,mk-mk,Impresionisms,"Импресионистичка музика"
lv-lv,mk-mk,Indija,"Индија"
lv-lv,mk-mk,Indijs,"Индиум"
lv-lv,mk-mk,Indoeiropieši,"Индоевропски јазици"
lv-lv,mk-mk,Indukcija,"Индукција"
lv-lv,mk-mk,Internets,"Интернет"
lv-lv,mk-mk,Iprīts,"Изгубени"
lv-lv,mk-mk,Islande,"Исланд"
lv-lv,mk-mk,Izglītība,"Образование"
lv-lv,mk-mk,Izotops,"Изотоп"
lv-lv,mk-mk,Izpildvara,"Извршна власт"
lv-lv,mk-mk,Jamaika,"Јамајка"
lv-lv,mk-mk,Jaunava,"Девица"
lv-lv,mk-mk,Java,"Јава"
lv-lv,mk-mk,JavaScript,JavaScript
lv-lv,mk-mk,Jawa,"Јава"
lv-lv,mk-mk,Jemena,"Јемен"
lv-lv,mk-mk,Jena,"Јен"
lv-lv,mk-mk,Jo,"Јупитер"
lv-lv,mk-mk,Jods,"Јод"
lv-lv,mk-mk,Jons,"Јон"
lv-lv,mk-mk,Jupiters,"Јупитер"
lv-lv,mk-mk,Jūnijs,"Јуни"
lv-lv,mk-mk,Jūra,"Море"
lv-lv,mk-mk,Jūraszirnekļi,"Морски пајаци"
lv-lv,mk-mk,Jūta,"Јута"
lv-lv,mk-mk,K2,"К2"
lv-lv,mk-mk,Kaboverde,"Зелено'ртски Острови"
lv-lv,mk-mk,Kabula,"Кабул"
lv-lv,mk-mk,Kafija,"Кафе"
lv-lv,mk-mk,Kaira,"Каиро"
lv-lv,mk-mk,Kalcijs,"Калциум"
lv-lv,mk-mk,Kali,"Калиум"
lv-lv,mk-mk,Kalifornija,"Калифорнија"
lv-lv,mk-mk,Kalkulators,"Компјутер"
lv-lv,mk-mk,Kalns,"Планина"
lv-lv,mk-mk,Kambodža,"Камбоџа"
lv-lv,mk-mk,Kamerūna,"Камерун"
lv-lv,mk-mk,Kanaleto,"Каналето"
lv-lv,mk-mk,Kano,"Кано"
lv-lv,mk-mk,Kanoe,"Кано"
lv-lv,mk-mk,Kanzasa,"Канзас"
lv-lv,mk-mk,Kapitelis,"Капитал"
lv-lv,mk-mk,Kaps,"Тумул"
lv-lv,mk-mk,Karakasa,"Каракас"
lv-lv,mk-mk,Karbonsk?bes,"Карбоксилна киселина"
lv-lv,mk-mk,Karlsrūe,"Карлсруе"
lv-lv,mk-mk,Karš,"Војна"
lv-lv,mk-mk,Kasablanka,"Казабланка"
lv-lv,mk-mk,Katalizators,"Катализатор"
lv-lv,mk-mk,Katara,"Катар"
lv-lv,mk-mk,Katovice,"Катовице"
lv-lv,mk-mk,Kauli,"Коска"
lv-lv,mk-mk,Kauls,"Коска"
lv-lv,mk-mk,Kaķis,"Обичен шакал"
lv-lv,mk-mk,Keiptauna,"Кејптаун"
lv-lv,mk-mk,Kelvins,"Келвин"
lv-lv,mk-mk,Kenija,"Кенија"
lv-lv,mk-mk,Kentuki,"Кентаки"
lv-lv,mk-mk,Ketoni,"Кетон"
lv-lv,mk-mk,Kijeva,"Киев"
lv-lv,mk-mk,Kilograms,"Килограм"
lv-lv,mk-mk,Kimija,"Хемија"
lv-lv,mk-mk,Kino,Филм
lv-lv,mk-mk,Kinšasa,"Киншаса"
lv-lv,mk-mk,Kipra,"Кипар"
lv-lv,mk-mk,Kirilica,"Кирилица"
lv-lv,mk-mk,Kiss,"Бакнеж"
lv-lv,mk-mk,Klaviatūra,"Тастатура"
lv-lv,mk-mk,Klavieres,"Клавир"
lv-lv,mk-mk,Klimats,"Клима"
lv-lv,mk-mk,Kobalts,"Кобалт"
lv-lv,mk-mk,Kodolieroci,"Атомска бомба"
lv-lv,mk-mk,Koks,"Дрво"
lv-lv,mk-mk,Kolkata,"Калкута"
lv-lv,mk-mk,Kolonija,"Келн"
lv-lv,mk-mk,Kolumbija,"Колумбија"
lv-lv,mk-mk,Komercija,"Трговија"
lv-lv,mk-mk,Komunisms,"Комунизам"
lv-lv,mk-mk,Konakri,"Конакри"
lv-lv,mk-mk,Kondensators,"Кондензатор"
lv-lv,mk-mk,Konektikuta,"Конектикат"
lv-lv,mk-mk,Konfūcijs,"Конфучиј"
lv-lv,mk-mk,Konfūcisms,"Конфучијанизам"
lv-lv,mk-mk,Kongo,"Република Конго"
lv-lv,mk-mk,Konservatīvisms,"Конзерватизам"
lv-lv,mk-mk,Konskovola,"Коњсковола"
lv-lv,mk-mk,Konstitūcija,"Устав"
lv-lv,mk-mk,Kontinents,"Континент"
lv-lv,mk-mk,Kopa,"Множество"
lv-lv,mk-mk,Kosas,"Членестостеблени растенија"
lv-lv,mk-mk,Kostarika,"Костарика"
lv-lv,mk-mk,Kraftwerk,Kraftwerk
lv-lv,mk-mk,Kragujevaca,"Крагуевац"
lv-lv,mk-mk,Krakova,"Краков"
lv-lv,mk-mk,Krievi,"Руси"
lv-lv,mk-mk,Krievija,"Русија"
lv-lv,mk-mk,Kristietība,"Христијанство"
lv-lv,mk-mk,Krons,"Сатурн"
lv-lv,mk-mk,Krusa,"Град"
lv-lv,mk-mk,Kuba,"Куба"
lv-lv,mk-mk,Kukainis,"Инсект"
lv-lv,mk-mk,Kultūra,"Култура"
lv-lv,mk-mk,Kumanova,"Куманово"
lv-lv,mk-mk,Kungs,"Лорд"
lv-lv,mk-mk,Kuritiba,"Куритиба"
lv-lv,mk-mk,Kurmis,"Мол"
lv-lv,mk-mk,Kurova,"Куров"
lv-lv,mk-mk,Kuruva,"Куров"
lv-lv,mk-mk,Kuveita,"Кувајт"
lv-lv,mk-mk,Kuģis,"Кораб"
lv-lv,mk-mk,Kvarcs,"Кварц"
lv-lv,mk-mk,Kvarki,"Кварк"
lv-lv,mk-mk,Lacio,"Лацио"
lv-lv,mk-mk,Lagosa,"Лагос"
lv-lv,mk-mk,Lamanšs,"Ламанш"
lv-lv,mk-mk,Laosa,"Лаос"
lv-lv,mk-mk,Lapa,"Лист"
lv-lv,mk-mk,Lapas,"Лист"
lv-lv,mk-mk,Lasvegasa,"Лас Вегас"
lv-lv,mk-mk,Latviešu,"Македонски"
lv-lv,mk-mk,Latvija,"Латвија"
lv-lv,mk-mk,Lauksaimniecība,"Земјоделство"
lv-lv,mk-mk,Laulība,"Брак"
lv-lv,mk-mk,Lauva,"Лав"
lv-lv,mk-mk,Lavīna,"Лавина"
lv-lv,mk-mk,Lejassaksija,"Долна Саксонија"
lv-lv,mk-mk,Lesoto,"Лесото"
lv-lv,mk-mk,Lidmašīna,"Авион"
lv-lv,mk-mk,Lielvezīrs,"Везир"
lv-lv,mk-mk,Lietus,"Дожд"
lv-lv,mk-mk,Lietuva,"Литванија"
lv-lv,mk-mk,Lihtenšteina,"Лихтенштајн"
lv-lv,mk-mk,Likums,"Право"
lv-lv,mk-mk,Likums,"ֿנאגמ"
lv-lv,mk-mk,Lille,"Остров"
lv-lv,mk-mk,Limnoloģija,"Лимнологија"
lv-lv,mk-mk,Linux,"Линукс"
lv-lv,mk-mk,Lipīdi,"Липид"
lv-lv,mk-mk,Literatūra,"Литература"
lv-lv,mk-mk,Litijs,"Литиум"
lv-lv,mk-mk,Litrs,"Литар"
lv-lv,mk-mk,Lits,"Литиум"
lv-lv,mk-mk,Lizosoma,"Лизозом"
lv-lv,mk-mk,Lome,"Ломе"
lv-lv,mk-mk,Lordi,"Лорд"
lv-lv,mk-mk,Losandželosa,"Лос Анџелес"
lv-lv,mk-mk,Loģika,"Логика"
lv-lv,mk-mk,Luksemburga,"Луксембург"
lv-lv,mk-mk,Lībija,"Либија"
lv-lv,mk-mk,Lūsis,"Рис"
lv-lv,mk-mk,Madagaskara,"Мадагаскар"
lv-lv,mk-mk,Madonna,"Мадона"
lv-lv,mk-mk,Madride,"Мадрид"
lv-lv,mk-mk,Magnijs,"Магнезиум"
lv-lv,mk-mk,Maina,"Мејн"
lv-lv,mk-mk,Maize,"Леб"
lv-lv,mk-mk,Makroekonomika,"Макроекономија"
lv-lv,mk-mk,Malaizija,"Малезија"
lv-lv,mk-mk,Maldīvija,"Малдиви"
lv-lv,mk-mk,Mali,"Мали"
lv-lv,mk-mk,Malta,"Малта"
lv-lv,mk-mk,Mandele,"Бадем"
lv-lv,mk-mk,Manheima,"Манхајм"
lv-lv,mk-mk,Manila,"Манила"
lv-lv,mk-mk,Marksisms,"Марксизам"
lv-lv,mk-mk,Maroka,"Мароко"
lv-lv,mk-mk,Marss,"Марс"
lv-lv,mk-mk,Marts,"Марс"
lv-lv,mk-mk,Masa,"Маса"
lv-lv,mk-mk,Maskava,"Москва"
lv-lv,mk-mk,Maurīcija,"Маврициус"
lv-lv,mk-mk,Mazovija,"Мазовско војводство"
lv-lv,mk-mk,Maķedonija,"Македонија"
lv-lv,mk-mk,Medicīna,"Медицина"
lv-lv,mk-mk,Mehiko,"Мексико"
lv-lv,mk-mk,Meka,"Мека"
lv-lv,mk-mk,Meksika,"Мексико"
lv-lv,mk-mk,Melburna,"Мелбурн"
lv-lv,mk-mk,Melnkalne,"Црна Гора"
lv-lv,mk-mk,Mena,"Мејн"
lv-lv,mk-mk,Merkurs,"Меркур"
lv-lv,mk-mk,Metallica,MetallicA
lv-lv,mk-mk,Meteors,"Точка на измама"
lv-lv,mk-mk,Meteorīts,"Точка на измама"
lv-lv,mk-mk,Metropole,"Метрополитенска област"
lv-lv,mk-mk,Mezolīts,"Камено доба"
lv-lv,mk-mk,Mieži,KoЯn
lv-lv,mk-mk,Migla,"Мaгла"
lv-lv,mk-mk,Mikelandželo,"Микеланџело Буонароти"
lv-lv,mk-mk,Mikoloģija,"Микологија"
lv-lv,mk-mk,Mikrobioloģija,"Микробиологија"
lv-lv,mk-mk,Mikroekonomika,"Микроекономија"
lv-lv,mk-mk,Mikroorganisms,"Едноклеточен организам"
lv-lv,mk-mk,Mikroskops,"Светлински микроскоп"
lv-lv,mk-mk,Milimetrs,"Милиметар"
lv-lv,mk-mk,Minesota,"Минесота"
lv-lv,mk-mk,Minhene,"Минхен"
lv-lv,mk-mk,Minstere,"Битола"
lv-lv,mk-mk,Misisipi,"Мисисипи"
lv-lv,mk-mk,Misūri,"Мисури"
lv-lv,mk-mk,Mitohondrijs,"Митохондрија"
lv-lv,mk-mk,Miķelis,"Архангел Михаил"
lv-lv,mk-mk,Mjanma,"Мијанмар"
lv-lv,mk-mk,Moldova,"Молдавија"
lv-lv,mk-mk,Molekula,"Молекула"
lv-lv,mk-mk,Mols,"Мол"
lv-lv,mk-mk,Moluski,"Мекотели"
lv-lv,mk-mk,Monako,"Монако"
lv-lv,mk-mk,Monarhija,"Монархија"
lv-lv,mk-mk,Mongolija,"Монголија"
lv-lv,mk-mk,Monoteisms,"Монотеизам"
lv-lv,mk-mk,Morfoloģija,"Морфологија"
lv-lv,mk-mk,Mostara,"Мостар"
lv-lv,mk-mk,Mousepad,Mousepad
lv-lv,mk-mk,Mozambika,"Мозамбик"
lv-lv,mk-mk,Mošovce,"Мошовце"
lv-lv,mk-mk,Mugurkaulnieki,"‘Рбетници"
lv-lv,mk-mk,Muskulis,"Мускул"
lv-lv,mk-mk,Muskuļi,"Мускул"
lv-lv,mk-mk,Mute,"Усна празнина"
lv-lv,mk-mk,Mīlestība,"Љубов"
lv-lv,mk-mk,NATO,"НАТО"
lv-lv,mk-mk,NBA,"Национална Кошаркарска Асоцијација"
lv-lv,mk-mk,NSDAP,"Национал-социјалистичка германска работничка партија"
lv-lv,mk-mk,Nairobi,"Најроби"
lv-lv,mk-mk,Nakts,"Ноќ"
lv-lv,mk-mk,Namībija,"Намибија"
lv-lv,mk-mk,Nauda,"Пари"
lv-lv,mk-mk,Neatkarība,"Независност"
lv-lv,mk-mk,Nebraska,"Небраска"
lv-lv,mk-mk,Neitrons,"Неутрон"
lv-lv,mk-mk,Neoli-ts,"Неолит"
lv-lv,mk-mk,Neolīts,"Неолит"
lv-lv,mk-mk,Neons,"Неон"
lv-lv,mk-mk,Neptūnijs,"Нептун"
lv-lv,mk-mk,Neptūns,"Нептун"
lv-lv,mk-mk,Nest,"Мечка"
lv-lv,mk-mk,Netfilter/iptables,Iptables
lv-lv,mk-mk,Nikaragva,"Никарагва"
lv-lv,mk-mk,Nirnberga,"Нирнберг"
lv-lv,mk-mk,Nodevība,"Велепредавство"
lv-lv,mk-mk,Nosaukums,"Имe"
lv-lv,mk-mk,Novele,"Роман"
lv-lv,mk-mk,Novisada,"Нови Сад"
lv-lv,mk-mk,Nīderlande,"Холандија"
lv-lv,mk-mk,Nīla,"Нил"
lv-lv,mk-mk,OPEC,"Организација на земји извознички на нафта"
lv-lv,mk-mk,Odesa,"Варна"
lv-lv,mk-mk,Ogle,"Јаглен"
lv-lv,mk-mk,Ogleklis,"Јаглерод"
lv-lv,mk-mk,Ohaio,"Охајо"
lv-lv,mk-mk,Oksīds,"Оксид"
lv-lv,mk-mk,Olbaltumviela,"Протеин"
lv-lv,mk-mk,Olbaltumvielas,"Протеин"
lv-lv,mk-mk,Opera,"Опера"
lv-lv,mk-mk,Operete,"Оперета"
lv-lv,mk-mk,Oregona,"Орегон"
lv-lv,mk-mk,Organisms,"Организам"
lv-lv,mk-mk,Osmoze,"Осмоза"
lv-lv,mk-mk,Otrdien,"Вторник"
lv-lv,mk-mk,Otrdiena,"Вторник"
lv-lv,mk-mk,PH,"Водороден показател"
lv-lv,mk-mk,PHP,PHP
lv-lv,mk-mk,Palanga,"Паланга"
lv-lv,mk-mk,Paleolīts,"Палеолит"
lv-lv,mk-mk,Palestina,"Палестина"
lv-lv,mk-mk,Palestina,"Палестинска самоуправа"
lv-lv,mk-mk,Palestīna,"Палестина"
lv-lv,mk-mk,Panama,"Панама"
lv-lv,mk-mk,Panteisms,"Пантеизам"
lv-lv,mk-mk,Papua-Jaungvineja,"Папуа Нова Гвинеја"
lv-lv,mk-mk,Paradokss,"Парадокс"
lv-lv,mk-mk,Paragvaja,"Парагвај"
lv-lv,mk-mk,Parazoji,"Сунѓери"
lv-lv,mk-mk,Parīze,"Париз"
lv-lv,mk-mk,Pasaule,"Земја"
lv-lv,mk-mk,Patiesība,"Вистина"
lv-lv,mk-mk,Pavadonis,"Природен сателит"
lv-lv,mk-mk,Pazudušie,"Изгубени"
lv-lv,mk-mk,Pašvaldība,"Општина"
lv-lv,mk-mk,Pedagoģija,"Образование"
lv-lv,mk-mk,Pekina,"Пекинг"
lv-lv,mk-mk,Pele,"Глушец"
lv-lv,mk-mk,Perma,"Перм"
lv-lv,mk-mk,Persiešu,"Персиски јазик"
lv-lv,mk-mk,Peru,"Перу"
lv-lv,mk-mk,Phenjana,"Пјонгјанг"
lv-lv,mk-mk,Piektdien,"Петок"
lv-lv,mk-mk,Piektdiena,"Петок"
lv-lv,mk-mk,Piens,"Млеко"
lv-lv,mk-mk,Pilastrs,"Пиластер"
lv-lv,mk-mk,Pils,"Крепост"
lv-lv,mk-mk,Pirmdien,"Понеделник"
lv-lv,mk-mk,Pirmdiena,"Понеделник"
lv-lv,mk-mk,Pirrs,"Пир Епирски"
lv-lv,mk-mk,Pitagors,"Питагора"
lv-lv,mk-mk,Platons,"Платон"
lv-lv,mk-mk,Platība,"Плоштина"
lv-lv,mk-mk,Plauša,"Бел дроб"
lv-lv,mk-mk,Plovdiva,"Пловдив"
lv-lv,mk-mk,Plutons,"Плутон"
lv-lv,mk-mk,Podgorica,"Подгорица"
lv-lv,mk-mk,Polija,"Полска"
lv-lv,mk-mk,Politika,"Политика"
lv-lv,mk-mk,Politoloģija,"Политички науки"
lv-lv,mk-mk,Pompeji,"Помпеја"
lv-lv,mk-mk,Portofprensa,"Порт-о-Пренс"
lv-lv,mk-mk,Poseidons,"Нептун"
lv-lv,mk-mk,Poļi,"Полска"
lv-lv,mk-mk,Praja,"Праја"
lv-lv,mk-mk,Premjerministrs,"Листа на премиери на Обединетото Кралство"
lv-lv,mk-mk,Prezidents,"Ректор"
lv-lv,mk-mk,Prilepa,"Прилеп"
lv-lv,mk-mk,Printeris,"Печатар"
lv-lv,mk-mk,Programmatūra,"Софтвер"
lv-lv,mk-mk,Projekts,"Проект"
lv-lv,mk-mk,Prokariots,"Прокариотa"
lv-lv,mk-mk,Propaganda,"Пропаганда"
lv-lv,mk-mk,Protestantisms,"Протестантство"
lv-lv,mk-mk,Proton,"Протон"
lv-lv,mk-mk,Protons,"Протон"
lv-lv,mk-mk,Proza,"Проза"
lv-lv,mk-mk,Prūsija,"Прусија"
lv-lv,mk-mk,Prūši,"Прусија"
lv-lv,mk-mk,Psihologija,"Психологија"
lv-lv,mk-mk,Psiholoģija,"Психологија"
lv-lv,mk-mk,Puertoriko,"Порторико"
lv-lv,mk-mk,Putni,"Птици"
lv-lv,mk-mk,Putns,"Живина"
lv-lv,mk-mk,Putns,"Птици"
lv-lv,mk-mk,Puķe,"Цвет"
lv-lv,mk-mk,Pī,"Пи"
lv-lv,mk-mk,Pļava,"Ливада"
lv-lv,mk-mk,Queen,Queen
lv-lv,mk-mk,RAM,"ROM меморија"
lv-lv,mk-mk,ROM,"ROM меморија"
lv-lv,mk-mk,Rabata,"Рабат"
lv-lv,mk-mk,Radio,"Радио"
lv-lv,mk-mk,Reinjona,"Реунион"
lv-lv,mk-mk,Reinzeme-Pfalca,"Рајнска област-Пфалц"
lv-lv,mk-mk,Reliģija,"Религија"
lv-lv,mk-mk,Renesanse,"Ренесанса"
lv-lv,mk-mk,Republika,"Република"
lv-lv,mk-mk,Rietumeiropa,"Западна Европа"
lv-lv,mk-mk,Rietumvirdžīnija,"Западна Вирџинија"
lv-lv,mk-mk,Rijeka,"Река"
lv-lv,mk-mk,Riodežaneiro,"Рио де Жанеиро"
lv-lv,mk-mk,Rodailenda,"Род Ајленд"
lv-lv,mk-mk,Rokasbumba,"Ракомет"
lv-lv,mk-mk,Rokenrols,"Рокенрол"
lv-lv,mk-mk,Roma,"Рим"
lv-lv,mk-mk,Romantisms,"Романтизам"
lv-lv,mk-mk,Ruanda,"Руанда"
lv-lv,mk-mk,Rudens,"Есен"
lv-lv,mk-mk,Ruse,"Русе"
lv-lv,mk-mk,Rīga,"Рига"
lv-lv,mk-mk,Rīss,"Ориз"
lv-lv,mk-mk,Rūda,"Минерал"
lv-lv,mk-mk,SA,"СА"
lv-lv,mk-mk,SI,"SI систем на мерки"
lv-lv,mk-mk,Sakavena,Сакавен
lv-lv,mk-mk,Sakne,"Корен"
lv-lv,mk-mk,Saksija,"Саксонија"
lv-lv,mk-mk,Saksija-Anhalte,"Саксонија-Анхалт"
lv-lv,mk-mk,Sala,"Остров"
lv-lv,mk-mk,Saldūdens,"Питка вода"
lv-lv,mk-mk,Saloniki,"Солун"
lv-lv,mk-mk,Salvadora,"Ел Салвадор"
lv-lv,mk-mk,Samoa,Самоа
lv-lv,mk-mk,Sandjego,"Сан Диего"
lv-lv,mk-mk,Sanfrancisko,"Сан Франциско"
lv-lv,mk-mk,Sanmarīno,"Сан Марино"
lv-lv,mk-mk,Sanskrits,"Санскрит"
lv-lv,mk-mk,Sarajeva,"Сараево"
lv-lv,mk-mk,Saturns,"Сатурн"
lv-lv,mk-mk,Saule,"Сонце"
lv-lv,mk-mk,Semiotika,"Семиотика"
lv-lv,mk-mk,Septembris,"24 септември"
lv-lv,mk-mk,Serbija,"Србија"
lv-lv,mk-mk,Sestdien,"Сабота"
lv-lv,mk-mk,Sestdiena,"Сабота"
lv-lv,mk-mk,Seula,"Сеул"
lv-lv,mk-mk,Si,C
lv-lv,mk-mk,Sibīrija,"Сибир"
lv-lv,mk-mk,Sicīlija,"Сицилија"
lv-lv,mk-mk,Sidneja,"Сиднеј"
lv-lv,mk-mk,Siekalas,"Плунковнa жлездa"
lv-lv,mk-mk,Silīcijs,"Силициум"
lv-lv,mk-mk,Simbioze,Симбиоза
lv-lv,mk-mk,Sinagoga,Синагога
lv-lv,mk-mk,Sinonīms,Синоним
lv-lv,mk-mk,Sintoisms,"Шинтоизам"
lv-lv,mk-mk,Sirds,"Срце"
lv-lv,mk-mk,Sjerraleone,"Сиера Леоне"
lv-lv,mk-mk,Skanderbegs,"Скендербег"
lv-lv,mk-mk,Skandijs,"Скандиум"
lv-lv,mk-mk,Skopje,"Скопје"
lv-lv,mk-mk,Skorpioni,"Скорпија"
lv-lv,mk-mk,Skrimšļzivis,"‘Рскавични риби"
lv-lv,mk-mk,Slaukt,"Млеко"
lv-lv,mk-mk,Socioloģija,"Социологија"
lv-lv,mk-mk,Sofija,"Софија"
lv-lv,mk-mk,Sofisms,"Софизам"
lv-lv,mk-mk,Sokrats,"Сократ"
lv-lv,mk-mk,Sol,"Сонце"
lv-lv,mk-mk,Sola,"Сонце"
lv-lv,mk-mk,Somija,"Финска"
lv-lv,mk-mk,Spiediens,"Притисок"
lv-lv,mk-mk,Spirti,"Алкохол"
lv-lv,mk-mk,Sports,"Спорт"
lv-lv,mk-mk,Stabule,"Флејта"
lv-lv,mk-mk,Stambula,"Истанбул"
lv-lv,mk-mk,Stikls,"Стакло"
lv-lv,mk-mk,Stokholma,"Стокхолм"
lv-lv,mk-mk,Sturmabteilung,"СА"
lv-lv,mk-mk,Surinama,"Суринам"
lv-lv,mk-mk,Svars,Тежина
lv-lv,mk-mk,Svastika,"Свастика"
lv-lv,mk-mk,Svazilenda,Свазиленд
lv-lv,mk-mk,Sūna,"Мов"
lv-lv,mk-mk,TCP/IP,"Интернет Протокол"
lv-lv,mk-mk,Tabaka,"Тутун"
lv-lv,mk-mk,Taisne,"Отсечка"
lv-lv,mk-mk,Taisnība,"Вистина"
lv-lv,mk-mk,Taizeme,"Тајланд"
lv-lv,mk-mk,Tauta,Село
lv-lv,mk-mk,Teksasa,"Тексас"
lv-lv,mk-mk,Televīzija,"Телевизија"
lv-lv,mk-mk,Temperatūra,"Температура"
lv-lv,mk-mk,Teniss,"Тенис"
lv-lv,mk-mk,Teorija,"Теорија"
lv-lv,mk-mk,Termodinamika,"Термодинамика"
lv-lv,mk-mk,Tetova,"Тетово"
lv-lv,mk-mk,Togo,Того
lv-lv,mk-mk,Tokija,Токио
lv-lv,mk-mk,Toluols,"Толуен"
lv-lv,mk-mk,Torijs,"Пруга"
lv-lv,mk-mk,Toronto,"Торонто"
lv-lv,mk-mk,Tors,"Тор"
lv-lv,mk-mk,Trackback,TrackBack
lv-lv,mk-mk,Transports,"Транспорт"
lv-lv,mk-mk,Trematodes,"Метили"
lv-lv,mk-mk,Trešdien,"Среда"
lv-lv,mk-mk,Trešdiena,"Среда"
lv-lv,mk-mk,Trigonometrija,"Тригонометрија"
lv-lv,mk-mk,Trīsstūris,"Триаголник"
lv-lv,mk-mk,Trīsvienība,"Тринидад, Куба"
lv-lv,mk-mk,Tuksnesis,"Пустина"
lv-lv,mk-mk,Tukss,"Такс"
lv-lv,mk-mk,Tunelis,"Тунел"
lv-lv,mk-mk,Tunisija,"Тунис"
lv-lv,mk-mk,Turcija,"Турција"
lv-lv,mk-mk,Turki,"Грчки јазик"
lv-lv,mk-mk,Turki,"Турски јазик"
lv-lv,mk-mk,Tuvalu,"Тувалу"
lv-lv,mk-mk,Tīringene,"Тирингија"
lv-lv,mk-mk,Tītars,"Турција"
lv-lv,mk-mk,Tūrisms,"Туризам"
lv-lv,mk-mk,UK,"Обединетото Кралство"
lv-lv,mk-mk,UNESCO,"УНЕСКО"
lv-lv,mk-mk,UNIX,Unix
lv-lv,mk-mk,Udens,"Вода"
lv-lv,mk-mk,Uganda,Уганда
lv-lv,mk-mk,Upanišadas,"Медитација"
lv-lv,mk-mk,Upe,"Река"
lv-lv,mk-mk,Ural,"Уралски федерален округ"
lv-lv,mk-mk,Urbis,"Бор"
lv-lv,mk-mk,Urugvaja,"Уругвај"
lv-lv,mk-mk,Uļjanovska,"Улјановск"
lv-lv,mk-mk,Vaiominga,"Вајоминг"
lv-lv,mk-mk,Vairogdziedzeris,"Штитна жлезда"
lv-lv,mk-mk,Vakuola,"Вакуола"
lv-lv,mk-mk,Valoda,"Јазик"
lv-lv,mk-mk,Valodniecība,"Лингвистика"
lv-lv,mk-mk,Valstis,"Листа на земјите во светот"
lv-lv,mk-mk,Valsts,"Земја"
lv-lv,mk-mk,Vanuatu,"Вануату"
lv-lv,mk-mk,Varavīksne,"Виножито"
lv-lv,mk-mk,Varde,"Жаба"
lv-lv,mk-mk,Varna,"Варна"
lv-lv,mk-mk,Varš,"Бакар"
lv-lv,mk-mk,Varšava,"Варшава"
lv-lv,mk-mk,Vasara,"Лето"
lv-lv,mk-mk,Vats,"Ват"
lv-lv,mk-mk,Vašingtona,"Вашингтон"
lv-lv,mk-mk,Velns,"Ѓавол"
lv-lv,mk-mk,Velsa,"Велс"
lv-lv,mk-mk,Veneto,"Венеција"
lv-lv,mk-mk,Verdzība,"Ропство"
lv-lv,mk-mk,Veselība,"Здравје"
lv-lv,mk-mk,Vidusjūra,"Средоземно Море"
lv-lv,mk-mk,Viduslaiki,"Среден век"
lv-lv,mk-mk,Vijole,"Виолина"
lv-lv,mk-mk,Vikija,"Вики"
lv-lv,mk-mk,Vikingi,"Викинзи"
lv-lv,mk-mk,Vilciens,"Воз"
lv-lv,mk-mk,Vilks,"Обичен шакал"
lv-lv,mk-mk,Virdžīnija,"Вирџинија"
lv-lv,mk-mk,Viršana,"Точка на вриење"
lv-lv,mk-mk,Viskonsina,"Висконсин"
lv-lv,mk-mk,Visla,"Висла"
lv-lv,mk-mk,Visums,"Вселена"
lv-lv,mk-mk,Vitamīni,"Витамин"
lv-lv,mk-mk,Vitrūvijs,"Витрувиј"
lv-lv,mk-mk,Vjetnama,"Виетнам"
lv-lv,mk-mk,Vojevodina,"Војводина"
lv-lv,mk-mk,Volga,"Волга"
lv-lv,mk-mk,Volts,"Волт"
lv-lv,mk-mk,Vīne,"Виена"
lv-lv,mk-mk,Vīns,"Вино"
lv-lv,mk-mk,Vīruss,"Вирус"
lv-lv,mk-mk,Vītols,"Врба"
lv-lv,mk-mk,Vļora,"Валона"
lv-lv,mk-mk,Wiki,"Вики"
lv-lv,mk-mk,Zadara,"Задар"
lv-lv,mk-mk,Zagreba,"Загреб"
lv-lv,mk-mk,Zaļš,"Зелена боја"
lv-lv,mk-mk,Zebra,"Зебра"
lv-lv,mk-mk,Zelts,"Злато"
lv-lv,mk-mk,Zeme,"Земја"
lv-lv,mk-mk,Zemestrīce,"Земјотрес"
lv-lv,mk-mk,Zevs,"Зевс"
lv-lv,mk-mk,Zibens,"Радиус"
lv-lv,mk-mk,Ziemeļamerika,"Северна Америка"
lv-lv,mk-mk,Ziemeļdakota,"Северна Дакота"
lv-lv,mk-mk,Ziemeļeiropa,"Северна Европа"
lv-lv,mk-mk,Ziemeļkarolīna,"Северна Каролина"
lv-lv,mk-mk,Ziemeļīrija,"Северна Ирска"
lv-lv,mk-mk,Zigota,"Зигот"
lv-lv,mk-mk,Zilonis,Слон
lv-lv,mk-mk,Zimbabve,"Зимбабве"
lv-lv,mk-mk,Zirgs,"Коњ"
lv-lv,mk-mk,Zivs,"Риби"
lv-lv,mk-mk,Zobs,"Заб"
lv-lv,mk-mk,Zooloģija,"Зоологија"
lv-lv,mk-mk,Zoroastrisms,"Зороастризам"
lv-lv,mk-mk,Zvaigzne,"Ѕвезда"
lv-lv,mk-mk,Zviedri,"Шведска"
lv-lv,mk-mk,Zviedrija,"Шведска"
lv-lv,mk-mk,Zīme,"Грб"
lv-lv,mk-mk,Zīme,Симбол
lv-lv,mk-mk,Zīmogs,"Печат"
lv-lv,mk-mk,Īslande,"Исланд"
lv-lv,mk-mk,Ķelne,"Келн"
lv-lv,mk-mk,Ķelti,"Келти"
lv-lv,mk-mk,Ķirurģija,"Хирургија"
lv-lv,mk-mk,Ķirzaka,"Гуштер"
lv-lv,mk-mk,Ķīmija,"Хемија"
lv-lv,mk-mk,Ķīna,"Народна Република Кина"
lv-lv,mk-mk,Ļubļana,"Љубљана"
lv-lv,mk-mk,Ļviva,"Лвивска област"
lv-lv,mk-mk,Ūdens,"Вода"
