mk-mk,be-by,"1 август","1 жніўня"
mk-mk,be-by,"1 април","1 красавіка"
mk-mk,be-by,"1 век","1 стагоддзе"
mk-mk,be-by,"1 декември","1 снежня"
mk-mk,be-by,"1 март","1 сакавіка"
mk-mk,be-by,"1 мај","1 мая"
mk-mk,be-by,"1 ноември","1 лістапада"
mk-mk,be-by,"1 октомври","1 кастрычніка"
mk-mk,be-by,"1 септември","1 верасня"
mk-mk,be-by,"1 февруари","1 лютага"
mk-mk,be-by,"1 јануари","1 студзеня"
mk-mk,be-by,"1 јули","1 ліпеня"
mk-mk,be-by,"1 јуни","1 чэрвеня"
mk-mk,be-by,"10 август","10 жніўня"
mk-mk,be-by,"10 април","10 красавіка"
mk-mk,be-by,"10 век","10 стагоддзе"
mk-mk,be-by,"10 декември","10 снежня"
mk-mk,be-by,"10 март","10 сакавіка"
mk-mk,be-by,"10 мај","10 мая"
mk-mk,be-by,"10 ноември","10 лістапада"
mk-mk,be-by,"10 октомври","10 кастрычніка"
mk-mk,be-by,"10 септември","10 верасня"
mk-mk,be-by,"10 февруари","10 лютага"
mk-mk,be-by,"10 јануари","10 студзеня"
mk-mk,be-by,"10 јули","10 ліпеня"
mk-mk,be-by,"10 јуни","10 чэрвеня"
mk-mk,be-by,"11 август","11 жніўня"
mk-mk,be-by,"11 април","11 красавіка"
mk-mk,be-by,"11 век","11 стагоддзе"
mk-mk,be-by,"11 декември","11 снежня"
mk-mk,be-by,"11 март","11 сакавіка"
mk-mk,be-by,"11 мај","11 мая"
mk-mk,be-by,"11 ноември","11 лістапада"
mk-mk,be-by,"11 октомври","11 кастрычніка"
mk-mk,be-by,"11 септември","11 верасня"
mk-mk,be-by,"11 февруари","11 лютага"
mk-mk,be-by,"11 јануари","11 студзеня"
mk-mk,be-by,"11 јули","11 ліпеня"
mk-mk,be-by,"11 јуни","11 чэрвеня"
mk-mk,be-by,"12 август","12 жніўня"
mk-mk,be-by,"12 април","12 красавіка"
mk-mk,be-by,"12 век","12 стагоддзе"
mk-mk,be-by,"12 декември","12 снежня"
mk-mk,be-by,"12 март","12 сакавіка"
mk-mk,be-by,"12 мај","12 мая"
mk-mk,be-by,"12 ноември","12 лістапада"
mk-mk,be-by,"12 октомври","12 кастрычніка"
mk-mk,be-by,"12 септември","12 верасня"
mk-mk,be-by,"12 февруари","12 лютага"
mk-mk,be-by,"12 јануари","12 студзеня"
mk-mk,be-by,"12 јули","12 ліпеня"
mk-mk,be-by,"12 јуни","12 чэрвеня"
mk-mk,be-by,"13 август","13 жніўня"
mk-mk,be-by,"13 април","13 красавіка"
mk-mk,be-by,"13 век","13 стагоддзе"
mk-mk,be-by,"13 декември","13 снежня"
mk-mk,be-by,"13 март","13 сакавіка"
mk-mk,be-by,"13 мај","13 мая"
mk-mk,be-by,"13 ноември","13 лістапада"
mk-mk,be-by,"13 октомври","13 кастрычніка"
mk-mk,be-by,"13 септември","13 верасня"
mk-mk,be-by,"13 февруари","13 лютага"
mk-mk,be-by,"13 јануари","13 студзеня"
mk-mk,be-by,"13 јули","13 ліпеня"
mk-mk,be-by,"13 јуни","13 чэрвеня"
mk-mk,be-by,"14 август","14 жніўня"
mk-mk,be-by,"14 април","14 красавіка"
mk-mk,be-by,"14 век","14 стагоддзе"
mk-mk,be-by,"14 декември","14 снежня"
mk-mk,be-by,"14 март","14 сакавіка"
mk-mk,be-by,"14 мај","14 мая"
mk-mk,be-by,"14 ноември","14 лістапада"
mk-mk,be-by,"14 октомври","14 кастрычніка"
mk-mk,be-by,"14 септември","14 верасня"
mk-mk,be-by,"14 февруари","14 лютага"
mk-mk,be-by,"14 јануари","14 студзеня"
mk-mk,be-by,"14 јули","14 ліпеня"
mk-mk,be-by,"14 јуни","14 чэрвеня"
mk-mk,be-by,"15 август","15 жніўня"
mk-mk,be-by,"15 април","15 красавіка"
mk-mk,be-by,"15 век","15 стагоддзе"
mk-mk,be-by,"15 декември","15 снежня"
mk-mk,be-by,"15 март","15 сакавіка"
mk-mk,be-by,"15 мај","15 мая"
mk-mk,be-by,"15 ноември","15 лістапада"
mk-mk,be-by,"15 октомври","15 кастрычніка"
mk-mk,be-by,"15 септември","15 верасня"
mk-mk,be-by,"15 февруари","15 лютага"
mk-mk,be-by,"15 јануари","15 студзеня"
mk-mk,be-by,"15 јули","15 ліпеня"
mk-mk,be-by,"15 јуни","15 чэрвеня"
mk-mk,be-by,"16 август","16 жніўня"
mk-mk,be-by,"16 април","16 красавіка"
mk-mk,be-by,"16 век","16 стагоддзе"
mk-mk,be-by,"16 декември","16 снежня"
mk-mk,be-by,"16 март","16 сакавіка"
mk-mk,be-by,"16 мај","16 мая"
mk-mk,be-by,"16 ноември","16 лістапада"
mk-mk,be-by,"16 октомври","16 кастрычніка"
mk-mk,be-by,"16 септември","16 верасня"
mk-mk,be-by,"16 февруари","16 лютага"
mk-mk,be-by,"16 јануари","16 студзеня"
mk-mk,be-by,"16 јули","16 ліпеня"
mk-mk,be-by,"16 јуни","16 чэрвеня"
mk-mk,be-by,"17 август","17 жніўня"
mk-mk,be-by,"17 април","17 красавіка"
mk-mk,be-by,"17 век","17 стагоддзе"
mk-mk,be-by,"17 декември","17 снежня"
mk-mk,be-by,"17 март","17 сакавіка"
mk-mk,be-by,"17 мај","17 мая"
mk-mk,be-by,"17 ноември","17 лістапада"
mk-mk,be-by,"17 октомври","17 кастрычніка"
mk-mk,be-by,"17 септември","17 верасня"
mk-mk,be-by,"17 февруари","17 лютага"
mk-mk,be-by,"17 јануари","17 студзеня"
mk-mk,be-by,"17 јули","17 ліпеня"
mk-mk,be-by,"17 јуни","17 чэрвеня"
mk-mk,be-by,"18 август","18 жніўня"
mk-mk,be-by,"18 април","18 красавіка"
mk-mk,be-by,"18 век","18 стагоддзе"
mk-mk,be-by,"18 декември","18 снежня"
mk-mk,be-by,"18 март","18 сакавіка"
mk-mk,be-by,"18 мај","18 мая"
mk-mk,be-by,"18 ноември","18 лістапада"
mk-mk,be-by,"18 октомври","18 кастрычніка"
mk-mk,be-by,"18 септември","18 верасня"
mk-mk,be-by,"18 февруари","18 лютага"
mk-mk,be-by,"18 јануари","18 студзеня"
mk-mk,be-by,"18 јули","18 ліпеня"
mk-mk,be-by,"18 јуни","18 чэрвеня"
mk-mk,be-by,"19 август","19 жніўня"
mk-mk,be-by,"19 април","19 красавіка"
mk-mk,be-by,"19 век","19 стагоддзе"
mk-mk,be-by,"19 декември","19 снежня"
mk-mk,be-by,"19 март","19 сакавіка"
mk-mk,be-by,"19 мај","19 мая"
mk-mk,be-by,"19 ноември","19 лістапада"
mk-mk,be-by,"19 октомври","19 кастрычніка"
mk-mk,be-by,"19 септември","19 верасня"
mk-mk,be-by,"19 февруари","19 лютага"
mk-mk,be-by,"19 јануари","19 студзеня"
mk-mk,be-by,"19 јули","19 ліпеня"
mk-mk,be-by,"19 јуни","19 чэрвеня"
mk-mk,be-by,"1986 ФИФА Светско Првенство","ЧС па футболе, 1986"
mk-mk,be-by,"2 август","2 жніўня"
mk-mk,be-by,"2 април","2 красавіка"
mk-mk,be-by,"2 век","2 стагоддзе"
mk-mk,be-by,"2 декември","2 снежня"
mk-mk,be-by,"2 март","2 сакавіка"
mk-mk,be-by,"2 мај","2 мая"
mk-mk,be-by,"2 ноември","2 лістапада"
mk-mk,be-by,"2 октомври","2 кастрычніка"
mk-mk,be-by,"2 септември","2 верасня"
mk-mk,be-by,"2 февруари","2 лютага"
mk-mk,be-by,"2 јануари","2 студзеня"
mk-mk,be-by,"2 јули","2 ліпеня"
mk-mk,be-by,"2 јуни","2 чэрвеня"
mk-mk,be-by,"20 август","20 жніўня"
mk-mk,be-by,"20 април","20 красавіка"
mk-mk,be-by,"20 век","20 стагоддзе"
mk-mk,be-by,"20 декември","20 сьнежня"
mk-mk,be-by,"20 март","20 сакавіка"
mk-mk,be-by,"20 мај","20 мая"
mk-mk,be-by,"20 ноември","20 лістапада"
mk-mk,be-by,"20 октомври","20 кастрычніка"
mk-mk,be-by,"20 септември","20 верасня"
mk-mk,be-by,"20 февруари","20 лютага"
mk-mk,be-by,"20 јануари","20 студзеня"
mk-mk,be-by,"20 јули","20 ліпеня"
mk-mk,be-by,"20 јуни","20 чэрвеня"
mk-mk,be-by,"21 август","21 жніўня"
mk-mk,be-by,"21 април","21 красавіка"
mk-mk,be-by,"21 век","21 стагоддзе"
mk-mk,be-by,"21 декември","21 снежня"
mk-mk,be-by,"21 март","21 сакавіка"
mk-mk,be-by,"21 мај","21 мая"
mk-mk,be-by,"21 ноември","21 лістапада"
mk-mk,be-by,"21 октомври","21 кастрычніка"
mk-mk,be-by,"21 септември","21 верасня"
mk-mk,be-by,"21 февруари","21 лютага"
mk-mk,be-by,"21 јануари","21 студзеня"
mk-mk,be-by,"21 јули","21 ліпеня"
mk-mk,be-by,"21 јуни","21 чэрвеня"
mk-mk,be-by,"22 август","22 жніўня"
mk-mk,be-by,"22 април","22 красавіка"
mk-mk,be-by,"22 декември","22 снежня"
mk-mk,be-by,"22 март","22 сакавіка"
mk-mk,be-by,"22 мај","22 мая"
mk-mk,be-by,"22 ноември","22 лістапада"
mk-mk,be-by,"22 октомври","22 кастрычніка"
mk-mk,be-by,"22 септември","22 верасня"
mk-mk,be-by,"22 февруари","22 лютага"
mk-mk,be-by,"22 јануари","22 студзеня"
mk-mk,be-by,"22 јули","22 ліпеня"
mk-mk,be-by,"22 јуни","22 чэрвеня"
mk-mk,be-by,"23 август","23 жніўня"
mk-mk,be-by,"23 април","23 красавіка"
mk-mk,be-by,"23 декември","23 снежня"
mk-mk,be-by,"23 март","23 сакавіка"
mk-mk,be-by,"23 мај","23 мая"
mk-mk,be-by,"23 ноември","23 лістапада"
mk-mk,be-by,"23 октомври","23 кастрычніка"
mk-mk,be-by,"23 септември","23 верасня"
mk-mk,be-by,"23 февруари","23 лютага"
mk-mk,be-by,"23 јануари","23 студзеня"
mk-mk,be-by,"23 јули","23 ліпеня"
mk-mk,be-by,"23 јуни","23 чэрвеня"
mk-mk,be-by,"24 август","24 жніўня"
mk-mk,be-by,"24 април","24 красавіка"
mk-mk,be-by,"24 декември","24 снежня"
mk-mk,be-by,"24 март","24 сакавіка"
mk-mk,be-by,"24 мај","24 мая"
mk-mk,be-by,"24 ноември","24 лістапада"
mk-mk,be-by,"24 октомври","24 кастрычніка"
mk-mk,be-by,"24 септември","24 верасня"
mk-mk,be-by,"24 февруари","24 лютага"
mk-mk,be-by,"24 јануари","24 студзеня"
mk-mk,be-by,"24 јули","24 ліпеня"
mk-mk,be-by,"24 јуни","24 чэрвеня"
mk-mk,be-by,"25 август","25 жніўня"
mk-mk,be-by,"25 април","25 красавіка"
mk-mk,be-by,"25 декември","25 сьнежня"
mk-mk,be-by,"25 март","25 сакавіка"
mk-mk,be-by,"25 мај","25 мая"
mk-mk,be-by,"25 ноември","25 лістапада"
mk-mk,be-by,"25 октомври","25 кастрычніка"
mk-mk,be-by,"25 септември","25 верасня"
mk-mk,be-by,"25 февруари","25 лютага"
mk-mk,be-by,"25 јануари","25 студзеня"
mk-mk,be-by,"25 јули","25 ліпеня"
mk-mk,be-by,"25 јуни","25 чэрвеня"
mk-mk,be-by,"26 август","26 жніўня"
mk-mk,be-by,"26 април","26 красавіка"
mk-mk,be-by,"26 декември","26 сьнежня"
mk-mk,be-by,"26 март","26 сакавіка"
mk-mk,be-by,"26 мај","26 мая"
mk-mk,be-by,"26 ноември","26 лістапада"
mk-mk,be-by,"26 октомври","26 кастрычніка"
mk-mk,be-by,"26 септември","26 верасня"
mk-mk,be-by,"26 февруари","26 лютага"
mk-mk,be-by,"26 јануари","26 студзеня"
mk-mk,be-by,"26 јули","26 ліпеня"
mk-mk,be-by,"26 јуни","26 чэрвеня"
mk-mk,be-by,"27 август","27 жніўня"
mk-mk,be-by,"27 април","27 красавіка"
mk-mk,be-by,"27 март","27 сакавіка"
mk-mk,be-by,"27 мај","27 мая"
mk-mk,be-by,"27 ноември","27 лістапада"
mk-mk,be-by,"27 октомври","27 кастрычніка"
mk-mk,be-by,"27 септември","27 верасня"
mk-mk,be-by,"27 февруари","27 лютага"
mk-mk,be-by,"27 јануари","27 студзеня"
mk-mk,be-by,"27 јули","27 ліпеня"
mk-mk,be-by,"27 јуни","27 чэрвеня"
mk-mk,be-by,"28 август","28 жніўня"
mk-mk,be-by,"28 април","28 красавіка"
mk-mk,be-by,"28 декември","28 сьнежня"
mk-mk,be-by,"28 март","28 сакавіка"
mk-mk,be-by,"28 мај","28 мая"
mk-mk,be-by,"28 ноември","28 лістапада"
mk-mk,be-by,"28 октомври","28 кастрычніка"
mk-mk,be-by,"28 септември","28 верасня"
mk-mk,be-by,"28 февруари","28 лютага"
mk-mk,be-by,"28 јануари","28 студзеня"
mk-mk,be-by,"28 јули","28 ліпеня"
mk-mk,be-by,"28 јуни","28 чэрвеня"
mk-mk,be-by,"29 август","29 жніўня"
mk-mk,be-by,"29 април","29 красавіка"
mk-mk,be-by,"29 декември","29 сьнежня"
mk-mk,be-by,"29 март","29 сакавіка"
mk-mk,be-by,"29 мај","29 мая"
mk-mk,be-by,"29 ноември","29 лістапада"
mk-mk,be-by,"29 октомври","29 кастрычніка"
mk-mk,be-by,"29 септември","29 верасня"
mk-mk,be-by,"29 февруари","29 лютага"
mk-mk,be-by,"29 јануари","29 студзеня"
mk-mk,be-by,"29 јули","29 ліпеня"
mk-mk,be-by,"29 јуни","29 чэрвеня"
mk-mk,be-by,"3 август","3 жніўня"
mk-mk,be-by,"3 април","3 красавіка"
mk-mk,be-by,"3 век","3 стагоддзе"
mk-mk,be-by,"3 декември","3 снежня"
mk-mk,be-by,"3 март","3 сакавіка"
mk-mk,be-by,"3 мај","3 мая"
mk-mk,be-by,"3 ноември","3 лістапада"
mk-mk,be-by,"3 октомври","3 кастрычніка"
mk-mk,be-by,"3 септември","3 верасня"
mk-mk,be-by,"3 февруари","3 лютага"
mk-mk,be-by,"3 јануари","3 студзеня"
mk-mk,be-by,"3 јули","3 ліпеня"
mk-mk,be-by,"3 јуни","3 чэрвеня"
mk-mk,be-by,"30 август","30 жніўня"
mk-mk,be-by,"30 април","30 красавіка"
mk-mk,be-by,"30 декември","30 снежня"
mk-mk,be-by,"30 март","30 сакавіка"
mk-mk,be-by,"30 мај","30 мая"
mk-mk,be-by,"30 ноември","30 лістапада"
mk-mk,be-by,"30 октомври","30 кастрычніка"
mk-mk,be-by,"30 септември","30 верасня"
mk-mk,be-by,"30 јануари","30 студзеня"
mk-mk,be-by,"30 јули","30 ліпеня"
mk-mk,be-by,"30 јуни","30 чэрвеня"
mk-mk,be-by,"31 август","31 жніўня"
mk-mk,be-by,"31 декември","31 снежня"
mk-mk,be-by,"31 март","31 сакавіка"
mk-mk,be-by,"31 мај","31 мая"
mk-mk,be-by,"31 октомври","31 кастрычніка"
mk-mk,be-by,"31 јануари","31 студзеня"
mk-mk,be-by,"31 јули","31 ліпеня"
mk-mk,be-by,"4 август","4 жніўня"
mk-mk,be-by,"4 април","4 красавіка"
mk-mk,be-by,"4 век","4 стагоддзе"
mk-mk,be-by,"4 декември","4 снежня"
mk-mk,be-by,"4 март","4 сакавіка"
mk-mk,be-by,"4 мај","4 мая"
mk-mk,be-by,"4 ноември","4 лістапада"
mk-mk,be-by,"4 октомври","4 кастрычніка"
mk-mk,be-by,"4 септември","4 верасня"
mk-mk,be-by,"4 февруари","4 лютага"
mk-mk,be-by,"4 јануари","4 студзеня"
mk-mk,be-by,"4 јули","4 ліпеня"
mk-mk,be-by,"4 јуни","4 чэрвеня"
mk-mk,be-by,"5 август","5 жніўня"
mk-mk,be-by,"5 април","5 красавіка"
mk-mk,be-by,"5 век","5 стагоддзе"
mk-mk,be-by,"5 декември","5 снежня"
mk-mk,be-by,"5 март","5 сакавіка"
mk-mk,be-by,"5 мај","5 мая"
mk-mk,be-by,"5 ноември","5 лістапада"
mk-mk,be-by,"5 октомври","5 кастрычніка"
mk-mk,be-by,"5 септември","5 верасня"
mk-mk,be-by,"5 февруари","5 лютага"
mk-mk,be-by,"5 јануари","5 студзеня"
mk-mk,be-by,"5 јули","5 ліпеня"
mk-mk,be-by,"5 јуни","5 чэрвеня"
mk-mk,be-by,"6 август","6 жніўня"
mk-mk,be-by,"6 април","6 красавіка"
mk-mk,be-by,"6 век п.н.е.","6 стагоддзе да н.э."
mk-mk,be-by,"6 век","6 стагоддзе"
mk-mk,be-by,"6 декември","6 снежня"
mk-mk,be-by,"6 март","6 сакавіка"
mk-mk,be-by,"6 мај","6 мая"
mk-mk,be-by,"6 ноември","6 лістапада"
mk-mk,be-by,"6 октомври","6 кастрычніка"
mk-mk,be-by,"6 септември","6 верасня"
mk-mk,be-by,"6 февруари","6 лютага"
mk-mk,be-by,"6 јануари","6 студзеня"
mk-mk,be-by,"6 јули","6 ліпеня"
mk-mk,be-by,"6 јуни","6 чэрвеня"
mk-mk,be-by,"7 август","7 жніўня"
mk-mk,be-by,"7 април","7 красавіка"
mk-mk,be-by,"7 век п.н.е.","7 стагоддзе да н.э."
mk-mk,be-by,"7 век","7 стагоддзе"
mk-mk,be-by,"7 декември","7 снежня"
mk-mk,be-by,"7 март","7 сакавіка"
mk-mk,be-by,"7 мај","7 мая"
mk-mk,be-by,"7 ноември","7 лістапада"
mk-mk,be-by,"7 октомври","7 кастрычніка"
mk-mk,be-by,"7 септември","7 верасня"
mk-mk,be-by,"7 февруари","7 лютага"
mk-mk,be-by,"7 јануари","7 студзеня"
mk-mk,be-by,"7 јули","7 ліпеня"
mk-mk,be-by,"7 јуни","7 чэрвеня"
mk-mk,be-by,"8 август","8 жніўня"
mk-mk,be-by,"8 април","8 красавіка"
mk-mk,be-by,"8 век","8 стагоддзе"
mk-mk,be-by,"8 декември","8 снежня"
mk-mk,be-by,"8 март","8 сакавіка"
mk-mk,be-by,"8 мај","8 мая"
mk-mk,be-by,"8 ноември","8 лістапада"
mk-mk,be-by,"8 октомври","8 кастрычніка"
mk-mk,be-by,"8 септември","8 верасня"
mk-mk,be-by,"8 февруари","8 лютага"
mk-mk,be-by,"8 јануари","8 студзеня"
mk-mk,be-by,"8 јули","8 ліпеня"
mk-mk,be-by,"8 јуни","8 чэрвеня"
mk-mk,be-by,"9 август","9 жніўня"
mk-mk,be-by,"9 април","9 красавіка"
mk-mk,be-by,"9 век","9 стагоддзе"
mk-mk,be-by,"9 декември","9 снежня"
mk-mk,be-by,"9 март","9 сакавіка"
mk-mk,be-by,"9 мај","9 мая"
mk-mk,be-by,"9 ноември","9 лістапада"
mk-mk,be-by,"9 октомври","9 кастрычніка"
mk-mk,be-by,"9 септември","9 верасня"
mk-mk,be-by,"9 февруари","9 лютага"
mk-mk,be-by,"9 јануари","9 студзеня"
mk-mk,be-by,"9 јули","9 ліпеня"
mk-mk,be-by,"9 јуни","9 чэрвеня"
mk-mk,be-by,"Microsoft Windows",Windows
mk-mk,be-by,"Mozilla Firefox","Mozilla Firefox"
mk-mk,be-by,"ROM меморија","Горад Рым"
mk-mk,be-by,"The Beatles","The Beatles"
mk-mk,be-by,"Ѓавол","Дябал"
mk-mk,be-by,"Ѕвезда","Зорка"
mk-mk,be-by,"Јава",Java
mk-mk,be-by,"Јаглен","Вугаль"
mk-mk,be-by,"Јаглерод","Вуглярод"
mk-mk,be-by,"Јадро на оперативен систем","Ядро"
mk-mk,be-by,"Јазик","Мова"
mk-mk,be-by,"Јамајка",Ямайка
mk-mk,be-by,"Јануари","Студзень"
mk-mk,be-by,"Јапонија","Японія"
mk-mk,be-by,"Јарец","Сузор'е Казярог"
mk-mk,be-by,"Јасер Арафат","Ясір Арафат"
mk-mk,be-by,"Јемен","Емэн"
mk-mk,be-by,"Јен","Ена"
mk-mk,be-by,"Јерузаљ","Ерузаль"
mk-mk,be-by,"Јод","Ёд"
mk-mk,be-by,"Јордан","Іарданія"
mk-mk,be-by,"Јосиф Сталин","Іосіф Сталін"
mk-mk,be-by,"Јохан Волфганг фон Гете","Ёган Вольфґанґ фон Ґётэ"
mk-mk,be-by,"Јохан Гутенберг","Ёган Гутэнберг"
mk-mk,be-by,"Јохан Кеплер","Ёган Кеплер"
mk-mk,be-by,"Јохан Себастијан Бах","Іаган Себасцьян Бах"
mk-mk,be-by,"Југославија","Югаславія"
mk-mk,be-by,"Јужен пол","Паўднёвы полюс"
mk-mk,be-by,"Јужна Америка","Паўднёвая Амерыка"
mk-mk,be-by,"Јужна Африка","Паўднёва-Афрыканская Рэспубліка"
mk-mk,be-by,"Јужна Кореја","Паўднёвая Карэя"
mk-mk,be-by,"Јужноафриканска Република","Паўднёва-Афрыканская Рэспубліка"
mk-mk,be-by,"Јуни","Чэрвень"
mk-mk,be-by,"Јупитер","Планета Юпітэр"
mk-mk,be-by,"Јута","Штат Юта"
mk-mk,be-by,"Љубов","Рака Амур"
mk-mk,be-by,"Љубљана","Любляна"
mk-mk,be-by,"Њу Јорк","Нью-Ёрк"
mk-mk,be-by,"Њујорк Сити","Горад Нью-Йорк"
mk-mk,be-by,"Њујорк","Горад Нью-Йорк"
mk-mk,be-by,"Џ.Р.Р. Толкин","Джон Рональд Руэл Толкін"
mk-mk,be-by,"Џим Морисон","Джым Морысан"
mk-mk,be-by,"Џовани Бокачо","Джавані Бакачча"
mk-mk,be-by,"Џорџ Вашингтон","Джордж Вашынгтон"
mk-mk,be-by,"Џорџија","Грузія"
mk-mk,be-by,"Абрахам Линколн","Абрахам Лінкальн"
mk-mk,be-by,"Авганистан","Афганістан"
mk-mk,be-by,"Австралија","Аўстралія"
mk-mk,be-by,"Австрија","Аўстрыя"
mk-mk,be-by,"Агол","Кут"
mk-mk,be-by,"Аденозин трифосфат","Адэназінтрыфосфарная кіслата"
mk-mk,be-by,"Азербејџан","Азербайджан"
mk-mk,be-by,"Азија","Азія"
mk-mk,be-by,"Азот","Азот"
mk-mk,be-by,"Аксиома","Аксіёма"
mk-mk,be-by,"Актер","Актор"
mk-mk,be-by,"Акција","Акцыя"
mk-mk,be-by,"Албанија","Албанія"
mk-mk,be-by,"Алберт Ајнштајн","Альберт Эйнштэйн"
mk-mk,be-by,"Алгоритам","Алгарытм"
mk-mk,be-by,"Александар I","Аляксандр I, папа рымскі"
mk-mk,be-by,"Александар I","Аляксандр I, імператар расійскі"
mk-mk,be-by,"Александар Обреновиќ","Аляксандр I, папа рымскі"
mk-mk,be-by,"Александар Обреновиќ","Аляксандр I, імператар расійскі"
mk-mk,be-by,"Александар","Аляксандр Ягелончык"
mk-mk,be-by,"Алжир","Алжыр"
mk-mk,be-by,"Алкохол","Сьпірт"
mk-mk,be-by,"Алкохолен пијалок","Сьпірт"
mk-mk,be-by,"Алуминиум","Алюміній"
mk-mk,be-by,"Амазон","Рака Амазонка"
mk-mk,be-by,"Америка","Амерыка"
mk-mk,be-by,"Американски долар","Амэрыканскі даляр"
mk-mk,be-by,"Амстердам","Горад Амстэрдам"
mk-mk,be-by,"Ана Комнен","Анна Комніна"
mk-mk,be-by,"Аналитичка хемија","Аналітычная хімія"
mk-mk,be-by,"Анархизам","Анархизм"
mk-mk,be-by,"Анатомија","Анатомія"
mk-mk,be-by,"Англиски јазик","Англійская мова"
mk-mk,be-by,"Англија","Ангелшчына"
mk-mk,be-by,"Ангола","Беларуская"
mk-mk,be-by,"Ангола","Фінляндыя"
mk-mk,be-by,"Анди","Анды"
mk-mk,be-by,"Андора","Андора"
mk-mk,be-by,"Андромеда","Сузор'е Андрамеда"
mk-mk,be-by,"Анимизам","Анімізм"
mk-mk,be-by,"Антиквитет","Старажытны"
mk-mk,be-by,"Античка Грција","Старажытная Грэцыя"
mk-mk,be-by,"Античка Македонија","Македонія"
mk-mk,be-by,"Античка Македонска војска",Фаланга
mk-mk,be-by,"Антички Египет","Старажытны Егіпет"
mk-mk,be-by,"Антропоним","Антрапаніміка"
mk-mk,be-by,"Апостол Лука","Корч"
mk-mk,be-by,"Апостол Петар","Пётр, папа рымскі"
mk-mk,be-by,"Април","Красавік"
mk-mk,be-by,"Апстракција","Абстракцыя"
mk-mk,be-by,"Аргентина","Аргенціна"
mk-mk,be-by,"Аргон","Аргон"
mk-mk,be-by,"Аризона","Штат Арызона"
mk-mk,be-by,"Аристотел","Арыстоцель"
mk-mk,be-by,"Арктички Океан","Арктычны акіян"
mk-mk,be-by,"Армија Крајова","Армія Краёва"
mk-mk,be-by,"Археологија","Археалёгія"
mk-mk,be-by,"Астероид","Астэроід"
mk-mk,be-by,"Астрономија","Астраномія"
mk-mk,be-by,"Астрофизика","Астрафізіка"
mk-mk,be-by,"Атеизам","Атэізм"
mk-mk,be-by,"Атена","Атэны"
mk-mk,be-by,"Атина","Атэны"
mk-mk,be-by,"Атлантски Океан","Атлантычны акіян"
mk-mk,be-by,"Атмосфера","Атмасфера Зямлі"
mk-mk,be-by,"Атом","Атам"
mk-mk,be-by,"Атомска маса","Атамная маса"
mk-mk,be-by,"Африка","Афрыка"
mk-mk,be-by,"Афродита","Планета Венера"
mk-mk,be-by,"Аљаска","Штат Аляска"
mk-mk,be-by,"Бабск","Бабск"
mk-mk,be-by,"Бадем","Мігдалы"
mk-mk,be-by,"База","Падстава"
mk-mk,be-by,"Бакар","Медзь"
mk-mk,be-by,"Бакнеж","Пацалаваць"
mk-mk,be-by,"Бакнеж","Пацалунак"
mk-mk,be-by,"Баку","Горад Баку"
mk-mk,be-by,"Балкански Полуостров","Балканская паўвыспа"
mk-mk,be-by,"Балкански војни","Балканскія войны"
mk-mk,be-by,"Балкански полуостров","Балканская паўвыспа"
mk-mk,be-by,"Балтичко Море","Балтыйскае мора"
mk-mk,be-by,"Балустер","Баляса"
mk-mk,be-by,"Бангкок","Банкок"
mk-mk,be-by,"Бангладеш","Бангладэш"
mk-mk,be-by,"Барселона","Барсэлёна"
mk-mk,be-by,"Бахрaин","Бахрэйн"
mk-mk,be-by,"Бел дроб","Лёгкае"
mk-mk,be-by,"Бела боја","Белы"
mk-mk,be-by,"Белгија","Бельгія"
mk-mk,be-by,"Белизе","Беліз"
mk-mk,be-by,"Бело сирење","Брынза"
mk-mk,be-by,"Белоруси","Беларусы"
mk-mk,be-by,"Белорусија","Беларусь"
mk-mk,be-by,"Белоруска ССР","Беларуская Савецкая Сацыялістычная Рэспубліка"
mk-mk,be-by,"Белоруски јазик","Беларуская мова"
mk-mk,be-by,"Берза","Біржа"
mk-mk,be-by,"Берилиум","Берылій"
mk-mk,be-by,"Берлин","Горад Берлін"
mk-mk,be-by,"Берлински договор","Бэрлінскі кангрэс"
mk-mk,be-by,"Берлински конгрес","Бэрлінскі кангрэс"
mk-mk,be-by,"Библија","Біблія"
mk-mk,be-by,"Бик","Сузор'е Цялец"
mk-mk,be-by,"Биографија","Біяграфія"
mk-mk,be-by,"Биологија","Біялёгія"
mk-mk,be-by,"Битлс","The Beatles"
mk-mk,be-by,"Близнаци","Сузор'е Блізняты"
mk-mk,be-by,"Близок Исток","Блізкі Ўсход"
mk-mk,be-by,"Блиски Исток","Блізкі Ўсход"
mk-mk,be-by,"Блог","Блоґ"
mk-mk,be-by,"Бог","Бог"
mk-mk,be-by,"Богородица Марија","Багародзіца"
mk-mk,be-by,"Боже чувај го царот!","Гімн Расійскай імперыі"
mk-mk,be-by,"Боже чувај го царот","Боже, Царя храни"
mk-mk,be-by,"Боливија","Балівія"
mk-mk,be-by,"Бор","Бор, хімічны элемент"
mk-mk,be-by,"Босна и Херцеговина","Боснія і Герцагавіна"
mk-mk,be-by,"Ботаника","Батаніка"
mk-mk,be-by,"Боцен","Бальцана"
mk-mk,be-by,"Бразил","Бразілія"
mk-mk,be-by,"Брак","Шлюб"
mk-mk,be-by,"Братислава","Горад Братыслава"
mk-mk,be-by,"Браќа Рајт","Браты Райт"
mk-mk,be-by,"Брег на Слоновата Коска","Кот д'Івуар"
mk-mk,be-by,"Брегот на Слоновата Коска","Кот д'Івуар"
mk-mk,be-by,"Брест","Горад Брэст"
mk-mk,be-by,"Брзина","Хуткасць"
mk-mk,be-by,"Брисел","Брусэль"
mk-mk,be-by,"Британска Фунта","Брытанскі фунт"
mk-mk,be-by,"Британска кујна","Англійская кухня"
mk-mk,be-by,"Бром","Бром"
mk-mk,be-by,"Број","Лік"
mk-mk,be-by,"Бршлен","Бурштын"
mk-mk,be-by,"Бугарија","Балгарыя"
mk-mk,be-by,"Будимпешта","Будапэшт"
mk-mk,be-by,"Вага","Сузор'е Шалі"
mk-mk,be-by,"Ваикато","Вайката"
mk-mk,be-by,"Валута","Валюта"
mk-mk,be-by,"Вануату","Вануату"
mk-mk,be-by,"Варење","Страваванне"
mk-mk,be-by,"Варшава","Горад Варшава"
mk-mk,be-by,"Василиј II Македонецот","Васілій II"
mk-mk,be-by,"Ватикан","Ватыкан"
mk-mk,be-by,"Вашингтон","Горад Вашынгтон"
mk-mk,be-by,"Вајарство","Сузор'е Скульптар"
mk-mk,be-by,"Велепредавство","Здрада"
mk-mk,be-by,"Велигден","Вялікдзень"
mk-mk,be-by,"Велика Британија","Вялікабрытанія"
mk-mk,be-by,"Вена","Горад Вена"
mk-mk,be-by,"Венера","Планета Венера"
mk-mk,be-by,"Венецуела","Венесуэла"
mk-mk,be-by,"Ветер","Вецер"
mk-mk,be-by,"Виена","Горад Вена"
mk-mk,be-by,"Виетнам","В'етнам"
mk-mk,be-by,"Византија","Усходняя Рымская імперыя"
mk-mk,be-by,"Викинзи","Вікінгі"
mk-mk,be-by,"Википедија","Вікіпедыя"
mk-mk,be-by,"Виктор Јушченко","Віктар Юшчанка"
mk-mk,be-by,"Викторија","Вікторыя"
mk-mk,be-by,"Вила Клара","Вільля-Клара"
mk-mk,be-by,"Вилијам Хогарт","Уільям Хогарт"
mk-mk,be-by,"Вилнус","Горад Вільнюс"
mk-mk,be-by,"Вино","Горад Вена"
mk-mk,be-by,"Винсент ван Гог","Вінцэнт ван Гог"
mk-mk,be-by,"Вирџинија","Злучаныя Штаты Амерыкі"
mk-mk,be-by,"Вистина","Ісціна"
mk-mk,be-by,"Вистинска црква на Исус","Сапраўдная царква Ісуса"
mk-mk,be-by,"Владимир Путин","Уладзімір Пуцін"
mk-mk,be-by,"Владимирска област","Уладзімірская вобласць"
mk-mk,be-by,"Власт",Улада
mk-mk,be-by,"Влечуги","Гад"
mk-mk,be-by,"Вода","Вада"
mk-mk,be-by,"Водолија","Сузор'е Вадаліў"
mk-mk,be-by,"Водород","Вадарод"
mk-mk,be-by,"Воздух","Паветра"
mk-mk,be-by,"Волга","Рака Волга"
mk-mk,be-by,"Волгоградска област","Валгаградская вобласць"
mk-mk,be-by,"Врба","Вярба"
mk-mk,be-by,"Временска зона","Часавы пас"
mk-mk,be-by,"Вселена","Сусвет"
mk-mk,be-by,"Вселенски Собор","Сусьветны сабор"
mk-mk,be-by,"Втора Светска војна","Другая сусветная вайна"
mk-mk,be-by,"Вторник","Ауторак"
mk-mk,be-by,"Вторник","Аўторак"
mk-mk,be-by,"Вулкан","Вулкан"
mk-mk,be-by,"Габа","Грыб"
mk-mk,be-by,"Габриел Гарсија Маркес","Габрыэль Гарсія Маркес"
mk-mk,be-by,"Галилео Галилеј","Галілеа Галілей"
mk-mk,be-by,"Гана","Гана"
mk-mk,be-by,"Гас","Газ"
mk-mk,be-by,"Гвантанамо","Гуантанама"
mk-mk,be-by,"Географија","Геаграфія"
mk-mk,be-by,"Географски координатен систем","Геаграфічныя каардынаты"
mk-mk,be-by,"Германија","Германія"
mk-mk,be-by,"Германски јазик","Нямецкая мова"
mk-mk,be-by,"Германски јазици","Германскія мовы"
mk-mk,be-by,"Германци","Германія"
mk-mk,be-by,"Геј маж","Вясёлы"
mk-mk,be-by,"Гига","Джыга"
mk-mk,be-by,"Гитара","Гітара"
mk-mk,be-by,"Главен град","Сталіца"
mk-mk,be-by,"Главна страница","Галоўная старонка"
mk-mk,be-by,"Глаголица","Глаголіца"
mk-mk,be-by,"Глукоза","Глюкоза"
mk-mk,be-by,"Глушец","Мыш"
mk-mk,be-by,"Говорништво","Лік"
mk-mk,be-by,"Голем корален гребен","Вялікі бар'ерны рыф"
mk-mk,be-by,"Големиот корален гребен","Вялікі бар'ерны рыф"
mk-mk,be-by,"Готвење","Кулінарыя"
mk-mk,be-by,"Град","Горад"
mk-mk,be-by,"Градбa","Будова"
mk-mk,be-by,"Градбa","Будынак"
mk-mk,be-by,"Градежништво","Будоўля"
mk-mk,be-by,"Гранма","Гранма"
mk-mk,be-by,"Грб","Зброя"
mk-mk,be-by,"Грегоријански календар","Грыгарыянскі каляндар"
mk-mk,be-by,"Гренада","Гранат"
mk-mk,be-by,"Гренланд","Грэнландыя"
mk-mk,be-by,"Гросглокнер","Гросглокнер"
mk-mk,be-by,"Грузија","Грузія"
mk-mk,be-by,"Грција","Грэцыя"
mk-mk,be-by,"Грчки јазик","Грэцкая мова"
mk-mk,be-by,"Густав Ајфел","Аляксандар Эйфэль"
mk-mk,be-by,"Густина на населеност","Шчыльнасьць насельніцтва"
mk-mk,be-by,"Гуштер","Сузор'е Яшчарка"
mk-mk,be-by,"Далекуисточен федерален округ","Далёкі Усход"
mk-mk,be-by,"Данска","Данія"
mk-mk,be-by,"Дански јазик","Дацкая мова"
mk-mk,be-by,"Де факто","De facto"
mk-mk,be-by,"Девица","Панна"
mk-mk,be-by,"Декларација за правата на човекот","Усеагульная дэкларацыя правоў чалавека"
mk-mk,be-by,"Демократска Република Конго","Дэмакратычная Рэспубліка Конга"
mk-mk,be-by,"Ден","Дзень"
mk-mk,be-by,"Денес над Македонија","Денес Над Македонија"
mk-mk,be-by,"Дефиниција","Пастанова"
mk-mk,be-by,"Дивеч","Дзічына"
mk-mk,be-by,"Дивокоза","Сарна"
mk-mk,be-by,"Дина","Выдма"
mk-mk,be-by,"Дишење","Аддыхаць"
mk-mk,be-by,"Дишење","Подых"
mk-mk,be-by,"Дијамант","Алмаз"
mk-mk,be-by,"Дланка","Далонь"
mk-mk,be-by,"Дожд","Дождж"
mk-mk,be-by,"Драма","Драма"
mk-mk,be-by,"Дрво","Дрэва"
mk-mk,be-by,"Дулеби","Дулебы"
mk-mk,be-by,"Дунав","Рака Дунай"
mk-mk,be-by,"ЕТА","ЭТА"
mk-mk,be-by,"Евро","Еўра"
mk-mk,be-by,"Евроазиски рис","Рысь еўрапейская"
mk-mk,be-by,"Евроазија","Эўразія"
mk-mk,be-by,"Европа","Еўропа"
mk-mk,be-by,"Европска Унија","Еўрапейскі Саюз"
mk-mk,be-by,"Егејска Македонија","Македонія"
mk-mk,be-by,"Египет","Егіпет"
mk-mk,be-by,"Езеро Викторија","Вікторыя"
mk-mk,be-by,"Езеро","Возера"
mk-mk,be-by,"Еконо.3B.D0.BC.D0.B8.D1.98.D0.B0","Эканоміка"
mk-mk,be-by,"Економија","Эканоміка"
mk-mk,be-by,"Екот","Спазьненьне"
mk-mk,be-by,"Ел Нињо","Эль Ніньё"
mk-mk,be-by,"Елементарна честичка","Элементарная часціца"
mk-mk,be-by,"Елизабета II","Елізавета ІІ, каралева Вялікабрытаніі"
mk-mk,be-by,"Ереван","Ерэван"
mk-mk,be-by,"Еритреја","Эрытрэя"
mk-mk,be-by,"Ерменија","Арменія"
mk-mk,be-by,"Есен","Восень"
mk-mk,be-by,"Естонија","Эстонія"
mk-mk,be-by,"Етиопија","Эфіопія"
mk-mk,be-by,"Еуфрат","Рака Еўфрат"
mk-mk,be-by,"Ехо","Водгулле"
mk-mk,be-by,"Ехо","Пошчак"
mk-mk,be-by,"Ехо","Рэха"
mk-mk,be-by,"Жаба","Бясхвостыя"
mk-mk,be-by,"Жаби","Бясхвостыя"
mk-mk,be-by,"Жан-Оноре Фрагонард","Жан Анарэ Фраганар"
mk-mk,be-by,"Железо","Жалеза"
mk-mk,be-by,"Желудник","Жалудок"
mk-mk,be-by,"Живот","Жыццё"
mk-mk,be-by,"Живот","Жыцьцё"
mk-mk,be-by,"Животни","Жывёла"
mk-mk,be-by,"Заб","Зуб"
mk-mk,be-by,"Загреб","Загрэб"
mk-mk,be-by,"Законодавна власт","Заканадаўчая ўлада"
mk-mk,be-by,"Збор","Фінляндыя"
mk-mk,be-by,"Звук","Гук"
mk-mk,be-by,"Здравје","Здароўе"
mk-mk,be-by,"Зевс","Планета Юпітэр"
mk-mk,be-by,"Зелена боја","Зялёны"
mk-mk,be-by,"Зелена салата","Салата"
mk-mk,be-by,"Земја","Планета Зямля"
mk-mk,be-by,"Земјоделство","Сельская гаспадарка"
mk-mk,be-by,"Земјотрес","Землятрус"
mk-mk,be-by,"Злато","Золата"
mk-mk,be-by,"Знаење","Веды"
mk-mk,be-by,"Игри","Гульня"
mk-mk,be-by,"Идеализам","Ідэалізм"
mk-mk,be-by,"Идеја","Думка"
mk-mk,be-by,"Избори","Выбары"
mk-mk,be-by,"Извршна власт","Выканаўчая ўлада"
mk-mk,be-by,"Изотоп","Ізатоп"
mk-mk,be-by,"Израел","Ізраіль"
mk-mk,be-by,"Икона","Абраз"
mk-mk,be-by,"Илузионист [филм","Ілюзіяніст"
mk-mk,be-by,"Имe","Назва"
mk-mk,be-by,"Имe","Назваць"
mk-mk,be-by,"Имe","Назоў"
mk-mk,be-by,"Имe","Называць"
mk-mk,be-by,"Имануел Кант","Імануіл Кант"
mk-mk,be-by,"Индиски Океан","Індыйскі акіян"
mk-mk,be-by,"Индиум","Індый"
mk-mk,be-by,"Индија","Індыя"
mk-mk,be-by,"Индијана","Штат Індыяна"
mk-mk,be-by,"Индо-европски јазици","Індаэўрапейскія мовы"
mk-mk,be-by,"Индоевропски јазици","Індаэўрапейскія мовы"
mk-mk,be-by,"Индустрија","Прамысловасць"
mk-mk,be-by,"Инсект","Шасьцiножка"
mk-mk,be-by,"Интернет","Інтэрнэт"
mk-mk,be-by,"Инфлација","Інфляцыя"
mk-mk,be-by,"Информација","Інфармацыя"
mk-mk,be-by,"Инч",Цал
mk-mk,be-by,"Инч","Цаля"
mk-mk,be-by,"Ирак","Ірак"
mk-mk,be-by,"Иран","Іран"
mk-mk,be-by,"Исак Њутн","Ісак Ньютан"
mk-mk,be-by,"Ислам","Іслам"
mk-mk,be-by,"Исламабад","Горад Ісламабад"
mk-mk,be-by,"Исланд","Ісландыя"
mk-mk,be-by,"Исповед","Споведзь"
mk-mk,be-by,"Историски годишнини","Сьпіс памятных дат"
mk-mk,be-by,"Историја","Гісторыя"
mk-mk,be-by,"Источна Европа","Усходняя Еўропа"
mk-mk,be-by,"Исус Христос","Езус Хрыстус"
mk-mk,be-by,"Италија","Італія"
mk-mk,be-by,"Италијански региони","Адміністрацыйна-тэрытарыяльны падзел Італіі"
mk-mk,be-by,"Италијански јазик","Італьянская мова"
mk-mk,be-by,"Ичиро Мизуки","Іціра Мідзукі"
mk-mk,be-by,"К2","Гара Чагары"
mk-mk,be-by,"Казахстан","Казахстан"
mk-mk,be-by,"Калиум","Калій"
mk-mk,be-by,"Калифорнија","Штат Каліфорнія"
mk-mk,be-by,"Калкута","Горад Калькута"
mk-mk,be-by,"Калциум","Футбол"
mk-mk,be-by,"Камено време","Каменны век"
mk-mk,be-by,"Камено доба","Каменны век"
mk-mk,be-by,"Канада","Канада"
mk-mk,be-by,"Капитал","Сталіца"
mk-mk,be-by,"Каракас","Горад Каракас"
mk-mk,be-by,"Кариби","Карыбскае мора"
mk-mk,be-by,"Карипско Море","Карыбскае мора"
mk-mk,be-by,"Карпа","Вагацца"
mk-mk,be-by,"Карпа",Скала
mk-mk,be-by,"Карпати","Карпаты"
mk-mk,be-by,"Карпести планини","Скалістыя горы"
mk-mk,be-by,"Касиопеја","Сузор'е Касіяпея"
mk-mk,be-by,"Каунас","Коўна"
mk-mk,be-by,"Кафе","Кава"
mk-mk,be-by,"Квадрат","Квадратны"
mk-mk,be-by,"Квадрат","Пляц"
mk-mk,be-by,"Квадратен километар","Квадратны кілямэтар"
mk-mk,be-by,"Квалитет","Якасць"
mk-mk,be-by,"Киев","Горад Кіеў"
mk-mk,be-by,"Килиманџаро","Гара Кіліманджара"
mk-mk,be-by,"Километар","Кілямэтар"
mk-mk,be-by,"Кина","Кітай"
mk-mk,be-by,"Кинески династии","Гісторыя Кітая"
mk-mk,be-by,"Кипар","Кіпр"
mk-mk,be-by,"Киргистан","Кыргызстан"
mk-mk,be-by,"Кирилица","Кірыліца"
mk-mk,be-by,"Киселина","Квас"
mk-mk,be-by,"Кислород","Кісларод"
mk-mk,be-by,"Кит","Сузор'е Кіт"
mk-mk,be-by,"Китара","Гітара"
mk-mk,be-by,"Клавијатурни инструменти","Клявіятура"
mk-mk,be-by,"Клепач","Павека"
mk-mk,be-by,"Клеточно јадро","Арэхі"
mk-mk,be-by,"Клима","Клімат"
mk-mk,be-by,"Клод Моне","Клод Манэ"
mk-mk,be-by,"Клуч","Ключ"
mk-mk,be-by,"Кобалт","Кобальт"
mk-mk,be-by,"Кожа","Скура"
mk-mk,be-by,"Козорог","Сузор'е Казярог"
mk-mk,be-by,"Кола","Кола"
mk-mk,be-by,"Количество","Колькасць"
mk-mk,be-by,"Коломна","Горад Каломна"
mk-mk,be-by,"Колорадо","Штат Каларада"
mk-mk,be-by,"Колумбија","Калумбія"
mk-mk,be-by,"Комета","Камета"
mk-mk,be-by,"Компјутер","Кампутар"
mk-mk,be-by,"Комунизам","Камунізм"
mk-mk,be-by,"Конго, Демократска Република","Дэмакратычная Рэспубліка Конга"
mk-mk,be-by,"Конго, Република","Рака Конга"
mk-mk,be-by,"Континент","Кантынэнт"
mk-mk,be-by,"Контрадикција","Супярэчнасць"
mk-mk,be-by,"Конфучие","Канфуцый"
mk-mk,be-by,"Конфучиј","Канфуцый"
mk-mk,be-by,"Концепт","Разуменне"
mk-mk,be-by,"Координирано универзално време","Унівэрсальны каардынаваны час"
mk-mk,be-by,"Корен","Корань"
mk-mk,be-by,"Корниз","Гзымс"
mk-mk,be-by,"Коска","Костка"
mk-mk,be-by,"Коска","Косьць"
mk-mk,be-by,"Коскени риби","Сузор'е Рыбы"
mk-mk,be-by,"Костромска област","Кастрамская вобласць"
mk-mk,be-by,"Кофи Анан","Кофі Анан"
mk-mk,be-by,"Коњ","Конь"
mk-mk,be-by,"Коњсковола","Канскаволя"
mk-mk,be-by,"Крал Шкорпија","Сузор'е Скарпіён"
mk-mk,be-by,"Крв","Кроў"
mk-mk,be-by,"Крзно","Футра"
mk-mk,be-by,"Кристал","Крыштал"
mk-mk,be-by,"Кристофер Колумбо","Хрыстафор Калумб"
mk-mk,be-by,"Крст","Сузор'е Крыж"
mk-mk,be-by,"Крстоносни војни","Крыжовыя паходы"
mk-mk,be-by,"Кружница","Кола"
mk-mk,be-by,"Куба","Куба"
mk-mk,be-by,"Кулинарство","Кулінарыя"
mk-mk,be-by,"Култура","Культура"
mk-mk,be-by,"Куритиба","Горад Курыціба"
mk-mk,be-by,"Куров","Вёска Кураў"
mk-mk,be-by,"Ла Хабана","Гавана"
mk-mk,be-by,"Лав Николаевич Толстој","Леў Талстой"
mk-mk,be-by,"Лав","Сузор'е Леў"
mk-mk,be-by,"Ландкројцер П. 1000 Стаорец","Пацук"
mk-mk,be-by,"Ландкројцер П. 1000 Стаорец","Шчур"
mk-mk,be-by,"Лас Вегас","Лас-Вегас"
mk-mk,be-by,"Латвија","Латвія"
mk-mk,be-by,"Латиница","Лацінскі альфабэт"
mk-mk,be-by,"Латинска Америка","Лацінская Амерыка"
mk-mk,be-by,"Латински јазик","Лацінская мова"
mk-mk,be-by,"Лвивска област","Горад Львоў"
mk-mk,be-by,"Леб",Хлеб
mk-mk,be-by,"Левица","Лево"
mk-mk,be-by,"Легенда","Легенда"
mk-mk,be-by,"Легенда","Паданне"
mk-mk,be-by,"Ленинградска област","Ленінградская вобласць"
mk-mk,be-by,"Лето","Лета"
mk-mk,be-by,"Либерализам","Лібэралізм"
mk-mk,be-by,"Либија","Лівія"
mk-mk,be-by,"Лингвистика","Мовазнаўства"
mk-mk,be-by,"Линус Торвалдс","Лінус Торвальдс"
mk-mk,be-by,"Лист","Лiст"
mk-mk,be-by,"Листа на британски монарси","Спіс брытанскіх манархаў"
mk-mk,be-by,"Листа на земји по површина","Сьпіс краінаў паводле плошчы"
mk-mk,be-by,"Листа на земјите во светот","Краіны паводле алфавіту"
mk-mk,be-by,"Листа на латински фрази","Прыказка"
mk-mk,be-by,"Литванија","Літва"
mk-mk,be-by,"Литвански јазик","Літоўская мова"
mk-mk,be-by,"Литиум","Літый"
mk-mk,be-by,"Лихтенштајн","Ліхтэнштэйн"
mk-mk,be-by,"Ломе","Горад Ломе"
mk-mk,be-by,"Лос Анџелес","Лос-Анджэлес"
mk-mk,be-by,"Лудвиг ван Бетовен","Людвіг ван Бетховен"
mk-mk,be-by,"Луксембург","Люксембург"
mk-mk,be-by,"Мaгла","Смуга"
mk-mk,be-by,"Мaгла","Туман"
mk-mk,be-by,"Магнезиум","Магній"
mk-mk,be-by,"Мадрид","Горад Мадрыд"
mk-mk,be-by,"Македонија","Македонія"
mk-mk,be-by,"Македонски јазик","Македонская мова"
mk-mk,be-by,"Македонски","Беларуская"
mk-mk,be-by,"Малдиви","Мальдывы"
mk-mk,be-by,"Малта","Мальта"
mk-mk,be-by,"Манган","Марганец"
mk-mk,be-by,"Маорски јазик","Маоры"
mk-mk,be-by,"Марија Шерифовиќ","Марыя Шэрыфавіч"
mk-mk,be-by,"Маркетинг","Маркетынг"
mk-mk,be-by,"Марс","Сакавік"
mk-mk,be-by,"Матанзас","Матансас"
mk-mk,be-by,"Математика","Матэматыка"
mk-mk,be-by,"Математичка логика","Матэматычная логіка"
mk-mk,be-by,"Материја","Матэрыя"
mk-mk,be-by,"Мацуо Башо","Мацуа Басё"
mk-mk,be-by,"Мебел","Мэбля"
mk-mk,be-by,"Мексико","Мэксыка"
mk-mk,be-by,"Меркур","Ртуць"
mk-mk,be-by,"Месец","Месяц"
mk-mk,be-by,"Месечина","Месяц"
mk-mk,be-by,"Метал","Мэтал"
mk-mk,be-by,"Метал","Мэталь"
mk-mk,be-by,"Метал","Мэталёвы"
mk-mk,be-by,"Метаморфна карпа","Метамарфічныя горныя пароды"
mk-mk,be-by,"Мечка","Мядзьведзь"
mk-mk,be-by,"Меѓународен Монетарен Фонд","Міжнародны валютны фонд"
mk-mk,be-by,"Мејн","Востраў Мэн"
mk-mk,be-by,"Мигел де Сервантес","Мігель Сэрвантэс"
mk-mk,be-by,"Микеланџело Буонароти","Мікеланджэла Буанароцці"
mk-mk,be-by,"Минерал","Мінерал"
mk-mk,be-by,"Мисисипи","Рака Місісіпі"
mk-mk,be-by,"Мисла","Думка"
mk-mk,be-by,"Митологија","Паняцьце Бога ў політэізьме"
mk-mk,be-by,"Мичиген","Штат Мічыган"
mk-mk,be-by,"Мијанмар","М'янма"
mk-mk,be-by,"Млеко","Малако"
mk-mk,be-by,"Множество","Тэорыя мностваў"
mk-mk,be-by,"Мол","Моль"
mk-mk,be-by,"Молдавија","Малдова"
mk-mk,be-by,"Монако","Горад Манака"
mk-mk,be-by,"Монета","Валюта"
mk-mk,be-by,"Море","Мора"
mk-mk,be-by,"Москва","Горад Масква"
mk-mk,be-by,"Московска област","Маскоўская вобласць"
mk-mk,be-by,"Московска парада на победата 1945","Парад Перамогі"
mk-mk,be-by,"Мостар","Мостар"
mk-mk,be-by,"Мошовце","Мошаўцы"
mk-mk,be-by,"Мртво Mоре","Мёртвае мора"
mk-mk,be-by,"НАТО","Арганізацыя Паўночнаатлантычнага дагавора"
mk-mk,be-by,"Навуходонозор","Навухаданосар ІІ"
mk-mk,be-by,"Намибија","Намібія"
mk-mk,be-by,"Наполеон Бонапарт","Напалеон I Банапарт"
mk-mk,be-by,"Народна Република Кина","Кітай"
mk-mk,be-by,"Население","Насельніцтва"
mk-mk,be-by,"Натриум","Натрый"
mk-mk,be-by,"Наука","Навука"
mk-mk,be-by,"Научен метод","Метад"
mk-mk,be-by,"Нацизам","Нацызм"
mk-mk,be-by,"Небраска","Штат Небраска"
mk-mk,be-by,"Негација","Адмоўе"
mk-mk,be-by,"Негација","Пярэчанне"
mk-mk,be-by,"Недела","Нядзеля"
mk-mk,be-by,"Независност","Незалежнасць"
mk-mk,be-by,"Неон","Неон"
mk-mk,be-by,"Непал","Непал"
mk-mk,be-by,"Нептун","Нептун"
mk-mk,be-by,"Нерв","Нэрв"
mk-mk,be-by,"Нигер","Рака Нігер"
mk-mk,be-by,"Нигерија","Нігерыя"
mk-mk,be-by,"Нижегородска област","Ніжагародская вобласць"
mk-mk,be-by,"Нижни Новгород","Ніжні Ноўгарад"
mk-mk,be-by,"Нил","Рака Ніл"
mk-mk,be-by,"Нилс Бор","Нільс Бор"
mk-mk,be-by,"Ноам Чомски","Ноам Хомскі"
mk-mk,be-by,"Нобелова награда","Нобэлеўская прэмія"
mk-mk,be-by,"Нов Зеланд","Новая Зеландыя"
mk-mk,be-by,"Ново место","Горад Нова-Места"
mk-mk,be-by,"Новозеландска географија","Новая Зеландыя"
mk-mk,be-by,"Норвешка","Нарвегія"
mk-mk,be-by,"Нос","Нос"
mk-mk,be-by,"Ноќ","Ноч"
mk-mk,be-by,"Обединети Нации","Арганізацыя Аб'яднаных Нацый"
mk-mk,be-by,"Обединети нации","Арганізацыя Аб'яднаных Нацый"
mk-mk,be-by,"Обединетото Кралство","Вялікабрытанія"
mk-mk,be-by,"Обичен шакал","Сузор'е Воўк"
mk-mk,be-by,"Облак","Воблак"
mk-mk,be-by,"Облак","Хмара"
mk-mk,be-by,"Образование","Культура"
mk-mk,be-by,"Овен","Сузор'е Авен"
mk-mk,be-by,"Океан","Акіян"
mk-mk,be-by,"Око","Вока"
mk-mk,be-by,"Оман","Аман"
mk-mk,be-by,"Опера","Опера"
mk-mk,be-by,"Оперативен систем","Аперацыйная сістэма"
mk-mk,be-by,"Операција Барбароса","Вялікая Айчынная вайна"
mk-mk,be-by,"Општествена класа","Клас"
mk-mk,be-by,"Општина Охрид","Охрыд"
mk-mk,be-by,"Општина","Вёска"
mk-mk,be-by,"Орање","Апельсін"
mk-mk,be-by,"Орган","Арган"
mk-mk,be-by,"Организација на земји извознички на нафта","Арганізацыя краін, экспартуючых нафту"
mk-mk,be-by,"Оскар","Тыгровы оскар"
mk-mk,be-by,"Остров","Востраў"
mk-mk,be-by,"Отоманска Империја","Асманская імперыя"
mk-mk,be-by,"Отче наш","Ойча наш"
mk-mk,be-by,"Официјален јазик","Афіцыйная мова"
mk-mk,be-by,"Охрид","Охрыд"
mk-mk,be-by,"Оче наш","Ойча наш"
mk-mk,be-by,"ПЛ Кјодан","Магчымае/ПЛ Кьодан"
mk-mk,be-by,"Падеж",Склон
mk-mk,be-by,"Пакистан","Пакістан"
mk-mk,be-by,"Палестина","Палестынская аўтаномія"
mk-mk,be-by,"Палестинска самоуправа","Палестынская аўтаномія"
mk-mk,be-by,"Панамски канал","Панамскі канал"
mk-mk,be-by,"Папа Јован Павле II","Ян Павел II, папа рымскі"
mk-mk,be-by,"Папа Бенедикт XVI","Бенедыкт XVI, папа рымскі"
mk-mk,be-by,"Папа","Ян Павел II, папа рымскі"
mk-mk,be-by,"Пари","Валюта"
mk-mk,be-by,"Париз","Горад Парыж"
mk-mk,be-by,"Пасиште","Паша"
mk-mk,be-by,"Паскал",Pascal
mk-mk,be-by,"Пат","Дарога"
mk-mk,be-by,"Пат","Краiна"
mk-mk,be-by,"Пат","Палазня"
mk-mk,be-by,"Пат","Шаша"
mk-mk,be-by,"Пат","Шлях"
mk-mk,be-by,"Паун","Сузор'е Паўлін"
mk-mk,be-by,"Педесетница","Троіца"
mk-mk,be-by,"Пекинг","Горад Пекін"
mk-mk,be-by,"Периметар","Кола"
mk-mk,be-by,"Периоден систем на елементите","Перыядычная сістэма элементаў"
mk-mk,be-by,"Периоден систем","Перыядычная сістэма элементаў"
mk-mk,be-by,"Перм","Горад Пермь"
mk-mk,be-by,"Персонален компјутер","Персанальны камп'ютар"
mk-mk,be-by,"Персонификација","Увасабленне"
mk-mk,be-by,"Перу","Пэру"
mk-mk,be-by,"Петар I","Пётр I, імператар расійскі"
mk-mk,be-by,"Петар Велики","Пётр I, імператар расійскі"
mk-mk,be-by,"Петок","Пятніца"
mk-mk,be-by,"Пештера","Пячора"
mk-mk,be-by,"Пи","Пі"
mk-mk,be-by,"Пиво","Піва"
mk-mk,be-by,"Планета","Планета"
mk-mk,be-by,"Планина","Гара"
mk-mk,be-by,"Платон","Платон"
mk-mk,be-by,"Плоштина","Плошча"
mk-mk,be-by,"Податок","Даныя"
mk-mk,be-by,"Подгорица","Падгорыца"
mk-mk,be-by,"Поезија","Верш"
mk-mk,be-by,"Пол Мекартни","Пол Макартні"
mk-mk,be-by,"Пол","Род"
mk-mk,be-by,"Политика","Палітыка"
mk-mk,be-by,"Политичка десница","Права"
mk-mk,be-by,"Полска","Польшча"
mk-mk,be-by,"Полски јазик","Польская мова"
mk-mk,be-by,"Полудрвена градба","Ферма"
mk-mk,be-by,"Полуостров","Паўвострау"
mk-mk,be-by,"Полуостров","Паўвыспа"
mk-mk,be-by,"Понеделник","Панядзелак"
mk-mk,be-by,"Поплава","Паводка"
mk-mk,be-by,"Попладне","Попоудня"
mk-mk,be-by,"Попладне","Поудзень"
mk-mk,be-by,"Порторико","Пуэрта-Рыка"
mk-mk,be-by,"Португалски јазик","Партугальская мова"
mk-mk,be-by,"Пост","Пост"
mk-mk,be-by,"Поткровје","Клець"
mk-mk,be-by,"Почва","Глеба"
mk-mk,be-by,"Почва","Забруджваць"
mk-mk,be-by,"Почетна страна","Галоўная старонка"
mk-mk,be-by,"Право","Закон"
mk-mk,be-by,"Право","Права"
mk-mk,be-by,"Правопис","Арфаграфія"
mk-mk,be-by,"Православие","Праваслаўе"
mk-mk,be-by,"Прага","Горад Прага"
mk-mk,be-by,"Прва Светска војна","Першая сусветная вайна"
mk-mk,be-by,"Прва балканска војна","Балканскія войны"
mk-mk,be-by,"Прва светска војна","Першая сусветная вайна"
mk-mk,be-by,"Препелица","Перапёлка"
mk-mk,be-by,"Префектура Атина","Атэны"
mk-mk,be-by,"Приволжски федерален округ","Рака Волга"
mk-mk,be-by,"Природа","Прырода"
mk-mk,be-by,"Природен сателит","Месяц"
mk-mk,be-by,"Природни науки","Прыродазнаўчыя навукі"
mk-mk,be-by,"Проект","Намер"
mk-mk,be-by,"Проза","Проза"
mk-mk,be-by,"Промена","Адмена"
mk-mk,be-by,"Промена","Зьмена"
mk-mk,be-by,"Промена","Зьмяняць"
mk-mk,be-by,"Простор","Абшар"
mk-mk,be-by,"Простор","Прастора"
mk-mk,be-by,"Протестантска реформација","Рэфармацыя"
mk-mk,be-by,"Протон","Пратон"
mk-mk,be-by,"Профит","Карысьць"
mk-mk,be-by,"Профит","Пажытак"
mk-mk,be-by,"Профит","Прыбытак"
mk-mk,be-by,"Процесор","Прафесар"
mk-mk,be-by,"Пруга","Торый"
mk-mk,be-by,"Птици","Птушка"
mk-mk,be-by,"Пура","Цыгара"
mk-mk,be-by,"Радио","Радыё"
mk-mk,be-by,"Радиус","Радый"
mk-mk,be-by,"Рак","Сузор'е Рак"
mk-mk,be-by,"Расказ","Навэла"
mk-mk,be-by,"Раствор","Росчын"
mk-mk,be-by,"Растенија","Расьлiна"
mk-mk,be-by,"Региони на Англија","Рэгіён"
mk-mk,be-by,"Река","Рака"
mk-mk,be-by,"Рекреација","Спачын"
mk-mk,be-by,"Рекреација","Спачынак"
mk-mk,be-by,"Ректор","Прэзыдэнт"
mk-mk,be-by,"Религија","Рэлігія"
mk-mk,be-by,"Република Кина","Тайвань"
mk-mk,be-by,"Република Конго","Дэмакратычная Рэспубліка Конга"
mk-mk,be-by,"Република Македонија","Македонія"
mk-mk,be-by,"Република","Рэспубліка"
mk-mk,be-by,"Реторика","Постаць"
mk-mk,be-by,"Риби","Сузор'е Рыбы"
mk-mk,be-by,"Рига","Рыґа"
mk-mk,be-by,"Рим","Горад Рым"
mk-mk,be-by,"Римска Империја","Рымская імперыя"
mk-mk,be-by,"Римска империја","Рымская Імперыя"
mk-mk,be-by,"Римска провинција Македонија","Македонія"
mk-mk,be-by,"Рис","Сузор'е Рысь"
mk-mk,be-by,"Ричард Сталман","Рычард Столман"
mk-mk,be-by,"Род","Пол"
mk-mk,be-by,"Роман","Навэла"
mk-mk,be-by,"Романија","Румынія"
mk-mk,be-by,"Романски јазик","Румынская мова"
mk-mk,be-by,"Романски јазици","Раманскія мовы"
mk-mk,be-by,"Руанда","Руанда"
mk-mk,be-by,"Рудолф Дизел","Рудольф Дызель"
mk-mk,be-by,"Руси","Рускія"
mk-mk,be-by,"Русија","Расія"
mk-mk,be-by,"Руски јазик","Руская мова"
mk-mk,be-by,"СИДА","СНІД"
mk-mk,be-by,"Сабота","Субота"
mk-mk,be-by,"Салвадор Аљенде","Сальвадор Альендэ"
mk-mk,be-by,"Салвадор Дали","Сальвадор Далі"
mk-mk,be-by,"Сан Диего","Сан-Дыега"
mk-mk,be-by,"Сан Марино","Сан-Марына"
mk-mk,be-by,"Санкт Петерсбург","Горад Санкт-Пецярбург"
mk-mk,be-by,"Санкт-Петербург","Горад Санкт-Пецярбург"
mk-mk,be-by,"Санскрит","Санскрыт"
mk-mk,be-by,"Сараево","Сараева"
mk-mk,be-by,"Сарма","Галубцы"
mk-mk,be-by,"Сахара","Пустыня Сахара"
mk-mk,be-by,"Светлина","Святло"
mk-mk,be-by,"Светлински микроскоп","Сузор'е Мікраскоп"
mk-mk,be-by,"Светска Банка","Сусьветны банк"
mk-mk,be-by,"Светска Трговска Организација","Сусветная Гандлёвая Арганізацыя"
mk-mk,be-by,"Светско Првенство во Фудбал 2006","Чэмпіянат свету па футболе 2006 года"
mk-mk,be-by,"Северен Леден Океан","Арктычны акіян"
mk-mk,be-by,"Северен новозеландски остров","Паўночны востраў"
mk-mk,be-by,"Северна Америка","Паўночная Амерыка"
mk-mk,be-by,"Северна Каролина","Штат Паўночная Караліна"
mk-mk,be-by,"Седум рида на Рим","Сем пагоркаў Рыма"
mk-mk,be-by,"Секира","Сякера"
mk-mk,be-by,"Секогаш","Заўжды"
mk-mk,be-by,"Секогаш","Заўсёды"
mk-mk,be-by,"Сексуалност","Род"
mk-mk,be-by,"Сибир","Сібір"
mk-mk,be-by,"Сибирски федерален округ","Сібір"
mk-mk,be-by,"Силициум","Крэмній"
mk-mk,be-by,"Силициумска долина","Крэмніевая даліна"
mk-mk,be-by,"Систем","Лад"
mk-mk,be-by,"Сицилија","Сыцылія"
mk-mk,be-by,"Скандиум","Скандый"
mk-mk,be-by,"Скорпија","Сузор'е Скарпіён"
mk-mk,be-by,"Словачка","Славакія"
mk-mk,be-by,"Словачки јазик","Беларуская"
mk-mk,be-by,"Словенечки јазик","Славенская мова"
mk-mk,be-by,"Словенија","Славенія"
mk-mk,be-by,"Словенски јазици","Славянскія мовы"
mk-mk,be-by,"Смеса","Мешань"
mk-mk,be-by,"Смеса","Сумесь"
mk-mk,be-by,"Соединети Американски Држави","Злучаныя Штаты Амерыкі"
mk-mk,be-by,"Сократ","Сакрат"
mk-mk,be-by,"Сонце","Сонца"
mk-mk,be-by,"Сончев систем","Сонечная сістэма"
mk-mk,be-by,"Софиска област","Сафія"
mk-mk,be-by,"Софија","Сафія"
mk-mk,be-by,"Социјалистичка Федеративна Република Југославија","Югаславія"
mk-mk,be-by,"Сојуз на Советските Социјалистички Републики","Саюз Савецкіх Сацыялістычных Рэспублік"
mk-mk,be-by,"Сојузни држави во САД","Штаты ЗША"
mk-mk,be-by,"Сојузни држави од САД","Штаты ЗША"
mk-mk,be-by,"Сојузни покраини во Германија","Землі Аўстрыі"
mk-mk,be-by,"Спорт","Спорт"
mk-mk,be-by,"Србија и Црна Гора","Сэрбія і Чарнагорыя"
mk-mk,be-by,"Србија","Сербія"
mk-mk,be-by,"Среда","Серада"
mk-mk,be-by,"Средоземно Море","Міжземнае мора"
mk-mk,be-by,"Српски јазик","Сэрбская мова"
mk-mk,be-by,"Срце","Сэрца"
mk-mk,be-by,"Стакло Seguso",Шкло
mk-mk,be-by,"Стакло",Шкло
mk-mk,be-by,"Стапка","Нага"
mk-mk,be-by,"Стар Египет","Старажытны Егіпет"
mk-mk,be-by,"Стара планина","Балканская паўвыспа"
mk-mk,be-by,"Старомакедонски јазик","Македонская мова"
mk-mk,be-by,"Старословенско писмо","Кірыліца"
mk-mk,be-by,"Стварност","Рэальнасць"
mk-mk,be-by,"Стебло","Бадыль"
mk-mk,be-by,"Стебло","Сцябло"
mk-mk,be-by,"Стебло","Цыбук"
mk-mk,be-by,"Стебло","Цыбур"
mk-mk,be-by,"Стереотип","Беларуская"
mk-mk,be-by,"Стереотип","Расейская"
mk-mk,be-by,"Стих","Верш"
mk-mk,be-by,"Стрелец","Сузор'е Стралец"
mk-mk,be-by,"Стрип","Сьмешны"
mk-mk,be-by,"Структура","Структура"
mk-mk,be-by,"Судан","Судан"
mk-mk,be-by,"Суецки канал","Суэцкі канал"
mk-mk,be-by,"Сулфур","Сера"
mk-mk,be-by,"Супстанција","Матэрыя"
mk-mk,be-by,"Тангањика","Танганьіка"
mk-mk,be-by,"Тастатура","Клявіятура"
mk-mk,be-by,"Татарстан","Татарстан"
mk-mk,be-by,"Таупо","Возера Таупа"
mk-mk,be-by,"Тајван","Тайвань"
mk-mk,be-by,"Тајланд",Тайланд
mk-mk,be-by,"Таџикистан","Таджыкістан"
mk-mk,be-by,"Театар","Драма"
mk-mk,be-by,"Театар","Тэатр"
mk-mk,be-by,"Тексас","Штат Тэхас"
mk-mk,be-by,"Теорија на множествата","Тэорыя мностваў"
mk-mk,be-by,"Термодинамика","Тэрмадынаміка"
mk-mk,be-by,"Тетауматафакатангихангакоауаотаматеаурехаеатурипукапихимаунгахоронукупокаифенуаакитанараху","Таўматавакатангіангакаававатаматэатурыпукакапікімаўнгахаранукупакаівенуакітанатах"
mk-mk,be-by,"Течност","Вадкасць"
mk-mk,be-by,"Течност","Вадкасьць"
mk-mk,be-by,"Тигар","Тыгр"
mk-mk,be-by,"Титикака","Тытыкака"
mk-mk,be-by,"Тихи Океан","Ціхі акіян"
mk-mk,be-by,"Томас Алва Едисон","Томас Эдысан"
mk-mk,be-by,"Тони Блер","Блэр, Тоні"
mk-mk,be-by,"Тор","Сузор'е Цялец"
mk-mk,be-by,"Торонто","Горад Таронта"
mk-mk,be-by,"Тот","Даглядчык"
mk-mk,be-by,"Тот","Пачатковец"
mk-mk,be-by,"Точка на измама","Метэарыт"
mk-mk,be-by,"Транс музика","Транс"
mk-mk,be-by,"Трговија","Гандал"
mk-mk,be-by,"Трговија","Гандаль"
mk-mk,be-by,"Трговија","Гандляваць"
mk-mk,be-by,"Триаголник","Сузор'е Трыкутнік"
mk-mk,be-by,"Тринидад и Тобаго","Трынідад і Табага"
mk-mk,be-by,"Тринидад, Куба","Сьвятая Троіца"
mk-mk,be-by,"Тротоар","Тратуар"
mk-mk,be-by,"Тројан","Троян"
mk-mk,be-by,"Тувалу","Тувалу"
mk-mk,be-by,"Тулска област","Тульская вобласць"
mk-mk,be-by,"Турски јазик","Грэцкая мова"
mk-mk,be-by,"Турција","Турцыя"
mk-mk,be-by,"Тутун","Тытунь"
mk-mk,be-by,"Тјуменска област","Цюменская вобласць"
mk-mk,be-by,"Тјурингова машина","Машына Т'юрынга"
mk-mk,be-by,"УНЕСКО","ЮНЭСКА"
mk-mk,be-by,"Украински јазик","Украінская мова"
mk-mk,be-by,"Украинци","Украінцы"
mk-mk,be-by,"Улјановск","Горад Ульянаўск"
mk-mk,be-by,"Уметност","Мастацтва"
mk-mk,be-by,"Унгарија","Венгрыя"
mk-mk,be-by,"Уралски федерален округ","Урал"
mk-mk,be-by,"Уран","Уран"
mk-mk,be-by,"Уредување на Риби","Сузор'е Рыбы"
mk-mk,be-by,"Усна празнина","Рот"
mk-mk,be-by,"Устав","Канстытуцыя"
mk-mk,be-by,"Фарски Острови","Фарэрскія выспы"
mk-mk,be-by,"Февруари","Люты"
mk-mk,be-by,"Фигури","Постаць"
mk-mk,be-by,"Фидел Кастро","Фідэль Кастра"
mk-mk,be-by,"Филип II Македонски","Філіп ІІ"
mk-mk,be-by,"Филозофија","Філасофія"
mk-mk,be-by,"Философија","Філасофія"
mk-mk,be-by,"Финска","Фінляндыя"
mk-mk,be-by,"Фиџи","Фіджы"
mk-mk,be-by,"Флорида","Штат Фларыда"
mk-mk,be-by,"Флуид","Вадкасьць"
mk-mk,be-by,"Фосфор","Фосфар"
mk-mk,be-by,"Франција","Францыя"
mk-mk,be-by,"Француска револуција","Французская рэвалюцыя"
mk-mk,be-by,"Француски јазик","Француская мова"
mk-mk,be-by,"Фреквенција","Чашчыня"
mk-mk,be-by,"Фронтон","Закот"
mk-mk,be-by,"Фронтон","Залобак"
mk-mk,be-by,"Фудбал","Футбол"
mk-mk,be-by,"Фјодор Тjутчев","Фёдар Цютчаў"
mk-mk,be-by,"ХИВ","СНІД"
mk-mk,be-by,"Хагиографија","Агіяграфія"
mk-mk,be-by,"Хаити","Гаіці"
mk-mk,be-by,"Хелиум","Гелій"
mk-mk,be-by,"Хелсинки","Хэльсынкі"
mk-mk,be-by,"Хемиски елемент","Хімічны элемент"
mk-mk,be-by,"Хералдика","Геральдыка"
mk-mk,be-by,"Хлор","Хлор"
mk-mk,be-by,"Холандија","Нідэрланды"
mk-mk,be-by,"Холандски јазик","Нідэрландская мова"
mk-mk,be-by,"Холокауст","Галакост"
mk-mk,be-by,"Хондурас","Гандурас"
mk-mk,be-by,"Хорус","Хор"
mk-mk,be-by,"Храна","Ежа"
mk-mk,be-by,"Хрватска","Харватыя"
mk-mk,be-by,"Хрватски јазик","Харвацкая мова"
mk-mk,be-by,"Христијанство","Хрысьціянства"
mk-mk,be-by,"Хром","Хром"
mk-mk,be-by,"Цар Фердинанд","Фердынанд I Габсбург"
mk-mk,be-by,"Царина","Мытня"
mk-mk,be-by,"Цвет","Кветка"
mk-mk,be-by,"Централноафриканска Република","Цэнтральна-Афрыканская Рэспубліка"
mk-mk,be-by,"Цигара","Цыгарэта"
mk-mk,be-by,"Циркулаторен систем","Кровазварот"
mk-mk,be-by,"Црква","Касьцёл"
mk-mk,be-by,"Црн дроб","Вантроба"
mk-mk,be-by,"Црна Гора","Чарнагорыя"
mk-mk,be-by,"Црно Море","Чорнае мора"
mk-mk,be-by,"Цунами","Цунамі"
mk-mk,be-by,"Чај","Гарбата"
mk-mk,be-by,"Чајна билка","Гарбата"
mk-mk,be-by,"Че Гевара","Эрнэста Гевара"
mk-mk,be-by,"Четврта крстоносна војна","Чацвёрты крыжовы паход"
mk-mk,be-by,"Четврток","Чацьвер"
mk-mk,be-by,"Чешка","Чэхія"
mk-mk,be-by,"Чешки јазик","Чэская мова"
mk-mk,be-by,"Членестостеблени растенија","Калатоўка"
mk-mk,be-by,"Шанец","Роў"
mk-mk,be-by,"Шах","Горад Мале"
mk-mk,be-by,"Швајцарија","Швейцарыя"
mk-mk,be-by,"Шведска","Швецыя"
mk-mk,be-by,"Шведски јазик","Беларуская"
mk-mk,be-by,"Шеќер","Цукар"
mk-mk,be-by,"Шпанија","Іспанія"
mk-mk,be-by,"Шпански јазик","Гішпанская мова"
mk-mk,be-by,"Ще не вмерла Україна","Ще не вмерла Україна"
mk-mk,be-by,"ֿנאגמ","Закон"
mk-mk,be-by,"ֿנאגמ","Права"
mk-mk,be-by,C,"Мова праграмавання C"
mk-mk,be-by,JavaScript,JavaScript
mk-mk,be-by,Mousepad,Mousepad
mk-mk,be-by,Nirvana,Nirvana
mk-mk,be-by,Queen,"Каралева"
mk-mk,be-by,Radiohead,Radiohead
mk-mk,be-by,UTC,"Унівэрсальны каардынаваны час"
mk-mk,be-by,Unix,Unix
mk-mk,be-by,Свод,"Паднябенне"
mk-mk,be-by,Свод,"Скляпенне"
mk-mk,be-by,Селен,Селен
mk-mk,be-by,Село,"Вёска"
mk-mk,be-by,Сила,"Сіла"
mk-mk,be-by,Симбол,"Прыкмета"
mk-mk,be-by,Симбол,"Прымета"
mk-mk,be-by,Симбол,"Сымбол"
mk-mk,be-by,Слон,Слон
mk-mk,be-by,Соли,"Салоны"
mk-mk,be-by,Соли,Сол
mk-mk,be-by,Соли,"Соль"
mk-mk,be-by,Тежина,"Вага"
mk-mk,be-by,Ткиво,Тканка
mk-mk,be-by,Уганда,Уганда
mk-mk,be-by,Хавана,"Гавана"
mk-mk,be-by,Хелена,"Алена дэ Бурбон"
mk-mk,be-by,Хималаи,"Гімалаі"
mk-mk,be-by,Цинк,"Цынк"
mk-mk,be-by,Чад,Чад
mk-mk,be-by,Чиле,"Чылі"
mk-mk,be-by,Член,"Выраб"
mk-mk,be-by,Член,"Прадмет"
mk-mk,be-by,Член,"Тавар"
mk-mk,be-by,Човек,Чалавек
