mk-mk,en-gb,"ROM меморија",ROM
mk-mk,en-gb,"ROM меморија","ROM memory"
mk-mk,en-gb,"ROM меморија","Read only memory"
mk-mk,en-gb,"ROM меморија","Read-only memory"
mk-mk,en-gb,"U041fu0435u0458u0437u0430u0436u043du043e u0441u043bu0438u043au0430u0440u0441u0442u0432u043e",Landscape
mk-mk,en-gb,"£אדכונמה הטמךסטה","Carbon dioxide"
mk-mk,en-gb,"Ѓавол",Devil
mk-mk,en-gb,"Ѓавол","Nuts !"
mk-mk,en-gb,"Ѕвезда",Star
mk-mk,en-gb,"Јава",Java
mk-mk,en-gb,"Јаглеводород",Hydrocarbon
mk-mk,en-gb,"Јаглен",Anthrax
mk-mk,en-gb,"Јаглен",Smut
mk-mk,en-gb,"Јаглерод диоксид","Carbon dioxide"
mk-mk,en-gb,"Јаглерод",Carbon
mk-mk,en-gb,"Јаглероден циклус","Carbon cycle"
mk-mk,en-gb,"Јаглехидрат",Carbohydrate
mk-mk,en-gb,"Јадренце",Nucleolus
mk-mk,en-gb,"Јазик",Language
mk-mk,en-gb,"Јамајка",Jamaica
mk-mk,en-gb,"Јануари",January
mk-mk,en-gb,"Јапонски јазик",Japanese
mk-mk,en-gb,"Јарда",Yard
mk-mk,en-gb,"Јарец",Capricorn
mk-mk,en-gb,"Јајце клетка",Ovum
mk-mk,en-gb,"Јајчник",Ovary
mk-mk,en-gb,"Јемен",Yemen
mk-mk,en-gb,"Јен",Yen
mk-mk,en-gb,"Јод",Iodine
mk-mk,en-gb,"Јон",Ion
mk-mk,en-gb,"Јоносфера",Ionosphere
mk-mk,en-gb,"Јордан",Jordan
mk-mk,en-gb,"Југославија",Yugoslavia
mk-mk,en-gb,"Јужна Америка","South America"
mk-mk,en-gb,"Јужна Африка","South Africa"
mk-mk,en-gb,"Јужна Кореја","South Korea"
mk-mk,en-gb,"Јужноафриканска Република","South Africa"
mk-mk,en-gb,"Јуни",June
mk-mk,en-gb,"Јупитер",Jove
mk-mk,en-gb,"Јупитер",Jupiter
mk-mk,en-gb,"Љубов на попладне",Ariadne
mk-mk,en-gb,"Љубов",Love
mk-mk,en-gb,"Њу Јорк",Apple
mk-mk,en-gb,"Њу Јорк",NY
mk-mk,en-gb,"Њу Јорк",NYC
mk-mk,en-gb,"Њујорк Сити",Apple
mk-mk,en-gb,"Њујорк Сити",NY
mk-mk,en-gb,"Њујорк Сити",NYC
mk-mk,en-gb,"Њујорк",Apple
mk-mk,en-gb,"Њујорк",NY
mk-mk,en-gb,"Њујорк",NYC
mk-mk,en-gb,"Џамија",Mosque
mk-mk,en-gb,"Џорџија",Georgia
mk-mk,en-gb,"Абиџан",Abidjan
mk-mk,en-gb,"Абортус",Abortion
mk-mk,en-gb,"Аватар",Avatar
mk-mk,en-gb,"Авганистан",Afghanistan
mk-mk,en-gb,"Авион",Aeroplane
mk-mk,en-gb,"Авион",Air
mk-mk,en-gb,"Авион","Air freight"
mk-mk,en-gb,"Авион",Aircraft
mk-mk,en-gb,"Авион",Airmail
mk-mk,en-gb,"Авион",Airplane
mk-mk,en-gb,"Авион",Plane
mk-mk,en-gb,"Австралија",Australia
mk-mk,en-gb,"Австрија",Austria
mk-mk,en-gb,"Австроунгарија",Austria-Hungary
mk-mk,en-gb,"Автомобил",Automobile
mk-mk,en-gb,"Автомобил",Car
mk-mk,en-gb,"Автомобил",Motor-car
mk-mk,en-gb,"Авторско право",Copyright
mk-mk,en-gb,"Агломер",Protractor
mk-mk,en-gb,"Агломер",Reporter
mk-mk,en-gb,"Агностицизам",Agnosticism
mk-mk,en-gb,"Агол",Angle
mk-mk,en-gb,"Агрегатна состојба",Phase
mk-mk,en-gb,"Аденозин трифосфат","Adenosine triphosphate"
mk-mk,en-gb,"Адреналин",Adrenalin
mk-mk,en-gb,"Адреналин",Adrenaline
mk-mk,en-gb,"Аероб",Aerobic
mk-mk,en-gb,"Азербејџан",Azerbaijan
mk-mk,en-gb,"Азија",Asia
mk-mk,en-gb,"Азот",Nitrogen
mk-mk,en-gb,"Аксиома",Axiom
mk-mk,en-gb,"Актер",Player
mk-mk,en-gb,"Албанија",Albania
mk-mk,en-gb,"Албански јазик",Albanian
mk-mk,en-gb,"Алгебра",Algebra
mk-mk,en-gb,"Алги",Alga
mk-mk,en-gb,"Алгоритам",Algorithmic
mk-mk,en-gb,"Алгоритам",Algorithmics
mk-mk,en-gb,"Алдехид",Aldehyde
mk-mk,en-gb,"Алегорија",Allegory
mk-mk,en-gb,"Александар",Alexander
mk-mk,en-gb,"Алергија",Allergy
mk-mk,en-gb,"Алжир",Algeria
mk-mk,en-gb,"Алжир",Algiers
mk-mk,en-gb,"Алкилхалогенид",CFC
mk-mk,en-gb,"Алкохол",Alcohol
mk-mk,en-gb,"Алкохолен пијалок",Booze
mk-mk,en-gb,"Алкохолен пијалок",Nightcap
mk-mk,en-gb,"Алкохолизам",Alcoholism
mk-mk,en-gb,"Алкохолизам",Drinking
mk-mk,en-gb,"Алуминиум",Aluminium
mk-mk,en-gb,"Алфа",Alpha
mk-mk,en-gb,"Алфа","Alpha ray"
mk-mk,en-gb,"Алхемија",Alchemy
mk-mk,en-gb,"Амазон",Amazon
mk-mk,en-gb,"Аматер",Amateur
mk-mk,en-gb,"Аматер",Amateurish
mk-mk,en-gb,"Аматер",Dabbler
mk-mk,en-gb,"Аматер",Fancier
mk-mk,en-gb,"Аматер",Keen
mk-mk,en-gb,"Аматер","Keen of"
mk-mk,en-gb,"Аматер",Lover
mk-mk,en-gb,"Аматер","Lover of"
mk-mk,en-gb,"Аматер",Non-professional
mk-mk,en-gb,"Америка",American
mk-mk,en-gb,"Американска Самоа",Samoa
mk-mk,en-gb,"Амид","Acid amide"
mk-mk,en-gb,"Амин",Amine
mk-mk,en-gb,"Амино киселина","Amino acid"
mk-mk,en-gb,"Амонијак",Ammonia
mk-mk,en-gb,"Амстердам",Amsterdam
mk-mk,en-gb,"Анаероб",Anaerobic
mk-mk,en-gb,"Анализа",Analysis
mk-mk,en-gb,"Аналитичка хемија",Chemistry
mk-mk,en-gb,"Анархизам",Anarchism
mk-mk,en-gb,"Анархија",Anarchy
mk-mk,en-gb,"Анатема",Anathema
mk-mk,en-gb,"Анатема",Ban
mk-mk,en-gb,"Анатема",Excommunication
mk-mk,en-gb,"Анатомија",Anatomy
mk-mk,en-gb,"Англиски јазик",English
mk-mk,en-gb,"Англија",England
mk-mk,en-gb,"Англија",English
mk-mk,en-gb,"Ангола",Angola
mk-mk,en-gb,"Андора",Andorra
mk-mk,en-gb,"Андрогена личност",Hermaphrodite
mk-mk,en-gb,"Андрогина личност",Hermaphrodite
mk-mk,en-gb,"Анимација",Animation
mk-mk,en-gb,"Антигва",Antigua
mk-mk,en-gb,"Антисемитизам",Anti-Semitism
mk-mk,en-gb,"Античка Македонска војска",Phalanx
mk-mk,en-gb,"Антропологија",Anthropology
mk-mk,en-gb,"Антропоним",Anthroponymy
mk-mk,en-gb,"Апликациско ниво","Application layer"
mk-mk,en-gb,"Апокриф",Apocrypha
mk-mk,en-gb,"Апокриф",Apocryphal
mk-mk,en-gb,"Аполон",Apollo
mk-mk,en-gb,"Апостол Јован",Jeans
mk-mk,en-gb,"Апостол Марко",Marcus
mk-mk,en-gb,"Апостол Марко",Pomace
mk-mk,en-gb,"Апостол Петар",Stone
mk-mk,en-gb,"Април",April
mk-mk,en-gb,"Апстракција",Abstraction
mk-mk,en-gb,"Арапски јазик",Arab
mk-mk,en-gb,"Арапски јазик",Arabian
mk-mk,en-gb,"Аргентина",Argentina
mk-mk,en-gb,"Аргентина",Argentine
mk-mk,en-gb,"Аргентина","Argentine woman"
mk-mk,en-gb,"Аргон",Argon
mk-mk,en-gb,"Ареометар",Hydrometer
mk-mk,en-gb,"Ариевска раса",Aryans
mk-mk,en-gb,"Аристократија",Aristocracy
mk-mk,en-gb,"Аристократија",Nobility
mk-mk,en-gb,"Аристотел",Aristotle
mk-mk,en-gb,"Аритметика",Arithmetic
mk-mk,en-gb,"Арктички Океан","Arctic Ocean"
mk-mk,en-gb,"Артемида",Diana
mk-mk,en-gb,"Артерија",Artery
mk-mk,en-gb,"Артилерија",Artillery
mk-mk,en-gb,"Археологија",Archaeology
mk-mk,en-gb,"Археологија",Archeology
mk-mk,en-gb,"Архимед",Archimedes
mk-mk,en-gb,"Архипелаг",Archipelago
mk-mk,en-gb,"Архитектура",Architecture
mk-mk,en-gb,"Архитрав",Architrave
mk-mk,en-gb,"Астероид",Asteroid
mk-mk,en-gb,"Астма",Asthma
mk-mk,en-gb,"Астробиологија",Exobiology
mk-mk,en-gb,"Астрологија",Astrology
mk-mk,en-gb,"Астрономија",Astronomy
mk-mk,en-gb,"Астрофизика",Astrophysics
mk-mk,en-gb,"Атеизам",Atheism
mk-mk,en-gb,"Атена",Athena
mk-mk,en-gb,"Атика",Attica
mk-mk,en-gb,"Атина",Athens
mk-mk,en-gb,"Атлетика",Athletics
mk-mk,en-gb,"Атлетика","Field sports"
mk-mk,en-gb,"Атмосфера",Atmosphere
mk-mk,en-gb,"Атом",Atom
mk-mk,en-gb,"Атомска бомба",Nuke
mk-mk,en-gb,"Атомска маса","Atomic mass"
mk-mk,en-gb,"Атриум",Atrium
mk-mk,en-gb,"Африка",Africa
mk-mk,en-gb,"Афродита",Aphrodite
mk-mk,en-gb,"Ајкула",Shark
mk-mk,en-gb,"Аљаска",Alaska
mk-mk,en-gb,"Баварија",Bavaria
mk-mk,en-gb,"Бадем",Almond
mk-mk,en-gb,"База",Base
mk-mk,en-gb,"Базалт",Basalt
mk-mk,en-gb,"Бакар",Copper
mk-mk,en-gb,"Бакнеж",Bang
mk-mk,en-gb,"Бакнеж",Fuck
mk-mk,en-gb,"Бакнеж",Kiss
mk-mk,en-gb,"Бакнеж",Lay
mk-mk,en-gb,"Бакнеж",Screw
mk-mk,en-gb,"Бакнеж",Sex
mk-mk,en-gb,"Бакнеж",Shag
mk-mk,en-gb,"Балкански Полуостров",Balkans
mk-mk,en-gb,"Балкански полуостров",Balkans
mk-mk,en-gb,"Балтичко Море",Baltic
mk-mk,en-gb,"Балтичко Море","Baltic Sea"
mk-mk,en-gb,"Бангладеш",Bangladesh
mk-mk,en-gb,"Барбадос",Barbados
mk-mk,en-gb,"Барселона",Barcelona
mk-mk,en-gb,"Барут",Gunpowder
mk-mk,en-gb,"Бастион",Stronghold
mk-mk,en-gb,"Бахамски Острови",Bahamas
mk-mk,en-gb,"Бахрaин",Bahrain
mk-mk,en-gb,"Бајт",Byte
mk-mk,en-gb,"Безобразлук",Defamation
mk-mk,en-gb,"Бел дроб",Lung
mk-mk,en-gb,"Бела боја",Blank
mk-mk,en-gb,"Бела боја",White
mk-mk,en-gb,"Белгија",Belgium
mk-mk,en-gb,"Белград",Belgrade
mk-mk,en-gb,"Белизе",Belize
mk-mk,en-gb,"Белорусија",Belarus
mk-mk,en-gb,"Бенгал",Bengal
mk-mk,en-gb,"Бенелукс",Benelux
mk-mk,en-gb,"Бензен",Benzene
mk-mk,en-gb,"Бенин",Benign
mk-mk,en-gb,"Бергамот","Bergamot orange"
mk-mk,en-gb,"Бергамот","Bergamot pean"
mk-mk,en-gb,"Берза",Pouch
mk-mk,en-gb,"Берза","Stock exchange"
mk-mk,en-gb,"Берилиум",Beryllium
mk-mk,en-gb,"Берлин",Beaker
mk-mk,en-gb,"Берлин",Berlin
mk-mk,en-gb,"Библија",Bible
mk-mk,en-gb,"Бик",Bull
mk-mk,en-gb,"Бик",Taurus
mk-mk,en-gb,"Бикини",Bikini
mk-mk,en-gb,"Биографија",Biography
mk-mk,en-gb,"Биографија","Life story"
mk-mk,en-gb,"Биологија",Biologist
mk-mk,en-gb,"Биологија",Biology
mk-mk,en-gb,"Бионика",Bionic
mk-mk,en-gb,"Бионика",Bionics
mk-mk,en-gb,"Биопсија",Biopsy
mk-mk,en-gb,"Биосфера",Biosphere
mk-mk,en-gb,"Биотоп",Biotope
mk-mk,en-gb,"Биохемија",Biochemistry
mk-mk,en-gb,"Бисексуалност",Bisexuality
mk-mk,en-gb,"Бит",Bit
mk-mk,en-gb,"Близнаци",Gemini
mk-mk,en-gb,"Близок Исток","Middle East"
mk-mk,en-gb,"Блиски Исток","Middle East"
mk-mk,en-gb,"Блиски Исток","Near East"
mk-mk,en-gb,"Бог",God
mk-mk,en-gb,"Боливија",Bolivia
mk-mk,en-gb,"Бор",Boron
mk-mk,en-gb,"Босна и Херцеговина","Bosnia and Herzegovina"
mk-mk,en-gb,"Босна",Bosnia
mk-mk,en-gb,"Ботаника",Botanical
mk-mk,en-gb,"Ботаника",Botany
mk-mk,en-gb,"Боцвана",Botswana
mk-mk,en-gb,"Бразил",Brazil
mk-mk,en-gb,"Брак",Marriage
mk-mk,en-gb,"Брак",Matrimony
mk-mk,en-gb,"Брег на Слоновата Коска","Ivory Coast"
mk-mk,en-gb,"Брегот на Слоновата Коска","Ivory Coast"
mk-mk,en-gb,"Бремен",Bremen
mk-mk,en-gb,"Брзина на звук","Sound velocity"
mk-mk,en-gb,"Брзина на звук","Speed of sound"
mk-mk,en-gb,"Брзина",Speed
mk-mk,en-gb,"Брисел",Brussels
mk-mk,en-gb,"Британска Фунта",Pound
mk-mk,en-gb,"Британска Фунта",Quid
mk-mk,en-gb,"Бром",Bromine
mk-mk,en-gb,"Број",Number
mk-mk,en-gb,"Брунеи",Brunei
mk-mk,en-gb,"Бугарија",Bulgaria
mk-mk,en-gb,"Бугарски јазик",Bulgarian
mk-mk,en-gb,"Будизам",Buddhism
mk-mk,en-gb,"Буква",Letter
mk-mk,en-gb,"Бурунди",Burundi
mk-mk,en-gb,"Вавилон",Babylon
mk-mk,en-gb,"Вага",Balance
mk-mk,en-gb,"Вагина",Vagina
mk-mk,en-gb,"Вакуола",Vesicle
mk-mk,en-gb,"Валидност",Valid
mk-mk,en-gb,"Валута",Motto
mk-mk,en-gb,"Вануату",Vanuatu
mk-mk,en-gb,"Варење",Digestion
mk-mk,en-gb,"Варшава",Warsaw
mk-mk,en-gb,"Ват",Watt
mk-mk,en-gb,"Ватикан",Vatican
mk-mk,en-gb,"Вајарство",Carving
mk-mk,en-gb,"Велепоседничка куќа","Country house"
mk-mk,en-gb,"Велепоседничка куќа",Manor
mk-mk,en-gb,"Велепоседничка куќа",Manor-house
mk-mk,en-gb,"Велепредавство",Betrayal
mk-mk,en-gb,"Велепредавство",Deception
mk-mk,en-gb,"Велепредавство","High treason"
mk-mk,en-gb,"Велепредавство",Treachery
mk-mk,en-gb,"Велепредавство",Treason
mk-mk,en-gb,"Велигден",Easter
mk-mk,en-gb,"Велика Британија",Britain
mk-mk,en-gb,"Велика Британија","Great Britain"
mk-mk,en-gb,"Вена",Vein
mk-mk,en-gb,"Венера",Venus
mk-mk,en-gb,"Венеција",Bruges
mk-mk,en-gb,"Венеција",Venice
mk-mk,en-gb,"Верижна реакција","Chain reaction"
mk-mk,en-gb,"Верижна реакција","Series of reactions"
mk-mk,en-gb,"Ветер",Wind
mk-mk,en-gb,"Виена",Vienna
mk-mk,en-gb,"Византија",Byzantium
mk-mk,en-gb,"Викинзи",Viking
mk-mk,en-gb,"Виконт",Viscount
mk-mk,en-gb,"Викторија",Victoria
mk-mk,en-gb,"Вино",Wine
mk-mk,en-gb,"Виолина",Cooler
mk-mk,en-gb,"Виолина",Fiddle
mk-mk,en-gb,"Виолина",Nick
mk-mk,en-gb,"Виолина",Violin
mk-mk,en-gb,"Виолончело",Cello
mk-mk,en-gb,"Виртуелна реалност","Virtual reality"
mk-mk,en-gb,"Вирус",Virus
mk-mk,en-gb,"Висла",Vistula
mk-mk,en-gb,"Вистина",Truth
mk-mk,en-gb,"Вистински тенис",Rackets
mk-mk,en-gb,"Витамин",Vitamin
mk-mk,en-gb,"Витлеем",Bethlehem
mk-mk,en-gb,"Вињета",Thumbnail
mk-mk,en-gb,"Власт",Authoritative
mk-mk,en-gb,"Власт",Authority
mk-mk,en-gb,"Вода",Water
mk-mk,en-gb,"Воден пат",Waterway
mk-mk,en-gb,"Водолија",Aquarius
mk-mk,en-gb,"Водород",Hydrogen
mk-mk,en-gb,"Водородна врска","Hydrogen bound"
mk-mk,en-gb,"Воена тактика",Generalship
mk-mk,en-gb,"Воена тактика",Strategy
mk-mk,en-gb,"Воз",About
mk-mk,en-gb,"Воз",Rate
mk-mk,en-gb,"Воз",Stream
mk-mk,en-gb,"Воз",Tilt
mk-mk,en-gb,"Воздух",Air
mk-mk,en-gb,"Волга",Volga
mk-mk,en-gb,"Волт",Volt
mk-mk,en-gb,"Волтер",French
mk-mk,en-gb,"Волтер","French language"
mk-mk,en-gb,"Волумен",Volume
mk-mk,en-gb,"Вонбродски мотор",Outboard
mk-mk,en-gb,"Вонбродски мотор",Power-boat
mk-mk,en-gb,"Вонбродски мотор",Speedboat
mk-mk,en-gb,"Војна",War
mk-mk,en-gb,"Врба",Willow
mk-mk,en-gb,"Временска зона","Time zone"
mk-mk,en-gb,"Вселена",Universe
mk-mk,en-gb,"Вселенски Собор",Council
mk-mk,en-gb,"Вторник",Tuesday
mk-mk,en-gb,"Вулкан",Volcano
mk-mk,en-gb,"Галаксија",Galaxy
mk-mk,en-gb,"Гамета",Gamete
mk-mk,en-gb,"Гамета","Germ cell"
mk-mk,en-gb,"Гана",Ghana
mk-mk,en-gb,"Гана","Gold Coast"
mk-mk,en-gb,"Гас",Gas
mk-mk,en-gb,"Гајда",Bagpiper
mk-mk,en-gb,"Гвадалупе",Guadeloupe
mk-mk,en-gb,"Гватемала",Guatemala
mk-mk,en-gb,"Гвинеја-Бисао","Guinea Bissau"
mk-mk,en-gb,"Ген",Gene
mk-mk,en-gb,"Генетика",Genetic
mk-mk,en-gb,"Генетика",Genetics
mk-mk,en-gb,"Генитив",Genitive
mk-mk,en-gb,"Генотип",Genotype
mk-mk,en-gb,"Географија",Geography
mk-mk,en-gb,"Геометрија",Geometry
mk-mk,en-gb,"Германија",Dutch
mk-mk,en-gb,"Германија",Germany
mk-mk,en-gb,"Германски јазик",German
mk-mk,en-gb,"Гига",Jig
mk-mk,en-gb,"Гига",Jitter
mk-mk,en-gb,"Гитара",Guitar
mk-mk,en-gb,"Главен град",Capital
mk-mk,en-gb,"Главен град","Capital city"
mk-mk,en-gb,"Главен град",Capitol
mk-mk,en-gb,"Главна страница",Courtesy
mk-mk,en-gb,"Главна страница",Reception
mk-mk,en-gb,"Гликопротеин",Glycoprotein
mk-mk,en-gb,"Глобализација",Globalization
mk-mk,en-gb,"Глукоза",Glucose
mk-mk,en-gb,"Глушец",Mouse
mk-mk,en-gb,"Гнајс",Gneiss
mk-mk,en-gb,"Говорништво",Address
mk-mk,en-gb,"Говорништво",Discourse
mk-mk,en-gb,"Говорништво",Oration
mk-mk,en-gb,"Говорништво",Speaking
mk-mk,en-gb,"Говорништво",Speech
mk-mk,en-gb,"Голтник",Pharynx
mk-mk,en-gb,"Голф палка",Club
mk-mk,en-gb,"Гонада",Gonad
mk-mk,en-gb,"Горно Езеро","Lake Superior"
mk-mk,en-gb,"Готвач","Art of cooking"
mk-mk,en-gb,"Граблива птица",Greedhead
mk-mk,en-gb,"Граблива птица",Hawk
mk-mk,en-gb,"Граблива птица",Predatory
mk-mk,en-gb,"Граблива птица",Rapacious
mk-mk,en-gb,"Граблива птица",Ravening
mk-mk,en-gb,"Граблива птица",Wolf
mk-mk,en-gb,"Град",Town
mk-mk,en-gb,"Градежништво",Build
mk-mk,en-gb,"Градежништво",Building
mk-mk,en-gb,"Градежништво","Building trade"
mk-mk,en-gb,"Градежништво",Construction
mk-mk,en-gb,"Градинар",Gardener
mk-mk,en-gb,"Градинар",Gardening
mk-mk,en-gb,"Градоначалник",Mayor
mk-mk,en-gb,"Градоначалник",Provost
mk-mk,en-gb,"Градски парк",Gardens
mk-mk,en-gb,"Градски парк","Public park"
mk-mk,en-gb,"Грегоријански календар","Gregorian calendar"
mk-mk,en-gb,"Гренада",Granada
mk-mk,en-gb,"Гренада","Granada province"
mk-mk,en-gb,"Гренада",Grenada
mk-mk,en-gb,"Гренада",Grenade
mk-mk,en-gb,"Гренада","Hand grenade"
mk-mk,en-gb,"Гренада",Pomegranate
mk-mk,en-gb,"Гренланд",Greenland
mk-mk,en-gb,"Грклан",Larynx
mk-mk,en-gb,"Грклан","Voice box"
mk-mk,en-gb,"Грузија",Georgia
mk-mk,en-gb,"Грција",Greece
mk-mk,en-gb,"Грчки јазик",Greek
mk-mk,en-gb,"Густина",Density
mk-mk,en-gb,"Гуштер",Lizard
mk-mk,en-gb,"ДНК","Deoxyribonucleic acid"
mk-mk,en-gb,"Далтонизам",Colour-blindness
mk-mk,en-gb,"Дамаск",Damascus
mk-mk,en-gb,"Дамаст",Damascus
mk-mk,en-gb,"Данска",Denmark
mk-mk,en-gb,"Дански јазик",Danish
mk-mk,en-gb,"Дајре",Tambourine
mk-mk,en-gb,"Дајре",Timbrel
mk-mk,en-gb,"Дванаесет апостоли",Apostle
mk-mk,en-gb,"Дебело црево",Colon
mk-mk,en-gb,"Девица",Virgin
mk-mk,en-gb,"Дедал",Labyrinth
mk-mk,en-gb,"Деменција",Dementia
mk-mk,en-gb,"Демократија",Democracy
mk-mk,en-gb,"Ден",Day
mk-mk,en-gb,"Ден",Daylight
mk-mk,en-gb,"Дерматит",Eczema
mk-mk,en-gb,"Дефиниција",Resolution
mk-mk,en-gb,"Дециметар",Decimeter
mk-mk,en-gb,"Дециметар",Decimetre
mk-mk,en-gb,"Дивеч",Quarry
mk-mk,en-gb,"Дивокоза",Chamois
mk-mk,en-gb,"Диктатура",Dictatorship
mk-mk,en-gb,"Дина",Dune
mk-mk,en-gb,"Динамит",Dynamite
mk-mk,en-gb,"Диода",Diode
mk-mk,en-gb,"Дипломатија",Diplomacy
mk-mk,en-gb,"Дирек",Abutment
mk-mk,en-gb,"Дирек",Buttress
mk-mk,en-gb,"Дирек",Foot-hill
mk-mk,en-gb,"Дисидент",Dissent
mk-mk,en-gb,"Дистрибуција",Distribution
mk-mk,en-gb,"Дифузија",Diffusion
mk-mk,en-gb,"Дишење",Breath
mk-mk,en-gb,"Дишење",Respiration
mk-mk,en-gb,"Дишник","Air sac"
mk-mk,en-gb,"Дишник",Windpipe
mk-mk,en-gb,"Дијамант",Diamond
mk-mk,en-gb,"Дијафрагма",Diaphragm
mk-mk,en-gb,"Дожд",Rain
mk-mk,en-gb,"Документација",Documents
mk-mk,en-gb,"Документација",Papers
mk-mk,en-gb,"Дорат",Bay
mk-mk,en-gb,"Досада",Boredom
mk-mk,en-gb,"Драма",Drama
mk-mk,en-gb,"Дрво",Shaft
mk-mk,en-gb,"Дрво",Spindle
mk-mk,en-gb,"Дрво",Tree
mk-mk,en-gb,"Дунав",Danube
mk-mk,en-gb,"Евангелие",Gospel
mk-mk,en-gb,"Еволутивна биологија",Evolution
mk-mk,en-gb,"Еволуција",Evolution
mk-mk,en-gb,"Евреи",Jew
mk-mk,en-gb,"Европа",Europa
mk-mk,en-gb,"Европа",Europe
mk-mk,en-gb,"Европска Унија","European Union"
mk-mk,en-gb,"Европска економска заедница","European Community"
mk-mk,en-gb,"Египет",Egypt
mk-mk,en-gb,"Едноклеточен организам",Microorganism
mk-mk,en-gb,"Езеро",Lake
mk-mk,en-gb,"Еквадор",Equator
mk-mk,en-gb,"Екватор",Equator
mk-mk,en-gb,"Екологија",Ecology
mk-mk,en-gb,"Еконо.3B.D0.BC.D0.B8.D1.98.D0.B0",Economy
mk-mk,en-gb,"Економија",Economy
mk-mk,en-gb,"Експлозив",Explosive
mk-mk,en-gb,"Електрична отпорност",Resistivity
mk-mk,en-gb,"Електролиза",Electrolysis
mk-mk,en-gb,"Електрон",Electron
mk-mk,en-gb,"Електроника",Electronic
mk-mk,en-gb,"Електроника",Electronics
mk-mk,en-gb,"Електронски микроскоп",Microscope
mk-mk,en-gb,"Електронско писмо",E-mail
mk-mk,en-gb,"Елементарна честичка","Elementary particle"
mk-mk,en-gb,"Еманципација",Emancipation
mk-mk,en-gb,"Еманципација",Freeing
mk-mk,en-gb,"Еманципација",Liberation
mk-mk,en-gb,"Емоција",Emotion
mk-mk,en-gb,"Емоција",Emotionally
mk-mk,en-gb,"Енергетско ниво","Energy level"
mk-mk,en-gb,"Енергија",Energy
mk-mk,en-gb,"Ензим",Enzyme
mk-mk,en-gb,"Енталпија",Enthalpy
mk-mk,en-gb,"Енциклопедија",Encyclopaedia
mk-mk,en-gb,"Енциклопедија",Encyclopedia
mk-mk,en-gb,"Ерменија",Armenia
mk-mk,en-gb,"Ерусалим",Jerusalem
mk-mk,en-gb,"Есен",Autumn
mk-mk,en-gb,"Есен",Fall
mk-mk,en-gb,"Есеј",Trial
mk-mk,en-gb,"Естер",Ester
mk-mk,en-gb,"Естерификација",Ester
mk-mk,en-gb,"Естонија",Estonia
mk-mk,en-gb,"Естонски јазик",Estonian
mk-mk,en-gb,"Естрогени хормони",Oestrogen
mk-mk,en-gb,"Етика",Ethics
mk-mk,en-gb,"Етиопија",Ethiopia
mk-mk,en-gb,"Еуфрат",Euphrates
mk-mk,en-gb,"Ехо",Echo
mk-mk,en-gb,"Жабри",Gill
mk-mk,en-gb,"Железна завеса","Iron curtain"
mk-mk,en-gb,"Железна завеса","Safety curtain"
mk-mk,en-gb,"Железница",Railroad
mk-mk,en-gb,"Железо",Iron
mk-mk,en-gb,"Желудник",Stomach
mk-mk,en-gb,"Живина",Poultry
mk-mk,en-gb,"Живот",Life
mk-mk,en-gb,"Животни",Animal
mk-mk,en-gb,"Жито",Cereal
mk-mk,en-gb,"Жито",Corn
mk-mk,en-gb,"Жлезда",Gland
mk-mk,en-gb,"Журнализам",Journalism
mk-mk,en-gb,"Заб",Fang
mk-mk,en-gb,"Заб",Prong
mk-mk,en-gb,"Заб",Tooth
mk-mk,en-gb,"Загар",Greyhound
mk-mk,en-gb,"Загар",Setting-dog
mk-mk,en-gb,"Загреб",Zagreb
mk-mk,en-gb,"Законодавна власт","Legislative power"
mk-mk,en-gb,"Законодавна власт",Legislature
mk-mk,en-gb,"Западен Брег","West Bank"
mk-mk,en-gb,"Западен Кејп",Cape
mk-mk,en-gb,"Западна Европа",Europe
mk-mk,en-gb,"Запченик",Gear
mk-mk,en-gb,"Збор",Estimate
mk-mk,en-gb,"Збор",Word
mk-mk,en-gb,"Звук",Bran
mk-mk,en-gb,"Звук",Sound
mk-mk,en-gb,"Звучна дупка",Ear
mk-mk,en-gb,"Звучна дупка",Ears
mk-mk,en-gb,"Звучна дупка",Hearing
mk-mk,en-gb,"Звучна дупка","Sense of hearing"
mk-mk,en-gb,"Здравје",Health
mk-mk,en-gb,"Зебра",Zebra
mk-mk,en-gb,"Зевс",Zeus
mk-mk,en-gb,"Зелена боја",Fresh
mk-mk,en-gb,"Зелена боја",Green
mk-mk,en-gb,"Зелени алги","Green alga"
mk-mk,en-gb,"Зеленика",Boxwood
mk-mk,en-gb,"Земја",Earth
mk-mk,en-gb,"Земјина ротација","Earth rotation"
mk-mk,en-gb,"Земјоделство",Agriculture
mk-mk,en-gb,"Земјотрес",Earthquake
mk-mk,en-gb,"Зигот",Zygote
mk-mk,en-gb,"Зимбабве",Zimbabwe
mk-mk,en-gb,"Злато",Gold
mk-mk,en-gb,"Знаење",Knowledge
mk-mk,en-gb,"Зодијак",Zodiac
mk-mk,en-gb,"Зоологија",Zoology
mk-mk,en-gb,"Зороастризам",Zoroastrianism
mk-mk,en-gb,"Игри",Game
mk-mk,en-gb,"Игри",Set
mk-mk,en-gb,"Идеализам",Idealism
mk-mk,en-gb,"Идеологија",Ideology
mk-mk,en-gb,"Идеја",Clue
mk-mk,en-gb,"Идеја",Idea
mk-mk,en-gb,"Идеја",Notion
mk-mk,en-gb,"Идеја",Thought
mk-mk,en-gb,"Избори",Election
mk-mk,en-gb,"Извршна власт","Executive power"
mk-mk,en-gb,"Изотоп",Isotope
mk-mk,en-gb,"Изотоп",Isotopes
mk-mk,en-gb,"Израел",Israel
mk-mk,en-gb,"Икона",Icon
mk-mk,en-gb,"Икони",Icon
mk-mk,en-gb,"Илузија",Delusion
mk-mk,en-gb,"Илузија",Illusion
mk-mk,en-gb,"Илуминации",Illuminations
mk-mk,en-gb,"Имe",Name
mk-mk,en-gb,"Империјализам",Imperialism
mk-mk,en-gb,"Имплозија",Implosion
mk-mk,en-gb,"Имплувиум","Intake area"
mk-mk,en-gb,"Имплувиум","Precipitation area"
mk-mk,en-gb,"Имплувиум","Rain area"
mk-mk,en-gb,"Имплувиум","Rainfall area"
mk-mk,en-gb,"Имунолошки систем","Immune system"
mk-mk,en-gb,"Индиум",Indium
mk-mk,en-gb,"Индија",India
mk-mk,en-gb,"Индокина",Indo-China
mk-mk,en-gb,"Индустрија",Industry
mk-mk,en-gb,"Инженеринг",Engineering
mk-mk,en-gb,"Инженерство",Engineering
mk-mk,en-gb,"Инсект",Insect
mk-mk,en-gb,"Институција",Institution
mk-mk,en-gb,"Интеграл",Integral
mk-mk,en-gb,"Интегрално коло","Integrated circuit"
mk-mk,en-gb,"Интернет",Internet
mk-mk,en-gb,"Интернет",Net
mk-mk,en-gb,"Интифада",Intifada
mk-mk,en-gb,"Интранет",Intranet
mk-mk,en-gb,"Инфлација",Inflation
mk-mk,en-gb,"Информатика",Computerized
mk-mk,en-gb,"Информатика",Computing
mk-mk,en-gb,"Информатика","Data processing"
mk-mk,en-gb,"Информатика",Data-processing
mk-mk,en-gb,"Информатика",Informatics
mk-mk,en-gb,"Информатика","Information processing"
mk-mk,en-gb,"Информатика","Information technology"
mk-mk,en-gb,"Информација",Information
mk-mk,en-gb,"Инч",Inch
mk-mk,en-gb,"Ирак",Iraq
mk-mk,en-gb,"Иран",Iran
mk-mk,en-gb,"Ирски јазик",Irish
mk-mk,en-gb,"Ирски јазик",Irishman
mk-mk,en-gb,"Ислам",Islam
mk-mk,en-gb,"Исланд",Iceland
mk-mk,en-gb,"Исланд",Icelandic
mk-mk,en-gb,"Исповед",Confession
mk-mk,en-gb,"Исповед",Denomination
mk-mk,en-gb,"Историја",History
mk-mk,en-gb,"Историја",Story
mk-mk,en-gb,"Источна Европа",Europe
mk-mk,en-gb,"Исус Христос",Christ!
mk-mk,en-gb,"Исус Христос",Jesus
mk-mk,en-gb,"Италија",Italy
mk-mk,en-gb,"Италијански јазик",Italian
mk-mk,en-gb,"Кабловска телевизија","Cable TV"
mk-mk,en-gb,"Каиро",Cairo
mk-mk,en-gb,"Калиум",Potassium
mk-mk,en-gb,"Калифорнија",California
mk-mk,en-gb,"Калциум",Calcium
mk-mk,en-gb,"Камбоџа",Cambodia
mk-mk,en-gb,"Камбоџа",Kampuchea
mk-mk,en-gb,"Камерна музика","Chamber music"
mk-mk,en-gb,"Камерун",Cameroon
mk-mk,en-gb,"Канада",Canada
mk-mk,en-gb,"Канцелар",Chancellor
mk-mk,en-gb,"Капитал",Capital
mk-mk,en-gb,"Капитализам",Capitalism
mk-mk,en-gb,"Карате",Karate
mk-mk,en-gb,"Карбонат",Carbonate
mk-mk,en-gb,"Кардинал",Cardinal
mk-mk,en-gb,"Кардинал","Cardinal bird"
mk-mk,en-gb,"Кариби",Antilles
mk-mk,en-gb,"Кариби","West Indies"
mk-mk,en-gb,"Карпа",Rock
mk-mk,en-gb,"Карпати","Carpathian mountains"
mk-mk,en-gb,"Карпати",Carpathians
mk-mk,en-gb,"Карпеста уметност","Cave art"
mk-mk,en-gb,"Карпести планини","Rocky Mountains"
mk-mk,en-gb,"Катализатор",Catalyst
mk-mk,en-gb,"Кафе",Café
mk-mk,en-gb,"Кафе",Coffee
mk-mk,en-gb,"Кафе",Coffee-house
mk-mk,en-gb,"Кајзер",Emperor
mk-mk,en-gb,"Квадрат",Square
mk-mk,en-gb,"Квалитет","Quality control"
mk-mk,en-gb,"Квантна механика","Quantum mechanics"
mk-mk,en-gb,"Кварк",Quark
mk-mk,en-gb,"Кварц",Quartz
mk-mk,en-gb,"Келвин",Kelvin
mk-mk,en-gb,"Келн",Cologne
mk-mk,en-gb,"Кенија",Kenya
mk-mk,en-gb,"Кетон",Ketone
mk-mk,en-gb,"Килограм",Kilo
mk-mk,en-gb,"Килограм",Kilogram
mk-mk,en-gb,"Километар",Kilometer
mk-mk,en-gb,"Километар",Kilometre
mk-mk,en-gb,"Ким",Cumin
mk-mk,en-gb,"Кипар",Cyprus
mk-mk,en-gb,"Кисела вода","Mineral water"
mk-mk,en-gb,"Киселина",Acid
mk-mk,en-gb,"Кислород",Oxygen
mk-mk,en-gb,"Кит",Whale
mk-mk,en-gb,"Клавир",Piano
mk-mk,en-gb,"Клепач",Eyelid
mk-mk,en-gb,"Клетка",Cell
mk-mk,en-gb,"Клеточен ѕид","Cell wall"
mk-mk,en-gb,"Клеточна мембрана","Cell membrane"
mk-mk,en-gb,"Клеточна мембрана","Plasma membrane"
mk-mk,en-gb,"Клеточно јадро",Nucleus
mk-mk,en-gb,"Клима",Climate
mk-mk,en-gb,"Клиторис",Clitoris
mk-mk,en-gb,"Клуч",Key
mk-mk,en-gb,"Коала",Koala
mk-mk,en-gb,"Коала","Koala Bear"
mk-mk,en-gb,"Кобалт",Cobalt
mk-mk,en-gb,"Кожа",Bomb
mk-mk,en-gb,"Кожа",Hide
mk-mk,en-gb,"Кожа",Pelt
mk-mk,en-gb,"Кожа",Skin
mk-mk,en-gb,"Кола",Kola
mk-mk,en-gb,"Количество",Amount
mk-mk,en-gb,"Колумбија",Colombia
mk-mk,en-gb,"Комета",Comet
mk-mk,en-gb,"Комета",Comets
mk-mk,en-gb,"Комичар",Humorist
mk-mk,en-gb,"Компајлер",Compiler
mk-mk,en-gb,"Комплекс",Complex
mk-mk,en-gb,"Комплекс",Messy
mk-mk,en-gb,"Комплекс",Sophisticated
mk-mk,en-gb,"Композитор",Composer
mk-mk,en-gb,"Компјутер",Computer
mk-mk,en-gb,"Комунизам",Communism
mk-mk,en-gb,"Комуникација",Communication
mk-mk,en-gb,"Комуникација",Lecture
mk-mk,en-gb,"Комуникација",Paper
mk-mk,en-gb,"Кондензатор",Capacitor
mk-mk,en-gb,"Кондом",Condom
mk-mk,en-gb,"Кондом","French letter"
mk-mk,en-gb,"Конзерватизам",Conservatism
mk-mk,en-gb,"Континент",Continent
mk-mk,en-gb,"Контрадикција",Allegation
mk-mk,en-gb,"Контрадикција",Contradiction
mk-mk,en-gb,"Контрадикција",Discrepancy
mk-mk,en-gb,"Контрола на раѓање",Contraception
mk-mk,en-gb,"Контрола на раѓање","Contraceptive method"
mk-mk,en-gb,"Конфедерација",Confederation
mk-mk,en-gb,"Концентрација",Focus
mk-mk,en-gb,"Концепт",Concept
mk-mk,en-gb,"Копија",Copy
mk-mk,en-gb,"Корал",Coral
mk-mk,en-gb,"Корен",Root
mk-mk,en-gb,"Кореја",Korea
mk-mk,en-gb,"Корниз",Cornice
mk-mk,en-gb,"Корниз",Ledge
mk-mk,en-gb,"Корниз",Shelf
mk-mk,en-gb,"Коска",Bone
mk-mk,en-gb,"Костарика","Costa Rica"
mk-mk,en-gb,"Кошарка",Basketball
mk-mk,en-gb,"Коњ",Horse
mk-mk,en-gb,"Коњаница",Cavalry
mk-mk,en-gb,"Коњаница",Horse
mk-mk,en-gb,"Крв",Blood
mk-mk,en-gb,"Крепост","Fortified castle"
mk-mk,en-gb,"Крзно",Fur
mk-mk,en-gb,"Крзно","Fur coat"
mk-mk,en-gb,"Крзно","Fur piece"
mk-mk,en-gb,"Крзно",Pelt
mk-mk,en-gb,"Крзно",Skin
mk-mk,en-gb,"Крикет",Cricket
mk-mk,en-gb,"Кристал",Crystal
mk-mk,en-gb,"Крокет",Croquet
mk-mk,en-gb,"Крст",Cross
mk-mk,en-gb,"Крстоносни војни",Crusade
mk-mk,en-gb,"Кружница",Circle
mk-mk,en-gb,"Куба",Cuba
mk-mk,en-gb,"Кулан","Common evenig primrose"
mk-mk,en-gb,"Култура",Cultivation
mk-mk,en-gb,"Кунилингус",Cunnilinctus
mk-mk,en-gb,"Кунилингус",Cunnilingus
mk-mk,en-gb,"Куран",Koran
mk-mk,en-gb,"Курбла",Backfire
mk-mk,en-gb,"Курбла",Crank
mk-mk,en-gb,"Курбла",Winch
mk-mk,en-gb,"Курдистан",Kurdistan
mk-mk,en-gb,"Лав",Leo
mk-mk,en-gb,"Лав",Lion
mk-mk,en-gb,"Лавина",Avalanche
mk-mk,en-gb,"Лактоза",Lactose
mk-mk,en-gb,"Ламанш",Arm
mk-mk,en-gb,"Ламанш","English Channel"
mk-mk,en-gb,"Ламанш",Haft
mk-mk,en-gb,"Ламанш",Handle
mk-mk,en-gb,"Ламанш",Round
mk-mk,en-gb,"Ламанш",Shaft
mk-mk,en-gb,"Ламанш",Sleeve
mk-mk,en-gb,"Ланец на исхрана",Food-chain
mk-mk,en-gb,"Лаос",Laos
mk-mk,en-gb,"Ласер",Laser
mk-mk,en-gb,"Латвиски јазик",Lettish
mk-mk,en-gb,"Латвија",Latvia
mk-mk,en-gb,"Латински јазик",Latin
mk-mk,en-gb,"Латитуда",Latitude
mk-mk,en-gb,"Леб",Bread
mk-mk,en-gb,"Левица",Left
mk-mk,en-gb,"Легенда",Caption
mk-mk,en-gb,"Легенда",Key
mk-mk,en-gb,"Легенда",Legend
mk-mk,en-gb,"Легенда",Saga
mk-mk,en-gb,"Легура",Alloy
mk-mk,en-gb,"Лезбејка",Lesbianism
mk-mk,en-gb,"Лезбејка",Sapphism
mk-mk,en-gb,"Лето",Been
mk-mk,en-gb,"Лето",Summer
mk-mk,en-gb,"Леукемија",Leukaemia
mk-mk,en-gb,"Леукемија",Leukemia
mk-mk,en-gb,"Леукоцит",Leukocyte
mk-mk,en-gb,"Либан",Lebanon
mk-mk,en-gb,"Либерализам",Liberalism
mk-mk,en-gb,"Либерија",Liberia
mk-mk,en-gb,"Либија",Libya
mk-mk,en-gb,"Лизозом",Lysosome
mk-mk,en-gb,"Лимнологија",Limnology
mk-mk,en-gb,"Лимфа",Lymph
mk-mk,en-gb,"Лимфоцит",Lympocyte
mk-mk,en-gb,"Лингвистика",Linguistics
mk-mk,en-gb,"Липид",Lipid
mk-mk,en-gb,"Лист",Leaf
mk-mk,en-gb,"Лист",Sheet
mk-mk,en-gb,"Листа на падежи",Rate
mk-mk,en-gb,"Листа на падежи",Rates
mk-mk,en-gb,"Листа на филмски жанрови",Film
mk-mk,en-gb,"Листопадни растенија",Leafy
mk-mk,en-gb,"Литар",Liter
mk-mk,en-gb,"Литар",Litre
mk-mk,en-gb,"Литванија",Lithuania
mk-mk,en-gb,"Литвански јазик",Lithuanian
mk-mk,en-gb,"Литвански јазик","Lithuanian man"
mk-mk,en-gb,"Литература",Literature
mk-mk,en-gb,"Литиум",Lithium
mk-mk,en-gb,"Литота",Understatement
mk-mk,en-gb,"Лихтенштајн",Liechtenstein
mk-mk,en-gb,"Лишаи",Lichen
mk-mk,en-gb,"Логика",Logical
mk-mk,en-gb,"Логички аргумент",Argumentation
mk-mk,en-gb,"Лозарство",Wine-growing
mk-mk,en-gb,"Локална мрежа",Lan
mk-mk,en-gb,"Локална мрежа","Local area network"
mk-mk,en-gb,"Локомотива",Engine
mk-mk,en-gb,"Локомотива",Locomotive
mk-mk,en-gb,"Лорд",Lord
mk-mk,en-gb,"Луизијана",Louisiana
mk-mk,en-gb,"Луксембург",Luxembourg
mk-mk,en-gb,"Луле",Blow-job
mk-mk,en-gb,"Луминисценција",Luminescence
mk-mk,en-gb,"Мaгла",Fog
mk-mk,en-gb,"Мавританија",Mauritania
mk-mk,en-gb,"Маврициус",Mauritius
mk-mk,en-gb,"Магија",Magic
mk-mk,en-gb,"Магнезиум",Magnesium
mk-mk,en-gb,"Мадагаскар",Madagascar
mk-mk,en-gb,"Мадрид",Madrid
mk-mk,en-gb,"Македонија",Macedonia
mk-mk,en-gb,"Македонски јазик",Macedonian
mk-mk,en-gb,"Македонски",French
mk-mk,en-gb,"Малави",Malawi
mk-mk,en-gb,"Малезија",Malaysia
mk-mk,en-gb,"Мали",Mali
mk-mk,en-gb,"Малта",Malta
mk-mk,en-gb,"Манган",Manganese
mk-mk,en-gb,"Манила",Manila
mk-mk,en-gb,"Мансарда",Garret
mk-mk,en-gb,"Маркетинг",Marketing
mk-mk,en-gb,"Марксизам",Marxism
mk-mk,en-gb,"Мароко",Morocco
mk-mk,en-gb,"Марс",Mars
mk-mk,en-gb,"Маса",Mass
mk-mk,en-gb,"Масна киселина","Fatty acid"
mk-mk,en-gb,"Мастурбација",Masturbation
mk-mk,en-gb,"Мастурбација",Onanism
mk-mk,en-gb,"Мастурбација",Self-abuse
mk-mk,en-gb,"Математика",Mathematics
mk-mk,en-gb,"Математичка анализа",Analysis
mk-mk,en-gb,"Материја",Matter
mk-mk,en-gb,"Материјализам",Materialism
mk-mk,en-gb,"Материјална импликација",Implication
mk-mk,en-gb,"Материјална импликација",Involvement
mk-mk,en-gb,"Мафија",Mob
mk-mk,en-gb,"Машко обрежување",Circumcision
mk-mk,en-gb,"Мебел",Loose
mk-mk,en-gb,"Мебел","Piece of furniture"
mk-mk,en-gb,"Медитација",Meditation
mk-mk,en-gb,"Медицина",Medicine
mk-mk,en-gb,"Мезосфера",Mesosphere
mk-mk,en-gb,"Мексико",Mexico
mk-mk,en-gb,"Менопауза","Climacteric period"
mk-mk,en-gb,"Менопауза",Menopause
mk-mk,en-gb,"Меркур",Mercury
mk-mk,en-gb,"Месец",Month
mk-mk,en-gb,"Месечина",Moon
mk-mk,en-gb,"Метаболизам",Metabolism
mk-mk,en-gb,"Метал",Metal
mk-mk,en-gb,"Метан",Methane
mk-mk,en-gb,"Метафизика",Metaphysics
mk-mk,en-gb,"Метафора",Metaphor
mk-mk,en-gb,"Механика",Mechanical
mk-mk,en-gb,"Мејн",ME
mk-mk,en-gb,"Мејоза",Meiosis
mk-mk,en-gb,"Микашист",Mica
mk-mk,en-gb,"Микена",Mycenae
mk-mk,en-gb,"Микробиологија",Microbiology
mk-mk,en-gb,"Микроекономија",Microeconomics
mk-mk,en-gb,"Микротубула",Microtubule
mk-mk,en-gb,"Милано",Kite
mk-mk,en-gb,"Милја",Thousand
mk-mk,en-gb,"Минерал",Mineral
mk-mk,en-gb,"Минхен",Munich
mk-mk,en-gb,"Мисионерска поза","Missionary position"
mk-mk,en-gb,"Мисисипи",Mississippi
mk-mk,en-gb,"Мисисипи","Mississippi County"
mk-mk,en-gb,"Мисла",Pansy
mk-mk,en-gb,"Мисла",Thought
mk-mk,en-gb,"Митови",Myth
mk-mk,en-gb,"Митоза",Mitosis
mk-mk,en-gb,"Митологија",Mythology
mk-mk,en-gb,"Митохондрија",Mitochondrion
mk-mk,en-gb,"Мичиген","Lake Michigan"
mk-mk,en-gb,"Мијанмар",Burma
mk-mk,en-gb,"Млеко",Milk
mk-mk,en-gb,"Млечен пат",Galaxy
mk-mk,en-gb,"Множество",Together
mk-mk,en-gb,"Мов",Foam
mk-mk,en-gb,"Мол",Mole
mk-mk,en-gb,"Молдавија",Moldavia
mk-mk,en-gb,"Молекула",Molecule
mk-mk,en-gb,"Монако",Monaco
mk-mk,en-gb,"Монархија",Monarchy
mk-mk,en-gb,"Монголија",Mongol
mk-mk,en-gb,"Монголија",Mongolia
mk-mk,en-gb,"Монголија",Mongolian
mk-mk,en-gb,"Монограм",Monogram
mk-mk,en-gb,"Монографија",Datasheet
mk-mk,en-gb,"Монографија",Memoir
mk-mk,en-gb,"Мономер",Monomer
mk-mk,en-gb,"Монопол",Monopoly
mk-mk,en-gb,"Моносахарид",Sugar
mk-mk,en-gb,"Морал",Ethics
mk-mk,en-gb,"Морал",Morals
mk-mk,en-gb,"Море",Sea
mk-mk,en-gb,"Морско прасе",Guinea-pig
mk-mk,en-gb,"Морфологија",Morphology
mk-mk,en-gb,"Москва",Moscow
mk-mk,en-gb,"Мотивација",Incentive
mk-mk,en-gb,"Мотивација",Motivation
mk-mk,en-gb,"Музеј на уметност","Art gallery"
mk-mk,en-gb,"Мускул",Brawn
mk-mk,en-gb,"Мушмула",Medlar
mk-mk,en-gb,"Мјузкл",Musical
mk-mk,en-gb,"Надбубрежна жлезда","Adrenal gland"
mk-mk,en-gb,"Намибија",Namibia
mk-mk,en-gb,"Население",Population
mk-mk,en-gb,"Натриум",Sodium
mk-mk,en-gb,"Наука",Science
mk-mk,en-gb,"Научна фантастика","Science fiction"
mk-mk,en-gb,"Нацизам",Naziism
mk-mk,en-gb,"Нацизам",Nazism
mk-mk,en-gb,"Национализам",Nationalism
mk-mk,en-gb,"Национална химна","National anthem"
mk-mk,en-gb,"Неврон",Nerve-cell
mk-mk,en-gb,"Неврон",Neuron
mk-mk,en-gb,"Неврон",Neurone
mk-mk,en-gb,"Недела",Sunday
mk-mk,en-gb,"Независност",Independence
mk-mk,en-gb,"Независност",Self-reliance
mk-mk,en-gb,"Неолит",Neolithic
mk-mk,en-gb,"Неон",Neon
mk-mk,en-gb,"Неон","Neon glow"
mk-mk,en-gb,"Непал",Nepal
mk-mk,en-gb,"Непрекинатост на функција",Continuity
mk-mk,en-gb,"Нептун",Neptune
mk-mk,en-gb,"Нерв",Nerve
mk-mk,en-gb,"Нервен систем","Nervous system"
mk-mk,en-gb,"Нервен стимул",Stimulation
mk-mk,en-gb,"Неутрализација",Neutralization
mk-mk,en-gb,"Неутрон",Neutron
mk-mk,en-gb,"Нигер",Niger
mk-mk,en-gb,"Нигерија",Nigeria
mk-mk,en-gb,"Никарагва",Nicaragua
mk-mk,en-gb,"Нил",Nile
mk-mk,en-gb,"Нихилизам",Nihilism
mk-mk,en-gb,"Нијагарини водопади","Niagara Falls"
mk-mk,en-gb,"Нов Зеланд","New Zealand"
mk-mk,en-gb,"Нов Зеланд",New-Zealand
mk-mk,en-gb,"Новинарство",Journalism
mk-mk,en-gb,"Норвешка",Norway
mk-mk,en-gb,"Норвешки јазик",Norwegian
mk-mk,en-gb,"Норвешки јазик","Norwegian man"
mk-mk,en-gb,"Нос",Nose
mk-mk,en-gb,"Ноќ",Night
mk-mk,en-gb,"Нуклеинска киселина","Nucleic acid"
mk-mk,en-gb,"Нуклеотид",Nucleotide
mk-mk,en-gb,"Нумизматика",Numismatics
mk-mk,en-gb,"Обединетото Кралство","United Kingdom"
mk-mk,en-gb,"Обиколка",Circumference
mk-mk,en-gb,"Обиколка",Girth
mk-mk,en-gb,"Облак",Cloud
mk-mk,en-gb,"Образование",Cultivation
mk-mk,en-gb,"Образование",Education
mk-mk,en-gb,"Овен",Aries
mk-mk,en-gb,"Овен",Ram
mk-mk,en-gb,"Огнен ѕид",Firewall
mk-mk,en-gb,"Одбојка",Volleyball
mk-mk,en-gb,"Одржлив развој","Sustainable development"
mk-mk,en-gb,"Океан",Ocean
mk-mk,en-gb,"Океанија",Oceania
mk-mk,en-gb,"Океанија","South Sea Islands"
mk-mk,en-gb,"Око",Eye
mk-mk,en-gb,"Оксид",Oxide
mk-mk,en-gb,"Оксиморон",Oxymoron
mk-mk,en-gb,"Окситоцин",Ocytocin
mk-mk,en-gb,"Окултизам",Occultism
mk-mk,en-gb,"Олигопол",Oligopoly
mk-mk,en-gb,"Ондин","Water sprite"
mk-mk,en-gb,"Опера",Opera
mk-mk,en-gb,"Опера","Opera house"
mk-mk,en-gb,"Оперативен систем","Operating system"
mk-mk,en-gb,"Оперета",Operetta
mk-mk,en-gb,"Оплодување",Fecundation
mk-mk,en-gb,"Оплодување",Fertilization
mk-mk,en-gb,"Оплодување",Impregnation
mk-mk,en-gb,"Оптички влакна","Optical fiber"
mk-mk,en-gb,"Оптички влакна","Optical fibre"
mk-mk,en-gb,"Општина",Borough
mk-mk,en-gb,"Општина",Municipality
mk-mk,en-gb,"Орање",Orange
mk-mk,en-gb,"Оргазам",Orgasm
mk-mk,en-gb,"Орган",Organ
mk-mk,en-gb,"Органела",Organelle
mk-mk,en-gb,"Органска хемија","Organic chemistry"
mk-mk,en-gb,"Орегон","Columbia River"
mk-mk,en-gb,"Оригами",Origami
mk-mk,en-gb,"Ориз",Rice
mk-mk,en-gb,"Осмоза",Osmosis
mk-mk,en-gb,"Осмотски притисок",Osmosis
mk-mk,en-gb,"Остров",Island
mk-mk,en-gb,"Отсечка",Segment
mk-mk,en-gb,"Падеж",Declination
mk-mk,en-gb,"Падеж",Rate
mk-mk,en-gb,"Пакистан",Pakistan
mk-mk,en-gb,"Палеонтологија",Palaeontology
mk-mk,en-gb,"Палестина",Palestine
mk-mk,en-gb,"Панкреас",Pancreas
mk-mk,en-gb,"Папа","Bishop of Rome"
mk-mk,en-gb,"Папа","Holy Father"
mk-mk,en-gb,"Папа","Patriarch of the West"
mk-mk,en-gb,"Папа",Pontiff
mk-mk,en-gb,"Папа",Pope
mk-mk,en-gb,"Папа","Servant of the servants of God"
mk-mk,en-gb,"Папа","Sovereign pontiff"
mk-mk,en-gb,"Папа","Supreme pontiff"
mk-mk,en-gb,"Папа","Vicar of Christ"
mk-mk,en-gb,"Парадигма",Paradigm
mk-mk,en-gb,"Парадокс",Paradox
mk-mk,en-gb,"Пари",Currency
mk-mk,en-gb,"Пари",Money
mk-mk,en-gb,"Париз",Backing
mk-mk,en-gb,"Парна локомотива","Steam engine"
mk-mk,en-gb,"Партизан",Partisan
mk-mk,en-gb,"Пат",Road
mk-mk,en-gb,"Патриотизам",Patriotism
mk-mk,en-gb,"Педесетница",Pentecost
mk-mk,en-gb,"Педесетница","Whit Sunday"
mk-mk,en-gb,"Педесетница",Whitsunday
mk-mk,en-gb,"Пекинг",Peiping
mk-mk,en-gb,"Пекинг",Peking
mk-mk,en-gb,"Пенис",Penis
mk-mk,en-gb,"Пентоза",Pentose
mk-mk,en-gb,"Пепелник",Ashpan
mk-mk,en-gb,"Пепелник",Ashtray
mk-mk,en-gb,"Периметар",Circle
mk-mk,en-gb,"Персиски јазик",Persian
mk-mk,en-gb,"Персиско царство",Persian
mk-mk,en-gb,"Персонификација",Embodiment
mk-mk,en-gb,"Персонификација",Personification
mk-mk,en-gb,"Перспектива",Outlook
mk-mk,en-gb,"Перспектива",Perspective
mk-mk,en-gb,"Перспектива",Prospect
mk-mk,en-gb,"Перу",Peru
mk-mk,en-gb,"Петок",Friday
mk-mk,en-gb,"Пешадија",Infantry
mk-mk,en-gb,"Пештера",Cave
mk-mk,en-gb,"Пејзажно сликарство",Landscape
mk-mk,en-gb,"Пиво",Ale
mk-mk,en-gb,"Пиво",Beer
mk-mk,en-gb,"Пинта",Gill
mk-mk,en-gb,"Пинта",Pint
mk-mk,en-gb,"Пинта",Pt.
mk-mk,en-gb,"Пирамида",Pyramid
mk-mk,en-gb,"Питка вода","Fresh water"
mk-mk,en-gb,"Плазмид",Plasmid
mk-mk,en-gb,"Пламенофрлач","Flame Thrower"
mk-mk,en-gb,"Пламенофрлач",Flamethrower
mk-mk,en-gb,"Планета",Planet
mk-mk,en-gb,"Планета",Planets
mk-mk,en-gb,"Планина",Mountain
mk-mk,en-gb,"Планина","Mountain chain"
mk-mk,en-gb,"Пластика",Plastic
mk-mk,en-gb,"Платежна моќ","Purchasing power"
mk-mk,en-gb,"Платежна моќ","Spending power"
mk-mk,en-gb,"Платон",Greek
mk-mk,en-gb,"Платон",Plato
mk-mk,en-gb,"Плутон",Pluto
mk-mk,en-gb,"Повраќање",Vomiting
mk-mk,en-gb,"Податок",Datum
mk-mk,en-gb,"Подземен свет",Side
mk-mk,en-gb,"Поезија",Poetry
mk-mk,en-gb,"Полимер",Polymer
mk-mk,en-gb,"Политика",Policy
mk-mk,en-gb,"Политичка десница",Right
mk-mk,en-gb,"Полска",Poland
mk-mk,en-gb,"Полски јазик",Polish
mk-mk,en-gb,"Полудрвена градба","Half-timbered house"
mk-mk,en-gb,"Полуостров",Peninsula
mk-mk,en-gb,"Понеделник",Monday
mk-mk,en-gb,"Поплава",Flood
mk-mk,en-gb,"Поплава",Inundation
mk-mk,en-gb,"Попладне",Noon
mk-mk,en-gb,"Портико",Crossbar
mk-mk,en-gb,"Портико",Portal
mk-mk,en-gb,"Портико",Portico
mk-mk,en-gb,"Португалски јазик",Portuguese
mk-mk,en-gb,"Пост",Fast
mk-mk,en-gb,"Поткровје",Attic
mk-mk,en-gb,"Поткровје",Loft
mk-mk,en-gb,"Почва",Soil
mk-mk,en-gb,"Почетна страна",Courtesy
mk-mk,en-gb,"Почетна страна",Reception
mk-mk,en-gb,"Право",Law
mk-mk,en-gb,"Правопис",Orthography
mk-mk,en-gb,"Правопис",Spelling
mk-mk,en-gb,"Прага",Prague
mk-mk,en-gb,"Праживотни",Protozoa
mk-mk,en-gb,"Праживотни",Protozoon
mk-mk,en-gb,"Премиса",Assumption
mk-mk,en-gb,"Премиса",Premise
mk-mk,en-gb,"Премиса",Supposition
mk-mk,en-gb,"Престапна година","Leap year"
mk-mk,en-gb,"Природа",Environment
mk-mk,en-gb,"Притисок",Pressure
mk-mk,en-gb,"Проект",Project
mk-mk,en-gb,"Проза",Prose
mk-mk,en-gb,"Прокариотa",Prokaryotic
mk-mk,en-gb,"Пропаганда",Propaganda
mk-mk,en-gb,"Пропаганда",Publicity
mk-mk,en-gb,"Простата",Prostate
mk-mk,en-gb,"Простор",Space
mk-mk,en-gb,"Протеин",Protein
mk-mk,en-gb,"Протон",Proton
mk-mk,en-gb,"Профит",Profit
mk-mk,en-gb,"Процесор",Adept
mk-mk,en-gb,"Процесор","Assistant master"
mk-mk,en-gb,"Процесор",Maestro
mk-mk,en-gb,"Процесор",Professor
mk-mk,en-gb,"Процесор",Schoolmaster
mk-mk,en-gb,"Процесор",Schoolteacher
mk-mk,en-gb,"Процесор",Teacher
mk-mk,en-gb,"Процесорско лежиште",Socket
mk-mk,en-gb,"Проширени вени","Varicose vein"
mk-mk,en-gb,"Проширени вени",Varicosity
mk-mk,en-gb,"Пруга","Permanent way"
mk-mk,en-gb,"Пруга","Railway track"
mk-mk,en-gb,"Прусија",Prussia
mk-mk,en-gb,"Психологија",Psychology
mk-mk,en-gb,"Птици",Bird
mk-mk,en-gb,"Пума",Cougar
mk-mk,en-gb,"Пума","Mountain lion"
mk-mk,en-gb,"Пума",Puma
mk-mk,en-gb,"Пура",Cigar
mk-mk,en-gb,"Пустина",Desert
mk-mk,en-gb,"Пуфер","Buffer solution"
mk-mk,en-gb,"РНК",RNA
mk-mk,en-gb,"РНК","Ribonucleic acid"
mk-mk,en-gb,"Рабат",Flap
mk-mk,en-gb,"Рабат",Rabato
mk-mk,en-gb,"Работничка класа",Labor
mk-mk,en-gb,"Работничка класа",Labour
mk-mk,en-gb,"Радикал",Radical
mk-mk,en-gb,"Радиус",Department
mk-mk,en-gb,"Размножување",Facsimile
mk-mk,en-gb,"Размножување",Reproduction
mk-mk,en-gb,"Рак",Cancer
mk-mk,en-gb,"Ракување",Handshake
mk-mk,en-gb,"Рамностран многуаголник",Equilateral
mk-mk,en-gb,"Расизам",Problem
mk-mk,en-gb,"Расказ",News
mk-mk,en-gb,"Расказ",Novella
mk-mk,en-gb,"Расказ","Piece of news"
mk-mk,en-gb,"Расказ","Short story"
mk-mk,en-gb,"Расказ",Story
mk-mk,en-gb,"Раст",Growth
mk-mk,en-gb,"Раствор",Solution
mk-mk,en-gb,"Растенија",Plant
mk-mk,en-gb,"Рататоил",Ratatouille
mk-mk,en-gb,"Раја",Parting
mk-mk,en-gb,"Раја",Ray
mk-mk,en-gb,"Раја",Skate
mk-mk,en-gb,"Раја",Stingray
mk-mk,en-gb,"Раја",Streak
mk-mk,en-gb,"Раја",Stripe
mk-mk,en-gb,"Регенсбург",Ratisbon
mk-mk,en-gb,"Регистер каса","Cash register"
mk-mk,en-gb,"Регистриран заштитен знак","Registered trademark"
mk-mk,en-gb,"Река",River
mk-mk,en-gb,"Рекреација",Amusement
mk-mk,en-gb,"Рекреација",Entertainment
mk-mk,en-gb,"Рекреација",Frolic
mk-mk,en-gb,"Ректор",Provost
mk-mk,en-gb,"Религија",Religion
mk-mk,en-gb,"Република Македонија",Macedonia
mk-mk,en-gb,"Република",Republic
mk-mk,en-gb,"Реса",Catkin
mk-mk,en-gb,"Реторика",Rhetoric
mk-mk,en-gb,"Реторика",Rhetorical
mk-mk,en-gb,"Референдум",Referenda
mk-mk,en-gb,"Референдум",Referendum
mk-mk,en-gb,"Речен транспорт","Inland navigation"
mk-mk,en-gb,"Риби",Fish
mk-mk,en-gb,"Рибозом",Ribosome
mk-mk,en-gb,"Рим",Roman
mk-mk,en-gb,"Рим",Rome
mk-mk,en-gb,"Римска Империја","Roman Empire"
mk-mk,en-gb,"Римска империја","Roman Empire"
mk-mk,en-gb,"Римска провинција Македонија",Macedonia
mk-mk,en-gb,"Римски триумф",Triumph
mk-mk,en-gb,"Рис",Lynx
mk-mk,en-gb,"Рог на изобилството",Cornucopia
mk-mk,en-gb,"Рог на изобилството","Horn of plenty"
mk-mk,en-gb,"Рокенрол",Roc
mk-mk,en-gb,"Романија",Romania
mk-mk,en-gb,"Романија",Rumania
mk-mk,en-gb,"Романски јазик",Romanian
mk-mk,en-gb,"Романски јазик",Rumanian
mk-mk,en-gb,"Романтизам",Romanticism
mk-mk,en-gb,"Роми",Gipsy
mk-mk,en-gb,"Роми",Gypsy
mk-mk,en-gb,"Ропство",Slavery
mk-mk,en-gb,"Русија",Russia
mk-mk,en-gb,"Руски јазик",Russian
mk-mk,en-gb,"Рутирање",Route
mk-mk,en-gb,"Рутирање",Routing
mk-mk,en-gb,"Рутирање",Sorting
mk-mk,en-gb,"Сабота",Saturday
mk-mk,en-gb,"Саксонија",Saxony
mk-mk,en-gb,"Сан Марино","San Marino"
mk-mk,en-gb,"Санаториум",Sanatorium
mk-mk,en-gb,"Санкт Петерсбург","Saint Petersburg"
mk-mk,en-gb,"Санкт-Петербург","Saint Petersburg"
mk-mk,en-gb,"Санскрит",Sanskrit
mk-mk,en-gb,"Сантиметар",Centimeter
mk-mk,en-gb,"Сантиметар",Centimetre
mk-mk,en-gb,"Сантиметар",Inchtape
mk-mk,en-gb,"Сантиметар",Tape-measure
mk-mk,en-gb,"Сарказам",Quip
mk-mk,en-gb,"Сарказам",Sarcasm
mk-mk,en-gb,"Сарказам","Sly joke"
mk-mk,en-gb,"Сарказам",Taunt
mk-mk,en-gb,"Саркофаг",Sarcophagus
mk-mk,en-gb,"Сатурн",Saturn
mk-mk,en-gb,"Сајберсекс",Cybersex
mk-mk,en-gb,"Свастика",Swastika
mk-mk,en-gb,"Светлина",Light
mk-mk,en-gb,"Светлински микроскоп",Microscope
mk-mk,en-gb,"Светлосна година",Light-year
mk-mk,en-gb,"Светска Банка","World bank"
mk-mk,en-gb,"Сврзно ткиво","Connective tissue"
mk-mk,en-gb,"Северен Леден Океан","Arctic Ocean"
mk-mk,en-gb,"Северна Америка","North America"
mk-mk,en-gb,"Северна Америка","North American"
mk-mk,en-gb,"Северна Ирска",Ireland
mk-mk,en-gb,"Северна Ирска","Northern Ireland"
mk-mk,en-gb,"Сегашно време",Attend
mk-mk,en-gb,"Секира",Axe
mk-mk,en-gb,"Секретар",Secretary
mk-mk,en-gb,"Сексуалност",Sexuality
mk-mk,en-gb,"Семиотика",Semiotics
mk-mk,en-gb,"Сејшели",Seychelles
mk-mk,en-gb,"Сибир",Siberia
mk-mk,en-gb,"Силициум",Silicon
mk-mk,en-gb,"Синтакса",Syntax
mk-mk,en-gb,"Систем за варење","Alimentary canal"
mk-mk,en-gb,"Систем за варење","Digestive tract"
mk-mk,en-gb,"Систем",System
mk-mk,en-gb,"Систематика",Systematic
mk-mk,en-gb,"Систематика","Systems engineering"
mk-mk,en-gb,"Сифилис",Dose
mk-mk,en-gb,"Сифилис","Lues venereal"
mk-mk,en-gb,"Сифилис",Syphilis
mk-mk,en-gb,"Сицилија",Sicily
mk-mk,en-gb,"Скандиум",Scandium
mk-mk,en-gb,"Скорбут",Scurvy
mk-mk,en-gb,"Скорпија",Scorpio
mk-mk,en-gb,"Скорпија",Scorpion
mk-mk,en-gb,"Скроб",Starch
mk-mk,en-gb,"Скутер","Motor scooter"
mk-mk,en-gb,"Скутер",Scooter
mk-mk,en-gb,"Слободна трговија","Free trade"
mk-mk,en-gb,"Словачка",Slovakia
mk-mk,en-gb,"Словачки јазик",Slovak
mk-mk,en-gb,"Словенечки јазик",Slovenian
mk-mk,en-gb,"Словенија",Slovenia
mk-mk,en-gb,"Смеса",Mix
mk-mk,en-gb,"Смеса",Mixing
mk-mk,en-gb,"Смеса",Mixture
mk-mk,en-gb,"Сметководство",Accountancy
mk-mk,en-gb,"Сметководство",Accounting
mk-mk,en-gb,"Сметководство",Bookkeeping
mk-mk,en-gb,"Соединети Американски Држави",Apple
mk-mk,en-gb,"Соединети Американски Држави",NY
mk-mk,en-gb,"Соединети Американски Држави",NYC
mk-mk,en-gb,"Соединети Американски Држави","United States of America"
mk-mk,en-gb,"Соколарство",Falconry
mk-mk,en-gb,"Солидус",Soil
mk-mk,en-gb,"Сомалија",Somalia
mk-mk,en-gb,"Сонце",Sun
mk-mk,en-gb,"Сонце",Sun-
mk-mk,en-gb,"Сончев систем","Solar system"
mk-mk,en-gb,"Софтвер",Software
mk-mk,en-gb,"Социологија",Sociology
mk-mk,en-gb,"Социјализам",Socialism
mk-mk,en-gb,"Соја",Soya
mk-mk,en-gb,"Сперматозоид","Germinal cell"
mk-mk,en-gb,"Сперматозоид","Sperm cell"
mk-mk,en-gb,"Сперматозоид",Spermatozoon
mk-mk,en-gb,"Споредба",Comparison
mk-mk,en-gb,"Спорт",Athletics
mk-mk,en-gb,"Спорт",Casual
mk-mk,en-gb,"Спорт",Games
mk-mk,en-gb,"Спорт",Sport
mk-mk,en-gb,"Спорт",Sports
mk-mk,en-gb,"Спорт","Sports car"
mk-mk,en-gb,"Спорт","Sports ground"
mk-mk,en-gb,"Србија",Serbia
mk-mk,en-gb,"Среда",Wednesday
mk-mk,en-gb,"Среден век","Dark Ages"
mk-mk,en-gb,"Среден век","Middle Ages"
mk-mk,en-gb,"Средна Америка","Central America"
mk-mk,en-gb,"Средна сипаница",Chickenpox
mk-mk,en-gb,"Средна сипаница",Varicella
mk-mk,en-gb,"Срп",Sickle
mk-mk,en-gb,"Српски јазик",Serbian
mk-mk,en-gb,"Срце",Core
mk-mk,en-gb,"Срце",Heart
mk-mk,en-gb,"Срцев напад","Coronary thrombosis"
mk-mk,en-gb,"Стакло",Glass
mk-mk,en-gb,"Стапка",Foot
mk-mk,en-gb,"Стварност",Actuality
mk-mk,en-gb,"Стварност",Actually
mk-mk,en-gb,"Стварност",Reality
mk-mk,en-gb,"Стварност",Really
mk-mk,en-gb,"Стебло",Shank
mk-mk,en-gb,"Стебло",Stem
mk-mk,en-gb,"Стереотип",Cliché
mk-mk,en-gb,"Стереотип",Stereotype
mk-mk,en-gb,"Стих",Toward
mk-mk,en-gb,"Стоицизам",Stoicism
mk-mk,en-gb,"Стомачна празнина",Abdomen
mk-mk,en-gb,"Стратосфера",Stratosphere
mk-mk,en-gb,"Стрелец",Sagittarius
mk-mk,en-gb,"Стрип",Cartoon
mk-mk,en-gb,"Стрип","Comic strip"
mk-mk,en-gb,"Стрип","Strip cartoon"
mk-mk,en-gb,"Структура",Structure
mk-mk,en-gb,"Суверенитет",Sovereignty
mk-mk,en-gb,"Судан",Sudan
mk-mk,en-gb,"Судска власт","Judicial power"
mk-mk,en-gb,"Сулфур",Sulfur
mk-mk,en-gb,"Супстанција",Matter
mk-mk,en-gb,"Суринам",Surinam
mk-mk,en-gb,"Суринам",Suriname
mk-mk,en-gb,"Таблица множење","Multiplication table"
mk-mk,en-gb,"Тавтологија",Tautology
mk-mk,en-gb,"Талусен мов",Hepatic
mk-mk,en-gb,"Тангер",Tangier
mk-mk,en-gb,"Танзанија",Tanzania
mk-mk,en-gb,"Тајланд",Siam
mk-mk,en-gb,"Тајланд",Thailand
mk-mk,en-gb,"Тајната вечера","Last Supper"
mk-mk,en-gb,"Тврдо дрво",Hardwood
mk-mk,en-gb,"Театар",Theatre
mk-mk,en-gb,"Тексас",Texas
mk-mk,en-gb,"Текст",Text
mk-mk,en-gb,"Телевизија",Television
mk-mk,en-gb,"Температура",Temperature
mk-mk,en-gb,"Тенис",Tennis
mk-mk,en-gb,"Тенко црево","Small intestine"
mk-mk,en-gb,"Тенор",Tenor
mk-mk,en-gb,"Теократија",Theocracy
mk-mk,en-gb,"Теологија",Theology
mk-mk,en-gb,"Теорба",Theorbist
mk-mk,en-gb,"Теорема",Theorem
mk-mk,en-gb,"Теорија на релативитет","Theory of relativity"
mk-mk,en-gb,"Теорија на релативност",Relativity
mk-mk,en-gb,"Теорија",Theory
mk-mk,en-gb,"Термодинамика",Thermodynamic
mk-mk,en-gb,"Тестис",Testicle
mk-mk,en-gb,"Тестис",Testis
mk-mk,en-gb,"Техничка влада",Technocracy
mk-mk,en-gb,"Течност",Fluid
mk-mk,en-gb,"Тибар",Tiber
mk-mk,en-gb,"Тигар",Tiger
mk-mk,en-gb,"Тихи Океан",Pacific
mk-mk,en-gb,"Тихи Океан","Pacific Ocean"
mk-mk,en-gb,"Толуен",Toluene
mk-mk,en-gb,"Тор",Tori
mk-mk,en-gb,"Тореадор",Bullfighter
mk-mk,en-gb,"Тореадор",Torero
mk-mk,en-gb,"Торета","Pepper pot"
mk-mk,en-gb,"Точка на вриење",Boiling
mk-mk,en-gb,"Точка на топење","Melting temperature"
mk-mk,en-gb,"Тракија",Thrace
mk-mk,en-gb,"Трактат",Treated
mk-mk,en-gb,"Трактат",Treaty
mk-mk,en-gb,"Транспорт",Transport
mk-mk,en-gb,"Транспорт",Transportation
mk-mk,en-gb,"Транссексуалност",Transsexual
mk-mk,en-gb,"Трговија",Trade
mk-mk,en-gb,"Тревник",Sod
mk-mk,en-gb,"Триаголник",Triangle
mk-mk,en-gb,"Триаголник",Triangular
mk-mk,en-gb,"Триполи",Tripoly
mk-mk,en-gb,"Тромбоцит",Platelet
mk-mk,en-gb,"Тропосфера",Troposphere
mk-mk,en-gb,"Тротоар",Sidewalk
mk-mk,en-gb,"Троја",Troy
mk-mk,en-gb,"Тумул",Barrow
mk-mk,en-gb,"Тумул",Mound
mk-mk,en-gb,"Тунел",Tunnel
mk-mk,en-gb,"Тунис",Tunis
mk-mk,en-gb,"Тунис",Tunisia
mk-mk,en-gb,"Туризам",Sightseeing
mk-mk,en-gb,"Туризам",Tourism
mk-mk,en-gb,"Турски јазик",Greek
mk-mk,en-gb,"Турција",Turkey
mk-mk,en-gb,"Турција",Turkish
mk-mk,en-gb,"Тутун",Tobacco
mk-mk,en-gb,"Украински јазик",Ukrainian
mk-mk,en-gb,"Ултравиолетова светлина",Ultraviolet
mk-mk,en-gb,"Уметност","Past master"
mk-mk,en-gb,"Унгарија",Hungary
mk-mk,en-gb,"Унгарски јазик",Hungarian
mk-mk,en-gb,"Унца",Ounce
mk-mk,en-gb,"Уредување на Риби",Fishes
mk-mk,en-gb,"Уредување на Риби",Pisces
mk-mk,en-gb,"Уругвај",Uruguay
mk-mk,en-gb,"Усна празнина",Mouth
mk-mk,en-gb,"Усна празнина",Word
mk-mk,en-gb,"Устав",Constitution
mk-mk,en-gb,"Уставна монархија","Constitutional monarchy"
mk-mk,en-gb,"Уставно право","Constitutional law"
mk-mk,en-gb,"Учител",Teacher
mk-mk,en-gb,"Фахверк","Half-timbered house"
mk-mk,en-gb,"Фахверк",Half-timbering
mk-mk,en-gb,"Фахверк","Stud work"
mk-mk,en-gb,"Фашизам",Fascism
mk-mk,en-gb,"Февруари",February
mk-mk,en-gb,"Физиологија",Physiology
mk-mk,en-gb,"Физичко ниво","Physical layer"
mk-mk,en-gb,"Филмска уметност",Cinema
mk-mk,en-gb,"Филозофија",Philosophy
mk-mk,en-gb,"Филологија",Philology
mk-mk,en-gb,"Философија",Philosophy
mk-mk,en-gb,"Финска",Finland
mk-mk,en-gb,"Фински јазик",Finnish
mk-mk,en-gb,"Фискална сметка",Receipt
mk-mk,en-gb,"Флејта",Flute
mk-mk,en-gb,"Флорида",Florida
mk-mk,en-gb,"Флуид",Fluid
mk-mk,en-gb,"Флуор",Fluorine
mk-mk,en-gb,"Фолклор",Folklore
mk-mk,en-gb,"Фосил",Fossil
mk-mk,en-gb,"Фосфолипид",Phospholipid
mk-mk,en-gb,"Фосфор",Phosphorus
mk-mk,en-gb,"Фотолуминисценција",Photoluminescence
mk-mk,en-gb,"Фотосинтеза",Photosynthesis
mk-mk,en-gb,"Франсоа Волтер",French
mk-mk,en-gb,"Франсоа Волтер","French language"
mk-mk,en-gb,"Франција",France
mk-mk,en-gb,"Француски јазик",French
mk-mk,en-gb,"Фреза",Strawberry
mk-mk,en-gb,"Фреквенција",Frequency
mk-mk,en-gb,"Фреска",Fresco
mk-mk,en-gb,"Фриз",Friesland
mk-mk,en-gb,"Фриз",Frieze
mk-mk,en-gb,"Фронтон",Fronton
mk-mk,en-gb,"Фронтон",Parapet
mk-mk,en-gb,"Фронтон",Pediment
mk-mk,en-gb,"Фруктоза",Fructose
mk-mk,en-gb,"Фудбал",Football
mk-mk,en-gb,"Фудбал",Soccer
mk-mk,en-gb,"Хаити",Haiti
mk-mk,en-gb,"Халуцинација",Hallucination
mk-mk,en-gb,"Хамбург",Hamburg
mk-mk,en-gb,"Хард диск","Hard disk"
mk-mk,en-gb,"Хардвер",Hardware
mk-mk,en-gb,"Харизма",Charisma
mk-mk,en-gb,"Хелиум",Helium
mk-mk,en-gb,"Хемиска врска","Chemical bound"
mk-mk,en-gb,"Хемиска реакција","Chemical reaction"
mk-mk,en-gb,"Хемија",Chemistry
mk-mk,en-gb,"Хепатит Ц","Hepatitis C"
mk-mk,en-gb,"Хепатит",Hepatitis
mk-mk,en-gb,"Хепатит","Hepatitis A virus"
mk-mk,en-gb,"Хепатит","Hepatitis B virus"
mk-mk,en-gb,"Хепатит","Hepatitis C virus"
mk-mk,en-gb,"Хепатит","Hepatitis D virus"
mk-mk,en-gb,"Хепатит","Hepatitis E virus"
mk-mk,en-gb,"Хепатит","Hepatitis G virus"
mk-mk,en-gb,"Хералдика",Heraldic
mk-mk,en-gb,"Хермес",Hermes
mk-mk,en-gb,"Херц",Hertz
mk-mk,en-gb,"Хетеросексуалност",Heterosexuality
mk-mk,en-gb,"Хидролиза",Hydrolysis
mk-mk,en-gb,"Хидросфера",Hydrosphera
mk-mk,en-gb,"Хидросфера",Hydrosphere
mk-mk,en-gb,"Хипербола",Hyperbole
mk-mk,en-gb,"Хипократ",Hippocrates
mk-mk,en-gb,"Хипотеза",Assumption
mk-mk,en-gb,"Хипотенуза",Hypotenuse
mk-mk,en-gb,"Хирургија",Surgery
mk-mk,en-gb,"Хистограм",Histogram
mk-mk,en-gb,"Хлор",Chlorine
mk-mk,en-gb,"Хлоропласт",Chloroplast
mk-mk,en-gb,"Хлорофил",Chlorophyll
mk-mk,en-gb,"Холандија",Netherlands
mk-mk,en-gb,"Холандски јазик",Dutch
mk-mk,en-gb,"Холокауст",Holocaust
mk-mk,en-gb,"Холоцен",Holocene
mk-mk,en-gb,"Хомер",Homer
mk-mk,en-gb,"Хомосексуалност",Homosexuality
mk-mk,en-gb,"Хомофобија",Homophobia
mk-mk,en-gb,"Хонг Конг","Hong Kong"
mk-mk,en-gb,"Хонг Конг",Hongkong
mk-mk,en-gb,"Хондурас",Honduras
mk-mk,en-gb,"Хоплит",Hoplite
mk-mk,en-gb,"Хордати",Chordata
mk-mk,en-gb,"Хормони",Hormone
mk-mk,en-gb,"Хортикултура",Horticulture
mk-mk,en-gb,"Храна",Food
mk-mk,en-gb,"Храна",Meal
mk-mk,en-gb,"Хранопровод",Gullet
mk-mk,en-gb,"Хранопровод",Oesophagus
mk-mk,en-gb,"Хрватска",Croatia
mk-mk,en-gb,"Хрватски јазик",Croat
mk-mk,en-gb,"Хрватски јазик",Croatian
mk-mk,en-gb,"Христијанство",Christianity
mk-mk,en-gb,"Хром",Chrome
mk-mk,en-gb,"Хром",Chromium
mk-mk,en-gb,"Хроматин",Chromatin
mk-mk,en-gb,"Хромозом",Chromosome
mk-mk,en-gb,"Хронограф",Chronograph
mk-mk,en-gb,"Хуманизам",Humanism
mk-mk,en-gb,"Хјурон","Lake Huron"
mk-mk,en-gb,"Цвет",Abloom
mk-mk,en-gb,"Цвет",Bloom
mk-mk,en-gb,"Цвет",Blossom
mk-mk,en-gb,"Цвет",Flower
mk-mk,en-gb,"Цвет",May
mk-mk,en-gb,"Цвет",Pip
mk-mk,en-gb,"Цвет",Water-level
mk-mk,en-gb,"Целулоза",Cellulose
mk-mk,en-gb,"Централноафриканска Република","Central African Republic"
mk-mk,en-gb,"Центриола",Centriole
mk-mk,en-gb,"Церемонија",Ceremoniously
mk-mk,en-gb,"Церемонија",Ceremony
mk-mk,en-gb,"Церемонија",Formality
mk-mk,en-gb,"Церемонија","Formally dressed"
mk-mk,en-gb,"Церемонија",Proceedings
mk-mk,en-gb,"Цигара",Cigarette
mk-mk,en-gb,"Цигара",Fag
mk-mk,en-gb,"Цилиндар",Cylinder
mk-mk,en-gb,"Цироза",Cirrhosis
mk-mk,en-gb,"Цистит",Cystitis
mk-mk,en-gb,"Цитоплазма",Cytoplasm
mk-mk,en-gb,"Цицач",Mammal
mk-mk,en-gb,"Цицачи",Mammal
mk-mk,en-gb,"Цицерон",Cicero
mk-mk,en-gb,"Црква",Church
mk-mk,en-gb,"Црква",Church-building
mk-mk,en-gb,"Црква",Kirk
mk-mk,en-gb,"Црква","Place of worship"
mk-mk,en-gb,"Црн дроб",Liver
mk-mk,en-gb,"Црна Гора",Montenegro
mk-mk,en-gb,"Црно Море","Black Sea"
mk-mk,en-gb,"Црно Море","Euxine Sea"
mk-mk,en-gb,"Чај",Tea
mk-mk,en-gb,"Чај","Tea party"
mk-mk,en-gb,"Чајна билка",Tea
mk-mk,en-gb,"Чајна билка","Tea party"
mk-mk,en-gb,"Чајна шолја","Coffee cup"
mk-mk,en-gb,"Чевларство",Shoemaker
mk-mk,en-gb,"Чепкалка за заби",Toothpick
mk-mk,en-gb,"Черепен мозок",Brains
mk-mk,en-gb,"Четврток",Thursday
mk-mk,en-gb,"Четириаголник",Quadrangle
mk-mk,en-gb,"Четириаголник",Quadrilateral
mk-mk,en-gb,"Чехословачка",Czechoslovakia
mk-mk,en-gb,"Чешка","Czech Republic"
mk-mk,en-gb,"Чешки јазик",Czech
mk-mk,en-gb,"Чинар",Sycamore
mk-mk,en-gb,"Човекови права","Human rights"
mk-mk,en-gb,"Чувство",Emotion
mk-mk,en-gb,"Чувство",Emotionally
mk-mk,en-gb,"Шанец","Water jump"
mk-mk,en-gb,"Шах","Chess set"
mk-mk,en-gb,"Шаховска табла",Chessboard
mk-mk,en-gb,"Шаховска табла",Exchequer
mk-mk,en-gb,"Шаховска фигура",Chessmen
mk-mk,en-gb,"Шаховски знаци во Уникод",Chessmen
mk-mk,en-gb,"Швајцарија",Swiss
mk-mk,en-gb,"Шведска",Sweden
mk-mk,en-gb,"Шведски јазик",Swedish
mk-mk,en-gb,"Шеќер",Sugar
mk-mk,en-gb,"Шкрилец",Schist
mk-mk,en-gb,"Шпанија",Iberian
mk-mk,en-gb,"Шпанија",Spain
mk-mk,en-gb,"Шпански јазик",Spanish
mk-mk,en-gb,"Штитна жлезда",Thyroid
mk-mk,en-gb,"Шумска јагода",Strawberry
mk-mk,en-gb,"Шумска јагода","Strawberry plant"
mk-mk,en-gb,"ֿנאגמ",Law
mk-mk,en-gb,"ֿנאגמ",Right
mk-mk,en-gb,"‘Рбетен мозок","Spinal cord"
mk-mk,en-gb,"‘Рбетници",Vertebreta
mk-mk,en-gb,C,C
mk-mk,en-gb,Nirvana,Nirvana
mk-mk,en-gb,Самоа,Samoa
mk-mk,en-gb,Свод,Vault
mk-mk,en-gb,Селен,Selenium
mk-mk,en-gb,Село,Field
mk-mk,en-gb,Сенегал,Senegal
mk-mk,en-gb,Сила,Force
mk-mk,en-gb,Симбиоза,Symbiosis
mk-mk,en-gb,Симбол,Symbol
mk-mk,en-gb,Синагога,Synagogue
mk-mk,en-gb,Слон,Elephant
mk-mk,en-gb,Соли,Salt
mk-mk,en-gb,Сплав,Raft
mk-mk,en-gb,Табла,Backgammon
mk-mk,en-gb,Тапани,Drum
mk-mk,en-gb,Тежина,Weight
mk-mk,en-gb,Тема,Music
mk-mk,en-gb,Тема,Theme
mk-mk,en-gb,Тема,Topic
mk-mk,en-gb,Того,"French Togo"
mk-mk,en-gb,Того,"German protect. of Togoland"
mk-mk,en-gb,Того,Togo
mk-mk,en-gb,Феминизам,Feminism
mk-mk,en-gb,Фенол,"Carbolic acid"
mk-mk,en-gb,Физика,Physics
mk-mk,en-gb,Филм,Film
mk-mk,en-gb,Хаваи,Hawaii
mk-mk,en-gb,Хавана,Havana
mk-mk,en-gb,Хемоглобин,Haemoglobin
mk-mk,en-gb,Хемоглобин,Hemoglobin
mk-mk,en-gb,Хималаи,Himalayas
mk-mk,en-gb,Цинк,Zinc
mk-mk,en-gb,Ционизам,Zionism
mk-mk,en-gb,Чад,Chad
mk-mk,en-gb,Чембало,Harpsichord
mk-mk,en-gb,Чиле,Chile
mk-mk,en-gb,Членконоги,Arthropod
mk-mk,en-gb,Шовинизам,Chauvinism
mk-mk,en-gb,Шовинизам,Jingoism
