mk-mk,la-va,"1 август","1 Augusti"
mk-mk,la-va,"1 април","1 Aprilis"
mk-mk,la-va,"1 век","Saeculum 1"
mk-mk,la-va,"1 декември","1 Decembris"
mk-mk,la-va,"1 март","1 Martii"
mk-mk,la-va,"1 мај","1 Maii"
mk-mk,la-va,"1 ноември","1 Novembris"
mk-mk,la-va,"1 октомври","1 Octobris"
mk-mk,la-va,"1 септември","1 Septembris"
mk-mk,la-va,"1 февруари","1 Februarii"
mk-mk,la-va,"1 јануари","1 Ianuarii"
mk-mk,la-va,"1 јули","1 Iulii"
mk-mk,la-va,"1 јуни","1 Iunii"
mk-mk,la-va,"10 август","10 Augusti"
mk-mk,la-va,"10 април","10 Aprilis"
mk-mk,la-va,"10 век","Saeculum 10"
mk-mk,la-va,"10 декември","10 Decembris"
mk-mk,la-va,"10 март","10 Martii"
mk-mk,la-va,"10 мај","10 Maii"
mk-mk,la-va,"10 ноември","10 Novembris"
mk-mk,la-va,"10 октомври","10 Octobris"
mk-mk,la-va,"10 септември","10 Septembris"
mk-mk,la-va,"10 февруари","10 Februarii"
mk-mk,la-va,"10 јануари","10 Ianuarii"
mk-mk,la-va,"10 јули","10 Iulii"
mk-mk,la-va,"10 јуни","10 Iunii"
mk-mk,la-va,"11 август","11 Augusti"
mk-mk,la-va,"11 април","11 Aprilis"
mk-mk,la-va,"11 век","Saeculum 11"
mk-mk,la-va,"11 декември","11 Decembris"
mk-mk,la-va,"11 март","11 Martii"
mk-mk,la-va,"11 мај","11 Maii"
mk-mk,la-va,"11 ноември","11 Novembris"
mk-mk,la-va,"11 октомври","11 Octobris"
mk-mk,la-va,"11 септември","11 Septembris"
mk-mk,la-va,"11 февруари","11 Februarii"
mk-mk,la-va,"11 јануари","11 Ianuarii"
mk-mk,la-va,"11 јули","11 Iulii"
mk-mk,la-va,"11 јуни","11 Iunii"
mk-mk,la-va,"12 август","12 Augusti"
mk-mk,la-va,"12 април","12 Aprilis"
mk-mk,la-va,"12 век","Saeculum 12"
mk-mk,la-va,"12 декември","12 Decembris"
mk-mk,la-va,"12 март","12 Martii"
mk-mk,la-va,"12 мај","12 Maii"
mk-mk,la-va,"12 ноември","12 Novembris"
mk-mk,la-va,"12 октомври","12 Octobris"
mk-mk,la-va,"12 септември","12 Septembris"
mk-mk,la-va,"12 февруари","12 Februarii"
mk-mk,la-va,"12 јануари","12 Ianuarii"
mk-mk,la-va,"12 јули","12 Iulii"
mk-mk,la-va,"12 јуни","12 Iunii"
mk-mk,la-va,"13 август","13 Augusti"
mk-mk,la-va,"13 април","13 Aprilis"
mk-mk,la-va,"13 век","Saeculum 13"
mk-mk,la-va,"13 декември","13 Decembris"
mk-mk,la-va,"13 март","13 Martii"
mk-mk,la-va,"13 мај","13 Maii"
mk-mk,la-va,"13 ноември","13 Novembris"
mk-mk,la-va,"13 октомври","13 Octobris"
mk-mk,la-va,"13 септември","13 Septembris"
mk-mk,la-va,"13 февруари","13 Februarii"
mk-mk,la-va,"13 јануари","13 Ianuarii"
mk-mk,la-va,"13 јули","13 Iulii"
mk-mk,la-va,"13 јуни","13 Iunii"
mk-mk,la-va,"14 август","14 Augusti"
mk-mk,la-va,"14 април","14 Aprilis"
mk-mk,la-va,"14 век","Saeculum 14"
mk-mk,la-va,"14 декември","14 Decembris"
mk-mk,la-va,"14 март","14 Martii"
mk-mk,la-va,"14 мај","14 Maii"
mk-mk,la-va,"14 ноември","14 Novembris"
mk-mk,la-va,"14 октомври","14 Octobris"
mk-mk,la-va,"14 септември","14 Septembris"
mk-mk,la-va,"14 февруари","14 Februarii"
mk-mk,la-va,"14 јануари","14 Ianuarii"
mk-mk,la-va,"14 јули","14 Iulii"
mk-mk,la-va,"14 јуни","14 Iunii"
mk-mk,la-va,"15 август","15 Augusti"
mk-mk,la-va,"15 април","15 Aprilis"
mk-mk,la-va,"15 век","Saeculum 15"
mk-mk,la-va,"15 декември","15 Decembris"
mk-mk,la-va,"15 март","15 Martii"
mk-mk,la-va,"15 мај","15 Maii"
mk-mk,la-va,"15 ноември","15 Novembris"
mk-mk,la-va,"15 октомври","15 Octobris"
mk-mk,la-va,"15 септември","15 Septembris"
mk-mk,la-va,"15 февруари","15 Februarii"
mk-mk,la-va,"15 јануари","15 Ianuarii"
mk-mk,la-va,"15 јули","15 Iulii"
mk-mk,la-va,"15 јуни","15 Iunii"
mk-mk,la-va,"16 август","16 Augusti"
mk-mk,la-va,"16 април","16 Aprilis"
mk-mk,la-va,"16 век","Saeculum 16"
mk-mk,la-va,"16 декември","16 Decembris"
mk-mk,la-va,"16 март","16 Martii"
mk-mk,la-va,"16 мај","16 Maii"
mk-mk,la-va,"16 ноември","16 Novembris"
mk-mk,la-va,"16 октомври","16 Octobris"
mk-mk,la-va,"16 септември","16 Septembris"
mk-mk,la-va,"16 февруари","16 Februarii"
mk-mk,la-va,"16 јануари","16 Ianuarii"
mk-mk,la-va,"16 јули","16 Iulii"
mk-mk,la-va,"16 јуни","16 Iunii"
mk-mk,la-va,"17 август","17 Augusti"
mk-mk,la-va,"17 април","17 Aprilis"
mk-mk,la-va,"17 век","Saeculum 17"
mk-mk,la-va,"17 декември","17 Decembris"
mk-mk,la-va,"17 март","17 Martii"
mk-mk,la-va,"17 мај","17 Maii"
mk-mk,la-va,"17 ноември","17 Novembris"
mk-mk,la-va,"17 октомври","17 Octobris"
mk-mk,la-va,"17 септември","17 Septembris"
mk-mk,la-va,"17 февруари","17 Februarii"
mk-mk,la-va,"17 јануари","17 Ianuarii"
mk-mk,la-va,"17 јули","17 Iulii"
mk-mk,la-va,"17 јуни","17 Iunii"
mk-mk,la-va,"18 август","18 Augusti"
mk-mk,la-va,"18 април","18 Aprilis"
mk-mk,la-va,"18 век","Saeculum 18"
mk-mk,la-va,"18 декември","18 Decembris"
mk-mk,la-va,"18 март","18 Martii"
mk-mk,la-va,"18 мај","18 Maii"
mk-mk,la-va,"18 ноември","18 Novembris"
mk-mk,la-va,"18 октомври","18 Octobris"
mk-mk,la-va,"18 септември","18 Septembris"
mk-mk,la-va,"18 февруари","18 Februarii"
mk-mk,la-va,"18 јануари","18 Ianuarii"
mk-mk,la-va,"18 јули","18 Iulii"
mk-mk,la-va,"18 јуни","18 Iunii"
mk-mk,la-va,"19 август","19 Augusti"
mk-mk,la-va,"19 април","19 Aprilis"
mk-mk,la-va,"19 век","Saeculum 19"
mk-mk,la-va,"19 декември","19 Decembris"
mk-mk,la-va,"19 март","19 Martii"
mk-mk,la-va,"19 мај","19 Maii"
mk-mk,la-va,"19 ноември","19 Novembris"
mk-mk,la-va,"19 октомври","19 Octobris"
mk-mk,la-va,"19 септември","19 Septembris"
mk-mk,la-va,"19 февруари","19 Februarii"
mk-mk,la-va,"19 јануари","19 Ianuarii"
mk-mk,la-va,"19 јули","19 Iulii"
mk-mk,la-va,"19 јуни","19 Iunii"
mk-mk,la-va,"1976 Летни Олимписки Игри","1976 Olympia Aestiva"
mk-mk,la-va,"2 август","2 Augusti"
mk-mk,la-va,"2 април","2 Aprilis"
mk-mk,la-va,"2 век","Saeculum 2"
mk-mk,la-va,"2 декември","2 Decembris"
mk-mk,la-va,"2 март","2 Martii"
mk-mk,la-va,"2 мај","2 Maii"
mk-mk,la-va,"2 ноември","2 Novembris"
mk-mk,la-va,"2 октомври","2 Octobris"
mk-mk,la-va,"2 септември","2 Septembris"
mk-mk,la-va,"2 февруари","2 Februarii"
mk-mk,la-va,"2 јануари","2 Ianuarii"
mk-mk,la-va,"2 јули","2 Iulii"
mk-mk,la-va,"2 јуни","2 Iunii"
mk-mk,la-va,"20 август","20 Augusti"
mk-mk,la-va,"20 април","20 Aprilis"
mk-mk,la-va,"20 век","Saeculum 20"
mk-mk,la-va,"20 декември","20 Decembris"
mk-mk,la-va,"20 март","20 Martii"
mk-mk,la-va,"20 мај","20 Maii"
mk-mk,la-va,"20 ноември","20 Novembris"
mk-mk,la-va,"20 октомври","20 Octobris"
mk-mk,la-va,"20 септември","20 Septembris"
mk-mk,la-va,"20 февруари","20 Februarii"
mk-mk,la-va,"20 јануари","20 Ianuarii"
mk-mk,la-va,"20 јули","20 Iulii"
mk-mk,la-va,"20 јуни","20 Iunii"
mk-mk,la-va,"21 август","21 Augusti"
mk-mk,la-va,"21 април","21 Aprilis"
mk-mk,la-va,"21 век","Saeculum 21"
mk-mk,la-va,"21 декември","21 Decembris"
mk-mk,la-va,"21 март","21 Martii"
mk-mk,la-va,"21 мај","21 Maii"
mk-mk,la-va,"21 ноември","21 Novembris"
mk-mk,la-va,"21 октомври","21 Octobris"
mk-mk,la-va,"21 септември","21 Septembris"
mk-mk,la-va,"21 февруари","21 Februarii"
mk-mk,la-va,"21 јануари","21 Ianuarii"
mk-mk,la-va,"21 јули","21 Iulii"
mk-mk,la-va,"21 јуни","21 Iunii"
mk-mk,la-va,"22 август","22 Augusti"
mk-mk,la-va,"22 април","22 Aprilis"
mk-mk,la-va,"22 декември","22 Decembris"
mk-mk,la-va,"22 март","22 Martii"
mk-mk,la-va,"22 мај","22 Maii"
mk-mk,la-va,"22 ноември","22 Novembris"
mk-mk,la-va,"22 октомври","22 Octobris"
mk-mk,la-va,"22 септември","22 Septembris"
mk-mk,la-va,"22 февруари","22 Februarii"
mk-mk,la-va,"22 јануари","22 Ianuarii"
mk-mk,la-va,"22 јули","22 Iulii"
mk-mk,la-va,"22 јуни","22 Iunii"
mk-mk,la-va,"23 август","23 Augusti"
mk-mk,la-va,"23 април","23 Aprilis"
mk-mk,la-va,"23 декември","23 Decembris"
mk-mk,la-va,"23 март","23 Martii"
mk-mk,la-va,"23 мај","23 Maii"
mk-mk,la-va,"23 ноември","23 Novembris"
mk-mk,la-va,"23 октомври","23 Octobris"
mk-mk,la-va,"23 септември","23 Septembris"
mk-mk,la-va,"23 февруари","23 Februarii"
mk-mk,la-va,"23 јануари","23 Ianuarii"
mk-mk,la-va,"23 јули","23 Iulii"
mk-mk,la-va,"23 јуни","23 Iunii"
mk-mk,la-va,"24 август","24 Augusti"
mk-mk,la-va,"24 април","24 Aprilis"
mk-mk,la-va,"24 декември","24 Decembris"
mk-mk,la-va,"24 март","24 Martii"
mk-mk,la-va,"24 мај","24 Maii"
mk-mk,la-va,"24 ноември","24 Novembris"
mk-mk,la-va,"24 октомври","24 Octobris"
mk-mk,la-va,"24 септември","24 Septembris"
mk-mk,la-va,"24 февруари","24 Februarii"
mk-mk,la-va,"24 јануари","24 Ianuarii"
mk-mk,la-va,"24 јули","24 Iulii"
mk-mk,la-va,"24 јуни","24 Iunii"
mk-mk,la-va,"25 август","25 Augusti"
mk-mk,la-va,"25 април","25 Aprilis"
mk-mk,la-va,"25 декември","25 Decembris"
mk-mk,la-va,"25 март","25 Martii"
mk-mk,la-va,"25 мај","25 Maii"
mk-mk,la-va,"25 ноември","25 Novembris"
mk-mk,la-va,"25 октомври","25 Octobris"
mk-mk,la-va,"25 септември","25 Septembris"
mk-mk,la-va,"25 февруари","25 Februarii"
mk-mk,la-va,"25 јануари","25 Ianuarii"
mk-mk,la-va,"25 јули","25 Iulii"
mk-mk,la-va,"25 јуни","25 Iunii"
mk-mk,la-va,"26 август","26 Augusti"
mk-mk,la-va,"26 април","26 Aprilis"
mk-mk,la-va,"26 декември","26 Decembris"
mk-mk,la-va,"26 март","26 Martii"
mk-mk,la-va,"26 мај","26 Maii"
mk-mk,la-va,"26 ноември","26 Novembris"
mk-mk,la-va,"26 октомври","26 Octobris"
mk-mk,la-va,"26 септември","26 Septembris"
mk-mk,la-va,"26 февруари","26 Februarii"
mk-mk,la-va,"26 јануари","26 Ianuarii"
mk-mk,la-va,"26 јули","26 Iulii"
mk-mk,la-va,"26 јуни","26 Iunii"
mk-mk,la-va,"27 август","27 Augusti"
mk-mk,la-va,"27 април","27 Aprilis"
mk-mk,la-va,"27 декември","27 Decembris"
mk-mk,la-va,"27 март","27 Martii"
mk-mk,la-va,"27 мај","27 Maii"
mk-mk,la-va,"27 ноември","27 Novembris"
mk-mk,la-va,"27 октомври","27 Octobris"
mk-mk,la-va,"27 септември","27 Septembris"
mk-mk,la-va,"27 февруари","27 Februarii"
mk-mk,la-va,"27 јануари","27 Ianuarii"
mk-mk,la-va,"27 јули","27 Iulii"
mk-mk,la-va,"27 јуни","27 Iunii"
mk-mk,la-va,"28 август","28 Augusti"
mk-mk,la-va,"28 април","28 Aprilis"
mk-mk,la-va,"28 декември","28 Decembris"
mk-mk,la-va,"28 март","28 Martii"
mk-mk,la-va,"28 мај","28 Maii"
mk-mk,la-va,"28 ноември","28 Novembris"
mk-mk,la-va,"28 октомври","28 Octobris"
mk-mk,la-va,"28 септември","28 Septembris"
mk-mk,la-va,"28 февруари","28 Februarii"
mk-mk,la-va,"28 јануари","28 Ianuarii"
mk-mk,la-va,"28 јули","28 Iulii"
mk-mk,la-va,"28 јуни","28 Iunii"
mk-mk,la-va,"29 август","29 Augusti"
mk-mk,la-va,"29 април","29 Aprilis"
mk-mk,la-va,"29 декември","29 Decembris"
mk-mk,la-va,"29 март","29 Martii"
mk-mk,la-va,"29 мај","29 Maii"
mk-mk,la-va,"29 ноември","29 Novembris"
mk-mk,la-va,"29 октомври","29 Octobris"
mk-mk,la-va,"29 септември","29 Septembris"
mk-mk,la-va,"29 февруари","29 Februarii"
mk-mk,la-va,"29 јануари","29 Ianuarii"
mk-mk,la-va,"29 јули","29 Iulii"
mk-mk,la-va,"29 јуни","29 Iunii"
mk-mk,la-va,"3 август","3 Augusti"
mk-mk,la-va,"3 април","3 Aprilis"
mk-mk,la-va,"3 век","Saeculum 3"
mk-mk,la-va,"3 декември","3 Decembris"
mk-mk,la-va,"3 март","3 Martii"
mk-mk,la-va,"3 мај","3 Maii"
mk-mk,la-va,"3 ноември","3 Novembris"
mk-mk,la-va,"3 октомври","3 Octobris"
mk-mk,la-va,"3 септември","3 Septembris"
mk-mk,la-va,"3 февруари","3 Februarii"
mk-mk,la-va,"3 јануари","3 Ianuarii"
mk-mk,la-va,"3 јули","3 Iulii"
mk-mk,la-va,"3 јуни","3 Iunii"
mk-mk,la-va,"30 август","30 Augusti"
mk-mk,la-va,"30 април","30 Aprilis"
mk-mk,la-va,"30 декември","30 Decembris"
mk-mk,la-va,"30 март","30 Martii"
mk-mk,la-va,"30 мај","30 Maii"
mk-mk,la-va,"30 ноември","30 Novembris"
mk-mk,la-va,"30 октомври","30 Octobris"
mk-mk,la-va,"30 септември","30 Septembris"
mk-mk,la-va,"30 февруари","30 Februarii"
mk-mk,la-va,"30 јануари","30 Ianuarii"
mk-mk,la-va,"30 јули","30 Iulii"
mk-mk,la-va,"30 јуни","30 Iunii"
mk-mk,la-va,"31 август","31 Augusti"
mk-mk,la-va,"31 декември","31 Decembris"
mk-mk,la-va,"31 март","31 Martii"
mk-mk,la-va,"31 мај","31 Maii"
mk-mk,la-va,"31 октомври","31 Octobris"
mk-mk,la-va,"31 јануари","31 Ianuarii"
mk-mk,la-va,"31 јули","31 Iulii"
mk-mk,la-va,"4 август","4 Augusti"
mk-mk,la-va,"4 април","4 Aprilis"
mk-mk,la-va,"4 век","Saeculum 4"
mk-mk,la-va,"4 декември","4 Decembris"
mk-mk,la-va,"4 март","4 Martii"
mk-mk,la-va,"4 мај","4 Maii"
mk-mk,la-va,"4 ноември","4 Novembris"
mk-mk,la-va,"4 октомври","4 Octobris"
mk-mk,la-va,"4 септември","4 Septembris"
mk-mk,la-va,"4 февруари","4 Februarii"
mk-mk,la-va,"4 јануари","4 Ianuarii"
mk-mk,la-va,"4 јули","4 Iulii"
mk-mk,la-va,"4 јуни","4 Iunii"
mk-mk,la-va,"5 август","5 Augusti"
mk-mk,la-va,"5 април","5 Aprilis"
mk-mk,la-va,"5 век","Saeculum 5"
mk-mk,la-va,"5 декември","5 Decembris"
mk-mk,la-va,"5 март","5 Martii"
mk-mk,la-va,"5 мај","5 Maii"
mk-mk,la-va,"5 ноември","5 Novembris"
mk-mk,la-va,"5 октомври","5 Octobris"
mk-mk,la-va,"5 септември","5 Septembris"
mk-mk,la-va,"5 февруари","5 Februarii"
mk-mk,la-va,"5 јануари","5 Ianuarii"
mk-mk,la-va,"5 јули","5 Iulii"
mk-mk,la-va,"5 јуни","5 Iunii"
mk-mk,la-va,"546 п.н.е.","546 a.C.n."
mk-mk,la-va,"561 п.н.е.","561 a.C.n."
mk-mk,la-va,"6 август","6 Augusti"
mk-mk,la-va,"6 април","6 Aprilis"
mk-mk,la-va,"6 век п.н.е.","Saeculum 6 a.C.n."
mk-mk,la-va,"6 век","Saeculum 6"
mk-mk,la-va,"6 декември","6 Decembris"
mk-mk,la-va,"6 март","6 Martii"
mk-mk,la-va,"6 мај","6 Maii"
mk-mk,la-va,"6 ноември","6 Novembris"
mk-mk,la-va,"6 октомври","6 Octobris"
mk-mk,la-va,"6 септември","6 Septembris"
mk-mk,la-va,"6 февруари","6 Februarii"
mk-mk,la-va,"6 јануари","6 Ianuarii"
mk-mk,la-va,"6 јули","6 Iulii"
mk-mk,la-va,"6 јуни","6 Iunii"
mk-mk,la-va,"610 п.н.е.","610 a.C.n."
mk-mk,la-va,"630 п.н.е.","630 a.C.n."
mk-mk,la-va,"7 август","7 Augusti"
mk-mk,la-va,"7 април","7 Aprilis"
mk-mk,la-va,"7 век п.н.е.","Saeculum 7 a.C.n."
mk-mk,la-va,"7 век","Saeculum 7"
mk-mk,la-va,"7 декември","7 Decembris"
mk-mk,la-va,"7 март","7 Martii"
mk-mk,la-va,"7 мај","7 Maii"
mk-mk,la-va,"7 ноември","7 Novembris"
mk-mk,la-va,"7 октомври","7 Octobris"
mk-mk,la-va,"7 септември","7 Septembris"
mk-mk,la-va,"7 февруари","7 Februarii"
mk-mk,la-va,"7 јануари","7 Ianuarii"
mk-mk,la-va,"7 јули","7 Iulii"
mk-mk,la-va,"7 јуни","7 Iunii"
mk-mk,la-va,"8 август","8 Augusti"
mk-mk,la-va,"8 април","8 Aprilis"
mk-mk,la-va,"8 век","Saeculum 8"
mk-mk,la-va,"8 декември","8 Decembris"
mk-mk,la-va,"8 март","8 Martii"
mk-mk,la-va,"8 мај","8 Maii"
mk-mk,la-va,"8 ноември","8 Novembris"
mk-mk,la-va,"8 октомври","8 Octobris"
mk-mk,la-va,"8 септември","8 Septembris"
mk-mk,la-va,"8 февруари","8 Februarii"
mk-mk,la-va,"8 јануари","8 Ianuarii"
mk-mk,la-va,"8 јули","8 Iulii"
mk-mk,la-va,"8 јуни","8 Iunii"
mk-mk,la-va,"9 август","9 Augusti"
mk-mk,la-va,"9 април","9 Aprilis"
mk-mk,la-va,"9 век","Saeculum 9"
mk-mk,la-va,"9 декември","9 Decembris"
mk-mk,la-va,"9 март","9 Martii"
mk-mk,la-va,"9 мај","9 Maii"
mk-mk,la-va,"9 ноември","9 Novembris"
mk-mk,la-va,"9 октомври","9 Octobris"
mk-mk,la-va,"9 септември","9 Septembris"
mk-mk,la-va,"9 февруари","9 Februarii"
mk-mk,la-va,"9 јануари","9 Ianuarii"
mk-mk,la-va,"9 јули","9 Iulii"
mk-mk,la-va,"9 јуни","9 Iunii"
mk-mk,la-va,"Estéfano Viu","Stephanus Viu"
mk-mk,la-va,"Iron Maiden","Iron Maiden"
mk-mk,la-va,"Joжeф Кoшич","Iosephus Kossics"
mk-mk,la-va,"Led Zeppelin","Led Zeppelin"
mk-mk,la-va,"Memento mori","Memento mori!"
mk-mk,la-va,"Microsoft Windows","Microsoft Windows"
mk-mk,la-va,"N скала",N
mk-mk,la-va,"ROM меморија",ROM
mk-mk,la-va,"Robert Kurz","Robert Kurz"
mk-mk,la-va,"SI систем на мерки","Systema Internationale"
mk-mk,la-va,"System of a Down","System Of A Down"
mk-mk,la-va,"The Beatles","The Beatles"
mk-mk,la-va,"The Rolling Stones","The Rolling Stones"
mk-mk,la-va,"£אדכונמה הטמךסטה","Dioxidum carbonis"
mk-mk,la-va,"ÐÂ ÐÂµÐÂ±-ïÂ¿Â½?ÐÂ°ÑÂ ÑÂ","Situs interretialis"
mk-mk,la-va,"Ѓавол",Satanas
mk-mk,la-va,"Ѓула Чеснеки","Iulius Milványi de Cseszneg"
mk-mk,la-va,"Ѕвезда",Astrum
mk-mk,la-va,"Ѕвездени патеки",Stelliter
mk-mk,la-va,"Јава",Iava
mk-mk,la-va,"Јавен домен","Dominium publicum"
mk-mk,la-va,"Јавна политика",Civilitas
mk-mk,la-va,"Јаглеводород",Saccharidum
mk-mk,la-va,"Јаглен",Carbonium
mk-mk,la-va,"Јаглерод диоксид","Dioxidum carbonis"
mk-mk,la-va,"Јаглерод",Carbonium
mk-mk,la-va,"Јаглехидрат",Saccharidum
mk-mk,la-va,"Јадранско Море",Hadriaticum
mk-mk,la-va,"Јазик",Lingua
mk-mk,la-va,"Јазици на Европската Унија","Officiales Unionis Europaeae linguae"
mk-mk,la-va,"Јазично семејство","Linguae mundi"
mk-mk,la-va,"Јамајка",Iamaica
mk-mk,la-va,"Јамусукро",Iamoussoukro
mk-mk,la-va,"Јануари",Ianuarius
mk-mk,la-va,"Јануш",Ianus
mk-mk,la-va,"Јапонија",Iaponia
mk-mk,la-va,"Јапонски јазик","Lingua Iaponica"
mk-mk,la-va,"Јарда",Antenna
mk-mk,la-va,"Јарец",Capricornus
mk-mk,la-va,"Јасер Арафат","Iasser Arafat"
mk-mk,la-va,"Јастреб кокошкар",Accipiter
mk-mk,la-va,"Јаунде",Yaoundé
mk-mk,la-va,"Јајце клетка",Ovum
mk-mk,la-va,"Јајчник",Ovarium
mk-mk,la-va,"Јемен",Iemenia
mk-mk,la-va,"Јеховини сведоци","Testes Iehovah"
mk-mk,la-va,"Јоанис Метаксас","Ioannes Metaxas"
mk-mk,la-va,"Јованка Орлеанка","Ioanna de Arc"
mk-mk,la-va,"Јод",Iodium
mk-mk,la-va,"Јозеф Гебелс","Iosephus Goebbels"
mk-mk,la-va,"Јозеф Хајдн","Franciscus Iosephus Haydn"
mk-mk,la-va,"Јон",Ion
mk-mk,la-va,"Јонско Море","Ionium mare"
mk-mk,la-va,"Јордан",Iordania
mk-mk,la-va,"Јосиф Сталин","Iosephus Stalin"
mk-mk,la-va,"Јохан Волфганг фон Гете","Ioannes Wolfgang Goethe"
mk-mk,la-va,"Јохан Гутенберг","Iohannes Gutenberg"
mk-mk,la-va,"Јохан Кеплер","Iohannes Keplerus"
mk-mk,la-va,"Јохан Себастијан Бах","Iohannes Sebastianus Bach"
mk-mk,la-va,"Јоханес Брамс","Iohannes Brahms"
mk-mk,la-va,"Јувентус","Iuventus Pediludii Societas"
mk-mk,la-va,"Југославија",Iugoslavia
mk-mk,la-va,"Јужен пол","Polus australis"
mk-mk,la-va,"Јужна Америка","America Meridionalis"
mk-mk,la-va,"Јужна Африка","Africa Australis"
mk-mk,la-va,"Јужна Дакота","Dacota Meridionalis"
mk-mk,la-va,"Јужна Каролина","Carolina Meridionalis"
mk-mk,la-va,"Јужна Кореја","Respublica Coreae"
mk-mk,la-va,"Јужноафриканска Република","Africa Australis"
mk-mk,la-va,"Јулиј Цезар","Gaius Iulius Caesar"
mk-mk,la-va,"Јуни",Iunius
mk-mk,la-va,"Јупитер",Iuppiter
mk-mk,la-va,"Јуриспруденција",Ius
mk-mk,la-va,"Јуриј Гагарин","Georgius Gagarin"
mk-mk,la-va,"Јустинијан I","Iustinianus I"
mk-mk,la-va,"Јута",Uta
mk-mk,la-va,"Љубов на попладне","Ariadna ae f."
mk-mk,la-va,"Љубов",Amor
mk-mk,la-va,"Љубљана",Aemona
mk-mk,la-va,"Њу Јорк","Novum Eboracum"
mk-mk,la-va,"Њу Џерси","Nova Caesarea"
mk-mk,la-va,"Њу Делхи","Dellium Novum"
mk-mk,la-va,"Њу Мексико","Novum Mexicum"
mk-mk,la-va,"Њу Хемпшир","Nova Hantescira"
mk-mk,la-va,"Њутнови закони на движење","Leges motus Newtoni"
mk-mk,la-va,"Њујорк Сити","Urbs Novum Eboracum"
mk-mk,la-va,"Њујорк","Novum Eboracum"
mk-mk,la-va,"Џ.К.Ролинг","Ioanna Rowling"
mk-mk,la-va,"Џ.Р.Р. Толкин","Iohannes Raginualdus Reuel Tolkien"
mk-mk,la-va,"Џакарта",Batavia
mk-mk,la-va,"Џакомо Леопарди","Iacobus Leopardi"
mk-mk,la-va,"Џакомо Пучини","Iacobus Puccini"
mk-mk,la-va,"Џамбатиста Вико","Ioannes Baptista a Vico"
mk-mk,la-va,"Џамија",Meschita
mk-mk,la-va,"Џан Лоренцо Бернини","Ioannes Laurentius Bernini"
mk-mk,la-va,"Џемс Џојс","Iacobus Joyce"
mk-mk,la-va,"Џемс Кук","Iacobus Cook"
mk-mk,la-va,"Џенифер Лопез","Guenevera López"
mk-mk,la-va,"Џефри Чосер","Goffredus Chaucer"
mk-mk,la-va,"Џибути",Dzibutum
mk-mk,la-va,"Џим Кери","Iacobus Carrey"
mk-mk,la-va,"Џингис Кан",Cingischam
mk-mk,la-va,"Џироламо Фрескобалди","Hieronymus Frescobaldus"
mk-mk,la-va,"Џовани Батиста Тиеполо","Ioannes Baptista Tiepolo"
mk-mk,la-va,"Џовани Бокачо","Iohannes Boccacius"
mk-mk,la-va,"Џон Доуленд","Ioannes Dowland"
mk-mk,la-va,"Џон Ленон","Ioannes Lennon"
mk-mk,la-va,"Џон Милтон","Ioannes Miltonus"
mk-mk,la-va,"Џон Ф. Кенеди","Ioannes F. Kennedy"
mk-mk,la-va,"Џон Филд","Ioannes Field"
mk-mk,la-va,"Џони Деп","Iohannes Depp"
mk-mk,la-va,"Џорџ Буш","Georgius Bush"
mk-mk,la-va,"Џорџ Вашингтон","Georgius Washingtonius"
mk-mk,la-va,"Џорџ Гордон Бајрон","Georgius Gordon Byron"
mk-mk,la-va,"Џорџија",Georgia
mk-mk,la-va,"Џузепе Верди","Iosephus Verdi"
mk-mk,la-va,"Џузепе Гарибалди","Iosephus Garibaldi"
mk-mk,la-va,"Џуно",Iunellum
mk-mk,la-va,"Абердин",Aberdonia
mk-mk,la-va,"Абортус",Abortus
mk-mk,la-va,"Абрахам Линколн","Abraham Lincoln"
mk-mk,la-va,"Абуџа",Abugia
mk-mk,la-va,"Авантурите на Шерлок Холмс","Sherlock Holmes"
mk-mk,la-va,"Авганистан",Afgania
mk-mk,la-va,"Августа",Augusta
mk-mk,la-va,"Авион",Aeroplanum
mk-mk,la-va,"Австралија",Australia
mk-mk,la-va,"Австрија",Austria
mk-mk,la-va,"Австроунгарија","Imperium Austro-Hungaricum"
mk-mk,la-va,"Автомобил",Autocinetum
mk-mk,la-va,"Агата Кристи","Agatha Christie"
mk-mk,la-va,"Агол",Angulus
mk-mk,la-va,"Агрегатна состојба","Status aggregandi"
mk-mk,la-va,"Адолф Хитлер","Adolfus Hitler"
mk-mk,la-va,"Азербејџан",Adrabigania
mk-mk,la-va,"Азија",Asia
mk-mk,la-va,"Азот",Nitrogenium
mk-mk,la-va,"Акра",Ager
mk-mk,la-va,"Акропол",Acropolis
mk-mk,la-va,"Аксиома",Axioma
mk-mk,la-va,"Актер",Actor
mk-mk,la-va,"Актуелна статија",Amnis
mk-mk,la-va,"Акција",Actio
mk-mk,la-va,"Акција",Actum
mk-mk,la-va,"Акција",Factum
mk-mk,la-va,"Алабама",Alabama
mk-mk,la-va,"Аланис Морисет","Alanis Morissette"
mk-mk,la-va,"Албанија",Albania
mk-mk,la-va,"Албански јазик","Lingua Albanica"
mk-mk,la-va,"Албер Ками","Albertus Camus"
mk-mk,la-va,"Алберт Ајнштајн","Albertus Einstein"
mk-mk,la-va,"Албрехт Дирер","Albertus Durerus"
mk-mk,la-va,"Алгебарска шаховска нотација","Notatio scaccorum algebraica"
mk-mk,la-va,"Алгебра",Algebra
mk-mk,la-va,"Алги",Alga
mk-mk,la-va,"Алдехид",Aldehydum
mk-mk,la-va,"Александар I","Alexander I"
mk-mk,la-va,"Александар II","Alexander II"
mk-mk,la-va,"Александар III Македонски","Alexander Magnus"
mk-mk,la-va,"Александар III","Alexander III"
mk-mk,la-va,"Александар IV","Alexander IV"
mk-mk,la-va,"Александар Обреновиќ","Alexander I"
mk-mk,la-va,"Александар Сергеевич Пушкин","Alexander Puskin"
mk-mk,la-va,"Александар",Alexander
mk-mk,la-va,"Алесандро Скарлати","Alexander Scarlatti"
mk-mk,la-va,"Алжир",Algerium
mk-mk,la-va,"Алкален метал","Metallum alkalicum"
mk-mk,la-va,"Алкан",Alcanum
mk-mk,la-va,"Алкен",Alkenum
mk-mk,la-va,"Алкин",Alkinum
mk-mk,la-va,"Алкохол",Alcohol
mk-mk,la-va,"Алкохолен пијалок",Alcohol
mk-mk,la-va,"Алмазан",Almazán
mk-mk,la-va,"Алуминиум",Aluminium
mk-mk,la-va,"Алфа",Alpha
mk-mk,la-va,"Алхемија",Alchemia
mk-mk,la-va,"Амазон","Amazonum flumen"
mk-mk,la-va,"Америка",America
mk-mk,la-va,"Американска Самоа","Samoa Americana"
mk-mk,la-va,"Американски долар",Dollarium
mk-mk,la-va,"Амино киселина","Acidum aminicum"
mk-mk,la-va,"Амстердам",Amstelodamum
mk-mk,la-va,"Анадолски јазици","Linguae Anatolicae"
mk-mk,la-va,"Анаксимандар",Anaximander
mk-mk,la-va,"Анаксимен",Anaximenes
mk-mk,la-va,"Анализа",Analysis
mk-mk,la-va,"Анархизам",Anarchia
mk-mk,la-va,"Анархија",Anarchia
mk-mk,la-va,"Анастасија",Anastasia
mk-mk,la-va,"Анатема",Anathema
mk-mk,la-va,"Анатомија",Anatomia
mk-mk,la-va,"Ангела Меркел","Angela Merkel"
mk-mk,la-va,"Англиски јазик","Lingua Anglica"
mk-mk,la-va,"Англија",Anglia
mk-mk,la-va,"Ангола",Angolia
mk-mk,la-va,"Анди",Andes
mk-mk,la-va,"Андора",Andorra
mk-mk,la-va,"Андреа Паладио","Andreas Palladius"
mk-mk,la-va,"Андромеда",Andromeda
mk-mk,la-va,"Анимација","Index Mangarum"
mk-mk,la-va,"Анкара",Ancyra
mk-mk,la-va,"Антиквитет",Priscus
mk-mk,la-va,"Антисемитизам",Antisemitismus
mk-mk,la-va,"Античка Грција","Historia Graeca"
mk-mk,la-va,"Античка Македонија",Macedonia
mk-mk,la-va,"Антонио Вивалди","Antonius Vivaldi"
mk-mk,la-va,"Антонио Салиери","Antonius Salieri"
mk-mk,la-va,"Антропологија",Anthropologia
mk-mk,la-va,"Анубис",Anubis
mk-mk,la-va,"Апициј",Apicius
mk-mk,la-va,"Апокриф",Apocrypha
mk-mk,la-va,"Аполодор Дамаски","Apollodorus grammaticus"
mk-mk,la-va,"Аполон",Apollo
mk-mk,la-va,"Апостол Јован","Sanctus Ioannes Evangelista"
mk-mk,la-va,"Апостол Лука",Luca
mk-mk,la-va,"Апостол Марко","Sanctus Marcus"
mk-mk,la-va,"Апостол Матеј","Sanctus Matthaeus"
mk-mk,la-va,"Апостол Павле",Paulus
mk-mk,la-va,"Апостол Петар",Petrus
mk-mk,la-va,"Април",Aprilis
mk-mk,la-va,"Апсинт",Absinthium
mk-mk,la-va,"Арам Хачатурјан","Aram Khachaturian"
mk-mk,la-va,"Арангел",Archangelus
mk-mk,la-va,"Арапски јазик","Lingua Arabica"
mk-mk,la-va,"Аргентина",Argentina
mk-mk,la-va,"Аргон",Argon
mk-mk,la-va,"Арес",Mars
mk-mk,la-va,"Аризона",Arizona
mk-mk,la-va,"Аристотел",Aristoteles
mk-mk,la-va,"Аритметика",Arithmetica
mk-mk,la-va,"Арканзас",Arcansia
mk-mk,la-va,"Арктички Океан","Oceanus Arcticus"
mk-mk,la-va,"Артемида",Artemis
mk-mk,la-va,"Артерија",Arteria
mk-mk,la-va,"Артур Шопенхауер","Arthurus Schopenhauer"
mk-mk,la-va,"Архангел Гаврил",Gabriel
mk-mk,la-va,"Архангел Михаил",Michael
mk-mk,la-va,"Архангел Рафаил","Raphael Sanctius Urbinas"
mk-mk,la-va,"Археологија",Archaeologia
mk-mk,la-va,"Архимед",Archimedes
mk-mk,la-va,"Архитектура",Architectura
mk-mk,la-va,"Асоцијација",Congressus
mk-mk,la-va,"Астероид",Asteroides
mk-mk,la-va,"Астма","Asthma bronchiale"
mk-mk,la-va,"Астрологија",Astrologia
mk-mk,la-va,"Астрологија",Mathematica
mk-mk,la-va,"Астрономија",Astronomia
mk-mk,la-va,"Атеизам",Atheismus
mk-mk,la-va,"Атена",Athena
mk-mk,la-va,"Атика",Attica
mk-mk,la-va,"Атина",Athenae
mk-mk,la-va,"Атлантида","Atlantis insula"
mk-mk,la-va,"Атлантски Океан","Oceanus Atlanticus"
mk-mk,la-va,"Атмосфера",Aer
mk-mk,la-va,"Атом",Atomus
mk-mk,la-va,"Атомска бомба","Bomba atomica"
mk-mk,la-va,"Атомски број","Numerus atomicus"
mk-mk,la-va,"Атриум",Atria
mk-mk,la-va,"Аугсбург","Augusta Vindelicorum"
mk-mk,la-va,"Ауреус",Aureus
mk-mk,la-va,"Африка",Africa
mk-mk,la-va,"Афродита",Aphrodite
mk-mk,la-va,"Ајдахо",Idahum
mk-mk,la-va,"Ајнтрахт Франкфурт","Eintracht Frankfurt"
mk-mk,la-va,"Ајова",Iova
mk-mk,la-va,"Ајфелова Кула","Turris Eiffelia"
mk-mk,la-va,"Аљаска",Alasca
mk-mk,la-va,"Баварија",Bavaria
mk-mk,la-va,"Багдад",Bagdatum
mk-mk,la-va,"Бадем",Amygdalum
mk-mk,la-va,"Баден-Виртемберг",Badenia-Virtembergia
mk-mk,la-va,"Баерн Минхен",Bavaria
mk-mk,la-va,"База",Alkalium
mk-mk,la-va,"Базилика Свети Петар","Basilica Vaticana"
mk-mk,la-va,"Бакар",Cuprum
mk-mk,la-va,"Бакнеж",Basiatio
mk-mk,la-va,"Бакнеж",Basium
mk-mk,la-va,"Бакнеж",Philema
mk-mk,la-va,"Бактерија",Bacterium
mk-mk,la-va,"Баку",Baku
mk-mk,la-va,"Балкански Полуостров",Balcania
mk-mk,la-va,"Балкански полуостров",Balcania
mk-mk,la-va,"Балтичко Море","Mare Balticum"
mk-mk,la-va,"Банги",Bangui
mk-mk,la-va,"Бангкок",Bangkok
mk-mk,la-va,"Бангладеш",Bangladesha
mk-mk,la-va,"Банџул",Banjul
mk-mk,la-va,"Барбадос",Barbata
mk-mk,la-va,"Барселона",Barcino
mk-mk,la-va,"Барух Спиноза","Benedictus de Spinoza"
mk-mk,la-va,"Бас гитара",Brevis
mk-mk,la-va,"Батлер",Promus
mk-mk,la-va,"Бауцен",Budissa
mk-mk,la-va,"Бафало",Bufalum
mk-mk,la-va,"Бахамски Острови","Insulae Bahamenses"
mk-mk,la-va,"Бахрaин",Bachrania
mk-mk,la-va,"Бег",Beigus
mk-mk,la-va,"Безобразлук","Os sacrum"
mk-mk,la-va,"Бел дроб",Pulmo
mk-mk,la-va,"Бела боја",Albus
mk-mk,la-va,"Белгија",Belgia
mk-mk,la-va,"Белград",Belgradum
mk-mk,la-va,"Белизе",Beliza
mk-mk,la-va,"Белоруси","Rutheni Albi"
mk-mk,la-va,"Белорусија","Ruthenia Alba"
mk-mk,la-va,"Белоруски јазик","Lingua Ruthenica Alba"
mk-mk,la-va,"Бенин",Beninum
mk-mk,la-va,"Бенито Мусолини","Benitus Mussolini"
mk-mk,la-va,"Берза",Bursa
mk-mk,la-va,"Берилиум",Beryllium
mk-mk,la-va,"Берлин",Berolinum
mk-mk,la-va,"Бертолд Брехт","Bertoldus Brecht"
mk-mk,la-va,"Библија",Biblia
mk-mk,la-va,"Биг Бенг","Fragor Maximus"
mk-mk,la-va,"Бик",Taurus
mk-mk,la-va,"Биографија",Biographia
mk-mk,la-va,"Биологија",Biologia
mk-mk,la-va,"Бисау",Bissau
mk-mk,la-va,"Бит",Frenum
mk-mk,la-va,"Битка кај Херонеја","Chaeroneae pugna"
mk-mk,la-va,"Битлс","The Beatles"
mk-mk,la-va,"Битола",Monasterium
mk-mk,la-va,"Блез Паскал","Blasius Pascalis"
mk-mk,la-va,"Близнаци",Gemini
mk-mk,la-va,"Боб Дилан","Robertus Zimmerman"
mk-mk,la-va,"Бог",Deus
mk-mk,la-va,"Богородица Марија","Virgo Maria"
mk-mk,la-va,"Божествена комедија","Divina Comoedia"
mk-mk,la-va,"Боливија",Bolivia
mk-mk,la-va,"Бон",Bonna
mk-mk,la-va,"Бор",Borium
mk-mk,la-va,"Босна и Херцеговина","Bosnia et Herzegovina"
mk-mk,la-va,"Ботаника",Botanica
mk-mk,la-va,"Боцвана",Botsuana
mk-mk,la-va,"Боцен",Bauzanum
mk-mk,la-va,"Бразил",Brasilia
mk-mk,la-va,"Брак",Matrimonium
mk-mk,la-va,"Бранденбург",Brandenburgum
mk-mk,la-va,"Братислава",Bratislava
mk-mk,la-va,"Браунау на Ин",Brunodunum
mk-mk,la-va,"Браќа Рајт","Fratres Wright"
mk-mk,la-va,"Бре",Re
mk-mk,la-va,"Брег на Слоновата Коска","Litus Eburneum"
mk-mk,la-va,"Брегот на Слоновата Коска","Litus Eburneum"
mk-mk,la-va,"Бремен",Brema
mk-mk,la-va,"Брест",Brestia
mk-mk,la-va,"Брзина",Velocitas
mk-mk,la-va,"Брисел",Bruxellae
mk-mk,la-va,"Британска империја","Imperium Britannicum"
mk-mk,la-va,"Бритни Спирс","Britney Spears"
mk-mk,la-va,"Брод",Navis
mk-mk,la-va,"Бром",Bromum
mk-mk,la-va,"Бронзено доба","Aenea aetas"
mk-mk,la-va,"Број",Numerus
mk-mk,la-va,"Брунеи",Bruneium
mk-mk,la-va,"Бугарија",Bulgaria
mk-mk,la-va,"Бугарски јазик","Lingua Bulgarica"
mk-mk,la-va,"Будизам","Religio Buddhistica"
mk-mk,la-va,"Будимпешта",Aquincum
mk-mk,la-va,"Буенос Аирес",Bonaeropolis
mk-mk,la-va,"Бука",Fagus
mk-mk,la-va,"Буква",Littera
mk-mk,la-va,"Букурешт",Bucaresta
mk-mk,la-va,"Буркина Фасо",Burkina
mk-mk,la-va,"Бурунди",Burundia
mk-mk,la-va,"Вавилон",Babylon
mk-mk,la-va,"Вага",Libra
mk-mk,la-va,"Вагина",Vagina
mk-mk,la-va,"Валута",Nummus
mk-mk,la-va,"Вануату",Vanuatu
mk-mk,la-va,"Варење","Apparatus digestorius"
mk-mk,la-va,"Варна",Odessus
mk-mk,la-va,"Варненска област",Odessus
mk-mk,la-va,"Варшава",Varsovia
mk-mk,la-va,"Василиј II Македонецот","Basilius II Bulgaroctonus"
mk-mk,la-va,"Васко де Гама","Valascus de Gama"
mk-mk,la-va,"Ватикан","Civitas Vaticana"
mk-mk,la-va,"Вашингтон","Vasingtonia, C.C."
mk-mk,la-va,"Вајарство",Sculptura
mk-mk,la-va,"Вајмар",Wimarium
mk-mk,la-va,"Вајмарска Република","Res Publica Vimariana"
mk-mk,la-va,"Вајоминг",Vyomina
mk-mk,la-va,"Веб страница","Situs interretialis"
mk-mk,la-va,"Веб-сајт","Situs interretialis"
mk-mk,la-va,"Везир",Vezirus
mk-mk,la-va,"Велепредавство",Proditio
mk-mk,la-va,"Велигден",Pascha
mk-mk,la-va,"Велика Британија",Britannia
mk-mk,la-va,"Велс",Cambria
mk-mk,la-va,"Вена",Vena
mk-mk,la-va,"Венера",Venus
mk-mk,la-va,"Венеција",Venetia
mk-mk,la-va,"Венецијански дуждови","Respublica Venetia"
mk-mk,la-va,"Венецијански дуждови","Respublica Venetiae"
mk-mk,la-va,"Венецуела",Venetiola
mk-mk,la-va,"Вермонт","Mons Viridis"
mk-mk,la-va,"Версајски дворец",Versaliae
mk-mk,la-va,"Веслијан","Wesleiana Universitas"
mk-mk,la-va,"Ветер",Ventus
mk-mk,la-va,"Виа Егнација","Via Egnatia"
mk-mk,la-va,"Виена",Vindobona
mk-mk,la-va,"Виентиан",Vientiane
mk-mk,la-va,"Виетнам",Vietnamia
mk-mk,la-va,"Византиски владетели","Imperatores Constantinopolitani"
mk-mk,la-va,"Византија","Imperium Romanum Orientale"
mk-mk,la-va,"Вики",Vici
mk-mk,la-va,"Викимедија",Vicimedia
mk-mk,la-va,"Викинзи",Vicingi
mk-mk,la-va,"Википедија",Vicipaedia
mk-mk,la-va,"Виктор Јушченко","Victor Iuscenco"
mk-mk,la-va,"Виктор Иго","Victor Hugo"
mk-mk,la-va,"Викторија",Victoria
mk-mk,la-va,"Вилијам Блејк","Gulielmus Blake"
mk-mk,la-va,"Вилијам Шекспир","Gulielmus Shakesperius"
mk-mk,la-va,"Вилнус",Vilna
mk-mk,la-va,"Виндхук",Windhoek
mk-mk,la-va,"Вино",Vinum
mk-mk,la-va,"Виножито",Arcus
mk-mk,la-va,"Винсент ван Гог","Vincens van Gogh"
mk-mk,la-va,"Винстон Черчил","Vinstonis Churchill"
mk-mk,la-va,"Виолина",Fidiculae
mk-mk,la-va,"Вирус","Virus biologicum"
mk-mk,la-va,"Вирцбург",Herbipolis
mk-mk,la-va,"Вирџинија",Virginia
mk-mk,la-va,"Висконсин",Visconsinia
mk-mk,la-va,"Висла",Vistula
mk-mk,la-va,"Вистан Хју Одн","Wystanus Hugo Auden"
mk-mk,la-va,"Вистина",Veritas
mk-mk,la-va,"Вистинска црква на Исус","Vera Ecclesia Iesu"
mk-mk,la-va,"Витлеем",Bethleem
mk-mk,la-va,"Витрувиј",Vitruvius
mk-mk,la-va,"Влад Тепеш","Vladislaus III Dracula"
mk-mk,la-va,"Владимир Илич Ленин","Vladimirus Lenin"
mk-mk,la-va,"Владимир Путин","Vladimirus Putin"
mk-mk,la-va,"Владимир Расате",Volodimiria
mk-mk,la-va,"Власи",Valachi
mk-mk,la-va,"Власт",Auctorita
mk-mk,la-va,"Власт",Auctoritas
mk-mk,la-va,"Власт","Auctoritas atis f."
mk-mk,la-va,"Власт",Ditio
mk-mk,la-va,"Власт",Imperium
mk-mk,la-va,"Власт",Potentia
mk-mk,la-va,"Власт",Potestas
mk-mk,la-va,"Власт",Professor
mk-mk,la-va,"Власт",Regnum
mk-mk,la-va,"Власт",Sceptrum
mk-mk,la-va,"Власт",Vox
mk-mk,la-va,"Влашки јазик","Lingua Aromanica"
mk-mk,la-va,"Влечуги",Reptilia
mk-mk,la-va,"Вода",Aqua
mk-mk,la-va,"Водолија",Aquarius
mk-mk,la-va,"Водород",Hydrogenium
mk-mk,la-va,"Водороден показател","Pondus Hydrogenii"
mk-mk,la-va,"Воз",Hamaxostichus
mk-mk,la-va,"Воздух",Aer
mk-mk,la-va,"Волга",Rha
mk-mk,la-va,"Волтер",Voltarius
mk-mk,la-va,"Волумен",Tom.
mk-mk,la-va,"Волфганг Амадеус Моцарт","Wolfgangus Amadeus Mozart"
mk-mk,la-va,"Вошка",Pedis
mk-mk,la-va,"Војна",Bellum
mk-mk,la-va,"Врба",Salix
mk-mk,la-va,"Временска зона","Circulus temporalis"
mk-mk,la-va,"Вселена",Universum
mk-mk,la-va,"Вселенски Собор","Oecumenicum Concilium"
mk-mk,la-va,"Втора Светска војна","Bellum Orbis Terrarum II"
mk-mk,la-va,"Вторник","Dies Martis"
mk-mk,la-va,"Вулкан","Mons ignifer"
mk-mk,la-va,"Габа",Fungi
mk-mk,la-va,"Габороне",Gaborone
mk-mk,la-va,"Габрово",Gabrovo
mk-mk,la-va,"Габровска област",Gabrovo
mk-mk,la-va,"Галаксија",Galaxias
mk-mk,la-va,"Галилео Галилеј","Galilaeus Galilaei"
mk-mk,la-va,"Гамбија",Gambia
mk-mk,la-va,"Гана",Gana
mk-mk,la-va,"Гарда","Benacus lacus"
mk-mk,la-va,"Гардско езеро","Benacus lacus"
mk-mk,la-va,"Гас",Gasiumii
mk-mk,la-va,"Гвадалупе",Guadalupa
mk-mk,la-va,"Гватемала",Guatemala
mk-mk,la-va,"Гвајана",Guiana
mk-mk,la-va,"Гвинеја-Бисао","Guinea Bissaviensis"
mk-mk,la-va,"Гдањск",Gedania
mk-mk,la-va,"Генетика",Genetica
mk-mk,la-va,"Генитив","Casus genetivus"
mk-mk,la-va,"Географија",Geographia
mk-mk,la-va,"Географски координатен систем","Coordinata geographica"
mk-mk,la-va,"Геометрија",Geometria
mk-mk,la-va,"Георг Вилхелм Фридрих Хегел","Georgius Wilhelmus Fridericus Hegel"
mk-mk,la-va,"Георг Фридрих Хендл","Georgius Fridericus Handel"
mk-mk,la-va,"Германија",Germania
mk-mk,la-va,"Германски јазик","Lingua Theodisca"
mk-mk,la-va,"Германски јазици","Linguae Germanicae"
mk-mk,la-va,"Германци",Germania
mk-mk,la-va,"Геј маж",Homophylophilia
mk-mk,la-va,"Гитара",Cithara
mk-mk,la-va,"Гиљермо Маркони","Gulielmus Marconi"
mk-mk,la-va,"Главен град",Caput
mk-mk,la-va,"Главна страница","Pagina prima"
mk-mk,la-va,"Главни градови на американските сојузни држави","Index capitum civitatum Americae"
mk-mk,la-va,"Главоноги",Cephalopoda
mk-mk,la-va,"Глаголица","Abecedarium Glagoliticum"
mk-mk,la-va,"Глеѓ","Tinctura heraldica"
mk-mk,la-va,"Глодари",Rodentia
mk-mk,la-va,"Глушец",Mus
mk-mk,la-va,"Говорништво",Numerus
mk-mk,la-va,"Големата Шизма",Schisma
mk-mk,la-va,"Големите езера","Lacus Magni"
mk-mk,la-va,"Голтник",Pharynx
mk-mk,la-va,"Горно Езеро","Lacus Superior"
mk-mk,la-va,"Господарот на прстените","Dominus Anulorum"
mk-mk,la-va,"Готфрид Лајбниц","Godefridus Guilielmus Leibnitius"
mk-mk,la-va,"Граблива птица",Falconiformes
mk-mk,la-va,"Град Окленд",Achelandia
mk-mk,la-va,"Град Скопје",Scupi
mk-mk,la-va,"Град",Urbs
mk-mk,la-va,"Градбa","Ædificium"
mk-mk,la-va,"Градежништво","Ædificatio"
mk-mk,la-va,"Градежништво","Ædificium"
mk-mk,la-va,"Градна жлезда",Thymus
mk-mk,la-va,"Граматика на латинскиот јазик","Grammatica Latina"
mk-mk,la-va,"Грб",Insigne
mk-mk,la-va,"Грегоријански календар","Calendarium Gregorianum"
mk-mk,la-va,"Гренада",Granata
mk-mk,la-va,"Гренланд",Groenlandia
mk-mk,la-va,"Грклан",Larynx
mk-mk,la-va,"Грузија",Georgia
mk-mk,la-va,"Грци",Graeci
mk-mk,la-va,"Грција",Graecia
mk-mk,la-va,"Грчка азбука","Abecedarium Graecum"
mk-mk,la-va,"Грчка митологија","Mythologia Graeca"
mk-mk,la-va,"Грчки јазик","Lingua Graeca"
mk-mk,la-va,"Густина на населеност","Spissitudo incolarum"
mk-mk,la-va,"Густина",Spissitudo
mk-mk,la-va,"Гуштер",Lacerta
mk-mk,la-va,"ДНК","Acidum desoxyribonucleicum"
mk-mk,la-va,"Давид",David
mk-mk,la-va,"Дака",Dacca
mk-mk,la-va,"Дакар",Dakar
mk-mk,la-va,"Дамаск",Damascus
mk-mk,la-va,"Дамаст",Damascus
mk-mk,la-va,"Данска",Dania
mk-mk,la-va,"Дански јазик","Lingua Danica"
mk-mk,la-va,"Данте Алигиери","Dantes Alagherius"
mk-mk,la-va,"Дајре",Tympanum
mk-mk,la-va,"Дванаесет апостоли",Apostolus
mk-mk,la-va,"Дванаесетпалечно црево",Duodenum
mk-mk,la-va,"Дебело црево","Intestinum crassum"
mk-mk,la-va,"Девица",Virgo
mk-mk,la-va,"Дедал",Daedalus
mk-mk,la-va,"Декларација за правата на човекот","Declarationem hominis iurium universam"
mk-mk,la-va,"Делавер",Delevaria
mk-mk,la-va,"Деменција","Amentia iae f."
mk-mk,la-va,"Демократија",Democratia
mk-mk,la-va,"Демократска Република Конго","Respublica Popularis Congensis"
mk-mk,la-va,"Демокрит",Democritus
mk-mk,la-va,"Ден Браун","Daniel Brown"
mk-mk,la-va,"Ден",Dies
mk-mk,la-va,"Денариус",Denarius
mk-mk,la-va,"Дени Дидро","Dionysius Diderot"
mk-mk,la-va,"Десет Божји заповеди",Decalogus
mk-mk,la-va,"Дејвид Линч","David Lynch"
mk-mk,la-va,"Дејвид Хјум","David Humius"
mk-mk,la-va,"Дивеч",Ludus
mk-mk,la-va,"Дивокоза",Capra
mk-mk,la-va,"Дивокоза",Capreolus
mk-mk,la-va,"Дизајн",Intentio
mk-mk,la-va,"Диктатура",Dictatura
mk-mk,la-va,"Димитрис П. Краниотис","Demetrius Kraniotis"
mk-mk,la-va,"Диода",Diodus
mk-mk,la-va,"Диселдорф",Dusseldorpium
mk-mk,la-va,"Дистрибуција",Dispensatio
mk-mk,la-va,"Диференцијално сметање",Derivativus
mk-mk,la-va,"Дишење",Respiratio
mk-mk,la-va,"Дишник",Trachea
mk-mk,la-va,"Дијамант",Adamas
mk-mk,la-va,"Дијафрагма",Diaphragma
mk-mk,la-va,"Дланка",Palma
mk-mk,la-va,"Дожд",Pluvia
mk-mk,la-va,"Долг лак",Arcus
mk-mk,la-va,"Долна Саксонија","Saxonia Inferior"
mk-mk,la-va,"Долнолужички јазик","Linguae Sorabicae"
mk-mk,la-va,"Доменико Скарлати","Dominicus Scarlatti"
mk-mk,la-va,"Доминиканска Република","Respublica Dominicana"
mk-mk,la-va,"Дорат",Latro
mk-mk,la-va,"Дорат",Sinus
mk-mk,la-va,"Досада","Molestia iae f."
mk-mk,la-va,"Досада",Taedium
mk-mk,la-va,"Досада",Tedium
mk-mk,la-va,"Драма",Drama
mk-mk,la-va,"Драч",Dyrrhachium
mk-mk,la-va,"Дрво",Arbor
mk-mk,la-va,"Дрезден",Dresda
mk-mk,la-va,"Дубровник",Ragusa
mk-mk,la-va,"Дунав",Danubius
mk-mk,la-va,"Евангелие",Evangelium
mk-mk,la-va,"Евреи","Populus Iudaicus"
mk-mk,la-va,"Евро",Euro
mk-mk,la-va,"Евроазиски рис","Lynx lynx"
mk-mk,la-va,"Евроазија",Eurasia
mk-mk,la-va,"Евровизија","Musicum Eurovisionis Certamen"
mk-mk,la-va,"Европа",Europa
mk-mk,la-va,"Европска Унија","Unio Europaea"
mk-mk,la-va,"Егејска Македонија","Respublica Macedonica"
mk-mk,la-va,"Егзистенцијализам",Exsistentialista
mk-mk,la-va,"Египет",Aegyptus
mk-mk,la-va,"Едгар Алан По","Edgarus Allan Poe"
mk-mk,la-va,"Езеро Викторија",Victoria
mk-mk,la-va,"Езеро",Lacus
mk-mk,la-va,"Езопови басни",Fabulae
mk-mk,la-va,"Еквадор",Aequatoria
mk-mk,la-va,"Екватор","Linea aequatorialis"
mk-mk,la-va,"Екваторијална Гвинеја","Guinea Aequatorensis"
mk-mk,la-va,"Екваторска Гвинеја","Guinea Aequatorensis"
mk-mk,la-va,"Еконо.3B.D0.BC.D0.B8.D1.98.D0.B0",Oeconomia
mk-mk,la-va,"Економија",Oeconomia
mk-mk,la-va,"Екот",Cesso
mk-mk,la-va,"Екот",Cunctatio
mk-mk,la-va,"Екот",Differo
mk-mk,la-va,"Екот",Mora
mk-mk,la-va,"Екот",Prodico
mk-mk,la-va,"Екот",Profero
mk-mk,la-va,"Ел Салвадор",Salvatoria
mk-mk,la-va,"Ел Сид","Rodericus Didaci"
mk-mk,la-va,"Електрична гитара","Cithara electrica"
mk-mk,la-va,"Електрон",Electron
mk-mk,la-va,"Електроника",Electronica
mk-mk,la-va,"Електронска музика","Musica electronica"
mk-mk,la-va,"Елефтериос Венизелос","Eleutherius Benizelus"
mk-mk,la-va,"Елизабета I","Elizabeth I Angliae Regina"
mk-mk,la-va,"Елизабета II","Elizabeth II"
mk-mk,la-va,"Емират",Phylarchia
mk-mk,la-va,"Емоција",Affectus
mk-mk,la-va,"Енергија",Energia
mk-mk,la-va,"Ензим",Enzymum
mk-mk,la-va,"Енрико Карузо","Henricus Caruso"
mk-mk,la-va,"Енрико Ферми","Henricus Fermi"
mk-mk,la-va,"Енциклопедија",Encyclopaedia
mk-mk,la-va,"Епир",Epirus
mk-mk,la-va,"Епифиза","Glandula pinealis"
mk-mk,la-va,"Ер Ријад",Riadum
mk-mk,la-va,"Еразмо Ротердамски","Desiderius Erasmus Roterodamus"
mk-mk,la-va,"Ереван",Erevanum
mk-mk,la-va,"Еритреја",Erythraea
mk-mk,la-va,"Еритроцит",Erythrocyti
mk-mk,la-va,"Ерих Лудендорф","Ericus Ludendorff"
mk-mk,la-va,"Ерменија",Armenia
mk-mk,la-va,"Ерусалим",Hierosolyma
mk-mk,la-va,"Есен",Autumnus
mk-mk,la-va,"Есеј","Periculum i n."
mk-mk,la-va,"Есеј",Rudimentum
mk-mk,la-va,"Естер",Ester
mk-mk,la-va,"Естерификација",Ester
mk-mk,la-va,"Естонија",Estonia
mk-mk,la-va,"Естонски јазик","Lingua Estonica"
mk-mk,la-va,"Етер",Aether
mk-mk,la-va,"Етика",Ethica
mk-mk,la-va,"Етиопија",Aethiopia
mk-mk,la-va,"Етолија-Акарнанија",Aetoloacarnania
mk-mk,la-va,"Еуфрат",Euphrates
mk-mk,la-va,"Еуџенио Монтале","Eugenius Montale"
mk-mk,la-va,"Ефес",Ephesus
mk-mk,la-va,"Жаба",Rana
mk-mk,la-va,"Жаби","Ranae Aristophanis"
mk-mk,la-va,"Жак Ширак","Iacobus Chirac"
mk-mk,la-va,"Жан Жак Русо","Iohannes-Iacobus Rousseau"
mk-mk,la-va,"Жан-Пол Сартр","Ioannes Paulus Sartre"
mk-mk,la-va,"Жаркари",Cnidaria
mk-mk,la-va,"Железница",Ferrivia
mk-mk,la-va,"Железо",Ferrum
mk-mk,la-va,"Желка",Testudo
mk-mk,la-va,"Желудник",Stomachus
mk-mk,la-va,"Живот","Vita Biota"
mk-mk,la-va,"Животни",Animalia
mk-mk,la-va,"Житието на Брајан според Монти Пајтон","Vita Briani"
mk-mk,la-va,"Жито",Frumentum
mk-mk,la-va,"Жлезда",Glandula
mk-mk,la-va,"Заб",Dentes
mk-mk,la-va,"Закарпатска област",Ruthenia
mk-mk,la-va,"Западна Вирџинија","Virginia Occidentalis"
mk-mk,la-va,"Западна Сахара","Sahara Occidentalis"
mk-mk,la-va,"Запченик",Apparatus
mk-mk,la-va,"Збор",Finnia
mk-mk,la-va,"Збор",Verbum
mk-mk,la-va,"Звук",Accentus
mk-mk,la-va,"Звук",Canor
mk-mk,la-va,"Здравје",Medicina
mk-mk,la-va,"Зебра",Zebra
mk-mk,la-va,"Зевс",Zeus
mk-mk,la-va,"Зелена боја",Viridis
mk-mk,la-va,"Зелена салата",Lactuca
mk-mk,la-va,"Зеленика",Buxus
mk-mk,la-va,"Зелено'ртски Острови","Promontorium Viride"
mk-mk,la-va,"Зелено’ртски острови","Promontorium Viride"
mk-mk,la-va,"Земја",Tellus
mk-mk,la-va,"Земјина кора",Crusta
mk-mk,la-va,"Земјоделство",Agricultura
mk-mk,la-va,"Земјотрес","Terrae motus"
mk-mk,la-va,"Зигмунд Фројд","Sigismundus Freud"
mk-mk,la-va,"Зимбабве",Zimbabua
mk-mk,la-va,"Зимски олимписки игри - 2006","2006 Olympia Hiemalia"
mk-mk,la-va,"Злато",Aurum
mk-mk,la-va,"Знаење",Scientia
mk-mk,la-va,"Значење",Intellectus
mk-mk,la-va,"Значење",Sententia
mk-mk,la-va,"Значење",Voluntas
mk-mk,la-va,"Зодијак",Zodiacus
mk-mk,la-va,"Зоологија",Zoologia
mk-mk,la-va,"Зракоперки",Actinopterygii
mk-mk,la-va,"Игри",Ludus
mk-mk,la-va,"Идеологија",Ideologia
mk-mk,la-va,"Идеја","Cogitatio ionis f."
mk-mk,la-va,"Идеја",Informatio
mk-mk,la-va,"Изгубени",Yperitum
mk-mk,la-va,"Изида",Isis
mk-mk,la-va,"Израел",Israel
mk-mk,la-va,"Икар",Icarus
mk-mk,la-va,"Илиноис",Illinoesia
mk-mk,la-va,"Имe",Nomen
mk-mk,la-va,"Имануел Кант","Immanuel Kantius"
mk-mk,la-va,"Имхотеп",Imuthes
mk-mk,la-va,"Индиски Океан","Oceanus Indicus"
mk-mk,la-va,"Индиум",Indium
mk-mk,la-va,"Индија",India
mk-mk,la-va,"Индијана",Indiana
mk-mk,la-va,"Индо-европски јазици","Linguae Indoeuropaeae"
mk-mk,la-va,"Индоевропски јазици","Linguae Indoeuropaeae"
mk-mk,la-va,"Индустрија",Diligentia
mk-mk,la-va,"Инженерство",Technologia
mk-mk,la-va,"Инсект",Insecta
mk-mk,la-va,"Институција",Institutio
mk-mk,la-va,"Институција","Institutum i n."
mk-mk,la-va,"Интегрално коло",Talus
mk-mk,la-va,"Интернационала","Internationalis hymnus"
mk-mk,la-va,"Интернет",Interrete
mk-mk,la-va,"Инфлација","Inflatio rei nummariae"
mk-mk,la-va,"Инфлација",Pecuniae
mk-mk,la-va,"Информатика",Informatica
mk-mk,la-va,"Информација",Nuntius
mk-mk,la-va,"Инч",Uncia
mk-mk,la-va,"Ирак",Iraquia
mk-mk,la-va,"Иран",Irania
mk-mk,la-va,"Ирачка војна","Bellum Iracense Alterum"
mk-mk,la-va,"Ири","Lacus Eriarum"
mk-mk,la-va,"Ирски јазик","Lingua Hibernica"
mk-mk,la-va,"Исак Њутн","Isaacus Newtonus"
mk-mk,la-va,"Исак Асимов","Isaac Asimov"
mk-mk,la-va,"Ислам","Religio Islamica"
mk-mk,la-va,"Исламабад",Islamabad
mk-mk,la-va,"Исланд",Islandia
mk-mk,la-va,"Исповед",Confessio
mk-mk,la-va,"Истанбул",Constantinopolis
mk-mk,la-va,"Историски годишнини","Index dierum"
mk-mk,la-va,"Историја",Historia
mk-mk,la-va,"Источен Тимор","Timoria Orientalis"
mk-mk,la-va,"Исус Христос",Iesus
mk-mk,la-va,"Исусова молитва",Kyrie
mk-mk,la-va,"Итали","Index Populorum Italicorum Antiquorum"
mk-mk,la-va,"Италија",Italia
mk-mk,la-va,"Италијански јазик","Lingua Italica"
mk-mk,la-va,"Ичиро Мизуки","Ichirō Mizuki"
mk-mk,la-va,"Кабуки",Cabuci
mk-mk,la-va,"Кабул",Cabura
mk-mk,la-va,"Казахстан",Casachia
mk-mk,la-va,"Каиро",Cairus
mk-mk,la-va,"Калиум",Kalium
mk-mk,la-va,"Калифорнија",California
mk-mk,la-va,"Калкута",Colcata
mk-mk,la-va,"Калциум",Calcium
mk-mk,la-va,"Камбоџа",Cambodia
mk-mk,la-va,"Камени",Camenae
mk-mk,la-va,"Камерун",Cameronia
mk-mk,la-va,"Канада",Canada
mk-mk,la-va,"Канзас",Kansia
mk-mk,la-va,"Кано",Arundo
mk-mk,la-va,"Кантербури, Нов Зеланд",Cantuaria
mk-mk,la-va,"Канцелар",Cancellarius
mk-mk,la-va,"Капитал",Capitale
mk-mk,la-va,"Капитализам",Capitalismus
mk-mk,la-va,"Каракас",Caracae
mk-mk,la-va,"Карате",Carate
mk-mk,la-va,"Карбоксилна киселина","Acidum carboxylicum"
mk-mk,la-va,"Кардинал",Cardinalis
mk-mk,la-va,"Кариби","Mare Caribium"
mk-mk,la-va,"Карипско Море","Mare Caribaeum"
mk-mk,la-va,"Карл XII","Carolus XII"
mk-mk,la-va,"Карл Маркс","Carolus Marx"
mk-mk,la-va,"Карл Шпицвег","Carolus Spitzweg"
mk-mk,la-va,"Карлсруе",Carolsruha
mk-mk,la-va,"Кармента",Carmenta
mk-mk,la-va,"Карпа",Lapis
mk-mk,la-va,"Касиопеја",Cassiopeia
mk-mk,la-va,"Катар",Cataria
mk-mk,la-va,"Катарска крстоносна војна","Expeditio sacra in Albigenses"
mk-mk,la-va,"Категории",Categoriae
mk-mk,la-va,"Катовице",Katovicum
mk-mk,la-va,"Кафе",Cafea
mk-mk,la-va,"Кајзер",Imperator
mk-mk,la-va,"Квадрат",Quadrum
mk-mk,la-va,"Квадратен километар","Chiliometrum quadratum"
mk-mk,la-va,"Квалитет",Qualitas
mk-mk,la-va,"Квалитет",Species
mk-mk,la-va,"Квантна механика","Mechanica quantica"
mk-mk,la-va,"Кварк",Quarcum
mk-mk,la-va,"Квестор","Quaestor toris m."
mk-mk,la-va,"Келвин",Kelvin
mk-mk,la-va,"Келн","Colonia Agrippina"
mk-mk,la-va,"Келти",Celtae
mk-mk,la-va,"Келтски јазици","Linguae Celticae"
mk-mk,la-va,"Кемал Ататурк","Mustapha Cemal Ataturcus"
mk-mk,la-va,"Кенија",Kenia
mk-mk,la-va,"Кентаки",Kentukia
mk-mk,la-va,"Кетрин Хепберн","Catharina Hepburn"
mk-mk,la-va,"Кејптаун","Urbs Promontorii"
mk-mk,la-va,"Киев",Chiovia
mk-mk,la-va,"Килограм",Chiliogramma
mk-mk,la-va,"Километар",Chiliometrum
mk-mk,la-va,"Кина",Sina
mk-mk,la-va,"Кингстон",Kingston
mk-mk,la-va,"Кинески јазик","Lingua Sinica"
mk-mk,la-va,"Киншаса",Kinshasa
mk-mk,la-va,"Кипар",Cyprus
mk-mk,la-va,"Киргистан",Chirgisia
mk-mk,la-va,"Кирил и Методиј","Cyrillus et Methodius"
mk-mk,la-va,"Кирилица","Abecedarium Cyrillicum"
mk-mk,la-va,"Киселина",Acidum
mk-mk,la-va,"Кислород",Oxygenium
mk-mk,la-va,"Кит",Cetacea
mk-mk,la-va,"Китара",Cithara
mk-mk,la-va,"Клавир",Clavile
mk-mk,la-va,"Клавијатурни инструменти",Claviatura
mk-mk,la-va,"Клајпеда",Memela
mk-mk,la-va,"Клеопатра","Cleopatra VII"
mk-mk,la-va,"Клепач",Palpebra
mk-mk,la-va,"Клетка",Cellula
mk-mk,la-va,"Клеточно јадро","Caryo-…"
mk-mk,la-va,"Клима",Clima
mk-mk,la-va,"Клиторис",Clitoris
mk-mk,la-va,"Клод Моне","Claudius Monet"
mk-mk,la-va,"Клуч",Clavis
mk-mk,la-va,"Кносос",Cnossus
mk-mk,la-va,"Коала","Phascolarctos cinereus"
mk-mk,la-va,"Кобалт",Cobaltum
mk-mk,la-va,"Кожа",Cutis
mk-mk,la-va,"Козорог",Capricornus
mk-mk,la-va,"Кола",Carrus
mk-mk,la-va,"Количество","Numerus i m"
mk-mk,la-va,"Количество",Vis
mk-mk,la-va,"Колорадо",Coloratum
mk-mk,la-va,"Колумбија",Columbia
mk-mk,la-va,"Комета",Cometes
mk-mk,la-va,"Комичар",Comoedia
mk-mk,la-va,"Комо","Novum Comum"
mk-mk,la-va,"Комори","Insulae Comorianae"
mk-mk,la-va,"Компакт диск","Discus compactus"
mk-mk,la-va,"Композитор",Compositor
mk-mk,la-va,"Компјутер",Computatrum
mk-mk,la-va,"Комунизам",Communismus
mk-mk,la-va,"Комунистички манифест","Edictum Factionis Communisticae"
mk-mk,la-va,"Конакри",Conakri
mk-mk,la-va,"Конго, Демократска Република","Respublica Popularis Congensis"
mk-mk,la-va,"Конго, Република","Respublica Congensis"
mk-mk,la-va,"Кондензатор",Capacitor
mk-mk,la-va,"Конектикат",Connecticuta
mk-mk,la-va,"Константин I Велики","Constantinus I"
mk-mk,la-va,"Константин Порфирогенит","Constantinus VII Porphyrogenitus"
mk-mk,la-va,"Континент",Continens
mk-mk,la-va,"Контрадикција",Contradictio
mk-mk,la-va,"Конфучие",Confucius
mk-mk,la-va,"Конфучиј",Confucius
mk-mk,la-va,"Концентрационен логор","Castra ad captivos concludendos posita"
mk-mk,la-va,"Концепт",Informatio
mk-mk,la-va,"Координирано универзално време",UTC
mk-mk,la-va,"Копија",Apographon
mk-mk,la-va,"Кораб",Navis
mk-mk,la-va,"Корал","Coralli-…"
mk-mk,la-va,"Корен",Carota
mk-mk,la-va,"Кореја",Corea
mk-mk,la-va,"Коска",Os
mk-mk,la-va,"Коскена срж","Medulla ossium"
mk-mk,la-va,"Коскени риби",Osteichthyes
mk-mk,la-va,"Косово","Ager merulensis"
mk-mk,la-va,"Костарика","Ora Opulenta"
mk-mk,la-va,"Котбус",Cotbusium
mk-mk,la-va,"Кочија",Gestum
mk-mk,la-va,"Кошарка","Ludus canistri"
mk-mk,la-va,"Коњ",Equus
mk-mk,la-va,"Коњаница",Equitatus
mk-mk,la-va,"Коњаница","Equitatus us m."
mk-mk,la-va,"Коњички придружници",Aether
mk-mk,la-va,"Коњсковола",Konskovola
mk-mk,la-va,"Краков",Cracovia
mk-mk,la-va,"Крал Шкорпија",Scorpius
mk-mk,la-va,"Кралство Арагон","Regnum Aragoniae"
mk-mk,la-va,"Крв",Sanguis
mk-mk,la-va,"Крвни садови","Vas sanguineum"
mk-mk,la-va,"Крепост",Arx
mk-mk,la-va,"Крепост",Castellum
mk-mk,la-va,"Крепост",Castrum
mk-mk,la-va,"Крепост",Moenia
mk-mk,la-va,"Крепост",Turris
mk-mk,la-va,"Креста",Crista
mk-mk,la-va,"Креста",Iugum
mk-mk,la-va,"Крикет","Criccetius lusus"
mk-mk,la-va,"Кристал",Crystallum
mk-mk,la-va,"Кристофер Колумбо","Christophorus Columbus"
mk-mk,la-va,"Крст",Crux
mk-mk,la-va,"Крстоносни војни","Expeditio sacra"
mk-mk,la-va,"Кружница",Circus
mk-mk,la-va,"Кружница",Orbis
mk-mk,la-va,"Куба",Cuba
mk-mk,la-va,"Кувајт",Cuvaitum
mk-mk,la-va,"Куенја","Lingua Quenya"
mk-mk,la-va,"Кукуш",Cilcis
mk-mk,la-va,"Култура","Cultus cultus m."
mk-mk,la-va,"Култура","Doctrinae copia"
mk-mk,la-va,"Култура",Humanitas
mk-mk,la-va,"Култура","Humanitas atis f"
mk-mk,la-va,"Култура","Studium atque humanitas"
mk-mk,la-va,"Кунилингус",Cunnilingus
mk-mk,la-va,"Куран",Alcoranum
mk-mk,la-va,"Куритиба",Curitiba
mk-mk,la-va,"Куров",Curovia
mk-mk,la-va,"Курт Вонегат","Curtius Vonnegut"
mk-mk,la-va,"Куќа на село",Villa
mk-mk,la-va,"Ла Хабана",Avana
mk-mk,la-va,"Лав Николаевич Толстој","Leo Tolstoi"
mk-mk,la-va,"Лав Троцки","Leo Trotski"
mk-mk,la-va,"Лав",Leo
mk-mk,la-va,"Лавина","Labina nivis"
mk-mk,la-va,"Лагос",Lacupolis
mk-mk,la-va,"Ламанш","Oceanus Britannicus"
mk-mk,la-va,"Ландкројцер П. 1000 Стаорец",Rattus
mk-mk,la-va,"Лао Це",Laocius
mk-mk,la-va,"Лао-це",Laocius
mk-mk,la-va,"Лаос",Laosia
mk-mk,la-va,"Лас Вегас",Campi
mk-mk,la-va,"Латвиски јазик","Lingua Latviana"
mk-mk,la-va,"Латвија",Lettonia
mk-mk,la-va,"Латини",Latini
mk-mk,la-va,"Латиница","Alphabetum Latinum"
mk-mk,la-va,"Латинофалиски јазици","Linguae Latino-Faliscae"
mk-mk,la-va,"Латински деклинации",Declinatio
mk-mk,la-va,"Латински јазик","Lingua Latina"
mk-mk,la-va,"Латитуда","Circulus parallelus"
mk-mk,la-va,"Лацио",Latium
mk-mk,la-va,"Лвивска област",Leopolis
mk-mk,la-va,"Ле Корбизје","Le Corbusier"
mk-mk,la-va,"Леб",Panis
mk-mk,la-va,"Левица",Sinistra
mk-mk,la-va,"Левичарска партија","Factio Sinistra"
mk-mk,la-va,"Легура",Leuga
mk-mk,la-va,"Леонард Коен","Leonardus Cohen"
mk-mk,la-va,"Леонард Ојлер","Leonhardus Eulerus"
mk-mk,la-va,"Леонардо да Винчи","Leonardus Vincius"
mk-mk,la-va,"Лерин",Florina
mk-mk,la-va,"Лесото",Lesothum
mk-mk,la-va,"Летни олимписки игри - 1976","1976 Olympia Aestiva"
mk-mk,la-va,"Летни олимписки игри - 2004","2004 Olympia Aestiva"
mk-mk,la-va,"Лето",Aestas
mk-mk,la-va,"Леукемија",Leucaemia
mk-mk,la-va,"Либан",Libanus
mk-mk,la-va,"Либерализам",Liberalismus
mk-mk,la-va,"Либерија",Liberia
mk-mk,la-va,"Либија",Libya
mk-mk,la-va,"Ливада",Pratum
mk-mk,la-va,"Ливада",Pratus
mk-mk,la-va,"Ликовна уметност","Ars visualis"
mk-mk,la-va,"Ликург",Lycurgus
mk-mk,la-va,"Лимфа","Systema lymphaticum"
mk-mk,la-va,"Лимфен систем","Systema lymphaticum"
mk-mk,la-va,"Лингвистика",Linguistica
mk-mk,la-va,"Линукс",Linux
mk-mk,la-va,"Лист",Folium
mk-mk,la-va,"Листа на британски монарси","Index Regum Britanniae"
mk-mk,la-va,"Листа на венецијански дуждови","Respublica Venetiae"
mk-mk,la-va,"Листа на градови во Германија","Index urbium"
mk-mk,la-va,"Листа на земји по површина","Nationes mundi"
mk-mk,la-va,"Листа на земјите во светот","Nationes mundi"
mk-mk,la-va,"Листа на латински фрази",Sententia
mk-mk,la-va,"Листа на падежи",Declinatio
mk-mk,la-va,"Листа на премиери на Обединетото Кралство","Index gubernatorum Britanniarum Regni"
mk-mk,la-va,"Листа на претседатели на Соединетите Американски Држави","Praesidens Civitatum Foederatarum Americae"
mk-mk,la-va,"Листа на села во Воден",Pella
mk-mk,la-va,"Листа на фараони","Index Pharaonum"
mk-mk,la-va,"Литванија",Lituania
mk-mk,la-va,"Литвански јазик","Lingua Lituana"
mk-mk,la-va,"Литература",Litterae
mk-mk,la-va,"Литиум",Lithium
mk-mk,la-va,"Лихтенштајн",Lichtenstenum
mk-mk,la-va,"Лишаи",Lichen
mk-mk,la-va,"Ловеч",Melta
mk-mk,la-va,"Ловечка област",Melta
mk-mk,la-va,"Логика",Logica
mk-mk,la-va,"Логичка конјункција",Coniunctio
mk-mk,la-va,"Локатив",Locativus
mk-mk,la-va,"Локомотива","Currus tractorius"
mk-mk,la-va,"Ломе",Lome
mk-mk,la-va,"Лорд",Dominus
mk-mk,la-va,"Лос Анџелес",Angelopolis
mk-mk,la-va,"Лувр","Museum Lupariense"
mk-mk,la-va,"Лудвиг II","Ludovicus II"
mk-mk,la-va,"Лудвиг Втори","Ludovicus II"
mk-mk,la-va,"Лудвиг ван Бетовен","Ludovicus van Beethoven"
mk-mk,la-va,"Лудвигсбург",Ludoviciburgum
mk-mk,la-va,"Луизијана",Ludoviciana
mk-mk,la-va,"Луиџи Бокерини","Ludovicus Boccherini"
mk-mk,la-va,"Луксембург",Luxemburgum
mk-mk,la-va,"Луј Пастер","Ludovicus Pasteur"
mk-mk,la-va,"Мaгла",Nebula
mk-mk,la-va,"Мавританија",Mauretania
mk-mk,la-va,"Маврициус",Mauritia
mk-mk,la-va,"Магна Карта","Magna Carta"
mk-mk,la-va,"Магнезиум",Magnesium
mk-mk,la-va,"Мадагаскар",Madagascaria
mk-mk,la-va,"Мадона",Madonna
mk-mk,la-va,"Мадрид",Matritum
mk-mk,la-va,"Македонија","Respublica Macedonica"
mk-mk,la-va,"Македонски јазик","Lingua Macedonica praesentis"
mk-mk,la-va,"Македонски",Latina
mk-mk,la-va,"Мала Азија","Asia Minor"
mk-mk,la-va,"Малави",Malavium
mk-mk,la-va,"Малдиви","Insulae Maldivae"
mk-mk,la-va,"Малезија",Malaesia
mk-mk,la-va,"Мали",Malium
mk-mk,la-va,"Малта",Melitta
mk-mk,la-va,"Манагва",Managua
mk-mk,la-va,"Манган",Manganum
mk-mk,la-va,"Манила",Manila
mk-mk,la-va,"Маорски јазик","Lingua Maorica"
mk-mk,la-va,"Марихуана",Cannabis
mk-mk,la-va,"Марица",Hebrus
mk-mk,la-va,"Марија Калас","Maria Callas"
mk-mk,la-va,"Марија Склодовска - Кири","Maria Curie"
mk-mk,la-va,"Марија Шарапова","Maria Sharapova"
mk-mk,la-va,"Марко Поло","Marcus Paulus Venetus"
mk-mk,la-va,"Марксизам","Placita Marxiana"
mk-mk,la-va,"Марлен Дитрих","Maria Magdalena Dietrich"
mk-mk,la-va,"Мароко",Marocum
mk-mk,la-va,"Марс",Mars
mk-mk,la-va,"Марсел Пруст","Marcellus Proust"
mk-mk,la-va,"Мартин Лутер Кинг","Martinus Lutherus King Jr."
mk-mk,la-va,"Мартин Лутер","Martinus Lutherus"
mk-mk,la-va,"Маса","Pondus et Massa"
mk-mk,la-va,"Масачусетс",Massachusetta
mk-mk,la-va,"Мастурбација",Masturbatio
mk-mk,la-va,"Математика",Mathematica
mk-mk,la-va,"Математичка анализа",Analysis
mk-mk,la-va,"Материја",Materia
mk-mk,la-va,"Махмуд Ахмадинеџад","Machometus Ahmadinejad"
mk-mk,la-va,"Мацуо Башо",Basho
mk-mk,la-va,"Машко обрежување",Circumcisio
mk-mk,la-va,"Мајка Тереза","Mater Teresa"
mk-mk,la-va,"Мбабане",Mbabane
mk-mk,la-va,"Мебел",Ornamentum
mk-mk,la-va,"Медитација",Bhagavadgita
mk-mk,la-va,"Медицина",Medicina
mk-mk,la-va,"Мека",Mecca
mk-mk,la-va,"Мекленбург-Западна Померанија","Megapolis et Pomerania Citerior"
mk-mk,la-va,"Мекотели",Mollusca
mk-mk,la-va,"Мексико",Mexicum
mk-mk,la-va,"Мелбурн",Melbournum
mk-mk,la-va,"Менопауза",Menopausa
mk-mk,la-va,"Менхетн",Manhata
mk-mk,la-va,"Мериленд","Terra Mariae"
mk-mk,la-va,"Меркур",Mercurius
mk-mk,la-va,"Месец",Mensis
mk-mk,la-va,"Месечина",Luna
mk-mk,la-va,"Метал",Metallum
mk-mk,la-va,"Метан",Methanum
mk-mk,la-va,"Метафизика",Metaphysica
mk-mk,la-va,"Метрополис",Metropolis
mk-mk,la-va,"Метрополитенска област",Metropolis
mk-mk,la-va,"Механика","Mechanica Senecta"
mk-mk,la-va,"Мечка",Ursidae
mk-mk,la-va,"Меѓународен Монетарен Фонд","Aerarium Monetarium Internationale"
mk-mk,la-va,"Меѓународен ден на трудот","Nox Valpurgis"
mk-mk,la-va,"Мејн",Cenomannica
mk-mk,la-va,"Мигел де Сервантес","Michael de Cervantes"
mk-mk,la-va,"Мизија",Moesia
mk-mk,la-va,"Микеланџело Буонароти","Michael Angelus Bonarotius"
mk-mk,la-va,"Микена",Mycenae
mk-mk,la-va,"Микробиологија",Microbiologia
mk-mk,la-va,"Милано",Mediolanum
mk-mk,la-va,"Милет",Miletus
mk-mk,la-va,"Милја",Mille
mk-mk,la-va,"Минеаполис",Minneapolis
mk-mk,la-va,"Минесота",Minnesota
mk-mk,la-va,"Минхен",Monacum
mk-mk,la-va,"Мисисипи","Missisippius Fluvius"
mk-mk,la-va,"Мисла","Cogitatio ionis f."
mk-mk,la-va,"Мисла",Cogitatus
mk-mk,la-va,"Мисла","Mens mentis"
mk-mk,la-va,"Мисла",Sententia
mk-mk,la-va,"Мисури",Missuria
mk-mk,la-va,"Митологија",Mythologia
mk-mk,la-va,"Митохондрија",Mitochondrium
mk-mk,la-va,"Михаил Јурјевич Лермонтов","Michael Lermontov"
mk-mk,la-va,"Мичиген",Michigania
mk-mk,la-va,"Мишел Фуко","Michael Foucault"
mk-mk,la-va,"Мијанмар",Birmania
mk-mk,la-va,"Миљоказ",Milliarium
mk-mk,la-va,"Млеко",Lac
mk-mk,la-va,"Млечен пат","Via lactea"
mk-mk,la-va,"Множество",Seth
mk-mk,la-va,"Мов","Bryo-…"
mk-mk,la-va,"Мозамбик",Mozambicum
mk-mk,la-va,"Мозочен удар",Ictus
mk-mk,la-va,"Мол",Naevus
mk-mk,la-va,"Молдавија",Moldavia
mk-mk,la-va,"Молекула",Molecula
mk-mk,la-va,"Мона Лиза","Puella Iucunda"
mk-mk,la-va,"Монако",Monoecus
mk-mk,la-va,"Монархија",Monarchia
mk-mk,la-va,"Монголија",Mogolia
mk-mk,la-va,"Монета",Nummus
mk-mk,la-va,"Монк",Monachus
mk-mk,la-va,"Монопол",Monopolium
mk-mk,la-va,"Моносахарид",Saccharidum
mk-mk,la-va,"Монотеизам","Religio monotheistica"
mk-mk,la-va,"Монровија",Monrovia
mk-mk,la-va,"Монт Еверест","Mons Everestis"
mk-mk,la-va,"Монтана",Montana
mk-mk,la-va,"Монтанска област",Montana
mk-mk,la-va,"Монти Пајтон","Pytho Montium"
mk-mk,la-va,"Монти Питон","Pytho Montium"
mk-mk,la-va,"Моравија",Moravia
mk-mk,la-va,"Морал",Ethica
mk-mk,la-va,"Море",Mare
mk-mk,la-va,"Москва",Moscua
mk-mk,la-va,"Мошовце",Mosovce
mk-mk,la-va,"Мускул",Musculus
mk-mk,la-va,"Муцио Клементи","Mutius Clementi"
mk-mk,la-va,"Муљанка",Mulianca
mk-mk,la-va,"Надбубрежна жлезда","Glandula adrenalis"
mk-mk,la-va,"Назарет",Nazara
mk-mk,la-va,"Намибија",Namibia
mk-mk,la-va,"Наполеон Бонапарт","Neapolio I"
mk-mk,la-va,"Народна Република Кина","Res publica popularis Sinarum"
mk-mk,la-va,"Население","Numerus incolarum"
mk-mk,la-va,"Наставка",Suffixum
mk-mk,la-va,"Натриум",Natrium
mk-mk,la-va,"Наука",Scientia
mk-mk,la-va,"Национал-социјалистичка германска работничка партија","Factio Nazista"
mk-mk,la-va,"Национална химна","Hymnus nationalis"
mk-mk,la-va,"Нацистичка Германија","Res Publica Vimariana"
mk-mk,la-va,"Најроби",Nairobi
mk-mk,la-va,"Неандерталец","Homo neanderthalensis"
mk-mk,la-va,"Небраска",Nebrasca
mk-mk,la-va,"Неврон",Neuron
mk-mk,la-va,"Недела","Dies solis"
mk-mk,la-va,"Независност",Libertas
mk-mk,la-va,"Неолит",Neolithicum
mk-mk,la-va,"Неон",Neon
mk-mk,la-va,"Непал",Nepalia
mk-mk,la-va,"Непрекинатост на функција","Constantia iae f."
mk-mk,la-va,"Нептун",Neptunus
mk-mk,la-va,"Нерв",Nervus
mk-mk,la-va,"Нервно влакно",Axon
mk-mk,la-va,"Неутрон",Neutron
mk-mk,la-va,"Нигер",Niger
mk-mk,la-va,"Нигерија",Nigeria
mk-mk,la-va,"Нижни Новгород","Novogardia Inferior"
mk-mk,la-va,"Никарагва",Nicaragua
mk-mk,la-va,"Никола Саркози","Nicolaus Sarkozy"
mk-mk,la-va,"Николај Васиљевич Гогољ","Nicolaus Gogol"
mk-mk,la-va,"Николај Гогољ","Nicolaus Gogol"
mk-mk,la-va,"Николо Макијавели","Nicolaus Machiavellus"
mk-mk,la-va,"Нил",Nilus
mk-mk,la-va,"Нирнберг",Norimberga
mk-mk,la-va,"Ноам Чомски","Noam Chomsky"
mk-mk,la-va,"Нобелова награда","Praemium Nobelianum"
mk-mk,la-va,"Нов Зеланд","Nova Zelandia"
mk-mk,la-va,"Ново место","Novo mesto"
mk-mk,la-va,"Новозеландска географија","Nova Zelandia"
mk-mk,la-va,"Новозеландски дрва","Arbores Novae Zelandiae"
mk-mk,la-va,"Норвешка",Norvegia
mk-mk,la-va,"Норвешки јазик","Lingua Norvegiensis"
mk-mk,la-va,"Нос",Nasus
mk-mk,la-va,"Ноќ",Nox
mk-mk,la-va,"Нуакшот",Nouakchott
mk-mk,la-va,"Нуклеинска киселина","Biologia molecularis"
mk-mk,la-va,"Обединети Арапски Емирати","Phylarchiarum Arabicarum Confoederatio"
mk-mk,la-va,"Обединети Нации",CN
mk-mk,la-va,"Обединети нации","Nationes Unitae"
mk-mk,la-va,"Обединетото Кралство","Britanniarum Regnum"
mk-mk,la-va,"Обележја",Infula
mk-mk,la-va,"Обиколка",Ambitus
mk-mk,la-va,"Обичен шакал",Caracal
mk-mk,la-va,"Облак",Nubes
mk-mk,la-va,"Образование","Cultus cultus m."
mk-mk,la-va,"Образование","Disciplina ae f"
mk-mk,la-va,"Образование",Humanitas
mk-mk,la-va,"Образование","Humanitas atis f"
mk-mk,la-va,"Обред",Ritus
mk-mk,la-va,"Овен",Aries
mk-mk,la-va,"Озирис",Osiris
mk-mk,la-va,"Океан",Oceanus
mk-mk,la-va,"Океанија",Oceania
mk-mk,la-va,"Окленд",Achelandia
mk-mk,la-va,"Око",Oculus
mk-mk,la-va,"Оксид",Oxidum
mk-mk,la-va,"Октав Мирбо","Octavius Mirbeau"
mk-mk,la-va,"Олбени",Albania
mk-mk,la-va,"Олбени, Њујорк",Albania
mk-mk,la-va,"Олимписки игри",Olympia
mk-mk,la-va,"Олимпијада",Olympia
mk-mk,la-va,"Омега",Omega
mk-mk,la-va,"Ономатопеја",Onomatopoeia
mk-mk,la-va,"Опера","Theatrum lyricum"
mk-mk,la-va,"Оперативен систем","Systema administrativum computatrale"
mk-mk,la-va,"Операција Барбароса","Bellum Magnum Patrium"
mk-mk,la-va,"Општествена класа",Classis
mk-mk,la-va,"Општина Битола",Monasterium
mk-mk,la-va,"Општина",Commune
mk-mk,la-va,"Орален секс","Coitus oralis"
mk-mk,la-va,"Орање","Citrus Sinensis"
mk-mk,la-va,"Орган","Organum tubulatum"
mk-mk,la-va,"Органометално соединение","Chemia Organometallica"
mk-mk,la-va,"Органска хемија","Chemia Organica"
mk-mk,la-va,"Орегон",Oregonia
mk-mk,la-va,"Ориз",Oryza
mk-mk,la-va,"Осама бин Ладен","Usamat bin Ladin"
mk-mk,la-va,"Оскар","Praemia Academiae"
mk-mk,la-va,"Оснабрик",Osnabruga
mk-mk,la-va,"Остров",Insula
mk-mk,la-va,"Ото фон Бизмарк","Otho de Bismarck"
mk-mk,la-va,"Отоманска Империја","Imperium Ottomanicum"
mk-mk,la-va,"Отсечка",Linea
mk-mk,la-va,"Отче наш","Pater noster"
mk-mk,la-va,"Официјален јазик","Lingua publica"
mk-mk,la-va,"Охајо",Ohium
mk-mk,la-va,"Оче наш","Pater noster"
mk-mk,la-va,"ПЛ Кјодан","Ecclesia Perfectae Libertatis"
mk-mk,la-va,"Пабло Луис Пикасо","Paulus Picasso"
mk-mk,la-va,"Пабло Пикасо","Paulus Picasso"
mk-mk,la-va,"Падеж",Declinatio
mk-mk,la-va,"Пакистан",Pacistania
mk-mk,la-va,"Палеолит",Palaeolithicum
mk-mk,la-va,"Палеонтологија",Palaeontologia
mk-mk,la-va,"Палестина",Palaestina
mk-mk,la-va,"Палестинска самоуправа",Palaestina
mk-mk,la-va,"Панама",Panama
mk-mk,la-va,"Панамски канал","Canalis Panamae"
mk-mk,la-va,"Панкреас",Pancreas
mk-mk,la-va,"Пантеизам","Religio Pantheia"
mk-mk,la-va,"Папа Јован Павле II","Ioannes Paulus II"
mk-mk,la-va,"Папа Бенедикт XVI","Benedictus XVI"
mk-mk,la-va,"Папа",Papa
mk-mk,la-va,"Папуа Нова Гвинеја","Papua Nova Guinea"
mk-mk,la-va,"Парагвај",Paraguaia
mk-mk,la-va,"Параштитна жлезда","Glandulae parathyroidae"
mk-mk,la-va,"Пари",Pecunia
mk-mk,la-va,"Париз",Lutetia
mk-mk,la-va,"Партизан",Fautor
mk-mk,la-va,"Пасиште",Pastus
mk-mk,la-va,"Паскал",Pascal
mk-mk,la-va,"Пат",Via
mk-mk,la-va,"Паул фон Хинденбург","Paulus de Hindenburg"
mk-mk,la-va,"Паун",Pavo
mk-mk,la-va,"Паша",Bassa
mk-mk,la-va,"Пајаковидни",Arachnida
mk-mk,la-va,"Педесетница",Pentecostes
mk-mk,la-va,"Пекинг",Pechinum
mk-mk,la-va,"Пела",Pella
mk-mk,la-va,"Пенис",Mentula
mk-mk,la-va,"Пенсилванија",Pennsilvania
mk-mk,la-va,"Пепелник",Cinerarium
mk-mk,la-va,"Пепелник","Cineris receptaculum"
mk-mk,la-va,"Пептид",Peptidum
mk-mk,la-va,"Периметар",Orbis
mk-mk,la-va,"Периоден систем на елементите","Systema Periodicum"
mk-mk,la-va,"Периоден систем","Systema Periodicum"
mk-mk,la-va,"Перм",Permia
mk-mk,la-va,"Персиски јазик","Lingua Persica moderna"
mk-mk,la-va,"Персиско царство","Imperium Persarum"
mk-mk,la-va,"Перу",Peruvia
mk-mk,la-va,"Петар I","Petrus I"
mk-mk,la-va,"Петар Велики","Petrus I"
mk-mk,la-va,"Петар Илич Чајковски","Petrus Tchaikovski"
mk-mk,la-va,"Петок","Dies Veneris"
mk-mk,la-va,"Пешадија",Pedes
mk-mk,la-va,"Пештера",Antrum
mk-mk,la-va,"Пештера",Caverna
mk-mk,la-va,"Пи","Numerus pi"
mk-mk,la-va,"Пиво",Cervisia
mk-mk,la-va,"Пир Епирски","Pyrrhus Epirotes"
mk-mk,la-va,"Пирамида",Pyramis
mk-mk,la-va,"Пиратите од Карибите","Piratae Maris Caribii"
mk-mk,la-va,"Пирин",Orbelus
mk-mk,la-va,"Пиринејски полуостров",Iberia
mk-mk,la-va,"Питагора",Pythagoras
mk-mk,la-va,"Питка вода","Potamo-…"
mk-mk,la-va,"Планета",Planeta
mk-mk,la-va,"Планина",Mons
mk-mk,la-va,"Пласидо Доминго","Placidus Domingo"
mk-mk,la-va,"Платон",Plato
mk-mk,la-va,"Плиниј Помладиот","Gaius Plinius Caecilius Secundus"
mk-mk,la-va,"Пловдив",Philippopolis
mk-mk,la-va,"Пловдивска област",Philippopolis
mk-mk,la-va,"Плоштина",Area
mk-mk,la-va,"Плунковнa жлездa","Glandulae salivariae"
mk-mk,la-va,"Плутон",Pluto
mk-mk,la-va,"Повраќање",Vomitus
mk-mk,la-va,"Податок",Indicium
mk-mk,la-va,"Податок",Notitia
mk-mk,la-va,"Подгорица",Podgorica
mk-mk,la-va,"Подземен свет","Vita aeterna"
mk-mk,la-va,"Поезија","Poesis lyrica"
mk-mk,la-va,"Пол",Genus
mk-mk,la-va,"Полжав",Gastropoda
mk-mk,la-va,"Политика",Civilitas
mk-mk,la-va,"Политичка десница",Dextrorsum
mk-mk,la-va,"Политички науки",Politica
mk-mk,la-va,"Полска",Polonia
mk-mk,la-va,"Полски јазик","Lingua Polonica"
mk-mk,la-va,"Полуостров",Paeninsula
mk-mk,la-va,"Помпеја",Pompeii
mk-mk,la-va,"Понеделник","Dies lunae"
mk-mk,la-va,"Понтифекс Максимус","Pontifex Maximus"
mk-mk,la-va,"Поплава",Eluvies
mk-mk,la-va,"Поплава",Fluctus
mk-mk,la-va,"Поплава",Inundantia
mk-mk,la-va,"Поплава",Redundo
mk-mk,la-va,"Попладне",Meridianus
mk-mk,la-va,"Попладне",Vesper
mk-mk,la-va,"Порт-о-Пренс","Portus Principis"
mk-mk,la-va,"Портико","Porticus us f."
mk-mk,la-va,"Порто Ново","Portus Novus"
mk-mk,la-va,"Порторико","Portus Dives"
mk-mk,la-va,"Португалски јазик","Lingua Lusitana"
mk-mk,la-va,"Поткровје",Cenaculum
mk-mk,la-va,"Потсдам",Potestampium
mk-mk,la-va,"Почва",Terra
mk-mk,la-va,"Почетна страна","Pagina prima"
mk-mk,la-va,"Право",Ius
mk-mk,la-va,"Правопис",Orthographia
mk-mk,la-va,"Православие","Ecclesiae Orthodoxae"
mk-mk,la-va,"Прага",Praga
mk-mk,la-va,"Праживотни",Protozoa
mk-mk,la-va,"Праја",Praia
mk-mk,la-va,"Прв вселенски собор","Concilium Nicaenum Primum"
mk-mk,la-va,"Прва Светска војна","Bellum Orbis Terrarum I"
mk-mk,la-va,"Прва светска војна","Bellum Orbis Terrarum I"
mk-mk,la-va,"Предсократовска философија","Philosophi ante Socratem"
mk-mk,la-va,"Престапна година","Annus bisextilis"
mk-mk,la-va,"Преторија",Praetoria
mk-mk,la-va,"Префектура Атина",Athenae
mk-mk,la-va,"Префектура Гревена",Grebena
mk-mk,la-va,"Префектура Лерин",Florina
mk-mk,la-va,"Префектура Солун",Thessalonica
mk-mk,la-va,"Приволжски федерален округ",Rha
mk-mk,la-va,"Природа",Natura
mk-mk,la-va,"Природен број","Numerus naturalis"
mk-mk,la-va,"Природен сателит",Satelles
mk-mk,la-va,"Пријатели",Amicus
mk-mk,la-va,"Проект","Cogitatio ionis f."
mk-mk,la-va,"Проект",Emineo
mk-mk,la-va,"Проект","Exsertus exertus"
mk-mk,la-va,"Проект",Exsto
mk-mk,la-va,"Проза",Prosa
mk-mk,la-va,"Промена",Abeo
mk-mk,la-va,"Промена",Inclino
mk-mk,la-va,"Промена",Inflecto
mk-mk,la-va,"Промена",Mutatio
mk-mk,la-va,"Промена",Novo
mk-mk,la-va,"Промена",Vicissitudo
mk-mk,la-va,"Простата",Prostata
mk-mk,la-va,"Простор",Capacitas
mk-mk,la-va,"Протагора од Абдера",Protagoras
mk-mk,la-va,"Протестантска реформација",Reformatio
mk-mk,la-va,"Протестантство",Protestantes
mk-mk,la-va,"Протиста",Protozoa
mk-mk,la-va,"Протон",Proton
mk-mk,la-va,"Профит",Lucrum
mk-mk,la-va,"Процесор",Magister
mk-mk,la-va,"Прстенести црви",Annelida
mk-mk,la-va,"Пруга",Astarium
mk-mk,la-va,"Прусија",Borussia
mk-mk,la-va,"Пси",Psi
mk-mk,la-va,"Психологија",Psychologia
mk-mk,la-va,"Птици",Avis
mk-mk,la-va,"Пубертет",Pubertas
mk-mk,la-va,"Пума",Puma
mk-mk,la-va,"Пура",Sigarum
mk-mk,la-va,"Пустина",Deserta
mk-mk,la-va,"РНК","Acidum ribonucleicum"
mk-mk,la-va,"Рабат",Rabat
mk-mk,la-va,"Равена",Ravenna
mk-mk,la-va,"Радио",Radiophonia
mk-mk,la-va,"Радиус",Radius
mk-mk,la-va,"Размножување",Figura
mk-mk,la-va,"Размножување",Imago
mk-mk,la-va,"Рак на дојка","Cancer mammae"
mk-mk,la-va,"Рак",Cancer
mk-mk,la-va,"Ракомет",Manufollium
mk-mk,la-va,"Расказ","Nuntius ii m"
mk-mk,la-va,"Раст",Accretio
mk-mk,la-va,"Раст",Auctus
mk-mk,la-va,"Раст",Augmentum
mk-mk,la-va,"Раст",Autus
mk-mk,la-va,"Раст",Incrementum
mk-mk,la-va,"Раствор",Solutio
mk-mk,la-va,"Растенија",Planta
mk-mk,la-va,"Рационален број","Numerus rationalis"
mk-mk,la-va,"Раја",Batoidea
mk-mk,la-va,"Рајнска област-Пфалц",Rhenania-Palatinatus
mk-mk,la-va,"Регенсбург",Ratisbona
mk-mk,la-va,"Региони на Англија",Regio
mk-mk,la-va,"Режисер","Moderator cinematographicus"
mk-mk,la-va,"Река",Flumen
mk-mk,la-va,"Ректор",Praeses
mk-mk,la-va,"Ректор",Praesidens
mk-mk,la-va,"Религија",Religio
mk-mk,la-va,"Рембрант ван Рејн",Rembrandus
mk-mk,la-va,"Рембрант",Rembrandus
mk-mk,la-va,"Рендген","Gulielmus Conradus Roentgen"
mk-mk,la-va,"Рене Декарт","Renatus Cartesius"
mk-mk,la-va,"Ренесанса","Aevum litterarum artiumque renatarum"
mk-mk,la-va,"Република Кина","Respublica Sinarum"
mk-mk,la-va,"Република Конго","Respublica Congensis"
mk-mk,la-va,"Република Македонија","Respublica Macedonica"
mk-mk,la-va,"Република","Res Publica"
mk-mk,la-va,"Реторика","Ars rhetorica"
mk-mk,la-va,"Реунион",Reunio
mk-mk,la-va,"Реј Бредбери","Raimundus Bradbury"
mk-mk,la-va,"Риби",Piscis
mk-mk,la-va,"Рибозом",Ribosoma
mk-mk,la-va,"Рига",Riga
mk-mk,la-va,"Рим",Roma
mk-mk,la-va,"Римска Империја","Imperium Romanum"
mk-mk,la-va,"Римска вила","Villa rustica"
mk-mk,la-va,"Римска империја","Imperium Romanum"
mk-mk,la-va,"Римска провинција Македонија",Macedonia
mk-mk,la-va,"Римска религија","Religio Romana"
mk-mk,la-va,"Римски санитет","Cloaca Maxima"
mk-mk,la-va,"Римски триумф",Triumphus
mk-mk,la-va,"Римски храм",Templum
mk-mk,la-va,"Рио де Жанеиро","Urbs Fluminensis"
mk-mk,la-va,"Рис",Lynx
mk-mk,la-va,"Рихард Вагнер","Wilhelmus Ricardus Wagner"
mk-mk,la-va,"Род Ајленд","Rhodensis Insula"
mk-mk,la-va,"Род",Genus
mk-mk,la-va,"Родопи",Rhodope
mk-mk,la-va,"Роза Луксембург","Rosa Luxemburg"
mk-mk,la-va,"Рокенрол","Musica Rockica"
mk-mk,la-va,"Роман",Fabula
mk-mk,la-va,"Роман",Romanus
mk-mk,la-va,"Романија",Romania
mk-mk,la-va,"Романски јазик","Lingua Dacoromanica"
mk-mk,la-va,"Романски јазици","Linguae Romanicae"
mk-mk,la-va,"Роми",Rauranum
mk-mk,la-va,"Ропство",Famulatus
mk-mk,la-va,"Ропство",Servitus
mk-mk,la-va,"Ропство","Servitus servitutis f."
mk-mk,la-va,"Руанда",Ruanda
mk-mk,la-va,"Русе",Sexantaprista
mk-mk,la-va,"Русенска област",Sexantaprista
mk-mk,la-va,"Руси",Russi
mk-mk,la-va,"Русија",Russia
mk-mk,la-va,"Руска СФСР","Russica Sovietica Foederativa Socialistica Res Publica"
mk-mk,la-va,"Руски јазик","Lingua Russica"
mk-mk,la-va,"СИДА",SCDI
mk-mk,la-va,"Сабота","Dies Saturni"
mk-mk,la-va,"Саксонија",Saxonia
mk-mk,la-va,"Саксонија-Анхалт",Saxonia-Anhaltinum
mk-mk,la-va,"Салвадор Аљенде","Salvator Allende"
mk-mk,la-va,"Салвадор Дали","Salvator Dalí"
mk-mk,la-va,"Сан Диего",Didacopolis
mk-mk,la-va,"Сан Марино","Res publica Sancti Marini"
mk-mk,la-va,"Сан Франциско",Franciscopolis
mk-mk,la-va,"Санкт Петерсбург",Petropolis
mk-mk,la-va,"Санкт-Петербург",Petropolis
mk-mk,la-va,"Санскрит","Lingua Sanscrita"
mk-mk,la-va,"Сантиметар",Centimetrum
mk-mk,la-va,"Сао Томе и Принсипе","Insulae Sancti Thomae et Principis"
mk-mk,la-va,"Сапармурат Нијазов","Separmurat Niyazov"
mk-mk,la-va,"Сар",Saravia
mk-mk,la-va,"Сараево",Seraium
mk-mk,la-va,"Сатурн",Saturnus
mk-mk,la-va,"Сахара",Sahara
mk-mk,la-va,"Св.Кирил и Методиј","Cyrillus et Methodius"
mk-mk,la-va,"Свастика","Crux gammata"
mk-mk,la-va,"Свети Јован Златоуст","Iohannes Chrysostomus"
mk-mk,la-va,"Свети Јован Крстител","Sanctus Ioannes Baptista"
mk-mk,la-va,"Свети Августин",Augustinus
mk-mk,la-va,"Светлина",Lux
mk-mk,la-va,"Светлински микроскоп",Microscopium
mk-mk,la-va,"Светлосна година","Spatium lucis annuae"
mk-mk,la-va,"Светска Банка","Argentaria Mundana"
mk-mk,la-va,"Светска Трговска Организација","Syndicatus Mercaturae Mundanae"
mk-mk,la-va,"Светско Првенство во Фудбал 2006","FIFA Certamen Mundiale Pediludii MMVI"
mk-mk,la-va,"Северен Кејп","Promunturium Septentrionale"
mk-mk,la-va,"Северен Леден Океан","Oceanus Arcticus"
mk-mk,la-va,"Северна Америка","America Septentrionalis"
mk-mk,la-va,"Северна Дакота","Dacota Septentrionalis"
mk-mk,la-va,"Северна Ирска","Hibernia Septentrionalis"
mk-mk,la-va,"Северна Каролина","Carolina Septentrionalis"
mk-mk,la-va,"Северна Рајна-Вестфалија","Rhenania Septentrionalis-Vestfalia"
mk-mk,la-va,"Северозапад","Territoria Septentrio-occidentalia"
mk-mk,la-va,"Сегашно време","Praesens entis"
mk-mk,la-va,"Седум рида на Рим","Septem Montes Romae"
mk-mk,la-va,"Секира",Securis
mk-mk,la-va,"Секогаш",Semper
mk-mk,la-va,"Секс","Activitates eroticae"
mk-mk,la-va,"Сексуалност",Sex
mk-mk,la-va,"Сексуалност",Sexualitas
mk-mk,la-va,"Сер",Serrhae
mk-mk,la-va,"Серен Кјеркегор","Severinus Kierkegaard"
mk-mk,la-va,"Сестертиус",Sestertius
mk-mk,la-va,"Сет",Seth
mk-mk,la-va,"Сеул",Seoulum
mk-mk,la-va,"Сејшели","Insulae Seisellenses"
mk-mk,la-va,"Сибир",Siberia
mk-mk,la-va,"Сибирски федерален округ",Siberia
mk-mk,la-va,"Сив сокол","Falco peregrinus"
mk-mk,la-va,"Сиднеј",Sydneium
mk-mk,la-va,"Сиера Леоне","Mons Leoninus"
mk-mk,la-va,"Силвио Берлускони","Silvius Berlusconi"
mk-mk,la-va,"Силистра",Durostorum
mk-mk,la-va,"Силистренска област",Durostorum
mk-mk,la-va,"Силициум",Silicium
mk-mk,la-va,"Синајска гора",Sinai
mk-mk,la-va,"Синтакса",Syntaxis
mk-mk,la-va,"Сириус",Sirius
mk-mk,la-va,"Систем за варење","Apparatus digestorius"
mk-mk,la-va,"Систем",Systema
mk-mk,la-va,"Систематика","Systema naturae"
mk-mk,la-va,"Сифилис",Syphilis
mk-mk,la-va,"Сицилија",Sicilia
mk-mk,la-va,"Скандиум",Scandium
mk-mk,la-va,"Скарлет Јохансон","Scarletta Johansson"
mk-mk,la-va,"Скопје",Scupi
mk-mk,la-va,"Скорпија",Scorpius
mk-mk,la-va,"Словачка",Slovacia
mk-mk,la-va,"Словачки јазик",Latina
mk-mk,la-va,"Словенечки јазик","Lingua Slovena"
mk-mk,la-va,"Словенија",Slovenia
mk-mk,la-va,"Словенски јазици","Linguae Slavicae"
mk-mk,la-va,"Смеса",Confusio
mk-mk,la-va,"Соединети Американски Држави","Civitates Foederatae Americae"
mk-mk,la-va,"Сократ",Socrates
mk-mk,la-va,"Солидус","Humus i f"
mk-mk,la-va,"Солидус","Solum i n."
mk-mk,la-va,"Соломонови Острови","Insulae Salomonicae"
mk-mk,la-va,"Солун",Thessalonica
mk-mk,la-va,"Сомалија",Somalia
mk-mk,la-va,"Сонце",Sol
mk-mk,la-va,"Сончев систем","Systema solare"
mk-mk,la-va,"Софизам",Sophistae
mk-mk,la-va,"Софиска област",Serdica
mk-mk,la-va,"Софија",Serdica
mk-mk,la-va,"Софтвер",Software
mk-mk,la-va,"Социологија",Sociologia
mk-mk,la-va,"Социјализам",Socialismus
mk-mk,la-va,"Социјалистичка Федеративна Република Југославија",Iugoslavia
mk-mk,la-va,"Сојуз на Советските Социјалистички Републики","Unio Rerum Publicarum Socialisticarum Sovieticarum"
mk-mk,la-va,"Сојузни држави во САД","Civitatum Foederatarum civitas"
mk-mk,la-va,"Сојузни држави од САД","Civitatum Foederatarum civitas"
mk-mk,la-va,"Сојузни покраини во Германија","Index regionum"
mk-mk,la-va,"Спартак",Spartacus
mk-mk,la-va,"Сплескани црви",Platyhelminthes
mk-mk,la-va,"Споредба",Similitudo
mk-mk,la-va,"Спорт","Ludus athleticus"
mk-mk,la-va,"Србија",Serbia
mk-mk,la-va,"Среда","Dies Mercurii"
mk-mk,la-va,"Среден век","Medium Aevum"
mk-mk,la-va,"Средна сипаница",Varicella
mk-mk,la-va,"Средоземно Море","Mare Mediterraneum"
mk-mk,la-va,"Срп",Falcis
mk-mk,la-va,"Срп",Flax
mk-mk,la-va,"Српски јазик",Latina
mk-mk,la-va,"Срце",Cor
mk-mk,la-va,"Срцев напад","Infarctus cordis"
mk-mk,la-va,"Стакло",Vitrum
mk-mk,la-va,"Станислав Лем","Stanislaus Lem"
mk-mk,la-va,"Стапка",Pes
mk-mk,la-va,"Стара планина",Balcania
mk-mk,la-va,"Старогрчки јазик","Lingua Graeca Antiqua"
mk-mk,la-va,"Старомакедонски јазик","Lingua Macedonica praesentis"
mk-mk,la-va,"Старословенски јазик","Lingua Slavica Antiqua"
mk-mk,la-va,"Старословенско писмо","Abecedarium Cyrillicum"
mk-mk,la-va,"Стварност",Veritas
mk-mk,la-va,"Стварност","Veritas atis f."
mk-mk,la-va,"Стебло","Cauli-…"
mk-mk,la-va,"Стебло",Cauline
mk-mk,la-va,"Стебло",Caulis
mk-mk,la-va,"Стебло","Caulo-…"
mk-mk,la-va,"Стереотип",Latina
mk-mk,la-va,"Стив Џобс","Stephanus Jobs"
mk-mk,la-va,"Стих",Versus
mk-mk,la-va,"Стоа",Stoa
mk-mk,la-va,"Стоицизам",Stoa
mk-mk,la-va,"Стокхолм",Holmia
mk-mk,la-va,"Стомачна празнина",Abdomen
mk-mk,la-va,"Стомачна празнина",Alvus
mk-mk,la-va,"Стомачна празнина",Venter
mk-mk,la-va,"Стрелец",Sagittarius
mk-mk,la-va,"Стрип","Liber pictus"
mk-mk,la-va,"Структура","Aedificium edificium"
mk-mk,la-va,"Структура",Compages
mk-mk,la-va,"Суверенитет",Imperium
mk-mk,la-va,"Судан",Sudania
mk-mk,la-va,"Сулфур",Sulphur
mk-mk,la-va,"Сумер",Sumer
mk-mk,la-va,"Сунѓери",Fungi
mk-mk,la-va,"Супстанција",Pulvis
mk-mk,la-va,"Суринам",Surinamia
mk-mk,la-va,"Таблосликарство",Tabula
mk-mk,la-va,"Тангер",Tingis
mk-mk,la-va,"Танзанија",Tanzania
mk-mk,la-va,"Тастатура",Claviatura
mk-mk,la-va,"Тајван","Respublica Sinae"
mk-mk,la-va,"Тајланд",Thailandia
mk-mk,la-va,"Тајната вечера","Ultima Cena"
mk-mk,la-va,"Таџикистан",Tadzikistania
mk-mk,la-va,"Театар",Theatrum
mk-mk,la-va,"Тегусигалпа",Tegucigalpa
mk-mk,la-va,"Тексас",Texia
mk-mk,la-va,"Текст",Textus
mk-mk,la-va,"Тел Авив","Tel Aviv"
mk-mk,la-va,"Телевизија",Televisio
mk-mk,la-va,"Тело на нервната клетка",Samara
mk-mk,la-va,"Температура",Temperatura
mk-mk,la-va,"Тенис",Tenniludium
mk-mk,la-va,"Тенко црево","Intestinum tenue"
mk-mk,la-va,"Теологија",Theologia
mk-mk,la-va,"Теорија на релативитет","Relativitas generalis"
mk-mk,la-va,"Теорија",Ars
mk-mk,la-va,"Теорија",Ratio
mk-mk,la-va,"Теорија","Ratio ionis f."
mk-mk,la-va,"Теренциј","Publius Terentius Afer"
mk-mk,la-va,"Тесалија",Thessalia
mk-mk,la-va,"Тестис",Testis
mk-mk,la-va,"Техеран",Teheran
mk-mk,la-va,"Техно музика","Musica Technica"
mk-mk,la-va,"Техно","Musica Technica"
mk-mk,la-va,"Течност",Liquidus
mk-mk,la-va,"Тибар",Tiberis
mk-mk,la-va,"Тигар",Tigris
mk-mk,la-va,"Тирана",Tiranum
mk-mk,la-va,"Тирингија",Thuringia
mk-mk,la-va,"Титаник",Titanic
mk-mk,la-va,"Титикака","Lacus Titicaca"
mk-mk,la-va,"Тихи Океан","Oceanus Pacificus"
mk-mk,la-va,"Томас Алва Едисон","Thomas Edison"
mk-mk,la-va,"Томас Ман","Thomas Mann"
mk-mk,la-va,"Томас Хобс","Thomas Hobbes"
mk-mk,la-va,"Тони Блер","Antonius Blair"
mk-mk,la-va,"Тор",Thor
mk-mk,la-va,"Торонто",Toronto
mk-mk,la-va,"Тот",Thoth
mk-mk,la-va,"Тракија",Thracia
mk-mk,la-va,"Трактат","Foedus eris n."
mk-mk,la-va,"Трактат",Somes
mk-mk,la-va,"Транспирација",Sudor
mk-mk,la-va,"Транспорт",Vehiculum
mk-mk,la-va,"Трговија",Commercium
mk-mk,la-va,"Треш метал","Verberans Metallum"
mk-mk,la-va,"Триаголник",Triangulum
mk-mk,la-va,"Тринидад и Тобаго","Trinitas et Tabacum"
mk-mk,la-va,"Тринидад, Куба",Trinitas
mk-mk,la-va,"Триполи","Tripolis Libysa"
mk-mk,la-va,"Триумф",Laureola
mk-mk,la-va,"Триумф",Laurus
mk-mk,la-va,"Триумф",Triumphus
mk-mk,la-va,"Тромбоцит",Thrombociti
mk-mk,la-va,"Тропски циклон","Typhon marinus"
mk-mk,la-va,"Троја",Ilium
mk-mk,la-va,"Тубинген",Tubinga
mk-mk,la-va,"Тувалу",Tuvalu
mk-mk,la-va,"Тунис",Tunesia
mk-mk,la-va,"Туризам",Periègesisis
mk-mk,la-va,"Турски јазик","Lingua Turcica"
mk-mk,la-va,"Турција",Turcia
mk-mk,la-va,"Тутун",Nicotiana
mk-mk,la-va,"Украински јазик","Lingua Ucrainica"
mk-mk,la-va,"Украинци",Ucraini
mk-mk,la-va,"Умберто Еко","Humbertus Eco"
mk-mk,la-va,"Уметност",Ars
mk-mk,la-va,"Унгарија",Hungaria
mk-mk,la-va,"Унгарски јазик","Lingua Hungarica"
mk-mk,la-va,"Универзитет Веслиан во Охајо","Wesleiana Universitas"
mk-mk,la-va,"Унца","Uncia uncia"
mk-mk,la-va,"Уралски федерален округ",Urales
mk-mk,la-va,"Уран",Uranus
mk-mk,la-va,"Уредување на Риби",Pisces
mk-mk,la-va,"Уругвај",Uruguaia
mk-mk,la-va,"Усна празнина",Os
mk-mk,la-va,"Устав","Forma civitatis"
mk-mk,la-va,"Уставна монархија",Monarchia
mk-mk,la-va,"Учител",Magister
mk-mk,la-va,"Факт",Res
mk-mk,la-va,"Фашизам",Fascismus
mk-mk,la-va,"Февруари",Februarius
mk-mk,la-va,"Фенербахче",Fenerbahçe
mk-mk,la-va,"Ферара",Ferraria
mk-mk,la-va,"Фернандо Магелан","Ferdinandus Magellanus"
mk-mk,la-va,"Фигури","Ars rhetorica"
mk-mk,la-va,"Фидел Кастро","Fidelis Castro"
mk-mk,la-va,"Физиологија",Physiologia
mk-mk,la-va,"Филип I","Philippus I"
mk-mk,la-va,"Филип I","Philippus I Sabaudiae"
mk-mk,la-va,"Филип II Македонски","Philippus II"
mk-mk,la-va,"Филип IV","Philippus IV"
mk-mk,la-va,"Филмска уметност",Pellicula
mk-mk,la-va,"Филозофија",Philosophia
mk-mk,la-va,"Филологија",Philologia
mk-mk,la-va,"Философија",Philosophia
mk-mk,la-va,"Финска",Finnia
mk-mk,la-va,"Фински јазик","Lingua Finnica"
mk-mk,la-va,"Фиренца",Florentia
mk-mk,la-va,"Фиџи","Insulae Vitienses"
mk-mk,la-va,"Флејта","Tibia ae f"
mk-mk,la-va,"Флора",Flora
mk-mk,la-va,"Флорида",Florida
mk-mk,la-va,"Флуид",Liquidus
mk-mk,la-va,"Флуид",Liquor
mk-mk,la-va,"Флуор",Fluor
mk-mk,la-va,"Формула",Formula
mk-mk,la-va,"Форум","Forum interretiale"
mk-mk,la-va,"Фосил",Fossilia
mk-mk,la-va,"Фосфор",Phosphorus
mk-mk,la-va,"Фотосинтеза",Photosynthesis
mk-mk,la-va,"Франклин Делано Рузвелт","Franklinus D. Roosevelt"
mk-mk,la-va,"Франкфурт","Francofurtum ad Moenum"
mk-mk,la-va,"Франсиско Гоја","Franciscus Goya"
mk-mk,la-va,"Франсоа Волтер",Voltarius
mk-mk,la-va,"Франсоа Купрен","Franciscus Couperin"
mk-mk,la-va,"Франц Кафка","Franciscus Kafka"
mk-mk,la-va,"Франц Лист","Franciscus Liszt"
mk-mk,la-va,"Франција",Francia
mk-mk,la-va,"Француска револуција","Res Novae Francicae"
mk-mk,la-va,"Француски јазик","Lingua Francogallica"
mk-mk,la-va,"Франческо Петрарка","Franciscus Petrarca"
mk-mk,la-va,"Фредерик Шопен","Fridericus Chopin"
mk-mk,la-va,"Фреквенција",Frequentatio
mk-mk,la-va,"Френсис Бекон","Franciscus Baco"
mk-mk,la-va,"Френсис Бејкон","Franciscus Baco"
mk-mk,la-va,"Фреска",Alsus
mk-mk,la-va,"Фридрих Енгелс","Fridericus Engels"
mk-mk,la-va,"Фридрих Ниче","Fridericus Nietzsche"
mk-mk,la-va,"Фридрихсхајн-Кројцберг","Lucus Fridericianus-Mons Crucis"
mk-mk,la-va,"Фритаун",Freetown
mk-mk,la-va,"Фруктоза",Fructosium
mk-mk,la-va,"Фугура","Ars rhetorica"
mk-mk,la-va,"Фудбал",Pediludium
mk-mk,la-va,"Фјодор Тjутчев","Theodorus Tiuttsev"
mk-mk,la-va,"ХИВ",SCDI
mk-mk,la-va,"Хаику",Haicu
mk-mk,la-va,"Хаити",Haitia
mk-mk,la-va,"Хамбург",Hamburgum
mk-mk,la-va,"Хамураби",Hammurabi
mk-mk,la-va,"Хамурабиев законик","Codex Hammurabi"
mk-mk,la-va,"Хард диск","Venta Belgarum"
mk-mk,la-va,"Хари Потер и огнениот пехар","Harrius Potter et Ignis Calix"
mk-mk,la-va,"Харизма","Dona Spiritus Sancti"
mk-mk,la-va,"Хатор",Hathor
mk-mk,la-va,"Хајделберг",Heidelberga
mk-mk,la-va,"Хеви метал музика",Metallum
mk-mk,la-va,"Хеленистички период",Graecianitas
mk-mk,la-va,"Хелиум",Helium
mk-mk,la-va,"Хелсинки",Helsinkium
mk-mk,la-va,"Хемиска врска","Vinculum chemicum"
mk-mk,la-va,"Хемиски елемент",Elementum
mk-mk,la-va,"Хемиско соединение","Verbum compositum"
mk-mk,la-va,"Хемија",Chemia
mk-mk,la-va,"Хенри VIII","Henricus VIII Angliae Rex"
mk-mk,la-va,"Хенри Форд","Henricus Ford"
mk-mk,la-va,"Хепатит",Hepatitis
mk-mk,la-va,"Хераклит",Heraclitus
mk-mk,la-va,"Хермес",Hermes
mk-mk,la-va,"Хернан Кортез","Ferdinandus Cortesius"
mk-mk,la-va,"Херцшпрунг-Раселов дијаграм","Diagramma Hertzsprung-Russell"
mk-mk,la-va,"Хесен",Hassia
mk-mk,la-va,"Хидроксид",Hydroxydatum
mk-mk,la-va,"Хиндуизам",Hinduismus
mk-mk,la-va,"Хип-хоп",Rap
mk-mk,la-va,"Хиперион",Hyperion
mk-mk,la-va,"Хипократ",Hippocrates
mk-mk,la-va,"Хипофиза","Glandula pituitaria"
mk-mk,la-va,"Хирохито",Hirohitus
mk-mk,la-va,"Хирургија",Chirurgia
mk-mk,la-va,"Хитлерова младина","Iuventus Hitleriana"
mk-mk,la-va,"Хлор",Chlorum
mk-mk,la-va,"Хобитот",Hobbit
mk-mk,la-va,"Холандија",Nederlandia
mk-mk,la-va,"Холандски јазик","Lingua Batava"
mk-mk,la-va,"Хомер",Homerus
mk-mk,la-va,"Хомосексуалност",Homophylophilia
mk-mk,la-va,"Хонг Конг",Hongcongum
mk-mk,la-va,"Хондурас",Honduria
mk-mk,la-va,"Хоншу",Honsua
mk-mk,la-va,"Хордати",Chordata
mk-mk,la-va,"Хормони",Hormonum
mk-mk,la-va,"Хорус",Horus
mk-mk,la-va,"Храна",Esca
mk-mk,la-va,"Хранопровод",Oesophagus
mk-mk,la-va,"Хрватска",Croatia
mk-mk,la-va,"Христијанство","Religio Christiana"
mk-mk,la-va,"Хром",Chromium
mk-mk,la-va,"Хуго Чавез","Hugo Chávez"
mk-mk,la-va,"Хуманизам",Humanismus
mk-mk,la-va,"Хјурон","Lacus Huronorum"
mk-mk,la-va,"Цар Фердинанд","Ferdinandus I Austriae"
mk-mk,la-va,"Царина",Uncia
mk-mk,la-va,"Цвет",Flos
mk-mk,la-va,"Цврста агрегатна состојба",Firmus
mk-mk,la-va,"Цврста агрегатна состојба",Solidus
mk-mk,la-va,"Цевчести црви",Nematoda
mk-mk,la-va,"Цел број","Numerus integer"
mk-mk,la-va,"Церемонија",Cæremonia
mk-mk,la-va,"Церемонија",Cærimonia
mk-mk,la-va,"Цигара","Fistula nicotiana"
mk-mk,la-va,"Цигариљо","Fistula nicotiana"
mk-mk,la-va,"Цилиндар",Cylindrus
mk-mk,la-va,"Циркулаторен систем","Apparatus circulatorius"
mk-mk,la-va,"Цироза","Cirrosis iecuris"
mk-mk,la-va,"Цицач",Mammalia
mk-mk,la-va,"Цицачи",Mammalia
mk-mk,la-va,"Цицерон","M. Tullius Cicero"
mk-mk,la-va,"Црква “Света Софија“ Истанбул","Sancta Sophia"
mk-mk,la-va,"Црква",Ecclesia
mk-mk,la-va,"Црн дроб",Iecur
mk-mk,la-va,"Црна Гора","Mons Niger"
mk-mk,la-va,"Црно Море","Pontus Euxinus"
mk-mk,la-va,"Чарли Чаплин","Carolinus Chaplin"
mk-mk,la-va,"Чарлс Дарвин","Carolus Robertus Darwin"
mk-mk,la-va,"Чај",Thea
mk-mk,la-va,"Чајна билка",Thea
mk-mk,la-va,"Че Гевара","Ernestus Guevara"
mk-mk,la-va,"Черепен мозок",Cerebrum
mk-mk,la-va,"Четврток","Dies Iovis"
mk-mk,la-va,"Чехословачка",Bohemoslovacia
mk-mk,la-va,"Чешка","Res publica Bohemica"
mk-mk,la-va,"Чешки јазик","Lingua Bohemica"
mk-mk,la-va,"Чувство",Affectus
mk-mk,la-va,"Шанец",Fossa
mk-mk,la-va,"Шарада",Aenigma
mk-mk,la-va,"Шарл Бодлер","Carolus Baudelarius"
mk-mk,la-va,"Шах",Scacci
mk-mk,la-va,"Шаховска табла",Scaccarium
mk-mk,la-va,"Швајцарија",Helvetia
mk-mk,la-va,"Шведска",Suecia
mk-mk,la-va,"Шведски јазик","Lingua Suecica"
mk-mk,la-va,"Шерлок Холмс","Sherlock Holmes"
mk-mk,la-va,"Шеќер",Sucre
mk-mk,la-va,"Шикоку",Sicocum
mk-mk,la-va,"Ширина на колосек",Monasterium
mk-mk,la-va,"Шлезвиг-Холштајн","Slesvicum et Holsatia"
mk-mk,la-va,"Шпанија",Hispania
mk-mk,la-va,"Шпанска граѓанска војна","Bellum Civile Hispanicum"
mk-mk,la-va,"Шпански јазик","Lingua Hispanica"
mk-mk,la-va,"Штитна жлезда","Glandula thyreoidea"
mk-mk,la-va,"Штутгарт",Stuttgartum
mk-mk,la-va,"Шун",Fugio
mk-mk,la-va,"Шун",Vito
mk-mk,la-va,"Ще не вмерла Україна","Hymnus Ucrainae"
mk-mk,la-va,"ֿנאגמ",Ius
mk-mk,la-va,"‘Рбетен мозок","Medulla spinalis"
mk-mk,la-va,"‘Рбетници",Vertebrata
mk-mk,la-va,"‘Рскавични риби",Chondrichthyes
mk-mk,la-va,AJAX,Aiax
mk-mk,la-va,C,C
mk-mk,la-va,KoЯn,Frumentum
mk-mk,la-va,MetallicA,Metallica
mk-mk,la-va,Nirvana,Nirvana
mk-mk,la-va,PHP,PHP
mk-mk,la-va,Queen,Queen
mk-mk,la-va,Rammstein,Rammstein
mk-mk,la-va,UTC,UTC
mk-mk,la-va,Unix,Unix
mk-mk,la-va,Сакавен,Sacabis
mk-mk,la-va,Саладин,Saladinus
mk-mk,la-va,Самоа,Samoa
mk-mk,la-va,Самоил,Samuel
mk-mk,la-va,Свазиленд,Suazia
mk-mk,la-va,Свод,Camera
mk-mk,la-va,Свод,Crypta
mk-mk,la-va,Селен,Selenium
mk-mk,la-va,Село,Populus
mk-mk,la-va,Сенегал,Senegalia
mk-mk,la-va,Сила,Vis
mk-mk,la-va,Синагога,Synagoga
mk-mk,la-va,Синоним,Syn.
mk-mk,la-va,Слон,Elephantidae
mk-mk,la-va,Соли,Sal
mk-mk,la-va,Соломон,Salomon
mk-mk,la-va,Сплав,"Ratis is f."
mk-mk,la-va,Табла,Nerdiludium
mk-mk,la-va,Теба,Thebae
mk-mk,la-va,Тежина,Pondus
mk-mk,la-va,Тема,Lemma
mk-mk,la-va,Тема,Thema
mk-mk,la-va,Тема,"Thema thematis"
mk-mk,la-va,Тенк,"Currus loricatus"
mk-mk,la-va,Тенк,Lacus
mk-mk,la-va,Ткиво,Textum
mk-mk,la-va,Того,Togum
mk-mk,la-va,Токио,Tocio
mk-mk,la-va,Уганда,Uganda
mk-mk,la-va,Улм,Ulma
mk-mk,la-va,Феминизам,Mulier
mk-mk,la-va,Физика,Physica
mk-mk,la-va,Филм,Pellicula
mk-mk,la-va,Фламен,Flamen
mk-mk,la-va,Хаваи,Havaii
mk-mk,la-va,Хавана,Avana
mk-mk,la-va,Ханибал,Hannibal
mk-mk,la-va,Хелена,Helenopolis
mk-mk,la-va,Хималаи,Himalaia
mk-mk,la-va,Хокаидо,Hoccaido
mk-mk,la-va,Цинк,Zincum
mk-mk,la-va,Чад,Tzadia
mk-mk,la-va,Чембало,Clavicymbalum
mk-mk,la-va,Чикаго,Sicagum
mk-mk,la-va,Чиле,Chilia
mk-mk,la-va,Член,Articulus
mk-mk,la-va,Членконоги,Arthropoda
mk-mk,la-va,Човек,Homo
mk-mk,la-va,Школки,Bivalvia
