en-gb,mk-mk,"A fowl","Живина"
en-gb,mk-mk,"Accounts department","Сметководство"
en-gb,mk-mk,"Acid amide","Амид"
en-gb,mk-mk,"Acknowledge receipt","Фискална сметка"
en-gb,mk-mk,"Act of Parliament","Право"
en-gb,mk-mk,"Adenosine triphosphate","Аденозин трифосфат"
en-gb,mk-mk,"Adrenal gland","Надбубрежна жлезда"
en-gb,mk-mk,"Air broker","Воздух"
en-gb,mk-mk,"Air compressor","Воздух"
en-gb,mk-mk,"Air duct","Воздух"
en-gb,mk-mk,"Air filter","Воздух"
en-gb,mk-mk,"Air freight","Авион"
en-gb,mk-mk,"Air sac","Дишник"
en-gb,mk-mk,"Airflow meter","Воздух"
en-gb,mk-mk,"Alimentary canal","Систем за варење"
en-gb,mk-mk,"Almond tree","Бадем"
en-gb,mk-mk,"Alpha particle","Алфа"
en-gb,mk-mk,"Alpha ray","Алфа"
en-gb,mk-mk,"Amino acid","Амино киселина"
en-gb,mk-mk,"Animal Handling","Животни"
en-gb,mk-mk,"Application layer","Апликациско ниво"
en-gb,mk-mk,"Arabian man","Арапски јазик"
en-gb,mk-mk,"Arabian woman","Арапски јазик"
en-gb,mk-mk,"Arctic Ocean","Арктички Океан"
en-gb,mk-mk,"Arctic Ocean","Северен Леден Океан"
en-gb,mk-mk,"Argentine woman","Аргентина"
en-gb,mk-mk,"Art gallery","Музеј на уметност"
en-gb,mk-mk,"Art of cooking","Готвач"
en-gb,mk-mk,"Arterial road","Пат"
en-gb,mk-mk,"Assistant master","Процесор"
en-gb,mk-mk,"Atomic mass","Атомска маса"
en-gb,mk-mk,"Attic room","Мансарда"
en-gb,mk-mk,"Awful din","Ѓавол"
en-gb,mk-mk,"Baleen whale","Кит"
en-gb,mk-mk,"Baltic Sea","Балтичко Море"
en-gb,mk-mk,"Basic rules","База"
en-gb,mk-mk,"Basic skills","База"
en-gb,mk-mk,"Battering ram","Овен"
en-gb,mk-mk,"Bear down","Притисок"
en-gb,mk-mk,"Bergamot orange","Бергамот"
en-gb,mk-mk,"Bergamot pean","Бергамот"
en-gb,mk-mk,"Big toe","Инч"
en-gb,mk-mk,"Big top","Капитал"
en-gb,mk-mk,"Binary digit","Бит"
en-gb,mk-mk,"Bishop of Rome","Папа"
en-gb,mk-mk,"Black Sea","Црно Море"
en-gb,mk-mk,"Blessed Virgin","Девица"
en-gb,mk-mk,"Bloody stupid","Месечина"
en-gb,mk-mk,"Boiling point","Точка на вриење"
en-gb,mk-mk,"Book keeping","Сметководство"
en-gb,mk-mk,"Bosnia and Herzegovina","Босна и Херцеговина"
en-gb,mk-mk,"Buck up","Срце"
en-gb,mk-mk,"Buffer solution","Пуфер"
en-gb,mk-mk,"Building trade","Градежништво"
en-gb,mk-mk,"Buying power","Платежна моќ"
en-gb,mk-mk,"Cable TV","Кабловска телевизија"
en-gb,mk-mk,"Capital city","Главен град"
en-gb,mk-mk,"Carbolic acid",Фенол
en-gb,mk-mk,"Carbon cycle","Јаглероден циклус"
en-gb,mk-mk,"Carbon dioxide","Јаглерод диоксид"
en-gb,mk-mk,"Cardinal bird","Кардинал"
en-gb,mk-mk,"Carpathian mountains","Карпати"
en-gb,mk-mk,"Cash register","Регистер каса"
en-gb,mk-mk,"Cave art","Карпеста уметност"
en-gb,mk-mk,"Cell membrane","Клеточна мембрана"
en-gb,mk-mk,"Cell wall","Клеточен ѕид"
en-gb,mk-mk,"Central African Republic","Централноафриканска Република"
en-gb,mk-mk,"Central America","Средна Америка"
en-gb,mk-mk,"Chain reaction","Верижна реакција"
en-gb,mk-mk,"Chamber music","Камерна музика"
en-gb,mk-mk,"Chemical bound","Хемиска врска"
en-gb,mk-mk,"Chemical reaction","Хемиска реакција"
en-gb,mk-mk,"Chess set","Шах"
en-gb,mk-mk,"Christ Almighty!","Бог"
en-gb,mk-mk,"Christian name","Имe"
en-gb,mk-mk,"Climacteric period","Менопауза"
en-gb,mk-mk,"Coarse salt",Соли
en-gb,mk-mk,"Coffee cup","Чајна шолја"
en-gb,mk-mk,"Columbia River","Орегон"
en-gb,mk-mk,"Comic strip","Стрип"
en-gb,mk-mk,"Common evenig primrose","Кулан"
en-gb,mk-mk,"Connective tissue","Сврзно ткиво"
en-gb,mk-mk,"Constitutional law","Уставно право"
en-gb,mk-mk,"Constitutional monarchy","Уставна монархија"
en-gb,mk-mk,"Contraceptive method","Контрола на раѓање"
en-gb,mk-mk,"Coronary thrombosis","Срцев напад"
en-gb,mk-mk,"Costa Rica","Костарика"
en-gb,mk-mk,"Count house","Сметководство"
en-gb,mk-mk,"Counting house","Сметководство"
en-gb,mk-mk,"Country house","Велепоседничка куќа"
en-gb,mk-mk,"Cubic capacity","Волумен"
en-gb,mk-mk,"Czech Republic","Чешка"
en-gb,mk-mk,"Czech language","Чешки јазик"
en-gb,mk-mk,"Czech man","Чешки јазик"
en-gb,mk-mk,"Czech woman","Чешки јазик"
en-gb,mk-mk,"Dahomey Kingdom","Бенин"
en-gb,mk-mk,"Dark Ages","Среден век"
en-gb,mk-mk,"Dark strokes","Бела боја"
en-gb,mk-mk,"Data processing","Информатика"
en-gb,mk-mk,"Deoxyribonucleic acid","ДНК"
en-gb,mk-mk,"Dialog continuity","Непрекинатост на функција"
en-gb,mk-mk,"Digestive tract","Систем за варење"
en-gb,mk-mk,"Diplomatic service","Дипломатија"
en-gb,mk-mk,"Draught beer","Притисок"
en-gb,mk-mk,"Dummy run","Есеј"
en-gb,mk-mk,"Dutch cap","Дијафрагма"
en-gb,mk-mk,"Dutch language","Холандски јазик"
en-gb,mk-mk,"Earth rotation","Земјина ротација"
en-gb,mk-mk,"Electronic mail","Електронско писмо"
en-gb,mk-mk,"Elementary particle","Елементарна честичка"
en-gb,mk-mk,"Energy level","Енергетско ниво"
en-gb,mk-mk,"English Channel","Ламанш"
en-gb,mk-mk,"English language","Англиски јазик"
en-gb,mk-mk,"Estonian man","Естонски јазик"
en-gb,mk-mk,"European Community","Европска економска заедница"
en-gb,mk-mk,"European Union","Европска Унија"
en-gb,mk-mk,"Euxine Sea","Црно Море"
en-gb,mk-mk,"Evening Star","Венера"
en-gb,mk-mk,"Executive power","Извршна власт"
en-gb,mk-mk,"Factor IV","Калциум"
en-gb,mk-mk,"Fairy tale","Историја"
en-gb,mk-mk,"Fatty acid","Масна киселина"
en-gb,mk-mk,"Field of view",Село
en-gb,mk-mk,"Field sports","Атлетика"
en-gb,mk-mk,"Film critique",Филм
en-gb,mk-mk,"Film critique","Филмска уметност"
en-gb,mk-mk,"Filmless camera","Листа на филмски жанрови"
en-gb,mk-mk,"Filmless camera",Филм
en-gb,mk-mk,"First Aid","Здравје"
en-gb,mk-mk,"First Aid","Медицина"
en-gb,mk-mk,"Flame Thrower","Пламенофрлач"
en-gb,mk-mk,"Focus on","Концентрација"
en-gb,mk-mk,"Foreign exchange","Валута"
en-gb,mk-mk,"Formally dressed","Церемонија"
en-gb,mk-mk,"Fortified castle","Крепост"
en-gb,mk-mk,"Free trade","Слободна трговија"
en-gb,mk-mk,"French Togo",Того
en-gb,mk-mk,"French language","Волтер"
en-gb,mk-mk,"French language","Македонски"
en-gb,mk-mk,"French language","Франсоа Волтер"
en-gb,mk-mk,"French language","Француски јазик"
en-gb,mk-mk,"French lessons","Природа"
en-gb,mk-mk,"French letter","Кондом"
en-gb,mk-mk,"French roof","Мансарда"
en-gb,mk-mk,"Fresh water","Питка вода"
en-gb,mk-mk,"Fur coat","Крзно"
en-gb,mk-mk,"Fur piece","Крзно"
en-gb,mk-mk,"Germ cell","Гамета"
en-gb,mk-mk,"German language","Германски јазик"
en-gb,mk-mk,"German man","Германски јазик"
en-gb,mk-mk,"German protect. of Togoland",Того
en-gb,mk-mk,"Germinal cell","Јајце клетка"
en-gb,mk-mk,"Germinal cell","Сперматозоид"
en-gb,mk-mk,"Gold Coast","Гана"
en-gb,mk-mk,"Granada province","Гренада"
en-gb,mk-mk,"Grass roots","База"
en-gb,mk-mk,"Great Britain","Велика Британија"
en-gb,mk-mk,"Greek man","Грчки јазик"
en-gb,mk-mk,"Greek man","Турски јазик"
en-gb,mk-mk,"Green alga","Зелени алги"
en-gb,mk-mk,"Gregorian calendar","Грегоријански календар"
en-gb,mk-mk,"Guinea Bissau","Гвинеја-Бисао"
en-gb,mk-mk,"Half-timbered house","Полудрвена градба"
en-gb,mk-mk,"Half-timbered house","Фахверк"
en-gb,mk-mk,"Hand grenade","Гренада"
en-gb,mk-mk,"Hard disk","Хард диск"
en-gb,mk-mk,"Heart disease","Срце"
en-gb,mk-mk,"Heart transplant","Срце"
en-gb,mk-mk,"Heat engineering","Термодинамика"
en-gb,mk-mk,"Hepatitis A virus","Хепатит"
en-gb,mk-mk,"Hepatitis B virus","Хепатит"
en-gb,mk-mk,"Hepatitis C virus","Хепатит"
en-gb,mk-mk,"Hepatitis C","Хепатит Ц"
en-gb,mk-mk,"Hepatitis D virus","Хепатит"
en-gb,mk-mk,"Hepatitis E virus","Хепатит"
en-gb,mk-mk,"Hepatitis G virus","Хепатит"
en-gb,mk-mk,"High treason","Велепредавство"
en-gb,mk-mk,"High-rise housing estate","Множество"
en-gb,mk-mk,"Holy Father","Папа"
en-gb,mk-mk,"Hong Kong","Хонг Конг"
en-gb,mk-mk,"Horn of plenty","Рог на изобилството"
en-gb,mk-mk,"Human rights","Човекови права"
en-gb,mk-mk,"Hungarian man","Унгарски јазик"
en-gb,mk-mk,"Hydrogen bound","Водородна врска"
en-gb,mk-mk,"Idle words","Воздух"
en-gb,mk-mk,"Immune system","Имунолошки систем"
en-gb,mk-mk,"Information processing","Информатика"
en-gb,mk-mk,"Information technology","Информатика"
en-gb,mk-mk,"Inland navigation","Речен транспорт"
en-gb,mk-mk,"Intake area","Имплувиум"
en-gb,mk-mk,"Integrated circuit","Интегрално коло"
en-gb,mk-mk,"Iron curtain","Железна завеса"
en-gb,mk-mk,"Italian man","Италијански јазик"
en-gb,mk-mk,"Ivory Coast","Брег на Слоновата Коска"
en-gb,mk-mk,"Ivory Coast","Брегот на Слоновата Коска"
en-gb,mk-mk,"Japanese language","Јапонски јазик"
en-gb,mk-mk,"Japanese man","Јапонски јазик"
en-gb,mk-mk,"Judicial power","Судска власт"
en-gb,mk-mk,"Keen of","Аматер"
en-gb,mk-mk,"Koala Bear","Коала"
en-gb,mk-mk,"Lace bug","Тигар"
en-gb,mk-mk,"Lake Huron","Хјурон"
en-gb,mk-mk,"Lake Michigan","Мичиген"
en-gb,mk-mk,"Lake Superior","Горно Езеро"
en-gb,mk-mk,"Last Supper","Тајната вечера"
en-gb,mk-mk,"Latvian man","Латвиски јазик"
en-gb,mk-mk,"Leap year","Престапна година"
en-gb,mk-mk,"Left hand side","Левица"
en-gb,mk-mk,"Left wing","Левица"
en-gb,mk-mk,"Legislative power","Законодавна власт"
en-gb,mk-mk,"Life story","Биографија"
en-gb,mk-mk,"Lithuanian man","Литвански јазик"
en-gb,mk-mk,"Local area network","Локална мрежа"
en-gb,mk-mk,"Loose living","Живот"
en-gb,mk-mk,"Lover of","Аматер"
en-gb,mk-mk,"Lues venereal","Сифилис"
en-gb,mk-mk,"Main river","Река"
en-gb,mk-mk,"Main road","Артерија"
en-gb,mk-mk,"Main stream","Река"
en-gb,mk-mk,"Melting temperature","Точка на топење"
en-gb,mk-mk,"Middle Ages","Среден век"
en-gb,mk-mk,"Middle East","Близок Исток"
en-gb,mk-mk,"Middle East","Блиски Исток"
en-gb,mk-mk,"Milky Way","Млечен пат"
en-gb,mk-mk,"Milling cutter","Фреза"
en-gb,mk-mk,"Mineral water","Кисела вода"
en-gb,mk-mk,"Missionary position","Мисионерска поза"
en-gb,mk-mk,"Mississippi County","Мисисипи"
en-gb,mk-mk,"Mississippi sound","Мисисипи"
en-gb,mk-mk,"Motion picture","Листа на филмски жанрови"
en-gb,mk-mk,"Motion picture",Филм
en-gb,mk-mk,"Motor scooter","Скутер"
en-gb,mk-mk,"Mountain chain","Планина"
en-gb,mk-mk,"Mountain lion","Пума"
en-gb,mk-mk,"Movie theater",Филм
en-gb,mk-mk,"Movie theater","Филмска уметност"
en-gb,mk-mk,"Multiplication table","Таблица множење"
en-gb,mk-mk,"Music composer","Композитор"
en-gb,mk-mk,"Mysterious power","Флуид"
en-gb,mk-mk,"National anthem","Национална химна"
en-gb,mk-mk,"Near East","Блиски Исток"
en-gb,mk-mk,"Neon glow","Неон"
en-gb,mk-mk,"Nervous system","Нервен систем"
en-gb,mk-mk,"New Zealand","Нов Зеланд"
en-gb,mk-mk,"Newly drawn water","Питка вода"
en-gb,mk-mk,"Niagara Falls","Нијагарини водопади"
en-gb,mk-mk,"Night cap","Ноќ"
en-gb,mk-mk,"North America","Северна Америка"
en-gb,mk-mk,"North American","Северна Америка"
en-gb,mk-mk,"Northern Ireland","Северна Ирска"
en-gb,mk-mk,"Norwegian man","Норвешки јазик"
en-gb,mk-mk,"Nucleic acid","Нуклеинска киселина"
en-gb,mk-mk,"Nuts !","Ѓавол"
en-gb,mk-mk,"Ocean ripple","Океан"
en-gb,mk-mk,"One thousand","Милја"
en-gb,mk-mk,"Opera house","Опера"
en-gb,mk-mk,"Operating system","Оперативен систем"
en-gb,mk-mk,"Optical fiber","Оптички влакна"
en-gb,mk-mk,"Optical fibre","Оптички влакна"
en-gb,mk-mk,"Organic chemistry","Органска хемија"
en-gb,mk-mk,"Outer space","Простор"
en-gb,mk-mk,"Oxygen bottle","Кислород"
en-gb,mk-mk,"Oxygen cylinder","Кислород"
en-gb,mk-mk,"Oxygen mask","Кислород"
en-gb,mk-mk,"Oxygen tent","Кислород"
en-gb,mk-mk,"Pacific Ocean","Тихи Океан"
en-gb,mk-mk,"Pair of scales","Вага"
en-gb,mk-mk,"Past master","Уметност"
en-gb,mk-mk,"Patriarch of the West","Папа"
en-gb,mk-mk,"Pepper pot","Торета"
en-gb,mk-mk,"Permanent way","Пруга"
en-gb,mk-mk,"Persian man","Персиски јазик"
en-gb,mk-mk,"Persian man","Персиско царство"
en-gb,mk-mk,"Persian woman","Персиско царство"
en-gb,mk-mk,"Physical layer","Физичко ниво"
en-gb,mk-mk,"Piece of furniture","Мебел"
en-gb,mk-mk,"Piece of news","Информација"
en-gb,mk-mk,"Piece of news","Расказ"
en-gb,mk-mk,"Place of worship","Црква"
en-gb,mk-mk,"Plasma membrane","Клеточна мембрана"
en-gb,mk-mk,"Plot of grass","Тревник"
en-gb,mk-mk,"Polish man","Полски јазик"
en-gb,mk-mk,"Portuguese language","Португалски јазик"
en-gb,mk-mk,"Portuguese man","Португалски јазик"
en-gb,mk-mk,"Precipitation area","Имплувиум"
en-gb,mk-mk,"Press stud","Притисок"
en-gb,mk-mk,"Primeval forest","Девица"
en-gb,mk-mk,"Proprietary brand","Регистриран заштитен знак"
en-gb,mk-mk,"Proprietary name","Регистриран заштитен знак"
en-gb,mk-mk,"Prostitute who accost in a car","Амазон"
en-gb,mk-mk,"Public park","Градски парк"
en-gb,mk-mk,"Purchasing power","Платежна моќ"
en-gb,mk-mk,"Quality control","Квалитет"
en-gb,mk-mk,"Quantum mechanics","Квантна механика"
en-gb,mk-mk,"ROM memory","ROM меморија"
en-gb,mk-mk,"Railway track","Пруга"
en-gb,mk-mk,"Rain area","Имплувиум"
en-gb,mk-mk,"Rainfall area","Имплувиум"
en-gb,mk-mk,"Read only memory","ROM меморија"
en-gb,mk-mk,"Read-only memory","ROM меморија"
en-gb,mk-mk,"Ready money","Течност"
en-gb,mk-mk,"Receipt form","Фискална сметка"
en-gb,mk-mk,"Registered trademark","Регистриран заштитен знак"
en-gb,mk-mk,"Ribonucleic acid","РНК"
en-gb,mk-mk,"Riding habit","Амазон"
en-gb,mk-mk,"Right wing","Политичка десница"
en-gb,mk-mk,"Rocky Mountains","Карпести планини"
en-gb,mk-mk,"Roman Empire","Римска Империја"
en-gb,mk-mk,"Roman Empire","Римска империја"
en-gb,mk-mk,"Romanian man","Романски јазик"
en-gb,mk-mk,"Running mould","Фриз"
en-gb,mk-mk,"Running ornament","Фриз"
en-gb,mk-mk,"Russian language","Руски јазик"
en-gb,mk-mk,"Russian man","Руски јазик"
en-gb,mk-mk,"Russian roulette","Руски јазик"
en-gb,mk-mk,"Russian salad","Руски јазик"
en-gb,mk-mk,"Russian woman","Руски јазик"
en-gb,mk-mk,"Safety curtain","Железна завеса"
en-gb,mk-mk,"Saint Petersburg","Санкт Петерсбург"
en-gb,mk-mk,"Saint Petersburg","Санкт-Петербург"
en-gb,mk-mk,"San Marino","Сан Марино"
en-gb,mk-mk,"Sand dune","Дина"
en-gb,mk-mk,"Science fiction","Научна фантастика"
en-gb,mk-mk,"Sense of hearing","Звучна дупка"
en-gb,mk-mk,"Series of reactions","Верижна реакција"
en-gb,mk-mk,"Servant of the servants of God","Папа"
en-gb,mk-mk,"Ship's boy","Мов"
en-gb,mk-mk,"Shoe repairer","Чевларство"
en-gb,mk-mk,"Short story","Расказ"
en-gb,mk-mk,"Shortness of breath","Астма"
en-gb,mk-mk,"Slovak man","Словачки јазик"
en-gb,mk-mk,"Slovak woman","Словачки јазик"
en-gb,mk-mk,"Slovenian man","Словенечки јазик"
en-gb,mk-mk,"Slovenian woman","Словенечки јазик"
en-gb,mk-mk,"Sly joke","Сарказам"
en-gb,mk-mk,"Small intestine","Тенко црево"
en-gb,mk-mk,"Soft water","Питка вода"
en-gb,mk-mk,"Solar system","Сончев систем"
en-gb,mk-mk,"Sound velocity","Брзина на звук"
en-gb,mk-mk,"South Africa","Јужна Африка"
en-gb,mk-mk,"South Africa","Јужноафриканска Република"
en-gb,mk-mk,"South America","Јужна Америка"
en-gb,mk-mk,"South Korea","Јужна Кореја"
en-gb,mk-mk,"South Sea Islands","Океанија"
en-gb,mk-mk,"Sovereign pontiff","Папа"
en-gb,mk-mk,"Soya lecithin","Соја"
en-gb,mk-mk,"Spanish language","Шпански јазик"
en-gb,mk-mk,"Spanish man","Шпански јазик"
en-gb,mk-mk,"Specific density","Густина"
en-gb,mk-mk,"Speed of sound","Брзина на звук"
en-gb,mk-mk,"Spending capacity","Платежна моќ"
en-gb,mk-mk,"Spending power","Платежна моќ"
en-gb,mk-mk,"Sperm cell","Сперматозоид"
en-gb,mk-mk,"Spinal cord","‘Рбетен мозок"
en-gb,mk-mk,"Sports car","Спорт"
en-gb,mk-mk,"Sports ground","Игри"
en-gb,mk-mk,"Sports ground","Спорт"
en-gb,mk-mk,"Steam engine","Парна локомотива"
en-gb,mk-mk,"Stock Exchange","Берза"
en-gb,mk-mk,"Stock exchange","Берза"
en-gb,mk-mk,"Stock market","Берза"
en-gb,mk-mk,"Strawberry plant","Шумска јагода"
en-gb,mk-mk,"Strip cartoon","Стрип"
en-gb,mk-mk,"Strong drink","Алкохол"
en-gb,mk-mk,"Stud work","Фахверк"
en-gb,mk-mk,"Supreme pontiff","Папа"
en-gb,mk-mk,"Sustainable development","Одржлив развој"
en-gb,mk-mk,"Systems engineering","Систематика"
en-gb,mk-mk,"Tea party","Чај"
en-gb,mk-mk,"Tea party","Чајна билка"
en-gb,mk-mk,"Theory of relativity","Теорија на релативитет"
en-gb,mk-mk,"Theory of relativity","Теорија на релативност"
en-gb,mk-mk,"Time zone","Временска зона"
en-gb,mk-mk,"Town Hall","Град"
en-gb,mk-mk,"Trial run","Есеј"
en-gb,mk-mk,"Twelve o'clock","Попладне"
en-gb,mk-mk,"Ukrainian man","Украински јазик"
en-gb,mk-mk,"Under way","Пат"
en-gb,mk-mk,"United Kingdom","Обединетото Кралство"
en-gb,mk-mk,"United States of America","Соединети Американски Држави"
en-gb,mk-mk,"VHF‚ very high frequency","Фреквенција"
en-gb,mk-mk,"Valve clearance","Игри"
en-gb,mk-mk,"Varicose vein","Проширени вени"
en-gb,mk-mk,"Vaulted ceiling",Свод
en-gb,mk-mk,"Vicar of Christ","Папа"
en-gb,mk-mk,"Village Hall",Село
en-gb,mk-mk,"Virtual reality","Виртуелна реалност"
en-gb,mk-mk,"Virus author","Вирус"
en-gb,mk-mk,"Virus check","Вирус"
en-gb,mk-mk,"Virus detection","Вирус"
en-gb,mk-mk,"Virus detector","Вирус"
en-gb,mk-mk,"Virus program","Вирус"
en-gb,mk-mk,"Voice box","Грклан"
en-gb,mk-mk,"Warrer carrier","Водолија"
en-gb,mk-mk,"Water jump","Шанец"
en-gb,mk-mk,"Water sprite","Ондин"
en-gb,mk-mk,"West Bank","Западен Брег"
en-gb,mk-mk,"West Indies","Кариби"
en-gb,mk-mk,"Whit Sunday","Педесетница"
en-gb,mk-mk,"White blood cell","Леукоцит"
en-gb,mk-mk,"Willow tree","Врба"
en-gb,mk-mk,"World bank","Светска Банка"
en-gb,mk-mk,"Writing desk","Секретар"
en-gb,mk-mk,"Yellow metal","Злато"
en-gb,mk-mk,Abdomen,"Стомачна празнина"
en-gb,mk-mk,Abidjan,"Абиџан"
en-gb,mk-mk,Able-bodied,"Здравје"
en-gb,mk-mk,Abloom,"Цвет"
en-gb,mk-mk,Aborting,"Абортус"
en-gb,mk-mk,Abortion,"Абортус"
en-gb,mk-mk,About,"Воз"
en-gb,mk-mk,Abstract,"Анализа"
en-gb,mk-mk,Abstract,"Математичка анализа"
en-gb,mk-mk,Abstraction,"Апстракција"
en-gb,mk-mk,Abutment,"Дирек"
en-gb,mk-mk,Account,"Листа на падежи"
en-gb,mk-mk,Account,"Падеж"
en-gb,mk-mk,Accountancy,"Сметководство"
en-gb,mk-mk,Accounting,"Сметководство"
en-gb,mk-mk,Accounts,"Сметководство"
en-gb,mk-mk,Accretion,"Раст"
en-gb,mk-mk,Acetous,"Киселина"
en-gb,mk-mk,Acid,"Киселина"
en-gb,mk-mk,Acidic,"Киселина"
en-gb,mk-mk,Acknowledged,"Власт"
en-gb,mk-mk,Acquaintance,"Знаење"
en-gb,mk-mk,Acquainted,"Знаење"
en-gb,mk-mk,Act,"Право"
en-gb,mk-mk,Activation,"Нервен стимул"
en-gb,mk-mk,Actor,"Актер"
en-gb,mk-mk,Actual,"Сегашно време"
en-gb,mk-mk,Actuality,"Стварност"
en-gb,mk-mk,Actually,"Стварност"
en-gb,mk-mk,Adamant,"Дијамант"
en-gb,mk-mk,Address,"Говорништво"
en-gb,mk-mk,Adept,"Процесор"
en-gb,mk-mk,Adherent,"Партизан"
en-gb,mk-mk,Admixture,"Смеса"
en-gb,mk-mk,Adrenalin,"Адреналин"
en-gb,mk-mk,Adrenaline,"Адреналин"
en-gb,mk-mk,Aerobic,"Аероб"
en-gb,mk-mk,Aeroplane,"Авион"
en-gb,mk-mk,Afghanistan,"Авганистан"
en-gb,mk-mk,Afloat,"Вода"
en-gb,mk-mk,Africa,"Африка"
en-gb,mk-mk,Against,"Споредба"
en-gb,mk-mk,Agency,"Орган"
en-gb,mk-mk,Aggregate,"Множество"
en-gb,mk-mk,Agitate,Село
en-gb,mk-mk,Agnosticism,"Агностицизам"
en-gb,mk-mk,Agriculture,"Земјоделство"
en-gb,mk-mk,Air,"Воздух"
en-gb,mk-mk,Air-bubble,"Воздух"
en-gb,mk-mk,Air-cooled,"Воздух"
en-gb,mk-mk,Air-cooling,"Воздух"
en-gb,mk-mk,Airborne,"Воздух"
en-gb,mk-mk,Aircraft,"Авион"
en-gb,mk-mk,Airflow,"Воздух"
en-gb,mk-mk,Airmail,"Авион"
en-gb,mk-mk,Airplane,"Авион"
en-gb,mk-mk,Airplay,"Дифузија"
en-gb,mk-mk,Airspeed,"Брзина"
en-gb,mk-mk,Airworthy,"Воздух"
en-gb,mk-mk,Alaska,"Аљаска"
en-gb,mk-mk,Albania,"Албанија"
en-gb,mk-mk,Albanian,"Албански јазик"
en-gb,mk-mk,Alchemy,"Алхемија"
en-gb,mk-mk,Alcohol,"Алкохол"
en-gb,mk-mk,Alcoholism,"Алкохолизам"
en-gb,mk-mk,Aldehyde,"Алдехид"
en-gb,mk-mk,Ale,"Пиво"
en-gb,mk-mk,Alexander,"Александар"
en-gb,mk-mk,Alga,"Алги"
en-gb,mk-mk,Algebra,"Алгебра"
en-gb,mk-mk,Algeria,"Алжир"
en-gb,mk-mk,Algiers,"Алжир"
en-gb,mk-mk,Algorithmic,"Алгоритам"
en-gb,mk-mk,Algorithmics,"Алгоритам"
en-gb,mk-mk,All-important,"Капитал"
en-gb,mk-mk,Allegation,"Контрадикција"
en-gb,mk-mk,Allegory,"Алегорија"
en-gb,mk-mk,Allergy,"Алергија"
en-gb,mk-mk,Allowed,"Право"
en-gb,mk-mk,Allowed,"ֿנאגמ"
en-gb,mk-mk,Alloy,"Легура"
en-gb,mk-mk,Almond,"Бадем"
en-gb,mk-mk,Almond-tree,"Бадем"
en-gb,mk-mk,Alpha,"Алфа"
en-gb,mk-mk,Aluminium,"Алуминиум"
en-gb,mk-mk,Aluminum,"Алуминиум"
en-gb,mk-mk,Amateur,"Аматер"
en-gb,mk-mk,Amateurish,"Аматер"
en-gb,mk-mk,Amazon,"Амазон"
en-gb,mk-mk,Amber,"Орање"
en-gb,mk-mk,America,"Америка"
en-gb,mk-mk,American,"Америка"
en-gb,mk-mk,Amine,"Амин"
en-gb,mk-mk,Ammonia,"Амонијак"
en-gb,mk-mk,Ammoniac,"Амонијак"
en-gb,mk-mk,Amount,"Количество"
en-gb,mk-mk,Amsterdam,"Амстердам"
en-gb,mk-mk,Amusement,"Рекреација"
en-gb,mk-mk,Anaerobic,"Анаероб"
en-gb,mk-mk,Analysis,"Анализа"
en-gb,mk-mk,Analysis,"Математичка анализа"
en-gb,mk-mk,Anarchism,"Анархизам"
en-gb,mk-mk,Anarchy,"Анархија"
en-gb,mk-mk,Anathema,"Анатема"
en-gb,mk-mk,Anatomy,"Анатомија"
en-gb,mk-mk,Andorra,"Андора"
en-gb,mk-mk,Angle,"Агол"
en-gb,mk-mk,Anglian,"Агол"
en-gb,mk-mk,Anglice,"Англиски јазик"
en-gb,mk-mk,Angola,"Ангола"
en-gb,mk-mk,Animal,"Животни"
en-gb,mk-mk,Animation,"Анимација"
en-gb,mk-mk,Answer,"Раствор"
en-gb,mk-mk,Anthrax,"Јаглен"
en-gb,mk-mk,Anthropology,"Антропологија"
en-gb,mk-mk,Anthroponymy,"Антропоним"
en-gb,mk-mk,Anti-Semitism,"Антисемитизам"
en-gb,mk-mk,Antics,Филм
en-gb,mk-mk,Antics,"Филмска уметност"
en-gb,mk-mk,Antigua,"Антигва"
en-gb,mk-mk,Antilles,"Кариби"
en-gb,mk-mk,Anyhow,"Листа на падежи"
en-gb,mk-mk,Anyhow,"Падеж"
en-gb,mk-mk,Aphrodite,"Афродита"
en-gb,mk-mk,Apocrypha,"Апокриф"
en-gb,mk-mk,Apocryphal,"Апокриф"
en-gb,mk-mk,Apollo,"Аполон"
en-gb,mk-mk,Apostle,"Дванаесет апостоли"
en-gb,mk-mk,Appearance,"Воздух"
en-gb,mk-mk,Appellation,"Имe"
en-gb,mk-mk,Apple,"Њу Јорк"
en-gb,mk-mk,Apple,"Њујорк"
en-gb,mk-mk,Apple,"Њујорк Сити"
en-gb,mk-mk,Apple,"Соединети Американски Држави"
en-gb,mk-mk,April,"Април"
en-gb,mk-mk,Aquarius,"Водолија"
en-gb,mk-mk,Aquatic,"Вода"
en-gb,mk-mk,Arab,"Арапски јазик"
en-gb,mk-mk,Arabian,"Арапски јазик"
en-gb,mk-mk,Arabic,"Арапски јазик"
en-gb,mk-mk,Arch,Свод
en-gb,mk-mk,Archaeology,"Археологија"
en-gb,mk-mk,Archeology,"Археологија"
en-gb,mk-mk,Archimedes,"Архимед"
en-gb,mk-mk,Archipalego,"Архипелаг"
en-gb,mk-mk,Archipelago,"Архипелаг"
en-gb,mk-mk,Architecture,"Архитектура"
en-gb,mk-mk,Architrave,"Архитрав"
en-gb,mk-mk,Archway,Свод
en-gb,mk-mk,Argentina,"Аргентина"
en-gb,mk-mk,Argentine,"Аргентина"
en-gb,mk-mk,Argon,"Аргон"
en-gb,mk-mk,Argumentation,"Логички аргумент"
en-gb,mk-mk,Ariadne,"Љубов на попладне"
en-gb,mk-mk,Aries,"Овен"
en-gb,mk-mk,Aristocracy,"Аристократија"
en-gb,mk-mk,Aristotle,"Аристотел"
en-gb,mk-mk,Arithmetic,"Аритметика"
en-gb,mk-mk,Arm,"Ламанш"
en-gb,mk-mk,Armenia,"Ерменија"
en-gb,mk-mk,Around,"Политичка десница"
en-gb,mk-mk,Art,"Уметност"
en-gb,mk-mk,Artery,"Артерија"
en-gb,mk-mk,Arthropod,Членконоги
en-gb,mk-mk,Artillery,"Артилерија"
en-gb,mk-mk,Artistically,"Уметност"
en-gb,mk-mk,Aryans,"Ариевска раса"
en-gb,mk-mk,Ashore,"Земја"
en-gb,mk-mk,Ashpan,"Пепелник"
en-gb,mk-mk,Ashtray,"Пепелник"
en-gb,mk-mk,Asia,"Азија"
en-gb,mk-mk,Aspect,"Воздух"
en-gb,mk-mk,Assay,"Анализа"
en-gb,mk-mk,Assay,"Есеј"
en-gb,mk-mk,Assay,"Математичка анализа"
en-gb,mk-mk,Assaying,"Анализа"
en-gb,mk-mk,Assaying,"Есеј"
en-gb,mk-mk,Assaying,"Математичка анализа"
en-gb,mk-mk,Assumption,"Хипотеза"
en-gb,mk-mk,Asteroid,"Астероид"
en-gb,mk-mk,Asthma,"Астма"
en-gb,mk-mk,Astrology,"Астрологија"
en-gb,mk-mk,Astronomy,"Астрономија"
en-gb,mk-mk,Astrophysics,"Астрофизика"
en-gb,mk-mk,Atheism,"Атеизам"
en-gb,mk-mk,Athena,"Атена"
en-gb,mk-mk,Athens,"Атина"
en-gb,mk-mk,Athletics,"Атлетика"
en-gb,mk-mk,Athletics,"Спорт"
en-gb,mk-mk,Atmosphere,"Атмосфера"
en-gb,mk-mk,Atom,"Атом"
en-gb,mk-mk,Atrium,"Атриум"
en-gb,mk-mk,Attend,"Сегашно време"
en-gb,mk-mk,Attic,"Мансарда"
en-gb,mk-mk,Attic,"Поткровје"
en-gb,mk-mk,Attica,"Атика"
en-gb,mk-mk,Australia,"Австралија"
en-gb,mk-mk,Austria,"Австрија"
en-gb,mk-mk,Austria-Hungary,"Австроунгарија"
en-gb,mk-mk,Authoritative,"Власт"
en-gb,mk-mk,Authority,"Власт"
en-gb,mk-mk,Automobile,"Автомобил"
en-gb,mk-mk,Autumn,"Есен"
en-gb,mk-mk,Avalanche,"Лавина"
en-gb,mk-mk,Avatar,"Аватар"
en-gb,mk-mk,Awareness,"Знаење"
en-gb,mk-mk,Awkward,"Левица"
en-gb,mk-mk,Axe,"Секира"
en-gb,mk-mk,Axiom,"Аксиома"
en-gb,mk-mk,Axle,"Дрво"
en-gb,mk-mk,Azerbaijan,"Азербејџан"
en-gb,mk-mk,Babylon,"Вавилон"
en-gb,mk-mk,Backbiter,"Јазик"
en-gb,mk-mk,Backer,"Партизан"
en-gb,mk-mk,Backfire,"Курбла"
en-gb,mk-mk,Backgammon,Табла
en-gb,mk-mk,Backing,"Париз"
en-gb,mk-mk,Backlash,"Игри"
en-gb,mk-mk,Backup,"Копија"
en-gb,mk-mk,Backyard,"Природа"
en-gb,mk-mk,Bagpipe,"Гајда"
en-gb,mk-mk,Bagpiper,"Гајда"
en-gb,mk-mk,Bagpipes,"Гајда"
en-gb,mk-mk,Bahamas,"Бахамски Острови"
en-gb,mk-mk,Bahrain,"Бахрaин"
en-gb,mk-mk,Balance,"Вага"
en-gb,mk-mk,Baleen,"Кит"
en-gb,mk-mk,Balkans,"Балкански Полуостров"
en-gb,mk-mk,Balkans,"Балкански полуостров"
en-gb,mk-mk,Ball,"Растенија"
en-gb,mk-mk,Baltic,"Балтичко Море"
en-gb,mk-mk,Ban,"Анатема"
en-gb,mk-mk,Bang,"Бакнеж"
en-gb,mk-mk,Bangladesh,"Бангладеш"
en-gb,mk-mk,Bar,"Стебло"
en-gb,mk-mk,Barbados,"Барбадос"
en-gb,mk-mk,Barcelona,"Барселона"
en-gb,mk-mk,Bark,"Пат"
en-gb,mk-mk,Barrow,"Тумул"
en-gb,mk-mk,Basalt,"Базалт"
en-gb,mk-mk,Base,"База"
en-gb,mk-mk,Basic,"База"
en-gb,mk-mk,Basis,"База"
en-gb,mk-mk,Basketball,"Кошарка"
en-gb,mk-mk,Bastion,"Бастион"
en-gb,mk-mk,Bathed,"Вода"
en-gb,mk-mk,Bavaria,"Баварија"
en-gb,mk-mk,Bay,"Дорат"
en-gb,mk-mk,Beaker,"Берлин"
en-gb,mk-mk,Beam,"Радиус"
en-gb,mk-mk,Beast,"Животни"
en-gb,mk-mk,Beef,"Мускул"
en-gb,mk-mk,Been,"Лето"
en-gb,mk-mk,Beer,"Пиво"
en-gb,mk-mk,Belarus,"Белорусија"
en-gb,mk-mk,Belgium,"Белгија"
en-gb,mk-mk,Belgrade,"Белград"
en-gb,mk-mk,Belize,"Белизе"
en-gb,mk-mk,Belletristic,"Есеј"
en-gb,mk-mk,Belly,"Стомачна празнина"
en-gb,mk-mk,Benefit,"Профит"
en-gb,mk-mk,Benelux,"Бенелукс"
en-gb,mk-mk,Bengal,"Бенгал"
en-gb,mk-mk,Benign,"Бенин"
en-gb,mk-mk,Benin,"Бенин"
en-gb,mk-mk,Benzene,"Бензен"
en-gb,mk-mk,Berlin,"Берлин"
en-gb,mk-mk,Beryllium,"Берилиум"
en-gb,mk-mk,Bethlehem,"Витлеем"
en-gb,mk-mk,Betrayal,"Велепредавство"
en-gb,mk-mk,Bevy,"Множество"
en-gb,mk-mk,Bible,"Библија"
en-gb,mk-mk,Bikini,"Бикини"
en-gb,mk-mk,Biochemistry,"Биохемија"
en-gb,mk-mk,Biography,"Биографија"
en-gb,mk-mk,Biologist,"Биологија"
en-gb,mk-mk,Biology,"Биологија"
en-gb,mk-mk,Bionic,"Бионика"
en-gb,mk-mk,Bionics,"Бионика"
en-gb,mk-mk,Biopsy,"Биопсија"
en-gb,mk-mk,Bioscope,Филм
en-gb,mk-mk,Bioscope,"Филмска уметност"
en-gb,mk-mk,Biosphere,"Биосфера"
en-gb,mk-mk,Biotope,"Биотоп"
en-gb,mk-mk,Bird,"Птици"
en-gb,mk-mk,Bisexuality,"Бисексуалност"
en-gb,mk-mk,Bit,"Бит"
en-gb,mk-mk,Blank,"Бела боја"
en-gb,mk-mk,Blend,"Смеса"
en-gb,mk-mk,Blood,"Крв"
en-gb,mk-mk,Bloom,"Цвет"
en-gb,mk-mk,Blossom,"Цвет"
en-gb,mk-mk,Blow-job,"Луле"
en-gb,mk-mk,Blueprint,"Проект"
en-gb,mk-mk,Body,"Маса"
en-gb,mk-mk,Bogey,"Ѓавол"
en-gb,mk-mk,Boiling,"Точка на вриење"
en-gb,mk-mk,Bolivia,"Боливија"
en-gb,mk-mk,Bomb,"Кожа"
en-gb,mk-mk,Bondage,"Ропство"
en-gb,mk-mk,Bone,"Коска"
en-gb,mk-mk,Bookkeeping,"Сметководство"
en-gb,mk-mk,Booze,"Алкохолен пијалок"
en-gb,mk-mk,Boredom,"Досада"
en-gb,mk-mk,Born,"Ден"
en-gb,mk-mk,Boron,"Бор"
en-gb,mk-mk,Borough,"Општина"
en-gb,mk-mk,Bosnia,"Босна"
en-gb,mk-mk,Botanical,"Ботаника"
en-gb,mk-mk,Botany,"Ботаника"
en-gb,mk-mk,Botswana,"Боцвана"
en-gb,mk-mk,Boxwood,"Зеленика"
en-gb,mk-mk,Brain,"Черепен мозок"
en-gb,mk-mk,Brains,"Черепен мозок"
en-gb,mk-mk,Bran,"Звук"
en-gb,mk-mk,Brass,"Бакар"
en-gb,mk-mk,Brawn,"Мускул"
en-gb,mk-mk,Brazil,"Бразил"
en-gb,mk-mk,Bread,"Леб"
en-gb,mk-mk,Breath,"Дишење"
en-gb,mk-mk,Breathing,"Дишење"
en-gb,mk-mk,Bremen,"Бремен"
en-gb,mk-mk,Brimstone,"Сулфур"
en-gb,mk-mk,Briny,"Море"
en-gb,mk-mk,Britain,"Велика Британија"
en-gb,mk-mk,Broadcast,"Дифузија"
en-gb,mk-mk,Broadcasting,"Дифузија"
en-gb,mk-mk,Bromide,"Бром"
en-gb,mk-mk,Bromine,"Бром"
en-gb,mk-mk,Bruges,"Венеција"
en-gb,mk-mk,Brunei,"Брунеи"
en-gb,mk-mk,Brussels,"Брисел"
en-gb,mk-mk,Buddhism,"Будизам"
en-gb,mk-mk,Build,"Градежништво"
en-gb,mk-mk,Building,"Градежништво"
en-gb,mk-mk,Bulgar,"Бугарски јазик"
en-gb,mk-mk,Bulgaria,"Бугарија"
en-gb,mk-mk,Bulgarian,"Бугарски јазик"
en-gb,mk-mk,Bull,"Бик"
en-gb,mk-mk,Bullfighter,"Тореадор"
en-gb,mk-mk,Buoyancy,"Анимација"
en-gb,mk-mk,Burma,"Мијанмар"
en-gb,mk-mk,Burundi,"Бурунди"
en-gb,mk-mk,Business,"Трговија"
en-gb,mk-mk,Buttress,"Дирек"
en-gb,mk-mk,Byte,"Бајт"
en-gb,mk-mk,Byzantium,"Византија"
en-gb,mk-mk,C,C
en-gb,mk-mk,CFC,"Алкилхалогенид"
en-gb,mk-mk,Café,"Кафе"
en-gb,mk-mk,Cairo,"Каиро"
en-gb,mk-mk,Calcium,"Калциум"
en-gb,mk-mk,Calculation,"Математичка анализа"
en-gb,mk-mk,California,"Калифорнија"
en-gb,mk-mk,Cambodia,"Камбоџа"
en-gb,mk-mk,Cameroon,"Камерун"
en-gb,mk-mk,Campaign,Село
en-gb,mk-mk,Campana,Село
en-gb,mk-mk,Canada,"Канада"
en-gb,mk-mk,Cancer,"Рак"
en-gb,mk-mk,Capacitor,"Кондензатор"
en-gb,mk-mk,Cape,"Западен Кејп"
en-gb,mk-mk,Capital,"Капитал"
en-gb,mk-mk,Capitalism,"Капитализам"
en-gb,mk-mk,Capitol,"Главен град"
en-gb,mk-mk,Capricorn,"Јарец"
en-gb,mk-mk,Caption,"Легенда"
en-gb,mk-mk,Car,"Автомобил"
en-gb,mk-mk,Carbohydrate,"Јаглехидрат"
en-gb,mk-mk,Carbon,"Јаглерод"
en-gb,mk-mk,Carbonate,"Карбонат"
en-gb,mk-mk,Carbuncle,"Јаглен"
en-gb,mk-mk,Cardinal,"Капитал"
en-gb,mk-mk,Cardinal,"Кардинал"
en-gb,mk-mk,Carpathians,"Карпати"
en-gb,mk-mk,Carriage,"Транспорт"
en-gb,mk-mk,Carrying,"Транспорт"
en-gb,mk-mk,Cartoon,"Стрип"
en-gb,mk-mk,Cartoon,"Уметност"
en-gb,mk-mk,Carving,"Вајарство"
en-gb,mk-mk,Case,"Листа на падежи"
en-gb,mk-mk,Case,"Падеж"
en-gb,mk-mk,Cast,"Дистрибуција"
en-gb,mk-mk,Casting,"Дистрибуција"
en-gb,mk-mk,Casual,"Спорт"
en-gb,mk-mk,Catalysis,"Катализатор"
en-gb,mk-mk,Catalyst,"Катализатор"
en-gb,mk-mk,Catkin,"Реса"
en-gb,mk-mk,Cavalry,"Коњаница"
en-gb,mk-mk,Cave,"Пештера"
en-gb,mk-mk,Ceiling,Свод
en-gb,mk-mk,Cell,"Клетка"
en-gb,mk-mk,Cello,"Виолончело"
en-gb,mk-mk,Cellulose,"Целулоза"
en-gb,mk-mk,Centimeter,"Сантиметар"
en-gb,mk-mk,Centimetre,"Сантиметар"
en-gb,mk-mk,Centriole,"Центриола"
en-gb,mk-mk,Cereal,"Жито"
en-gb,mk-mk,Ceremoniously,"Церемонија"
en-gb,mk-mk,Ceremony,"Церемонија"
en-gb,mk-mk,Chad,Чад
en-gb,mk-mk,Chamois,"Дивокоза"
en-gb,mk-mk,Chance,"Количество"
en-gb,mk-mk,Chancellor,"Канцелар"
en-gb,mk-mk,Charge,"Право"
en-gb,mk-mk,Charge,"ֿנאגמ"
en-gb,mk-mk,Charisma,"Харизма"
en-gb,mk-mk,Chaste,"Континент"
en-gb,mk-mk,Chauvinism,Шовинизам
en-gb,mk-mk,Checker,"Регистер каса"
en-gb,mk-mk,Checkout,"Регистер каса"
en-gb,mk-mk,Cheerfully,"Срце"
en-gb,mk-mk,Chemistry,"Хемија"
en-gb,mk-mk,Cherry,"Девица"
en-gb,mk-mk,Chessboard,"Шаховска табла"
en-gb,mk-mk,Chessmen,"Шаховска фигура"
en-gb,mk-mk,Chessmen,"Шаховски знаци во Уникод"
en-gb,mk-mk,Chick,"Глушец"
en-gb,mk-mk,Chickenpox,"Средна сипаница"
en-gb,mk-mk,Chile,Чиле
en-gb,mk-mk,Chloride,"Хлор"
en-gb,mk-mk,Chlorine,"Хлор"
en-gb,mk-mk,Chlorofluorocarbon,"Алкилхалогенид"
en-gb,mk-mk,Chlorophyll,"Хлорофил"
en-gb,mk-mk,Chloroplast,"Хлоропласт"
en-gb,mk-mk,Choir,"Срце"
en-gb,mk-mk,Chordata,"Хордати"
en-gb,mk-mk,Chow,"Храна"
en-gb,mk-mk,Christ,"Лорд"
en-gb,mk-mk,Christ!,"Бог"
en-gb,mk-mk,Christ!,"Исус Христос"
en-gb,mk-mk,Christianity,"Христијанство"
en-gb,mk-mk,Chromatin,"Хроматин"
en-gb,mk-mk,Chrome,"Хром"
en-gb,mk-mk,Chromium,"Хром"
en-gb,mk-mk,Chromosome,"Хромозом"
en-gb,mk-mk,Chronograph,"Хронограф"
en-gb,mk-mk,Church,"Црква"
en-gb,mk-mk,Church-building,"Црква"
en-gb,mk-mk,Cicero,"Цицерон"
en-gb,mk-mk,Cigar,"Пура"
en-gb,mk-mk,Cigarette,"Цигара"
en-gb,mk-mk,Cinema,Филм
en-gb,mk-mk,Cinema,"Филмска уметност"
en-gb,mk-mk,Circle,"Периметар"
en-gb,mk-mk,Circumcision,"Машко обрежување"
en-gb,mk-mk,Circumference,"Обиколка"
en-gb,mk-mk,Cirrhosis,"Цироза"
en-gb,mk-mk,City,"Град"
en-gb,mk-mk,Clearance,"Игри"
en-gb,mk-mk,Clef,"Клуч"
en-gb,mk-mk,Cliché,"Стереотип"
en-gb,mk-mk,Climate,"Клима"
en-gb,mk-mk,Clime,"Клима"
en-gb,mk-mk,Clitoris,"Клиторис"
en-gb,mk-mk,Clothes,"Множество"
en-gb,mk-mk,Cloud,"Облак"
en-gb,mk-mk,Club,"Голф палка"
en-gb,mk-mk,Clue,"Идеја"
en-gb,mk-mk,Clumsy,"Левица"
en-gb,mk-mk,Co-,"Множество"
en-gb,mk-mk,Coal,"Јаглен"
en-gb,mk-mk,Cobalt,"Кобалт"
en-gb,mk-mk,Cobbler,"Чевларство"
en-gb,mk-mk,Coffee,"Кафе"
en-gb,mk-mk,Coffee-house,"Кафе"
en-gb,mk-mk,Coin,"Пари"
en-gb,mk-mk,Coinage,"Пари"
en-gb,mk-mk,Cola,"Кола"
en-gb,mk-mk,Collection,"Множество"
en-gb,mk-mk,Cologne,"Келн"
en-gb,mk-mk,Colombia,"Колумбија"
en-gb,mk-mk,Colon,"Дебело црево"
en-gb,mk-mk,Colour-blindness,"Далтонизам"
en-gb,mk-mk,Comet,"Комета"
en-gb,mk-mk,Comets,"Комета"
en-gb,mk-mk,Commerce,"Трговија"
en-gb,mk-mk,Communication,"Комуникација"
en-gb,mk-mk,Communism,"Комунизам"
en-gb,mk-mk,Comparison,"Споредба"
en-gb,mk-mk,Compiler,"Компајлер"
en-gb,mk-mk,Complex,"Комплекс"
en-gb,mk-mk,Complexion,"Природа"
en-gb,mk-mk,Composer,"Композитор"
en-gb,mk-mk,Compound,"Смеса"
en-gb,mk-mk,Compress,"Концентрација"
en-gb,mk-mk,Computer,"Компјутер"
en-gb,mk-mk,Computerized,"Информатика"
en-gb,mk-mk,Computerized,"Компјутер"
en-gb,mk-mk,Computing,"Информатика"
en-gb,mk-mk,Computing,"Математичка анализа"
en-gb,mk-mk,Concentrate,"Концентрација"
en-gb,mk-mk,Concept,"Концепт"
en-gb,mk-mk,Concoction,"Смеса"
en-gb,mk-mk,Condenser,"Кондензатор"
en-gb,mk-mk,Condensor,"Кондензатор"
en-gb,mk-mk,Condom,"Кондом"
en-gb,mk-mk,Confederation,"Конфедерација"
en-gb,mk-mk,Confession,"Исповед"
en-gb,mk-mk,Conjuring,"Магија"
en-gb,mk-mk,Conk,"Нос"
en-gb,mk-mk,Conscious,"Знаење"
en-gb,mk-mk,Consciousness,"Знаење"
en-gb,mk-mk,Conservatism,"Конзерватизам"
en-gb,mk-mk,Consistent,"Логика"
en-gb,mk-mk,Constitution,"Устав"
en-gb,mk-mk,Construction,"Градежништво"
en-gb,mk-mk,Contemplation,"Медитација"
en-gb,mk-mk,Continent,"Континент"
en-gb,mk-mk,Continuity,"Непрекинатост на функција"
en-gb,mk-mk,Contraception,"Контрола на раѓање"
en-gb,mk-mk,Contradiction,"Контрадикција"
en-gb,mk-mk,Conveyance,"Транспорт"
en-gb,mk-mk,Cooler,"Виолина"
en-gb,mk-mk,Copper,"Бакар"
en-gb,mk-mk,Copy,"Копија"
en-gb,mk-mk,Copyright,"Авторско право"
en-gb,mk-mk,Coral,"Корал"
en-gb,mk-mk,Core,"Клеточно јадро"
en-gb,mk-mk,Corn,"Жито"
en-gb,mk-mk,Corner,"Агол"
en-gb,mk-mk,Corner,"Монопол"
en-gb,mk-mk,Cornice,"Корниз"
en-gb,mk-mk,Cornucopia,"Рог на изобилството"
en-gb,mk-mk,Cougar,"Пума"
en-gb,mk-mk,Council,"Вселенски Собор"
en-gb,mk-mk,Counter,Цинк
en-gb,mk-mk,Country,"Земја"
en-gb,mk-mk,Countryside,Село
en-gb,mk-mk,Course,"Пат"
en-gb,mk-mk,Courtesy,"Главна страница"
en-gb,mk-mk,Courtesy,"Почетна страна"
en-gb,mk-mk,Cove,Свод
en-gb,mk-mk,Crank,"Курбла"
en-gb,mk-mk,Cricket,"Крикет"
en-gb,mk-mk,Croat,"Хрватски јазик"
en-gb,mk-mk,Croatia,"Хрватска"
en-gb,mk-mk,Croatian,"Хрватски јазик"
en-gb,mk-mk,Croquet,"Крокет"
en-gb,mk-mk,Cross,"Крст"
en-gb,mk-mk,Crossbar,"Портико"
en-gb,mk-mk,Crowd,"Маса"
en-gb,mk-mk,Crusade,"Крстоносни војни"
en-gb,mk-mk,Crystal,"Кристал"
en-gb,mk-mk,Cuba,"Куба"
en-gb,mk-mk,Cultivation,"Култура"
en-gb,mk-mk,Cultivation,"Образование"
en-gb,mk-mk,Culture,"Култура"
en-gb,mk-mk,Culture,"Образование"
en-gb,mk-mk,Cumin,"Ким"
en-gb,mk-mk,Cunnilinctus,"Кунилингус"
en-gb,mk-mk,Cunnilingus,"Кунилингус"
en-gb,mk-mk,Currency,"Пари"
en-gb,mk-mk,Cuss,"Безобразлук"
en-gb,mk-mk,Cutter,"Фреза"
en-gb,mk-mk,Cybersex,"Сајберсекс"
en-gb,mk-mk,Cylinder,"Цилиндар"
en-gb,mk-mk,Cyprus,"Кипар"
en-gb,mk-mk,Cystitis,"Цистит"
en-gb,mk-mk,Cytoplasm,"Цитоплазма"
en-gb,mk-mk,Cytoplasma,"Цитоплазма"
en-gb,mk-mk,Czech,"Чешки јазик"
en-gb,mk-mk,Czechoslovakia,"Чехословачка"
en-gb,mk-mk,Dabbler,"Аматер"
en-gb,mk-mk,Damascus,"Дамаск"
en-gb,mk-mk,Damascus,"Дамаст"
en-gb,mk-mk,Dane,"Дански јазик"
en-gb,mk-mk,Danish,"Дански јазик"
en-gb,mk-mk,Danube,"Дунав"
en-gb,mk-mk,Data,"Информација"
en-gb,mk-mk,Data-processing,"Информатика"
en-gb,mk-mk,Datasheet,"Монографија"
en-gb,mk-mk,Date,"Ден"
en-gb,mk-mk,Datum,"Податок"
en-gb,mk-mk,Day,"Ден"
en-gb,mk-mk,Daylight,"Ден"
en-gb,mk-mk,Daytime,"Ден"
en-gb,mk-mk,Deal,"Количество"
en-gb,mk-mk,Dealing,"Дистрибуција"
en-gb,mk-mk,Deception,"Велепредавство"
en-gb,mk-mk,Deciduous,"Листопадни растенија"
en-gb,mk-mk,Decimeter,"Дециметар"
en-gb,mk-mk,Decimetre,"Дециметар"
en-gb,mk-mk,Declension,"Падеж"
en-gb,mk-mk,Declination,"Падеж"
en-gb,mk-mk,Deep-sea,"Море"
en-gb,mk-mk,Defamation,"Безобразлук"
en-gb,mk-mk,Definition,"Дефиниција"
en-gb,mk-mk,Deity,"Бог"
en-gb,mk-mk,Delirium,"Транспорт"
en-gb,mk-mk,Delivery,"Дистрибуција"
en-gb,mk-mk,Delusion,"Илузија"
en-gb,mk-mk,Dementia,"Деменција"
en-gb,mk-mk,Democracy,"Демократија"
en-gb,mk-mk,Denmark,"Данска"
en-gb,mk-mk,Denomination,"Исповед"
en-gb,mk-mk,Denseness,"Густина"
en-gb,mk-mk,Density,"Густина"
en-gb,mk-mk,Department,"Радиус"
en-gb,mk-mk,Desert,"Пустина"
en-gb,mk-mk,Deserted,"Пустина"
en-gb,mk-mk,Design,"Проект"
en-gb,mk-mk,Development,"Еволутивна биологија"
en-gb,mk-mk,Development,"Еволуција"
en-gb,mk-mk,Device,"Систем"
en-gb,mk-mk,Devil,"Ѓавол"
en-gb,mk-mk,Diamond,"Дијамант"
en-gb,mk-mk,Diana,"Артемида"
en-gb,mk-mk,Diaphragm,"Дијафрагма"
en-gb,mk-mk,Dictatorship,"Диктатура"
en-gb,mk-mk,Diffuse,"Дифузија"
en-gb,mk-mk,Diffusion,"Дифузија"
en-gb,mk-mk,Digestion,"Варење"
en-gb,mk-mk,Dint,Сила
en-gb,mk-mk,Diode,"Диода"
en-gb,mk-mk,Diplomacy,"Дипломатија"
en-gb,mk-mk,Discourse,"Говорништво"
en-gb,mk-mk,Discrepancy,"Контрадикција"
en-gb,mk-mk,Dissent,"Дисидент"
en-gb,mk-mk,Dissidence,"Дисидент"
en-gb,mk-mk,Distribution,"Дистрибуција"
en-gb,mk-mk,Documents,"Документација"
en-gb,mk-mk,Dome,Свод
en-gb,mk-mk,Dose,"Сифилис"
en-gb,mk-mk,Down,"Дина"
en-gb,mk-mk,Drama,"Драма"
en-gb,mk-mk,Drastic,"Радикал"
en-gb,mk-mk,Dream,"Живот"
en-gb,mk-mk,Dreary,"Пустина"
en-gb,mk-mk,Drink,"Стакло"
en-gb,mk-mk,Drinking,"Алкохолизам"
en-gb,mk-mk,Drinks,"Стакло"
en-gb,mk-mk,Drive,Село
en-gb,mk-mk,Drum,Тапани
en-gb,mk-mk,Dub,"Копија"
en-gb,mk-mk,Dullness,"Досада"
en-gb,mk-mk,Dune,"Дина"
en-gb,mk-mk,Dust,"Земја"
en-gb,mk-mk,Dutch,"Холандски јазик"
en-gb,mk-mk,Dutchman,"Холандски јазик"
en-gb,mk-mk,Duty,"Право"
en-gb,mk-mk,Duty,"ֿנאגמ"
en-gb,mk-mk,Dynamite,"Динамит"
en-gb,mk-mk,E-mail,"Електронско писмо"
en-gb,mk-mk,Ear,"Звучна дупка"
en-gb,mk-mk,Earnings,"Профит"
en-gb,mk-mk,Ears,"Звучна дупка"
en-gb,mk-mk,Earth,"Земја"
en-gb,mk-mk,Earthen,"Земја"
en-gb,mk-mk,Earthquake,"Земјотрес"
en-gb,mk-mk,Earthquakes,"Земјотрес"
en-gb,mk-mk,Easter,"Велигден"
en-gb,mk-mk,Echo,"Ехо"
en-gb,mk-mk,Ecology,"Екологија"
en-gb,mk-mk,Economics,"Економија"
en-gb,mk-mk,Economy,"Еконо.3B.D0.BC.D0.B8.D1.98.D0.B0"
en-gb,mk-mk,Economy,"Економија"
en-gb,mk-mk,Eczema,"Дерматит"
en-gb,mk-mk,Educate,"Образование"
en-gb,mk-mk,Education,"Образование"
en-gb,mk-mk,Egg,"Јајце клетка"
en-gb,mk-mk,Egypt,"Египет"
en-gb,mk-mk,Election,"Избори"
en-gb,mk-mk,Electrolysis,"Електролиза"
en-gb,mk-mk,Electron,"Електрон"
en-gb,mk-mk,Electronic,"Електроника"
en-gb,mk-mk,Electronics,"Електроника"
en-gb,mk-mk,Electrosis,"Електролиза"
en-gb,mk-mk,Elephant,Слон
en-gb,mk-mk,Email,"Електронско писмо"
en-gb,mk-mk,Emancipation,"Еманципација"
en-gb,mk-mk,Embodiment,"Персонификација"
en-gb,mk-mk,Emotion,"Емоција"
en-gb,mk-mk,Emotion,"Чувство"
en-gb,mk-mk,Emotionally,"Емоција"
en-gb,mk-mk,Emotionally,"Чувство"
en-gb,mk-mk,Emperor,"Кајзер"
en-gb,mk-mk,Encyclopaedia,"Енциклопедија"
en-gb,mk-mk,Encyclopedia,"Енциклопедија"
en-gb,mk-mk,Ends,"Листа на падежи"
en-gb,mk-mk,Ends,"Падеж"
en-gb,mk-mk,Energy,"Енергија"
en-gb,mk-mk,Engine,"Локомотива"
en-gb,mk-mk,Engineering,"Инженеринг"
en-gb,mk-mk,Engineering,"Инженерство"
en-gb,mk-mk,England,"Англија"
en-gb,mk-mk,English,"Англиски јазик"
en-gb,mk-mk,Englishman,"Англиски јазик"
en-gb,mk-mk,Ennui,"Досада"
en-gb,mk-mk,Ensemble,"Множество"
en-gb,mk-mk,Entertainment,"Рекреација"
en-gb,mk-mk,Enthalpy,"Енталпија"
en-gb,mk-mk,Environment,"Природа"
en-gb,mk-mk,Enzyme,"Ензим"
en-gb,mk-mk,Equator,"Еквадор"
en-gb,mk-mk,Equator,"Екватор"
en-gb,mk-mk,Equatot,"Еквадор"
en-gb,mk-mk,Equatot,"Екватор"
en-gb,mk-mk,Equilateral,"Рамностран многуаголник"
en-gb,mk-mk,Essay,"Есеј"
en-gb,mk-mk,Ester,"Естер"
en-gb,mk-mk,Ester,"Естерификација"
en-gb,mk-mk,Estimate,"Збор"
en-gb,mk-mk,Estonia,"Естонија"
en-gb,mk-mk,Estonian,"Естонски јазик"
en-gb,mk-mk,Ethic,"Етика"
en-gb,mk-mk,Ethical,"Етика"
en-gb,mk-mk,Ethics,"Етика"
en-gb,mk-mk,Ethiopia,"Етиопија"
en-gb,mk-mk,Euphrates,"Еуфрат"
en-gb,mk-mk,Europa,"Европа"
en-gb,mk-mk,Europe,"Источна Европа"
en-gb,mk-mk,Event,"Листа на падежи"
en-gb,mk-mk,Event,"Падеж"
en-gb,mk-mk,Events,"Листа на падежи"
en-gb,mk-mk,Events,"Падеж"
en-gb,mk-mk,Ever,"Ден"
en-gb,mk-mk,Evolution,"Еволутивна биологија"
en-gb,mk-mk,Evolution,"Еволуција"
en-gb,mk-mk,Exchange,"Берза"
en-gb,mk-mk,Exchequer,"Шаховска табла"
en-gb,mk-mk,Excommunication,"Анатема"
en-gb,mk-mk,Exobiology,"Астробиологија"
en-gb,mk-mk,Experiment,"Есеј"
en-gb,mk-mk,Explosive,"Експлозив"
en-gb,mk-mk,Eye,"Око"
en-gb,mk-mk,Eyelid,"Клепач"
en-gb,mk-mk,Fabric,"Структура"
en-gb,mk-mk,Facsimile,"Размножување"
en-gb,mk-mk,Fag,"Цигара"
en-gb,mk-mk,Falchion,"Срп"
en-gb,mk-mk,Falconry,"Соколарство"
en-gb,mk-mk,Fall,"Есен"
en-gb,mk-mk,Fancier,"Аматер"
en-gb,mk-mk,Fang,"Заб"
en-gb,mk-mk,Far,"Знаење"
en-gb,mk-mk,Farming,"Земјоделство"
en-gb,mk-mk,Farmland,Село
en-gb,mk-mk,Fascism,"Фашизам"
en-gb,mk-mk,Fast,"Пост"
en-gb,mk-mk,Fat,"Липид"
en-gb,mk-mk,February,"Февруари"
en-gb,mk-mk,Fecundation,"Оплодување"
en-gb,mk-mk,Fee,"Право"
en-gb,mk-mk,Fee,"ֿנאגמ"
en-gb,mk-mk,Fellow,"Множество"
en-gb,mk-mk,Fellow-thinker,"Партизан"
en-gb,mk-mk,Feminism,Феминизам
en-gb,mk-mk,Fertilization,"Оплодување"
en-gb,mk-mk,Fibers,"Целулоза"
en-gb,mk-mk,Fiddle,"Виолина"
en-gb,mk-mk,Fiddle,"Здравје"
en-gb,mk-mk,Field,Село
en-gb,mk-mk,Fiend,"Ѓавол"
en-gb,mk-mk,Film,Филм
en-gb,mk-mk,Finland,"Финска"
en-gb,mk-mk,Finnish,"Фински јазик"
en-gb,mk-mk,Finns,"Фински јазик"
en-gb,mk-mk,Fireguard,"Огнен ѕид"
en-gb,mk-mk,Firewall,"Огнен ѕид"
en-gb,mk-mk,Fish,"Риби"
en-gb,mk-mk,Fishes,"Риби"
en-gb,mk-mk,Fishes,"Уредување на Риби"
en-gb,mk-mk,Fit,"Здравје"
en-gb,mk-mk,Fit,"Стапка"
en-gb,mk-mk,Flamethrower,"Пламенофрлач"
en-gb,mk-mk,Flap,"Рабат"
en-gb,mk-mk,Flock,"Маса"
en-gb,mk-mk,Flood,"Поплава"
en-gb,mk-mk,Floor,"Почва"
en-gb,mk-mk,Floor,"Солидус"
en-gb,mk-mk,Florida,"Флорида"
en-gb,mk-mk,Flower,"Цвет"
en-gb,mk-mk,Fluid,"Флуид"
en-gb,mk-mk,Fluoride,"Флуор"
en-gb,mk-mk,Fluorine,"Флуор"
en-gb,mk-mk,Flute,"Флејта"
en-gb,mk-mk,Foam,"Мов"
en-gb,mk-mk,Focus,"Концентрација"
en-gb,mk-mk,Fog,"Мaгла"
en-gb,mk-mk,Foil,"Лист"
en-gb,mk-mk,Folklore,"Фолклор"
en-gb,mk-mk,Follower,"Партизан"
en-gb,mk-mk,Food,"Храна"
en-gb,mk-mk,Food-chain,"Ланец на исхрана"
en-gb,mk-mk,Foot,"Стапка"
en-gb,mk-mk,Foot-hill,"Дирек"
en-gb,mk-mk,Football,"Фудбал"
en-gb,mk-mk,Foothill,"Дирек"
en-gb,mk-mk,Force,Сила
en-gb,mk-mk,Formality,"Церемонија"
en-gb,mk-mk,Forming,"Устав"
en-gb,mk-mk,Fossil,"Фосил"
en-gb,mk-mk,Fowl,"Живина"
en-gb,mk-mk,Fowl,"Птици"
en-gb,mk-mk,Framework,"Структура"
en-gb,mk-mk,France,"Франција"
en-gb,mk-mk,Freeing,"Еманципација"
en-gb,mk-mk,French,"Француски јазик"
en-gb,mk-mk,Frenchman,"Македонски"
en-gb,mk-mk,Frenchman,"Француски јазик"
en-gb,mk-mk,Frenchy,"Македонски"
en-gb,mk-mk,Frenchy,"Француски јазик"
en-gb,mk-mk,Frequency,"Фреквенција"
en-gb,mk-mk,Fresco,"Фреска"
en-gb,mk-mk,Fresh,"Зелена боја"
en-gb,mk-mk,Fresh-water,"Питка вода"
en-gb,mk-mk,Freshwater,"Вода"
en-gb,mk-mk,Freshwater,"Питка вода"
en-gb,mk-mk,Friday,"Петок"
en-gb,mk-mk,Friesland,"Фриз"
en-gb,mk-mk,Frieze,"Фриз"
en-gb,mk-mk,Frolic,"Рекреација"
en-gb,mk-mk,Fronton,"Фронтон"
en-gb,mk-mk,Fructose,"Фруктоза"
en-gb,mk-mk,Fuck,"Бакнеж"
en-gb,mk-mk,Fundamental,"Радикал"
en-gb,mk-mk,Fur,"Кожа"
en-gb,mk-mk,Fur,"Крзно"
en-gb,mk-mk,G,"Почва"
en-gb,mk-mk,G,"Солидус"
en-gb,mk-mk,Gain,"Профит"
en-gb,mk-mk,Galaxy,"Галаксија"
en-gb,mk-mk,Galaxy,"Млечен пат"
en-gb,mk-mk,Game,"Игри"
en-gb,mk-mk,Games,"Спорт"
en-gb,mk-mk,Gamete,"Гамета"
en-gb,mk-mk,Gap,"Игри"
en-gb,mk-mk,Gap,"Простор"
en-gb,mk-mk,Gardener,"Градинар"
en-gb,mk-mk,Gardening,"Градинар"
en-gb,mk-mk,Gardens,"Градски парк"
en-gb,mk-mk,Garret,"Мансарда"
en-gb,mk-mk,Gas,"Гас"
en-gb,mk-mk,Gases,"Гас"
en-gb,mk-mk,Gear,"Запченик"
en-gb,mk-mk,Gemini,"Близнаци"
en-gb,mk-mk,Gene,"Ген"
en-gb,mk-mk,Generalship,"Воена тактика"
en-gb,mk-mk,Generalship,"Дипломатија"
en-gb,mk-mk,Genetic,"Генетика"
en-gb,mk-mk,Genetics,"Генетика"
en-gb,mk-mk,Genitive,"Генитив"
en-gb,mk-mk,Genotype,"Генотип"
en-gb,mk-mk,Genuinely,"Вистина"
en-gb,mk-mk,Geography,"Географија"
en-gb,mk-mk,Geometry,"Геометрија"
en-gb,mk-mk,Georgia,"Џорџија"
en-gb,mk-mk,Georgia,"Грузија"
en-gb,mk-mk,German,"Германски јазик"
en-gb,mk-mk,Germany,"Германија"
en-gb,mk-mk,Ghana,"Гана"
en-gb,mk-mk,Gill,"Жабри"
en-gb,mk-mk,Gill,"Пинта"
en-gb,mk-mk,Gipsy,"Роми"
en-gb,mk-mk,Girth,"Обиколка"
en-gb,mk-mk,Gland,"Жлезда"
en-gb,mk-mk,Glass,"Стакло"
en-gb,mk-mk,Gleam,"Радиус"
en-gb,mk-mk,Glib,"Флуид"
en-gb,mk-mk,Globalization,"Глобализација"
en-gb,mk-mk,Glucose,"Глукоза"
en-gb,mk-mk,Glycoprotein,"Гликопротеин"
en-gb,mk-mk,Gneiss,"Гнајс"
en-gb,mk-mk,God,"Бог"
en-gb,mk-mk,Gold,"Злато"
en-gb,mk-mk,Gonad,"Гонада"
en-gb,mk-mk,Gospel,"Евангелие"
en-gb,mk-mk,Grain,"Жито"
en-gb,mk-mk,Granada,"Гренада"
en-gb,mk-mk,Grant,"Берза"
en-gb,mk-mk,Greece,"Грција"
en-gb,mk-mk,Greedhead,"Граблива птица"
en-gb,mk-mk,Greek,"Грчки јазик"
en-gb,mk-mk,Green,"Зелена боја"
en-gb,mk-mk,Greenland,"Гренланд"
en-gb,mk-mk,Grenada,"Гренада"
en-gb,mk-mk,Grenade,"Гренада"
en-gb,mk-mk,Greyhound,"Загар"
en-gb,mk-mk,Grotto,"Пештера"
en-gb,mk-mk,Ground,"Земја"
en-gb,mk-mk,Group,"Множество"
en-gb,mk-mk,Growing,"Култура"
en-gb,mk-mk,Growing,"Образование"
en-gb,mk-mk,Growth,"Раст"
en-gb,mk-mk,Guadeloupe,"Гвадалупе"
en-gb,mk-mk,Guatemala,"Гватемала"
en-gb,mk-mk,Guess,"Нос"
en-gb,mk-mk,Guinea-pig,"Морско прасе"
en-gb,mk-mk,Guitar,"Гитара"
en-gb,mk-mk,Gullet,"Хранопровод"
en-gb,mk-mk,Gunpowder,"Барут"
en-gb,mk-mk,Gypsy,"Роми"
en-gb,mk-mk,Haemoglobin,Хемоглобин
en-gb,mk-mk,Haft,"Ламанш"
en-gb,mk-mk,Haiti,"Хаити"
en-gb,mk-mk,Half-timbering,"Фахверк"
en-gb,mk-mk,Hallucination,"Халуцинација"
en-gb,mk-mk,Hamburg,"Хамбург"
en-gb,mk-mk,Handle,"Ламанш"
en-gb,mk-mk,Handshake,"Ракување"
en-gb,mk-mk,Hardiness,Сила
en-gb,mk-mk,Hardware,"Хардвер"
en-gb,mk-mk,Hardwood,"Тврдо дрво"
en-gb,mk-mk,Hardy,"Земја"
en-gb,mk-mk,Harmless,"Бенин"
en-gb,mk-mk,Harpsichord,Чембало
en-gb,mk-mk,Havana,Хавана
en-gb,mk-mk,Hawaii,Хаваи
en-gb,mk-mk,Hawk,"Граблива птица"
en-gb,mk-mk,Health,"Здравје"
en-gb,mk-mk,Health-wise,"Здравје"
en-gb,mk-mk,Healthy,"Здравје"
en-gb,mk-mk,Heap,"Маса"
en-gb,mk-mk,Hearing,"Звучна дупка"
en-gb,mk-mk,Heart,"Срце"
en-gb,mk-mk,Heart-shaped,"Срце"
en-gb,mk-mk,Hearts,"Срце"
en-gb,mk-mk,Heat,"Температура"
en-gb,mk-mk,Heeltap,"Дирек"
en-gb,mk-mk,Height,"Срце"
en-gb,mk-mk,Helium,"Хелиум"
en-gb,mk-mk,Hemoglobin,Хемоглобин
en-gb,mk-mk,Hepatic,"Талусен мов"
en-gb,mk-mk,Hepatitis,"Хепатит"
en-gb,mk-mk,Her,"Звук"
en-gb,mk-mk,Heraldic,"Хералдика"
en-gb,mk-mk,Hermaphrodite,"Андрогена личност"
en-gb,mk-mk,Hermaphrodite,"Андрогина личност"
en-gb,mk-mk,Hermes,"Хермес"
en-gb,mk-mk,Hertz,"Херц"
en-gb,mk-mk,Heterosexuality,"Хетеросексуалност"
en-gb,mk-mk,Hide,"Кожа"
en-gb,mk-mk,Highway,"Пат"
en-gb,mk-mk,Himalayas,Хималаи
en-gb,mk-mk,Hippocrates,"Хипократ"
en-gb,mk-mk,His,"Звук"
en-gb,mk-mk,Histogram,"Хистограм"
en-gb,mk-mk,History,"Историја"
en-gb,mk-mk,Holocaust,"Холокауст"
en-gb,mk-mk,Holocene,"Холоцен"
en-gb,mk-mk,Homer,"Хомер"
en-gb,mk-mk,Homophobia,"Хомофобија"
en-gb,mk-mk,Homosexuality,"Хомосексуалност"
en-gb,mk-mk,Honduras,"Хондурас"
en-gb,mk-mk,Hongkong,"Хонг Конг"
en-gb,mk-mk,Hoplite,"Хоплит"
en-gb,mk-mk,Hormone,"Хормони"
en-gb,mk-mk,Horse,"Коњ"
en-gb,mk-mk,Horsewoman,"Амазон"
en-gb,mk-mk,Horticulture,"Хортикултура"
en-gb,mk-mk,Hourly,"Временска зона"
en-gb,mk-mk,Humanism,"Хуманизам"
en-gb,mk-mk,Humorist,"Комичар"
en-gb,mk-mk,Hunch,"Хипотеза"
en-gb,mk-mk,Hungarian,"Унгарски јазик"
en-gb,mk-mk,Hungary,"Унгарија"
en-gb,mk-mk,Hydrocarbon,"Јаглеводород"
en-gb,mk-mk,Hydrogen,"Водород"
en-gb,mk-mk,Hydrolysis,"Хидролиза"
en-gb,mk-mk,Hydrometer,"Ареометар"
en-gb,mk-mk,Hydrosphera,"Хидросфера"
en-gb,mk-mk,Hydrosphere,"Хидросфера"
en-gb,mk-mk,Hyperbola,"Хипербола"
en-gb,mk-mk,Hyperbole,"Хипербола"
en-gb,mk-mk,Hypotenuse,"Хипотенуза"
en-gb,mk-mk,Hypothesis,"Хипотеза"
en-gb,mk-mk,Iberian,"Шпанија"
en-gb,mk-mk,Iceland,"Исланд"
en-gb,mk-mk,Icelandic,"Исланд"
en-gb,mk-mk,Icon,"Икона"
en-gb,mk-mk,Icon,"Икони"
en-gb,mk-mk,Idea,"Идеја"
en-gb,mk-mk,Idealism,"Идеализам"
en-gb,mk-mk,Ideology,"Идеологија"
en-gb,mk-mk,Illuminations,"Илуминации"
en-gb,mk-mk,Illusion,"Илузија"
en-gb,mk-mk,Imperialism,"Империјализам"
en-gb,mk-mk,Impetus,"Транспорт"
en-gb,mk-mk,Implication,"Материјална импликација"
en-gb,mk-mk,Implosion,"Имплозија"
en-gb,mk-mk,Impregnation,"Оплодување"
en-gb,mk-mk,Incentive,"Мотивација"
en-gb,mk-mk,Inch,"Инч"
en-gb,mk-mk,Inchtape,"Сантиметар"
en-gb,mk-mk,Independence,"Независност"
en-gb,mk-mk,India,"Индија"
en-gb,mk-mk,Indium,"Индиум"
en-gb,mk-mk,Indo-China,"Индокина"
en-gb,mk-mk,Industry,"Индустрија"
en-gb,mk-mk,Infantry,"Пешадија"
en-gb,mk-mk,Infarction,"Срцев напад"
en-gb,mk-mk,Inflation,"Инфлација"
en-gb,mk-mk,Influence,"Власт"
en-gb,mk-mk,Informatics,"Информатика"
en-gb,mk-mk,Information,"Информација"
en-gb,mk-mk,Inquiry,"Информација"
en-gb,mk-mk,Insect,"Инсект"
en-gb,mk-mk,Institution,"Институција"
en-gb,mk-mk,Integral,"Интеграл"
en-gb,mk-mk,Internet,"Интернет"
en-gb,mk-mk,Intifada,"Интифада"
en-gb,mk-mk,Intranet,"Интранет"
en-gb,mk-mk,Inundation,"Поплава"
en-gb,mk-mk,Involvement,"Материјална импликација"
en-gb,mk-mk,Iodine,"Јод"
en-gb,mk-mk,Ion,"Јон"
en-gb,mk-mk,Ionosphere,"Јоносфера"
en-gb,mk-mk,Iran,"Иран"
en-gb,mk-mk,Iran,"Персиско царство"
en-gb,mk-mk,Iraq,"Ирак"
en-gb,mk-mk,Ireland,"Северна Ирска"
en-gb,mk-mk,Iris,"Дијафрагма"
en-gb,mk-mk,Irish,"Ирски јазик"
en-gb,mk-mk,Irishman,"Ирски јазик"
en-gb,mk-mk,Iron,"Железо"
en-gb,mk-mk,Islam,"Ислам"
en-gb,mk-mk,Island,"Остров"
en-gb,mk-mk,Isle,"Остров"
en-gb,mk-mk,Isotope,"Изотоп"
en-gb,mk-mk,Isotopes,"Изотоп"
en-gb,mk-mk,Israel,"Израел"
en-gb,mk-mk,Issue,"Дистрибуција"
en-gb,mk-mk,Italian,"Италијански јазик"
en-gb,mk-mk,Italy,"Италија"
en-gb,mk-mk,Jamaica,"Јамајка"
en-gb,mk-mk,January,"Јануари"
en-gb,mk-mk,Japanese,"Јапонски јазик"
en-gb,mk-mk,Java,"Јава"
en-gb,mk-mk,Jeans,"Апостол Јован"
en-gb,mk-mk,Jerusalem,"Ерусалим"
en-gb,mk-mk,Jesus,"Исус Христос"
en-gb,mk-mk,Jew,"Евреи"
en-gb,mk-mk,Jig,"Гига"
en-gb,mk-mk,Jingoism,Шовинизам
en-gb,mk-mk,Jitter,"Гига"
en-gb,mk-mk,Job,"Историја"
en-gb,mk-mk,Jordan,"Јордан"
en-gb,mk-mk,Journalism,"Журнализам"
en-gb,mk-mk,Journalism,"Новинарство"
en-gb,mk-mk,Jove,"Јупитер"
en-gb,mk-mk,June,"Јуни"
en-gb,mk-mk,Jupiter,"Јупитер"
en-gb,mk-mk,Jurisprudence,"Право"
en-gb,mk-mk,Jurisprudence,"ֿנאגמ"
en-gb,mk-mk,Kampuchea,"Камбоџа"
en-gb,mk-mk,Karate,"Карате"
en-gb,mk-mk,Keen,"Аматер"
en-gb,mk-mk,Keep,"Храна"
en-gb,mk-mk,Kelvin,"Келвин"
en-gb,mk-mk,Kenya,"Кенија"
en-gb,mk-mk,Kernel,"Клеточно јадро"
en-gb,mk-mk,Ketone,"Кетон"
en-gb,mk-mk,Key,"Клуч"
en-gb,mk-mk,Kilo,"Килограм"
en-gb,mk-mk,Kilogram,"Килограм"
en-gb,mk-mk,Kilometer,"Километар"
en-gb,mk-mk,Kilometre,"Километар"
en-gb,mk-mk,Kind-hearted,"Срце"
en-gb,mk-mk,Kirk,"Црква"
en-gb,mk-mk,Kiss,"Бакнеж"
en-gb,mk-mk,Kite,"Милано"
en-gb,mk-mk,Kitten,"Реса"
en-gb,mk-mk,Kitty,"Реса"
en-gb,mk-mk,Knowing,"Знаење"
en-gb,mk-mk,Knowledge,"Знаење"
en-gb,mk-mk,Knuckle,"Глушец"
en-gb,mk-mk,Koala,"Коала"
en-gb,mk-mk,Kola,"Кола"
en-gb,mk-mk,Koran,"Куран"
en-gb,mk-mk,Korea,"Кореја"
en-gb,mk-mk,Kurdistan,"Курдистан"
en-gb,mk-mk,Labor,"Работничка класа"
en-gb,mk-mk,Labour,"Работничка класа"
en-gb,mk-mk,Labyrinth,"Дедал"
en-gb,mk-mk,Lactose,"Лактоза"
en-gb,mk-mk,Lady,"Девица"
en-gb,mk-mk,Lake,"Езеро"
en-gb,mk-mk,Lan,"Локална мрежа"
en-gb,mk-mk,Land,"Земја"
en-gb,mk-mk,Landscape,"Пејзажно сликарство"
en-gb,mk-mk,Lane,"Пат"
en-gb,mk-mk,Language,"Јазик"
en-gb,mk-mk,Laos,"Лаос"
en-gb,mk-mk,Larynx,"Грклан"
en-gb,mk-mk,Laser,"Ласер"
en-gb,mk-mk,Lather,"Мов"
en-gb,mk-mk,Latin,"Латински јазик"
en-gb,mk-mk,Latitude,"Латитуда"
en-gb,mk-mk,Latvia,"Латвија"
en-gb,mk-mk,Latvian,"Латвиски јазик"
en-gb,mk-mk,Law,"Право"
en-gb,mk-mk,Lawful,"Право"
en-gb,mk-mk,Lay,"Бакнеж"
en-gb,mk-mk,Leadership,"Харизма"
en-gb,mk-mk,Leaf,"Лист"
en-gb,mk-mk,Leafy,"Листопадни растенија"
en-gb,mk-mk,Lebanon,"Либан"
en-gb,mk-mk,Lecture,"Комуникација"
en-gb,mk-mk,Ledge,"Корниз"
en-gb,mk-mk,Left,"Левица"
en-gb,mk-mk,Legend,"Легенда"
en-gb,mk-mk,Legislature,"Законодавна власт"
en-gb,mk-mk,Legitimate,"Логика"
en-gb,mk-mk,Leo,"Лав"
en-gb,mk-mk,Lesbianism,"Лезбејка"
en-gb,mk-mk,Lett,"Латвиски јазик"
en-gb,mk-mk,Letter,"Буква"
en-gb,mk-mk,Letterpress,"Текст"
en-gb,mk-mk,Lettish,"Латвиски јазик"
en-gb,mk-mk,Leucocyte,"Леукоцит"
en-gb,mk-mk,Leukaemia,"Леукемија"
en-gb,mk-mk,Leukemia,"Леукемија"
en-gb,mk-mk,Leukocyte,"Леукоцит"
en-gb,mk-mk,Libel,"Безобразлук"
en-gb,mk-mk,Libelling,"Безобразлук"
en-gb,mk-mk,Liberalism,"Либерализам"
en-gb,mk-mk,Liberation,"Еманципација"
en-gb,mk-mk,Liberia,"Либерија"
en-gb,mk-mk,Libya,"Либија"
en-gb,mk-mk,Lichen,"Лишаи"
en-gb,mk-mk,Liechtenstein,"Лихтенштајн"
en-gb,mk-mk,Life,"Живот"
en-gb,mk-mk,Light,"Светлина"
en-gb,mk-mk,Light-heartedly,"Срце"
en-gb,mk-mk,Light-year,"Светлосна година"
en-gb,mk-mk,Limnology,"Лимнологија"
en-gb,mk-mk,Linguistic,"Лингвистика"
en-gb,mk-mk,Linguistics,"Лингвистика"
en-gb,mk-mk,Lion,"Лав"
en-gb,mk-mk,Lipid,"Липид"
en-gb,mk-mk,Liquid,"Течност"
en-gb,mk-mk,Liter,"Литар"
en-gb,mk-mk,Literature,"Литература"
en-gb,mk-mk,Lithium,"Литиум"
en-gb,mk-mk,Lithuania,"Литванија"
en-gb,mk-mk,Lithuanian,"Литвански јазик"
en-gb,mk-mk,Litre,"Литар"
en-gb,mk-mk,Little,"Количество"
en-gb,mk-mk,Liveliness,"Анимација"
en-gb,mk-mk,Liver,"Црн дроб"
en-gb,mk-mk,Lizard,"Гуштер"
en-gb,mk-mk,Loaf,"Леб"
en-gb,mk-mk,Loch,"Езеро"
en-gb,mk-mk,Lock,"Клуч"
en-gb,mk-mk,Locomotive,"Локомотива"
en-gb,mk-mk,Lode,"Вена"
en-gb,mk-mk,Loft,"Поткровје"
en-gb,mk-mk,Logic,"Логика"
en-gb,mk-mk,Logical,"Логика"
en-gb,mk-mk,Long-range,"Радиус"
en-gb,mk-mk,Loose,"Мебел"
en-gb,mk-mk,Lord,"Лорд"
en-gb,mk-mk,Louisiana,"Луизијана"
en-gb,mk-mk,Love,"Љубов"
en-gb,mk-mk,Lover,"Аматер"
en-gb,mk-mk,Low-level,"Бенин"
en-gb,mk-mk,Luminescence,"Луминисценција"
en-gb,mk-mk,Lung,"Бел дроб"
en-gb,mk-mk,Luxembourg,"Луксембург"
en-gb,mk-mk,Lymph,"Лимфа"
en-gb,mk-mk,Lympocyte,"Лимфоцит"
en-gb,mk-mk,Lynx,"Рис"
en-gb,mk-mk,Lysosome,"Лизозом"
en-gb,mk-mk,MAGIC,"Магија"
en-gb,mk-mk,ME,"Мејн"
en-gb,mk-mk,Mace,"Маса"
en-gb,mk-mk,Macedonia,"Македонија"
en-gb,mk-mk,Macedonia,"Република Македонија"
en-gb,mk-mk,Macedonia,"Римска провинција Македонија"
en-gb,mk-mk,Macedonian,"Македонски јазик"
en-gb,mk-mk,Madagascar,"Мадагаскар"
en-gb,mk-mk,Madonna,"Девица"
en-gb,mk-mk,Madrid,"Мадрид"
en-gb,mk-mk,Maestro,"Процесор"
en-gb,mk-mk,Magic,"Магија"
en-gb,mk-mk,Magnesium,"Магнезиум"
en-gb,mk-mk,Malawi,"Малави"
en-gb,mk-mk,Malaysia,"Малезија"
en-gb,mk-mk,Mali,"Мали"
en-gb,mk-mk,Malta,"Малта"
en-gb,mk-mk,Mammal,"Цицачи"
en-gb,mk-mk,Mammate,"Цицач"
en-gb,mk-mk,Mammate,"Цицачи"
en-gb,mk-mk,Manganese,"Манган"
en-gb,mk-mk,Manila,"Манила"
en-gb,mk-mk,Manor,"Велепоседничка куќа"
en-gb,mk-mk,Manor-house,"Велепоседничка куќа"
en-gb,mk-mk,March,"Марс"
en-gb,mk-mk,Marcus,"Апостол Марко"
en-gb,mk-mk,Maria,"Море"
en-gb,mk-mk,Market,"Берза"
en-gb,mk-mk,Marketing,"Маркетинг"
en-gb,mk-mk,Marriage,"Брак"
en-gb,mk-mk,Mars,"Марс"
en-gb,mk-mk,Marxism,"Марксизам"
en-gb,mk-mk,Mass,"Маса"
en-gb,mk-mk,Masturbation,"Мастурбација"
en-gb,mk-mk,Materialism,"Материјализам"
en-gb,mk-mk,Materiel,"Материја"
en-gb,mk-mk,Materiel,"Супстанција"
en-gb,mk-mk,Mathematics,"Математика"
en-gb,mk-mk,Matrimony,"Брак"
en-gb,mk-mk,Matter,"Материја"
en-gb,mk-mk,Matter,"Супстанција"
en-gb,mk-mk,Mauritania,"Мавританија"
en-gb,mk-mk,Mauritius,"Маврициус"
en-gb,mk-mk,May,"Цвет"
en-gb,mk-mk,Mayor,"Градоначалник"
en-gb,mk-mk,Mayoress,"Градоначалник"
en-gb,mk-mk,Maze,"Дедал"
en-gb,mk-mk,Meal,"Храна"
en-gb,mk-mk,Meals,"Храна"
en-gb,mk-mk,Mechanical,"Механика"
en-gb,mk-mk,Mechanics,"Механика"
en-gb,mk-mk,Medic,"Здравје"
en-gb,mk-mk,Medic,"Медицина"
en-gb,mk-mk,Medicine,"Медицина"
en-gb,mk-mk,Meditation,"Медитација"
en-gb,mk-mk,Medlar,"Мушмула"
en-gb,mk-mk,Medley,"Смеса"
en-gb,mk-mk,Meiosis,"Мејоза"
en-gb,mk-mk,Member,"Партизан"
en-gb,mk-mk,Memoir,"Монографија"
en-gb,mk-mk,Memorize,"Срце"
en-gb,mk-mk,Menopause,"Менопауза"
en-gb,mk-mk,Mercury,"Меркур"
en-gb,mk-mk,Mesosphere,"Мезосфера"
en-gb,mk-mk,Messy,"Комплекс"
en-gb,mk-mk,Metabolism,"Метаболизам"
en-gb,mk-mk,Metal,"Метал"
en-gb,mk-mk,Metaphor,"Метафора"
en-gb,mk-mk,Metaphysics,"Метафизика"
en-gb,mk-mk,Methane,"Метан"
en-gb,mk-mk,Mexico,"Мексико"
en-gb,mk-mk,Mica,"Микашист"
en-gb,mk-mk,Micaschiste,"Шкрилец"
en-gb,mk-mk,Mice,"Глушец"
en-gb,mk-mk,Microbiology,"Микробиологија"
en-gb,mk-mk,Microeconomics,"Микроекономија"
en-gb,mk-mk,Microorganism,"Едноклеточен организам"
en-gb,mk-mk,Microscope,"Електронски микроскоп"
en-gb,mk-mk,Microscope,"Светлински микроскоп"
en-gb,mk-mk,Microtubule,"Микротубула"
en-gb,mk-mk,Midday,"Попладне"
en-gb,mk-mk,Might,Сила
en-gb,mk-mk,Milan,"Милано"
en-gb,mk-mk,Mile,"Милја"
en-gb,mk-mk,Milk,"Млеко"
en-gb,mk-mk,Mind,"Концентрација"
en-gb,mk-mk,Mineral,"Минерал"
en-gb,mk-mk,Minor,"Бенин"
en-gb,mk-mk,Miscellany,"Смеса"
en-gb,mk-mk,Mississippi,"Мисисипи"
en-gb,mk-mk,Mist,"Мaгла"
en-gb,mk-mk,Mitochondrion,"Митохондрија"
en-gb,mk-mk,Mitosis,"Митоза"
en-gb,mk-mk,Mix,"Смеса"
en-gb,mk-mk,Mixing,"Смеса"
en-gb,mk-mk,Mixture,"Смеса"
en-gb,mk-mk,Mob,"Мафија"
en-gb,mk-mk,Moldavia,"Молдавија"
en-gb,mk-mk,Mole,"Мол"
en-gb,mk-mk,Molecule,"Молекула"
en-gb,mk-mk,Monaco,"Монако"
en-gb,mk-mk,Monarchy,"Монархија"
en-gb,mk-mk,Monday,"Понеделник"
en-gb,mk-mk,Money,"Пари"
en-gb,mk-mk,Mongol,"Монголија"
en-gb,mk-mk,Mongolia,"Монголија"
en-gb,mk-mk,Mongolian,"Монголија"
en-gb,mk-mk,Monitoring,"Анализа"
en-gb,mk-mk,Monitoring,"Математичка анализа"
en-gb,mk-mk,Monogram,"Монограм"
en-gb,mk-mk,Monomer,"Мономер"
en-gb,mk-mk,Monopoly,"Монопол"
en-gb,mk-mk,Montenegro,"Црна Гора"
en-gb,mk-mk,Month,"Месец"
en-gb,mk-mk,Moon,"Месечина"
en-gb,mk-mk,Morals,"Морал"
en-gb,mk-mk,Morocco,"Мароко"
en-gb,mk-mk,Morphology,"Морфологија"
en-gb,mk-mk,Moscow,"Москва"
en-gb,mk-mk,Mosque,"Џамија"
en-gb,mk-mk,Moss,"Мов"
en-gb,mk-mk,Mote,"Атом"
en-gb,mk-mk,Motivation,"Мотивација"
en-gb,mk-mk,Motor-car,"Автомобил"
en-gb,mk-mk,Motto,"Валута"
en-gb,mk-mk,Mound,"Тумул"
en-gb,mk-mk,Mountain,"Планина"
en-gb,mk-mk,Mouse,"Глушец"
en-gb,mk-mk,Mousse,"Мов"
en-gb,mk-mk,Mouth,"Усна празнина"
en-gb,mk-mk,Movie,Филм
en-gb,mk-mk,Multitude,"Маса"
en-gb,mk-mk,Munich,"Минхен"
en-gb,mk-mk,Municipality,"Општина"
en-gb,mk-mk,Muscle,"Мускул"
en-gb,mk-mk,Music,Тема
en-gb,mk-mk,Musical,"Мјузкл"
en-gb,mk-mk,Mycenae,"Микена"
en-gb,mk-mk,Myth,"Митови"
en-gb,mk-mk,Mythology,"Митологија"
en-gb,mk-mk,NY,"Њу Јорк"
en-gb,mk-mk,NY,"Њујорк"
en-gb,mk-mk,NY,"Њујорк Сити"
en-gb,mk-mk,NY,"Соединети Американски Држави"
en-gb,mk-mk,NYC,"Њу Јорк"
en-gb,mk-mk,NYC,"Њујорк"
en-gb,mk-mk,NYC,"Њујорк Сити"
en-gb,mk-mk,NYC,"Соединети Американски Држави"
en-gb,mk-mk,Name,"Имe"
en-gb,mk-mk,Namibia,"Намибија"
en-gb,mk-mk,Nationalism,"Национализам"
en-gb,mk-mk,Nationally,"Земја"
en-gb,mk-mk,Nature,"Природа"
en-gb,mk-mk,Naziism,"Нацизам"
en-gb,mk-mk,Nazism,"Нацизам"
en-gb,mk-mk,Neolithic,"Неолит"
en-gb,mk-mk,Neon,"Неон"
en-gb,mk-mk,Nepal,"Непал"
en-gb,mk-mk,Neptune,"Нептун"
en-gb,mk-mk,Nerve,"Нерв"
en-gb,mk-mk,Nerve-cell,"Неврон"
en-gb,mk-mk,Net,"Интернет"
en-gb,mk-mk,Netherlands,"Холандија"
en-gb,mk-mk,Neuron,"Неврон"
en-gb,mk-mk,Neurone,"Неврон"
en-gb,mk-mk,Neutralization,"Неутрализација"
en-gb,mk-mk,Neutron,"Неутрон"
en-gb,mk-mk,New-Zealand,"Нов Зеланд"
en-gb,mk-mk,News,"Расказ"
en-gb,mk-mk,Nicaragua,"Никарагва"
en-gb,mk-mk,Nick,"Виолина"
en-gb,mk-mk,Niger,"Нигер"
en-gb,mk-mk,Nigeria,"Нигерија"
en-gb,mk-mk,Night,"Ноќ"
en-gb,mk-mk,Night-time,"Ноќ"
en-gb,mk-mk,Nightcap,"Алкохолен пијалок"
en-gb,mk-mk,Nightfall,"Ноќ"
en-gb,mk-mk,Nihilism,"Нихилизам"
en-gb,mk-mk,Nile,"Нил"
en-gb,mk-mk,Nirvana,Nirvana
en-gb,mk-mk,Nitrogen,"Азот"
en-gb,mk-mk,Nobility,"Аристократија"
en-gb,mk-mk,Noise,"Звук"
en-gb,mk-mk,Non-professional,"Аматер"
en-gb,mk-mk,Noon,"Попладне"
en-gb,mk-mk,Noonday,"Попладне"
en-gb,mk-mk,Norman,"Викинзи"
en-gb,mk-mk,Norway,"Норвешка"
en-gb,mk-mk,Norwegian,"Норвешки јазик"
en-gb,mk-mk,Nose,"Нос"
en-gb,mk-mk,Notice,"Стапка"
en-gb,mk-mk,Notion,"Идеја"
en-gb,mk-mk,Noun,"Имe"
en-gb,mk-mk,Nourishment,"Храна"
en-gb,mk-mk,Novella,"Расказ"
en-gb,mk-mk,Now,"Злато"
en-gb,mk-mk,Nucleolus,"Јадренце"
en-gb,mk-mk,Nucleotide,"Нуклеотид"
en-gb,mk-mk,Nucleus,"Клеточно јадро"
en-gb,mk-mk,Nuke,"Атомска бомба"
en-gb,mk-mk,Number,"Број"
en-gb,mk-mk,Numbers,"Број"
en-gb,mk-mk,Numeral,"Број"
en-gb,mk-mk,Numismatics,"Нумизматика"
en-gb,mk-mk,Nurture,"Образование"
en-gb,mk-mk,Nurturing,"Образование"
en-gb,mk-mk,Nut,"Бадем"
en-gb,mk-mk,Occultism,"Окултизам"
en-gb,mk-mk,Ocean,"Океан"
en-gb,mk-mk,Oceania,"Океанија"
en-gb,mk-mk,Ocytocin,"Окситоцин"
en-gb,mk-mk,Oesophagus,"Хранопровод"
en-gb,mk-mk,Oestrogen,"Естрогени хормони"
en-gb,mk-mk,Oligopoly,"Олигопол"
en-gb,mk-mk,Onanism,"Мастурбација"
en-gb,mk-mk,Opera,"Опера"
en-gb,mk-mk,Operetta,"Оперета"
en-gb,mk-mk,Orange,"Орање"
en-gb,mk-mk,Orange-coloured,"Орање"
en-gb,mk-mk,Oration,"Говорништво"
en-gb,mk-mk,Ordinance,"Право"
en-gb,mk-mk,Ordnance,"Артилерија"
en-gb,mk-mk,Organ,"Орган"
en-gb,mk-mk,Organelle,"Органела"
en-gb,mk-mk,Orgasm,"Оргазам"
en-gb,mk-mk,Origami,"Оригами"
en-gb,mk-mk,Orthography,"Правопис"
en-gb,mk-mk,Os,"Коска"
en-gb,mk-mk,Osmosis,"Осмоза"
en-gb,mk-mk,Osmosis,"Осмотски притисок"
en-gb,mk-mk,Ounce,"Унца"
en-gb,mk-mk,Outboard,"Вонбродски мотор"
en-gb,mk-mk,Outlook,"Перспектива"
en-gb,mk-mk,Ovary,"Јајчник"
en-gb,mk-mk,Overlook,"Око"
en-gb,mk-mk,Ovule,"Јајце клетка"
en-gb,mk-mk,Ovum,"Јајце клетка"
en-gb,mk-mk,Ox,"Железо"
en-gb,mk-mk,Oxid,"Оксид"
en-gb,mk-mk,Oxide,"Оксид"
en-gb,mk-mk,Oxygen,"Кислород"
en-gb,mk-mk,Oxymoron,"Оксиморон"
en-gb,mk-mk,P.m.,"Попладне"
en-gb,mk-mk,Pacific,"Тихи Океан"
en-gb,mk-mk,Pakistan,"Пакистан"
en-gb,mk-mk,Palaeontology,"Палеонтологија"
en-gb,mk-mk,Palestine,"Палестина"
en-gb,mk-mk,Pancreas,"Панкреас"
en-gb,mk-mk,Pansy,"Мисла"
en-gb,mk-mk,Paper,"Комуникација"
en-gb,mk-mk,Paper,"Копија"
en-gb,mk-mk,Papers,"Документација"
en-gb,mk-mk,Paradigm,"Парадигма"
en-gb,mk-mk,Paradox,"Парадокс"
en-gb,mk-mk,Parapet,"Фронтон"
en-gb,mk-mk,Parlance,"Јазик"
en-gb,mk-mk,Participant,"Актер"
en-gb,mk-mk,Parting,"Раја"
en-gb,mk-mk,Partisan,"Партизан"
en-gb,mk-mk,Pasque-flower,Село
en-gb,mk-mk,Patriotism,"Патриотизам"
en-gb,mk-mk,Pavement,"Тротоар"
en-gb,mk-mk,Pediment,"Фронтон"
en-gb,mk-mk,Peek,"Око"
en-gb,mk-mk,Peer,"Око"
en-gb,mk-mk,Peiping,"Пекинг"
en-gb,mk-mk,Peking,"Пекинг"
en-gb,mk-mk,Pelt,"Кожа"
en-gb,mk-mk,Peninsula,"Полуостров"
en-gb,mk-mk,Penis,"Пенис"
en-gb,mk-mk,Pentecost,"Педесетница"
en-gb,mk-mk,Pentose,"Пентоза"
en-gb,mk-mk,Perimeter,"Периметар"
en-gb,mk-mk,Period,"Англиски јазик"
en-gb,mk-mk,Persia,"Персиско царство"
en-gb,mk-mk,Persian,"Персиски јазик"
en-gb,mk-mk,Persian,"Персиско царство"
en-gb,mk-mk,Persistence,"Непрекинатост на функција"
en-gb,mk-mk,Personification,"Персонификација"
en-gb,mk-mk,Perspective,"Перспектива"
en-gb,mk-mk,Peru,"Перу"
en-gb,mk-mk,Phalange,"Античка Македонска војска"
en-gb,mk-mk,Phalanx,"Античка Македонска војска"
en-gb,mk-mk,Pharynx,"Голтник"
en-gb,mk-mk,Phase,"Агрегатна состојба"
en-gb,mk-mk,Philology,"Филологија"
en-gb,mk-mk,Philosophy,"Филозофија"
en-gb,mk-mk,Philosophy,"Философија"
en-gb,mk-mk,Phoney,"Ветер"
en-gb,mk-mk,Phony,"Ветер"
en-gb,mk-mk,Phospholipid,"Фосфолипид"
en-gb,mk-mk,Phosphorus,"Фосфор"
en-gb,mk-mk,Photoluminescence,"Фотолуминисценција"
en-gb,mk-mk,Photosynthesis,"Фотосинтеза"
en-gb,mk-mk,Physical,Физика
en-gb,mk-mk,Physics,Физика
en-gb,mk-mk,Physiology,"Физиологија"
en-gb,mk-mk,Physique,"Устав"
en-gb,mk-mk,Physique,Физика
en-gb,mk-mk,Piano,"Клавир"
en-gb,mk-mk,Pictures,Филм
en-gb,mk-mk,Pictures,"Филмска уметност"
en-gb,mk-mk,Pile,"Маса"
en-gb,mk-mk,Pint,"Пинта"
en-gb,mk-mk,Pip,"Ѕвезда"
en-gb,mk-mk,Pip,"Цвет"
en-gb,mk-mk,Pipe,"Луле"
en-gb,mk-mk,Pisces,"Риби"
en-gb,mk-mk,Pisces,"Уредување на Риби"
en-gb,mk-mk,Pit,"Клеточно јадро"
en-gb,mk-mk,Plan,"Проект"
en-gb,mk-mk,Plane,"Авион"
en-gb,mk-mk,Planet,"Планета"
en-gb,mk-mk,Planets,"Планета"
en-gb,mk-mk,Plant,"Растенија"
en-gb,mk-mk,Plasmid,"Плазмид"
en-gb,mk-mk,Plastic,"Пластика"
en-gb,mk-mk,Platelet,"Тромбоцит"
en-gb,mk-mk,Plato,"Платон"
en-gb,mk-mk,Play,"Игри"
en-gb,mk-mk,Player,"Актер"
en-gb,mk-mk,Pluto,"Плутон"
en-gb,mk-mk,Poetry,"Поезија"
en-gb,mk-mk,Point,"Листа на падежи"
en-gb,mk-mk,Point,"Падеж"
en-gb,mk-mk,Poland,"Полска"
en-gb,mk-mk,Pole,"Полски јазик"
en-gb,mk-mk,Policy,"Политика"
en-gb,mk-mk,Polish,"Полски јазик"
en-gb,mk-mk,Political,"Политика"
en-gb,mk-mk,Politics,"Политика"
en-gb,mk-mk,Polymer,"Полимер"
en-gb,mk-mk,Pomace,"Апостол Марко"
en-gb,mk-mk,Pomegranate,"Гренада"
en-gb,mk-mk,Pontiff,"Папа"
en-gb,mk-mk,Pope,"Папа"
en-gb,mk-mk,Population,"Население"
en-gb,mk-mk,Portal,"Портико"
en-gb,mk-mk,Portico,"Портико"
en-gb,mk-mk,Portuguese,"Португалски јазик"
en-gb,mk-mk,Postwar,"Војна"
en-gb,mk-mk,Potassium,"Калиум"
en-gb,mk-mk,Potency,Сила
en-gb,mk-mk,Potpourri,"Смеса"
en-gb,mk-mk,Pouch,"Берза"
en-gb,mk-mk,Poultry,"Живина"
en-gb,mk-mk,Pound,"Британска Фунта"
en-gb,mk-mk,Power-boat,"Вонбродски мотор"
en-gb,mk-mk,Prague,"Прага"
en-gb,mk-mk,Predatory,"Граблива птица"
en-gb,mk-mk,Preexamination,"Информација"
en-gb,mk-mk,Premise,"Премиса"
en-gb,mk-mk,Premise,"Хипотеза"
en-gb,mk-mk,President,"Ректор"
en-gb,mk-mk,Pressure,"Притисок"
en-gb,mk-mk,Principal,"Капитал"
en-gb,mk-mk,Probe,"Есеј"
en-gb,mk-mk,Problem,"Расизам"
en-gb,mk-mk,Proceedings,"Церемонија"
en-gb,mk-mk,Processed,"Трактат"
en-gb,mk-mk,Profanity,"Безобразлук"
en-gb,mk-mk,Professor,"Процесор"
en-gb,mk-mk,Profit,"Профит"
en-gb,mk-mk,Project,"Проект"
en-gb,mk-mk,Prokaryotic,"Прокариотa"
en-gb,mk-mk,Prong,"Заб"
en-gb,mk-mk,Propaganda,"Пропаганда"
en-gb,mk-mk,Prose,"Проза"
en-gb,mk-mk,Prospect,"Перспектива"
en-gb,mk-mk,Prostate,"Простата"
en-gb,mk-mk,Protein,"Протеин"
en-gb,mk-mk,Proton,"Протон"
en-gb,mk-mk,Protozoa,"Праживотни"
en-gb,mk-mk,Protozoon,"Праживотни"
en-gb,mk-mk,Protractor,"Агломер"
en-gb,mk-mk,Provost,"Градоначалник"
en-gb,mk-mk,Provost,"Ректор"
en-gb,mk-mk,Prussia,"Прусија"
en-gb,mk-mk,Psychology,"Психологија"
en-gb,mk-mk,Pt.,"Пинта"
en-gb,mk-mk,Publicity,"Пропаганда"
en-gb,mk-mk,Puff,"Живот"
en-gb,mk-mk,Puma,"Пума"
en-gb,mk-mk,Punch,"Енергија"
en-gb,mk-mk,Pure,"Бела боја"
en-gb,mk-mk,Pyramid,"Пирамида"
en-gb,mk-mk,Quadrangle,"Четириаголник"
en-gb,mk-mk,Quadrilateral,"Четириаголник"
en-gb,mk-mk,Quake,"Земјотрес"
en-gb,mk-mk,Quantity,"Количество"
en-gb,mk-mk,Quark,"Кварк"
en-gb,mk-mk,Quarry,"Дивеч"
en-gb,mk-mk,Quartz,"Кварц"
en-gb,mk-mk,Quicksilver,"Меркур"
en-gb,mk-mk,Quid,"Британска Фунта"
en-gb,mk-mk,Quip,"Сарказам"
en-gb,mk-mk,RNA,"РНК"
en-gb,mk-mk,ROM,"ROM меморија"
en-gb,mk-mk,Rabato,"Рабат"
en-gb,mk-mk,Racialism,"Расизам"
en-gb,mk-mk,Racism,"Расизам"
en-gb,mk-mk,Rackets,"Вистински тенис"
en-gb,mk-mk,Radical,"Радикал"
en-gb,mk-mk,Radius,"Радиус"
en-gb,mk-mk,Radix,"База"
en-gb,mk-mk,Raft,Сплав
en-gb,mk-mk,Railroad,"Железница"
en-gb,mk-mk,Railway,"Железница"
en-gb,mk-mk,Rain,"Дожд"
en-gb,mk-mk,Ram,"Овен"
en-gb,mk-mk,Rapacious,"Граблива птица"
en-gb,mk-mk,Ratatouille,"Рататоил"
en-gb,mk-mk,Rate,"Падеж"
en-gb,mk-mk,Rates,"Листа на падежи"
en-gb,mk-mk,Rates,"Падеж"
en-gb,mk-mk,Ratisbon,"Регенсбург"
en-gb,mk-mk,Ravening,"Граблива птица"
en-gb,mk-mk,Ray,"Радиус"
en-gb,mk-mk,Reality,"Стварност"
en-gb,mk-mk,Really,"Стварност"
en-gb,mk-mk,Reason,"Право"
en-gb,mk-mk,Reason,"ֿנאגמ"
en-gb,mk-mk,Receipt,"Фискална сметка"
en-gb,mk-mk,Reception,"Главна страница"
en-gb,mk-mk,Reception,"Почетна страна"
en-gb,mk-mk,Referenda,"Референдум"
en-gb,mk-mk,Referendum,"Референдум"
en-gb,mk-mk,Rehearsal,"Есеј"
en-gb,mk-mk,Relativity,"Теорија на релативност"
en-gb,mk-mk,Religion,"Религија"
en-gb,mk-mk,Replication,"Копија"
en-gb,mk-mk,Reporter,"Агломер"
en-gb,mk-mk,Reproduction,"Размножување"
en-gb,mk-mk,Republic,"Република"
en-gb,mk-mk,Resistivity,"Електрична отпорност"
en-gb,mk-mk,Resolution,"Дефиниција"
en-gb,mk-mk,Respiration,"Дишење"
en-gb,mk-mk,Retaining,"Устав"
en-gb,mk-mk,Reverberation,"Ехо"
en-gb,mk-mk,Rhetoric,"Реторика"
en-gb,mk-mk,Rhetorical,"Реторика"
en-gb,mk-mk,Ribosome,"Рибозом"
en-gb,mk-mk,Rice,"Ориз"
en-gb,mk-mk,Right,"Политичка десница"
en-gb,mk-mk,Right,"Право"
en-gb,mk-mk,Right,"ֿנאגמ"
en-gb,mk-mk,Right-angle,"Право"
en-gb,mk-mk,Right-angle,"ֿנאגמ"
en-gb,mk-mk,Right-hand,"Право"
en-gb,mk-mk,Right-hand,"ֿנאגמ"
en-gb,mk-mk,Right-wing,"Политичка десница"
en-gb,mk-mk,River,"Река"
en-gb,mk-mk,Road,"Пат"
en-gb,mk-mk,Roc,"Рокенрол"
en-gb,mk-mk,Rock,"Карпа"
en-gb,mk-mk,Rock-crystal,"Кварц"
en-gb,mk-mk,Rod,"Стебло"
en-gb,mk-mk,Roller,"Цилиндар"
en-gb,mk-mk,Roman,"Рим"
en-gb,mk-mk,Romania,"Романија"
en-gb,mk-mk,Romanian,"Романски јазик"
en-gb,mk-mk,Romanticism,"Романтизам"
en-gb,mk-mk,Rome,"Рим"
en-gb,mk-mk,Romp,"Нос"
en-gb,mk-mk,Roof,Свод
en-gb,mk-mk,Room,"Простор"
en-gb,mk-mk,Root,"Корен"
en-gb,mk-mk,Round,"Ламанш"
en-gb,mk-mk,Route,"Пат"
en-gb,mk-mk,Route,"Рутирање"
en-gb,mk-mk,Routing,"Рутирање"
en-gb,mk-mk,Rumania,"Романија"
en-gb,mk-mk,Rumanian,"Романски јазик"
en-gb,mk-mk,Run-through,"Есеј"
en-gb,mk-mk,Rush,"Брзина"
en-gb,mk-mk,Russia,"Русија"
en-gb,mk-mk,Russian,"Руски јазик"
en-gb,mk-mk,Rust,"Јаглен"
en-gb,mk-mk,Saga,"Легенда"
en-gb,mk-mk,Sagittarius,"Стрелец"
en-gb,mk-mk,Sake,"Љубов"
en-gb,mk-mk,Salt,Соли
en-gb,mk-mk,Saltless,Соли
en-gb,mk-mk,Samoa,"Американска Самоа"
en-gb,mk-mk,Samoa,Самоа
en-gb,mk-mk,Sanatorium,"Санаториум"
en-gb,mk-mk,Sanitarium,"Санаториум"
en-gb,mk-mk,Sanskrit,"Санскрит"
en-gb,mk-mk,Sapphism,"Лезбејка"
en-gb,mk-mk,Sarcasm,"Сарказам"
en-gb,mk-mk,Sarcophagus,"Саркофаг"
en-gb,mk-mk,Saturday,"Сабота"
en-gb,mk-mk,Saturn,"Сатурн"
en-gb,mk-mk,Saving,"Еконо.3B.D0.BC.D0.B8.D1.98.D0.B0"
en-gb,mk-mk,Saving,"Економија"
en-gb,mk-mk,Saxony,"Саксонија"
en-gb,mk-mk,Scales,"Вага"
en-gb,mk-mk,Scandium,"Скандиум"
en-gb,mk-mk,Scattering,"Дифузија"
en-gb,mk-mk,Scenery,"U041fu0435u0458u0437u0430u0436u043du043e u0441u043bu0438u043au0430u0440u0441u0442u0432u043e"
en-gb,mk-mk,Scenery,"Пејзажно сликарство"
en-gb,mk-mk,Scheme,"Проект"
en-gb,mk-mk,Schist,"Шкрилец"
en-gb,mk-mk,Scholarship,"Берза"
en-gb,mk-mk,Schoolmaster,"Процесор"
en-gb,mk-mk,Schoolteacher,"Процесор"
en-gb,mk-mk,Science,"Наука"
en-gb,mk-mk,Scooter,"Скутер"
en-gb,mk-mk,Scorpio,"Скорпија"
en-gb,mk-mk,Scorpion,"Скорпија"
en-gb,mk-mk,Screw,"Бакнеж"
en-gb,mk-mk,Sculpture,"Вајарство"
en-gb,mk-mk,Scurvy,"Скорбут"
en-gb,mk-mk,Sea,"Море"
en-gb,mk-mk,Sea-weed,"Алги"
en-gb,mk-mk,Seaweed,"Алги"
en-gb,mk-mk,Secretary,"Секретар"
en-gb,mk-mk,Segment,"Отсечка"
en-gb,mk-mk,Selenium,Селен
en-gb,mk-mk,Self-abuse,"Мастурбација"
en-gb,mk-mk,Self-reliance,"Независност"
en-gb,mk-mk,Semiotics,"Семиотика"
en-gb,mk-mk,Senegal,Сенегал
en-gb,mk-mk,Serb,"Српски јазик"
en-gb,mk-mk,Serbia,"Србија"
en-gb,mk-mk,Serbian,"Српски јазик"
en-gb,mk-mk,Set,"Игри"
en-gb,mk-mk,Setting-dog,"Загар"
en-gb,mk-mk,Setting-up,"Устав"
en-gb,mk-mk,Sex,"Бакнеж"
en-gb,mk-mk,Sexuality,"Сексуалност"
en-gb,mk-mk,Seychelles,"Сејшели"
en-gb,mk-mk,Shaft,"Дрво"
en-gb,mk-mk,Shag,"Бакнеж"
en-gb,mk-mk,Shank,"Стебло"
en-gb,mk-mk,Shark,"Ајкула"
en-gb,mk-mk,Sheet,"Лист"
en-gb,mk-mk,Shelf,"Корниз"
en-gb,mk-mk,Shelf,"Радиус"
en-gb,mk-mk,Shoemaker,"Чевларство"
en-gb,mk-mk,Shoemender,"Чевларство"
en-gb,mk-mk,Shop,"Трговија"
en-gb,mk-mk,Shot,Село
en-gb,mk-mk,Siam,"Тајланд"
en-gb,mk-mk,Siberia,"Сибир"
en-gb,mk-mk,Sicily,"Сицилија"
en-gb,mk-mk,Sickle,"Срп"
en-gb,mk-mk,Side,"Подземен свет"
en-gb,mk-mk,Side-saddle,"Амазон"
en-gb,mk-mk,Sidewalk,"Тротоар"
en-gb,mk-mk,Sight,"Воздух"
en-gb,mk-mk,Sightseeing,"Туризам"
en-gb,mk-mk,Silicon,"Силициум"
en-gb,mk-mk,Simile,"Споредба"
en-gb,mk-mk,Simper,"Срце"
en-gb,mk-mk,Sinews,"Нерв"
en-gb,mk-mk,Sinews,Сила
en-gb,mk-mk,Skate,"Раја"
en-gb,mk-mk,Skin,"Кожа"
en-gb,mk-mk,Skyline,"Перспектива"
en-gb,mk-mk,Slandering,"Безобразлук"
en-gb,mk-mk,Slavery,"Ропство"
en-gb,mk-mk,Sledge,"Маса"
en-gb,mk-mk,Sleeve,"Ламанш"
en-gb,mk-mk,Slight,"Бенин"
en-gb,mk-mk,Slovak,"Словачки јазик"
en-gb,mk-mk,Slovakia,"Словачка"
en-gb,mk-mk,Slovene,"Словенечки јазик"
en-gb,mk-mk,Slovenia,"Словенија"
en-gb,mk-mk,Slovenian,"Словенечки јазик"
en-gb,mk-mk,Smack,"Бакнеж"
en-gb,mk-mk,Smut,"Јаглен"
en-gb,mk-mk,Snuff-coloured,"Тутун"
en-gb,mk-mk,So,"Почва"
en-gb,mk-mk,So,"Солидус"
en-gb,mk-mk,Soccer,"Фудбал"
en-gb,mk-mk,Socialism,"Социјализам"
en-gb,mk-mk,Society,"Голф палка"
en-gb,mk-mk,Sociology,"Социологија"
en-gb,mk-mk,Socket,"Процесорско лежиште"
en-gb,mk-mk,Sod,"Тревник"
en-gb,mk-mk,Sodium,"Натриум"
en-gb,mk-mk,Software,"Софтвер"
en-gb,mk-mk,Soh,"Почва"
en-gb,mk-mk,Soh,"Солидус"
en-gb,mk-mk,Soil,"Почва"
en-gb,mk-mk,Soil,"Солидус"
en-gb,mk-mk,Sol,"Почва"
en-gb,mk-mk,Sol,"Солидус"
en-gb,mk-mk,Solde,"Вага"
en-gb,mk-mk,Solution,"Раствор"
en-gb,mk-mk,Somalia,"Сомалија"
en-gb,mk-mk,Sometime,"Ден"
en-gb,mk-mk,Sophisticated,"Комплекс"
en-gb,mk-mk,Sorting,"Рутирање"
en-gb,mk-mk,Sound,"Звук"
en-gb,mk-mk,Sovereignty,"Суверенитет"
en-gb,mk-mk,Soy,"Соја"
en-gb,mk-mk,Soya,"Соја"
en-gb,mk-mk,Space,"Простор"
en-gb,mk-mk,Spain,"Шпанија"
en-gb,mk-mk,Spaniard,"Шпански јазик"
en-gb,mk-mk,Spanish,"Шпански јазик"
en-gb,mk-mk,Spanner,"Клуч"
en-gb,mk-mk,Spatial,"Простор"
en-gb,mk-mk,Speaking,"Јазик"
en-gb,mk-mk,Speaking,"Говорништво"
en-gb,mk-mk,Speech,"Говорништво"
en-gb,mk-mk,Speed,"Брзина"
en-gb,mk-mk,Speedboat,"Вонбродски мотор"
en-gb,mk-mk,Spelling,"Правопис"
en-gb,mk-mk,Spelter,Цинк
en-gb,mk-mk,Spermatozoon,"Сперматозоид"
en-gb,mk-mk,Spindle,"Дрво"
en-gb,mk-mk,Spoke,"Радиус"
en-gb,mk-mk,Sport,"Спорт"
en-gb,mk-mk,Sports,"Спорт"
en-gb,mk-mk,Spread,"Дифузија"
en-gb,mk-mk,Spur,"Дирек"
en-gb,mk-mk,Square,"Квадрат"
en-gb,mk-mk,Squint,"Око"
en-gb,mk-mk,Stamina,"Енергија"
en-gb,mk-mk,Star,"Ѕвезда"
en-gb,mk-mk,Starch,"Скроб"
en-gb,mk-mk,Starring,"Дистрибуција"
en-gb,mk-mk,Statute,"Право"
en-gb,mk-mk,Stem,"Стебло"
en-gb,mk-mk,Stereotype,"Стереотип"
en-gb,mk-mk,Stick,"Стебло"
en-gb,mk-mk,Sticker,"Вињета"
en-gb,mk-mk,Stimulation,"Нервен стимул"
en-gb,mk-mk,Stingray,"Раја"
en-gb,mk-mk,Stoicism,"Стоицизам"
en-gb,mk-mk,Stomach,"Желудник"
en-gb,mk-mk,Stone,"Апостол Петар"
en-gb,mk-mk,Store,"Трговија"
en-gb,mk-mk,Story,"Историја"
en-gb,mk-mk,Straighten,"Право"
en-gb,mk-mk,Straighten,"ֿנאגמ"
en-gb,mk-mk,Strategy,"Воена тактика"
en-gb,mk-mk,Stratosphere,"Стратосфера"
en-gb,mk-mk,Strawberry,"Фреза"
en-gb,mk-mk,Streak,"Раја"
en-gb,mk-mk,Stream,"Воз"
en-gb,mk-mk,Strenght,Сила
en-gb,mk-mk,Strength,Сила
en-gb,mk-mk,Stripe,"Раја"
en-gb,mk-mk,Stronghold,"Бастион"
en-gb,mk-mk,Stronghold,"Крепост"
en-gb,mk-mk,Structure,"Структура"
en-gb,mk-mk,Substance,"Материја"
en-gb,mk-mk,Substance,"Супстанција"
en-gb,mk-mk,Successful,"Фискална сметка"
en-gb,mk-mk,Sudan,"Судан"
en-gb,mk-mk,Sugar,"Шеќер"
en-gb,mk-mk,Sugarless,"Шеќер"
en-gb,mk-mk,Sulfur,"Сулфур"
en-gb,mk-mk,Sulphur,"Сулфур"
en-gb,mk-mk,Summer,"Лето"
en-gb,mk-mk,Sun,"Сонце"
en-gb,mk-mk,Sun-,"Сонце"
en-gb,mk-mk,Sunday,"Недела"
en-gb,mk-mk,Sunlight,"Сонце"
en-gb,mk-mk,Supporter,"Партизан"
en-gb,mk-mk,Supposition,"Премиса"
en-gb,mk-mk,Supposition,"Хипотеза"
en-gb,mk-mk,Surgery,"Хирургија"
en-gb,mk-mk,Surinam,"Суринам"
en-gb,mk-mk,Suriname,"Суринам"
en-gb,mk-mk,Sustenance,"Храна"
en-gb,mk-mk,Swastika,"Свастика"
en-gb,mk-mk,Swearword,"Безобразлук"
en-gb,mk-mk,Swede,"Шведски јазик"
en-gb,mk-mk,Sweden,"Шведска"
en-gb,mk-mk,Swedish,"Шведски јазик"
en-gb,mk-mk,Swiftness,"Брзина"
en-gb,mk-mk,Swiss,"Швајцарија"
en-gb,mk-mk,Swiss-born,"Швајцарија"
en-gb,mk-mk,Switzerland,"Швајцарија"
en-gb,mk-mk,Sycamore,"Чинар"
en-gb,mk-mk,Symbiosis,Симбиоза
en-gb,mk-mk,Symbol,Симбол
en-gb,mk-mk,Synagogue,Синагога
en-gb,mk-mk,Syntax,"Синтакса"
en-gb,mk-mk,Syphilis,"Сифилис"
en-gb,mk-mk,System,"Систем"
en-gb,mk-mk,Systematic,"Систематика"
en-gb,mk-mk,TV,"Телевизија"
en-gb,mk-mk,Tambourine,"Дајре"
en-gb,mk-mk,Tangier,"Тангер"
en-gb,mk-mk,Tanzania,"Танзанија"
en-gb,mk-mk,Tape-measure,"Сантиметар"
en-gb,mk-mk,Taunt,"Сарказам"
en-gb,mk-mk,Taurus,"Бик"
en-gb,mk-mk,Tautology,"Тавтологија"
en-gb,mk-mk,Tea,"Чај"
en-gb,mk-mk,Tea,"Чајна билка"
en-gb,mk-mk,Teacher,"Процесор"
en-gb,mk-mk,Teacher,"Учител"
en-gb,mk-mk,Technocracy,"Техничка влада"
en-gb,mk-mk,Tediousness,"Досада"
en-gb,mk-mk,Television,"Телевизија"
en-gb,mk-mk,Temperature,"Температура"
en-gb,mk-mk,Tennis,"Тенис"
en-gb,mk-mk,Tenor,"Тенор"
en-gb,mk-mk,Test,"Есеј"
en-gb,mk-mk,Testicle,"Тестис"
en-gb,mk-mk,Testis,"Тестис"
en-gb,mk-mk,Texas,"Тексас"
en-gb,mk-mk,Text,"Текст"
en-gb,mk-mk,Textbook,"Трактат"
en-gb,mk-mk,Thailand,"Тајланд"
en-gb,mk-mk,Theatre,"Театар"
en-gb,mk-mk,Theme,Тема
en-gb,mk-mk,Theocracy,"Теократија"
en-gb,mk-mk,Theology,"Теологија"
en-gb,mk-mk,Theorbist,"Теорба"
en-gb,mk-mk,Theorbo,"Теорба"
en-gb,mk-mk,Theorem,"Теорема"
en-gb,mk-mk,Theory,"Теорија"
en-gb,mk-mk,Thermodynamic,"Термодинамика"
en-gb,mk-mk,Thermodynamics,"Термодинамика"
en-gb,mk-mk,Thespian,"Актер"
en-gb,mk-mk,Thoroughfare,"Артерија"
en-gb,mk-mk,Thoroughgoing,"Радикал"
en-gb,mk-mk,Thought,"Идеја"
en-gb,mk-mk,Thought,"Мисла"
en-gb,mk-mk,Thousand,"Милја"
en-gb,mk-mk,Thrace,"Тракија"
en-gb,mk-mk,Thrift,"Еконо.3B.D0.BC.D0.B8.D1.98.D0.B0"
en-gb,mk-mk,Thrift,"Економија"
en-gb,mk-mk,Thriftiness,"Еконо.3B.D0.BC.D0.B8.D1.98.D0.B0"
en-gb,mk-mk,Thriftiness,"Економија"
en-gb,mk-mk,Thumb,"Инч"
en-gb,mk-mk,Thumbnail,"Вињета"
en-gb,mk-mk,Thursday,"Четврток"
en-gb,mk-mk,Thyroid,"Штитна жлезда"
en-gb,mk-mk,Tiber,"Тибар"
en-gb,mk-mk,Tiger,"Тигар"
en-gb,mk-mk,Tigris,"Тигар"
en-gb,mk-mk,Tillage,"Земјоделство"
en-gb,mk-mk,Tilt,"Воз"
en-gb,mk-mk,Timbrel,"Дајре"
en-gb,mk-mk,Time,"Ден"
en-gb,mk-mk,To,"Стих"
en-gb,mk-mk,Tobacco,"Тутун"
en-gb,mk-mk,Together,"Множество"
en-gb,mk-mk,Togo,Того
en-gb,mk-mk,Toluene,"Толуен"
en-gb,mk-mk,Tome,"Волумен"
en-gb,mk-mk,Tongue,"Јазик"
en-gb,mk-mk,Tooth,"Заб"
en-gb,mk-mk,Toothpick,"Чепкалка за заби"
en-gb,mk-mk,Topic,Тема
en-gb,mk-mk,Torero,"Тореадор"
en-gb,mk-mk,Tori,"Тор"
en-gb,mk-mk,Touchhole,"Светлина"
en-gb,mk-mk,Tourism,"Туризам"
en-gb,mk-mk,Toward,"Стих"
en-gb,mk-mk,Towards,"Стих"
en-gb,mk-mk,Town,"Град"
en-gb,mk-mk,Tract,"Трактат"
en-gb,mk-mk,Trade,"Трговија"
en-gb,mk-mk,Trademark,"Регистриран заштитен знак"
en-gb,mk-mk,Trading,"Трговија"
en-gb,mk-mk,Tramp,"Стапка"
en-gb,mk-mk,Transport,"Транспорт"
en-gb,mk-mk,Transportation,"Транспорт"
en-gb,mk-mk,Transsexual,"Транссексуалност"
en-gb,mk-mk,Treachery,"Велепредавство"
en-gb,mk-mk,Treason,"Велепредавство"
en-gb,mk-mk,Treated,"Трактат"
en-gb,mk-mk,Treatise,"Трактат"
en-gb,mk-mk,Treaty,"Трактат"
en-gb,mk-mk,Tree,"Дрво"
en-gb,mk-mk,Trial,"Есеј"
en-gb,mk-mk,Triangle,"Триаголник"
en-gb,mk-mk,Triangular,"Триаголник"
en-gb,mk-mk,Tripoly,"Триполи"
en-gb,mk-mk,Triumph,"Римски триумф"
en-gb,mk-mk,Troposphere,"Тропосфера"
en-gb,mk-mk,Troy,"Троја"
en-gb,mk-mk,Truth,"Вистина"
en-gb,mk-mk,Try,"Есеј"
en-gb,mk-mk,Tryout,"Есеј"
en-gb,mk-mk,Tuesday,"Вторник"
en-gb,mk-mk,Tummy,"Желудник"
en-gb,mk-mk,Tunis,"Тунис"
en-gb,mk-mk,Tunisia,"Тунис"
en-gb,mk-mk,Tunnel,"Тунел"
en-gb,mk-mk,Turf,"Тревник"
en-gb,mk-mk,Turk,"Турски јазик"
en-gb,mk-mk,Turkey,"Турција"
en-gb,mk-mk,Turkish,"Турски јазик"
en-gb,mk-mk,Turkish,"Турција"
en-gb,mk-mk,Turn,Село
en-gb,mk-mk,Ukrainian,"Украински јазик"
en-gb,mk-mk,Ultraviolet,"Ултравиолетова светлина"
en-gb,mk-mk,Understatement,"Литота"
en-gb,mk-mk,Ungainly,"Левица"
en-gb,mk-mk,Ungraceful,"Левица"
en-gb,mk-mk,Universe,"Вселена"
en-gb,mk-mk,Unpopulated,"Пустина"
en-gb,mk-mk,Upbringing,"Образование"
en-gb,mk-mk,Uruguay,"Уругвај"
en-gb,mk-mk,Vagina,"Вагина"
en-gb,mk-mk,Vaginal,"Вагина"
en-gb,mk-mk,Valid,"Валидност"
en-gb,mk-mk,Vanuatu,"Вануату"
en-gb,mk-mk,Varicella,"Средна сипаница"
en-gb,mk-mk,Varicosity,"Проширени вени"
en-gb,mk-mk,Vatican,"Ватикан"
en-gb,mk-mk,Vault,Свод
en-gb,mk-mk,Vein,"Вена"
en-gb,mk-mk,Velocity,"Брзина"
en-gb,mk-mk,Venice,"Венеција"
en-gb,mk-mk,Venus,"Венера"
en-gb,mk-mk,Verity,"Вистина"
en-gb,mk-mk,Verse,"Стих"
en-gb,mk-mk,Vertebreta,"‘Рбетници"
en-gb,mk-mk,Vesicle,"Вакуола"
en-gb,mk-mk,Vexation,"Досада"
en-gb,mk-mk,Victoria,"Викторија"
en-gb,mk-mk,Vienna,"Виена"
en-gb,mk-mk,View,"Перспектива"
en-gb,mk-mk,Vignette,"Вињета"
en-gb,mk-mk,Vigor,"Енергија"
en-gb,mk-mk,Vigour,"Енергија"
en-gb,mk-mk,Viking,"Викинзи"
en-gb,mk-mk,Vilification,"Безобразлук"
en-gb,mk-mk,Village,Село
en-gb,mk-mk,Vim,"Енергија"
en-gb,mk-mk,Violin,"Виолина"
en-gb,mk-mk,Virgin,"Девица"
en-gb,mk-mk,Virginal,"Девица"
en-gb,mk-mk,Virgo,"Девица"
en-gb,mk-mk,Virus,"Вирус"
en-gb,mk-mk,Virus-free,"Вирус"
en-gb,mk-mk,Virus-infected,"Вирус"
en-gb,mk-mk,Viruses,"Вирус"
en-gb,mk-mk,Viscount,"Виконт"
en-gb,mk-mk,Vistula,"Висла"
en-gb,mk-mk,Vitamin,"Витамин"
en-gb,mk-mk,Volcano,"Вулкан"
en-gb,mk-mk,Volga,"Волга"
en-gb,mk-mk,Volleyball,"Одбојка"
en-gb,mk-mk,Volt,"Волт"
en-gb,mk-mk,Volume,"Волумен"
en-gb,mk-mk,Vomiting,"Повраќање"
en-gb,mk-mk,Vouch,"Фискална сметка"
en-gb,mk-mk,Voucher,"Фискална сметка"
en-gb,mk-mk,Walkway,"Тротоар"
en-gb,mk-mk,War,"Војна"
en-gb,mk-mk,Warsaw,"Варшава"
en-gb,mk-mk,Water,"Вода"
en-gb,mk-mk,Water-level,"Цвет"
en-gb,mk-mk,Waterway,"Воден пат"
en-gb,mk-mk,Watt,"Ват"
en-gb,mk-mk,Wedding,"Брак"
en-gb,mk-mk,Wednesday,"Среда"
en-gb,mk-mk,Weed,"Тутун"
en-gb,mk-mk,Weight,Тежина
en-gb,mk-mk,Whale,"Кит"
en-gb,mk-mk,Whalebone,"Кит"
en-gb,mk-mk,Wheelwork,"Запченик"
en-gb,mk-mk,Wheeziness,"Астма"
en-gb,mk-mk,Whimstone,"Базалт"
en-gb,mk-mk,White,"Бела боја"
en-gb,mk-mk,Whitsunday,"Педесетница"
en-gb,mk-mk,Whole,"Множество"
en-gb,mk-mk,Wide,"Број"
en-gb,mk-mk,Wild,"Природа"
en-gb,mk-mk,Willow,"Врба"
en-gb,mk-mk,Winch,"Курбла"
en-gb,mk-mk,Wind,"Ветер"
en-gb,mk-mk,Windpipe,"Дишник"
en-gb,mk-mk,Wine,"Вино"
en-gb,mk-mk,Wine-growing,"Лозарство"
en-gb,mk-mk,Witchery,"Магија"
en-gb,mk-mk,Wolf,"Граблива птица"
en-gb,mk-mk,Word,"Збор"
en-gb,mk-mk,Word,"Усна празнина"
en-gb,mk-mk,Worm-eaten,"Стих"
en-gb,mk-mk,Worms,"Стих"
en-gb,mk-mk,Wormy,"Стих"
en-gb,mk-mk,Wrench,"Клуч"
en-gb,mk-mk,Yard,"Јарда"
en-gb,mk-mk,Yarn,"Историја"
en-gb,mk-mk,Yemen,"Јемен"
en-gb,mk-mk,Yen,"Јен"
en-gb,mk-mk,Yugoslavia,"Југославија"
en-gb,mk-mk,Zagreb,"Загреб"
en-gb,mk-mk,Zebra,"Зебра"
en-gb,mk-mk,Zeus,"Зевс"
en-gb,mk-mk,Zimbabwe,"Зимбабве"
en-gb,mk-mk,Zinc,Цинк
en-gb,mk-mk,Zincum,Цинк
en-gb,mk-mk,Zionism,Ционизам
en-gb,mk-mk,Zodiac,"Зодијак"
en-gb,mk-mk,Zone,"Периметар"
en-gb,mk-mk,Zoology,"Зоологија"
en-gb,mk-mk,Zoroastrianism,"Зороастризам"
en-gb,mk-mk,Zygote,"Зигот"
