be-by,lv-lv,"1 лютага","1. februāris"
be-by,lv-lv,"1 ліпеня","1. jūlijs"
be-by,lv-lv,"1 стагоддзе","I gadsimts"
be-by,lv-lv,"1 студзеня","1. janvāris"
be-by,lv-lv,"10 ліпеня","10. jūlijs"
be-by,lv-lv,"10 лістапада","10. novembris"
be-by,lv-lv,"11 лютага","11. februāris"
be-by,lv-lv,"11 ліпеня","11. jūlijs"
be-by,lv-lv,"11 сакавіка","11. marts"
be-by,lv-lv,"12 жніўня","12. augusts"
be-by,lv-lv,"12 лютага","12. februāris"
be-by,lv-lv,"12 ліпеня","12. jūlijs"
be-by,lv-lv,"12 сакавіка","12. marts"
be-by,lv-lv,"12 стагоддзе","12. gadsimts"
be-by,lv-lv,"13 ліпеня","13. jūlijs"
be-by,lv-lv,"13 сакавіка","13. marts"
be-by,lv-lv,"13 стагоддзе","13. gadsimts"
be-by,lv-lv,"13 студзеня","13. janvāris"
be-by,lv-lv,"14 верасня","14. septembris"
be-by,lv-lv,"14 верасьня","14. septembris"
be-by,lv-lv,"14 красавіка","14. aprīlis"
be-by,lv-lv,"14 ліпеня","14. jūlijs"
be-by,lv-lv,"14 лістапада","14. novembris"
be-by,lv-lv,"14 сакавіка","14. marts"
be-by,lv-lv,"14 стагоддзе","14. gadsimts"
be-by,lv-lv,"14 студзеня","14. janvāris"
be-by,lv-lv,"15 кастрычніка","15. oktobris"
be-by,lv-lv,"15 ліпеня","15. jūlijs"
be-by,lv-lv,"15 сакавіка","15. marts"
be-by,lv-lv,"15 стагоддзе","15. gadsimts"
be-by,lv-lv,"16 жніўня","16. augusts"
be-by,lv-lv,"16 ліпеня","16. jūlijs"
be-by,lv-lv,"16 мая","16. maijs"
be-by,lv-lv,"16 сакавіка","16. marts"
be-by,lv-lv,"16 стагоддзе","16. gadsimts"
be-by,lv-lv,"16 траўня","16. maijs"
be-by,lv-lv,"17 ліпеня","17. jūlijs"
be-by,lv-lv,"17 мая","17. maijs"
be-by,lv-lv,"17 сакавіка","17. marts"
be-by,lv-lv,"17 снежня","17. decembris"
be-by,lv-lv,"17 стагоддзе","17. gadsimts"
be-by,lv-lv,"17 стагодзьдзе","17. gadsimts"
be-by,lv-lv,"17 сьнежня","17. decembris"
be-by,lv-lv,"17 траўня","17. maijs"
be-by,lv-lv,"17 чэрвеня","17. jūnijs"
be-by,lv-lv,"18 ліпеня","18. jūlijs"
be-by,lv-lv,"18 мая","18. maijs"
be-by,lv-lv,"18 сакавіка","18. marts"
be-by,lv-lv,"18 стагоддзе","18. gadsimts"
be-by,lv-lv,"18 студзеня","18. janvāris"
be-by,lv-lv,"18 траўня","18. maijs"
be-by,lv-lv,"19 жніўня","19. augusts"
be-by,lv-lv,"19 лютага","19. februāris"
be-by,lv-lv,"19 ліпеня","19. jūlijs"
be-by,lv-lv,"19 лістапада","19. novembris"
be-by,lv-lv,"19 сакавіка","19. marts"
be-by,lv-lv,"19 стагоддзе","19. gadsimts"
be-by,lv-lv,"19 студзеня","19. janvāris"
be-by,lv-lv,"2 ліпеня","2. jūlijs"
be-by,lv-lv,"2 лістапада","2. novembris"
be-by,lv-lv,"2 сакавіка","2. marts"
be-by,lv-lv,"2 студзеня","2. janvāris"
be-by,lv-lv,"20 кастрычніка","20. oktobris"
be-by,lv-lv,"20 ліпеня","20. jūlijs"
be-by,lv-lv,"20 лістапада","20. novembris"
be-by,lv-lv,"20 сакавіка","20. marts"
be-by,lv-lv,"20 стагоддзе","20. gadsimts"
be-by,lv-lv,"20 студзеня","20. janvāris"
be-by,lv-lv,"21 верасня","21. septembris"
be-by,lv-lv,"21 верасьня","21. septembris"
be-by,lv-lv,"21 лютага","21. februāris"
be-by,lv-lv,"21 ліпеня","21. jūlijs"
be-by,lv-lv,"21 сакавіка","21. marts"
be-by,lv-lv,"21 студзеня","21. janvāris"
be-by,lv-lv,"22 лютага","22. februāris"
be-by,lv-lv,"22 ліпеня","22. jūlijs"
be-by,lv-lv,"22 лістапада","22. novembris"
be-by,lv-lv,"22 сакавіка","22. marts"
be-by,lv-lv,"22 студзеня","22. janvāris"
be-by,lv-lv,"23 кастрычніка","23. oktobris"
be-by,lv-lv,"23 ліпеня","23. jūlijs"
be-by,lv-lv,"23 мая","23. maijs"
be-by,lv-lv,"23 сакавіка","23. marts"
be-by,lv-lv,"23 траўня","23. maijs"
be-by,lv-lv,"23 чэрвеня","23. jūnijs"
be-by,lv-lv,"24 верасьня",Septembris
be-by,lv-lv,"24 лютага","24. februāris"
be-by,lv-lv,"24 ліпеня","24. jūlijs"
be-by,lv-lv,"24 сакавіка","24. marts"
be-by,lv-lv,"24 чэрвеня","24. jūnijs"
be-by,lv-lv,"25 жніўня","25. augusts"
be-by,lv-lv,"25 красавіка","25. aprīlis"
be-by,lv-lv,"25 ліпеня","25. jūlijs"
be-by,lv-lv,"25 сакавіка","25. marts"
be-by,lv-lv,"26 кастрычніка","26. oktobris"
be-by,lv-lv,"26 красавіка","26. aprīlis"
be-by,lv-lv,"26 ліпеня","26. jūlijs"
be-by,lv-lv,"26 сакавіка","26. marts"
be-by,lv-lv,"26 студзеня","26. janvāris"
be-by,lv-lv,"27 лютага","27. februāris"
be-by,lv-lv,"27 ліпеня","27. jūlijs"
be-by,lv-lv,"27 лістапада","27. novembris"
be-by,lv-lv,"27 сакавіка","27. marts"
be-by,lv-lv,"27 студзеня","27. janvāris"
be-by,lv-lv,"28 кастрычніка","28. oktobris"
be-by,lv-lv,"28 красавіка","28. aprīlis"
be-by,lv-lv,"28 ліпеня","28. jūlijs"
be-by,lv-lv,"28 сакавіка","28. marts"
be-by,lv-lv,"28 студзеня","28. janvāris"
be-by,lv-lv,"29 ліпеня","29. jūlijs"
be-by,lv-lv,"29 сакавіка","29. marts"
be-by,lv-lv,"29 чэрвеня","29. jūnijs"
be-by,lv-lv,"3 верасня","3. septembris"
be-by,lv-lv,"3 верасьня","3. septembris"
be-by,lv-lv,"3 ліпеня","3. jūlijs"
be-by,lv-lv,"3 лістапада","3. novembris"
be-by,lv-lv,"3 снежня","3. decembris"
be-by,lv-lv,"3 сьнежня","3. decembris"
be-by,lv-lv,"30 ліпеня","30. jūlijs"
be-by,lv-lv,"30 лістапада","30. novembris"
be-by,lv-lv,"30 сакавіка","30. marts"
be-by,lv-lv,"31 ліпеня","31. jūlijs"
be-by,lv-lv,"31 сакавіка","31. marts"
be-by,lv-lv,"4 жніўня","4. augusts"
be-by,lv-lv,"4 кастрычніка","4. oktobris"
be-by,lv-lv,"4 лютага","4. februāris"
be-by,lv-lv,"4 ліпеня","4. jūlijs"
be-by,lv-lv,"4 студзеня","4. janvāris"
be-by,lv-lv,"5 верасня","5. septembris"
be-by,lv-lv,"5 верасьня","5. septembris"
be-by,lv-lv,"5 красавіка","5. aprīlis"
be-by,lv-lv,"5 лютага","5. februāris"
be-by,lv-lv,"5 ліпеня","5. jūlijs"
be-by,lv-lv,"5 мая","5. maijs"
be-by,lv-lv,"5 сакавіка","5. marts"
be-by,lv-lv,"5 студзеня","5. janvāris"
be-by,lv-lv,"5 траўня","5. maijs"
be-by,lv-lv,"5 чэрвеня","5. jūnijs"
be-by,lv-lv,"6 верасня","6. septembris"
be-by,lv-lv,"6 верасьня","6. septembris"
be-by,lv-lv,"6 лютага","6. februāris"
be-by,lv-lv,"6 ліпеня","6. jūlijs"
be-by,lv-lv,"6 лістапада","6. novembris"
be-by,lv-lv,"6 сакавіка","6. marts"
be-by,lv-lv,"6 снежня","6. decembris"
be-by,lv-lv,"6 студзеня","6. janvāris"
be-by,lv-lv,"6 сьнежня","6. decembris"
be-by,lv-lv,"7 верасьня","6. septembris"
be-by,lv-lv,"7 жніўня","7. augusts"
be-by,lv-lv,"7 кастрычніка","7. oktobris"
be-by,lv-lv,"7 ліпеня","7. jūlijs"
be-by,lv-lv,"7 сакавіка","7. marts"
be-by,lv-lv,"7 студзеня","7. janvāris"
be-by,lv-lv,"8 верасня","8. septembris"
be-by,lv-lv,"8 верасьня","8. septembris"
be-by,lv-lv,"8 лютага","8. februāris"
be-by,lv-lv,"8 ліпеня","8. jūlijs"
be-by,lv-lv,"8 лістапада","8. novembris"
be-by,lv-lv,"8 студзеня","8. janvāris"
be-by,lv-lv,"9 лютага","9. februāris"
be-by,lv-lv,"9 ліпеня","9. jūlijs"
be-by,lv-lv,"9 сакавіка","9. marts"
be-by,lv-lv,"Culture Гаіці",Haiti
be-by,lv-lv,"Depeche Mode","Depeche Mode"
be-by,lv-lv,"GNU Free Documentation License","GNU Free Documentation License"
be-by,lv-lv,"Ivan Sidorsky/Арганізацыя Паўночнаатлантычнага дагавора",NATO
be-by,lv-lv,"Judas Priest","Judas Priest"
be-by,lv-lv,"Kde domov můj","Čehijas himna"
be-by,lv-lv,"Kimi Ga Yo","Japānas himna"
be-by,lv-lv,"Pink Floyd","Pink Floyd"
be-by,lv-lv,"The Beatles","The Beatles"
be-by,lv-lv,"Æøŝə","Galaktiku grupas un kopas"
be-by,lv-lv,"Ёган Вольфґанґ фон Ґётэ","Johans Volfgangs fon Gēte"
be-by,lv-lv,"Ёган Гутэнберг","Johans Gūtenbergs"
be-by,lv-lv,"Ёган Кеплер","Johanness Keplers"
be-by,lv-lv,"Ёд",Jods
be-by,lv-lv,"Іаган Себасцьян Бах","Johans Sebastians Bahs"
be-by,lv-lv,"Іарданія","Jordānija"
be-by,lv-lv,"Іванаўская вобласць","Ivanovas apgabals"
be-by,lv-lv,"Ізатоп",Izotops
be-by,lv-lv,"Ізраіль","Izraēla"
be-by,lv-lv,"Імануіл Кант","Imanuels Kants"
be-by,lv-lv,"Інгушэція",Ingušija
be-by,lv-lv,"Інд",Inda
be-by,lv-lv,"Інданезія","Indonēzija"
be-by,lv-lv,"Індаэўрапейскія мовы",Indoeiropieši
be-by,lv-lv,"Індый",Indijs
be-by,lv-lv,"Індыйскі акіян","Indijas okeāns"
be-by,lv-lv,"Індыя",Indija
be-by,lv-lv,"Інерцыя",Inerce
be-by,lv-lv,"Інтэрнэт",Internets
be-by,lv-lv,"Інфармацыя","Informācija"
be-by,lv-lv,"Інфляцыя","Inflācija"
be-by,lv-lv,"Іосіф Бродзкі","Josifs Brodskis"
be-by,lv-lv,"Іосіф Сталін","Josifs Staļins"
be-by,lv-lv,"Ірак","Irāka"
be-by,lv-lv,"Іран","Irāna"
be-by,lv-lv,"Іркуцкая вобласць","Irkutskas apgabals"
be-by,lv-lv,"Ірландыя",Īrija
be-by,lv-lv,"Ірыдый",Irīdijs
be-by,lv-lv,"Ісак Ньютан","Īzaks Ņūtons"
be-by,lv-lv,"Іслам","Islāms"
be-by,lv-lv,"Ісландыя",Īslande
be-by,lv-lv,"Іспанія","Spānija"
be-by,lv-lv,"Ісціна",Patiesība
be-by,lv-lv,"Ісьляндыя",Īslande
be-by,lv-lv,"Італьянская мова","Itāliešu valoda"
be-by,lv-lv,"Італія","Itālija"
be-by,lv-lv,"Ітрый",Itrijs
be-by,lv-lv,"Ітэрбій",Iterbijs
be-by,lv-lv,"Іудаізм",Jūdaisms
be-by,lv-lv,"Іціра Мідзукі","Ičiro Midzuki"
be-by,lv-lv,"Абак",Abaks
be-by,lv-lv,"Абалонка","Membrāna"
be-by,lv-lv,"Абаронец",Aizsargs
be-by,lv-lv,"Абаронца",Aizsargs
be-by,lv-lv,"Абедзьве",Abi
be-by,lv-lv,"Абодва",Abi
be-by,lv-lv,"Абое",Abi
be-by,lv-lv,"Абраз","Attēls"
be-by,lv-lv,"Абраз",Ikona
be-by,lv-lv,"Абрахам Лінкальн","Abrahams Linkolns"
be-by,lv-lv,"Абсяг","Sfēra"
be-by,lv-lv,"Абшар",Platība
be-by,lv-lv,"Абэцэда","Alfabēts"
be-by,lv-lv,"Авечка",Aita
be-by,lv-lv,"Авёс",Auzas
be-by,lv-lv,"Агарод","Dārzs"
be-by,lv-lv,"Агінская Бурацкая аўтаномная акруга","Aginskas Burjatu autonomais apvidus"
be-by,lv-lv,"Адам Міцкевіч","Ādams Mickēvičs"
be-by,lv-lv,"Адвага",Drosme
be-by,lv-lv,"Адміністрацыйна-тэрытарыяльны падзел Італіі","Itālijas reģioni"
be-by,lv-lv,"Адхазiць",Allere
be-by,lv-lv,"Адыгея",Adigeja
be-by,lv-lv,"Адэская вобласьць",Odesa
be-by,lv-lv,"Азбука","Alfabēts"
be-by,lv-lv,"Азербайджан","Azerbaidžāna"
be-by,lv-lv,"Азот","Slāpeklis"
be-by,lv-lv,"Азэрбайджан","Azerbaidžāna"
be-by,lv-lv,"Азія","Āzija"
be-by,lv-lv,"Айцец","Tēvs"
be-by,lv-lv,"Аксіёма",Aksioma
be-by,lv-lv,"Актыній",Aktīnijs
be-by,lv-lv,"Акунь",Asaris
be-by,lv-lv,"Акцыянэрнае таварыства","Uzņēmums"
be-by,lv-lv,"Акіян","Okeāns"
be-by,lv-lv,"Алатропія",Alotropija
be-by,lv-lv,"Албанія","Albānija"
be-by,lv-lv,"Алгарытм",Algoritms
be-by,lv-lv,"Алей",Eļļa
be-by,lv-lv,"Алень",Briedis
be-by,lv-lv,"Алжыр",Alžīrija
be-by,lv-lv,"Алкогал",Spirti
be-by,lv-lv,"Алмаз",Dimants
be-by,lv-lv,"Аловак",Zīmulis
be-by,lv-lv,"Алтайскі край","Altaja novads"
be-by,lv-lv,"Алфавіт","Alfabēts"
be-by,lv-lv,"Альбанія","Albānija"
be-by,lv-lv,"Альберт Эйнштэйн","Alberts Einšteins"
be-by,lv-lv,"Альбэрт Айнштайн","Alberts Einšteins"
be-by,lv-lv,"Альгерд",Aļģirds
be-by,lv-lv,"Альпы",Alpi
be-by,lv-lv,"Альфрэд Нобель","Alfrēds Nobels"
be-by,lv-lv,"Алюміній",Alumīnijs
be-by,lv-lv,"Аляксандр I, папа рымскі","Aleksandrs I"
be-by,lv-lv,"Аляксандр I, імператар расійскі","Aleksandrs I"
be-by,lv-lv,"Аляксандр Лукашэнка","Aleksandrs Lukašenko"
be-by,lv-lv,"Аляксандр Ягелончык","Aleksandrs I"
be-by,lv-lv,"Алёс",Purvs
be-by,lv-lv,"Амал",Gandrīz
be-by,lv-lv,"Аман","Omāna"
be-by,lv-lv,"Амерыка",Amerika
be-by,lv-lv,"Амерыцый",Amerīcijs
be-by,lv-lv,"Амурская вобласць","Amūras apgabals"
be-by,lv-lv,"Амэрыка",Amerika
be-by,lv-lv,"Амэрыканскі даляр","ASV dolārs"
be-by,lv-lv,"Аналітычная хімія","Analītiskā ķīmija"
be-by,lv-lv,"Анатомія",Anatomija
be-by,lv-lv,"Ангелшчына",Anglija
be-by,lv-lv,"Ангельская мова","Angļu valoda"
be-by,lv-lv,"Ангельская",Latviešu
be-by,lv-lv,"Англійская мова","Angļu valoda"
be-by,lv-lv,"Андаманскае мора","Andamanu jūra"
be-by,lv-lv,"Андора ля Вэлья",Andora
be-by,lv-lv,"Андора",Andora
be-by,lv-lv,"Андрэй Міхневіч","Andrejs Mikņevičs"
be-by,lv-lv,"Анды",Andi
be-by,lv-lv,"Антарктыда",Antarktīda
be-by,lv-lv,"Антарктыка",Antarktīda
be-by,lv-lv,"Антуан дэ Сент-Экзюперы","Antuāns de Sent-Ekziperī"
be-by,lv-lv,"Анёл","Eņģelis"
be-by,lv-lv,"Анімізм",Animisms
be-by,lv-lv,"Апельсін",Apelsīns
be-by,lv-lv,"Аперацыйная сістэма","Operētājsistēma"
be-by,lv-lv,"Аповесць мінулых часоў","Pagājušo gadu vēsture"
be-by,lv-lv,"Апрацоўка натуральнай мовы",Datorlingvistika
be-by,lv-lv,"Апэрацыйная сыстэма","Operacionālā sistēma"
be-by,lv-lv,"Апякун",Sargs
be-by,lv-lv,"Апёк",Apdegumi
be-by,lv-lv,"Аравійскае мора","Arābijas jūra"
be-by,lv-lv,"Араць",Arkls
be-by,lv-lv,"Араць",Art
be-by,lv-lv,"Арбалет",Stops
be-by,lv-lv,"Арган","Orgāni"
be-by,lv-lv,"Арганы","Orgāni"
be-by,lv-lv,"Арганізацыя Аб'яднаных Нацый","Apvienoto Nāciju Organizācija"
be-by,lv-lv,"Арганізацыя Паўночнаатлантычнага дагавора",NATO
be-by,lv-lv,"Арганізацыя краін, экспартуючых нафту",OPEC
be-by,lv-lv,"Аргентына",Argentīna
be-by,lv-lv,"Аргенціна",Argentīna
be-by,lv-lv,"Аргон",Argons
be-by,lv-lv,"Арктычны акіян","Ziemeļu Ledus okeāns"
be-by,lv-lv,"Арлоўская вобласць","Orlas apgabals"
be-by,lv-lv,"Арменія","Armēnija"
be-by,lv-lv,"Армэнія","Armēnija"
be-by,lv-lv,"Арол","Ērglis"
be-by,lv-lv,"Архан Памук","Orhans Pamuks"
be-by,lv-lv,"Архангельская вобласць","Arhangeļskas apgabals"
be-by,lv-lv,"Археалёгія",Arheoloģija
be-by,lv-lv,"Архітэктура фон Нэймана","Fon Neimana arhitektūra"
be-by,lv-lv,"Арыстоцель",Aristotelis
be-by,lv-lv,"Арэнбургская вобласць","Orenburgas apgabals"
be-by,lv-lv,"Арэх",Valrieksts
be-by,lv-lv,"Арэхі",Valrieksts
be-by,lv-lv,"Арэхі","Šūnas kodols"
be-by,lv-lv,"Асачыць",Ports
be-by,lv-lv,"Асманская імперыя","Osmaņu impērija"
be-by,lv-lv,"Асманская імпэрыя","Osmaņu impērija"
be-by,lv-lv,"Аснова","Bāze"
be-by,lv-lv,"Аснова","Sārms"
be-by,lv-lv,"Астат",Astats
be-by,lv-lv,"Астранамічная адзінка","Astronomiskā vienība"
be-by,lv-lv,"Астраномія",Astronomija
be-by,lv-lv,"Астрафізіка",Astrofizika
be-by,lv-lv,"Астрог",Cietums
be-by,lv-lv,"Астэроід",Asteroīds
be-by,lv-lv,"Асяроддзе",Trešdiena
be-by,lv-lv,"Асёл","Ēzelis"
be-by,lv-lv,"Атам",Atoms
be-by,lv-lv,"Атамная маса",Atommasa
be-by,lv-lv,"Атамная электрастанцыя",Kodolreaktors
be-by,lv-lv,"Атлас",Atlas
be-by,lv-lv,"Атмасфера Зямлі","Zemes atmosfēra"
be-by,lv-lv,"Атрад",Ordenis
be-by,lv-lv,"Атрута",Inde
be-by,lv-lv,"Атрутны",Indīgs
be-by,lv-lv,"Атручваць",Inde
be-by,lv-lv,"Атэны","Atēnas"
be-by,lv-lv,"Атэізм",Ateisms
be-by,lv-lv,"Ауторак",Otrdiena
be-by,lv-lv,"Афганістан","Afganistāna"
be-by,lv-lv,"Афрыка","Āfrika"
be-by,lv-lv,"Афіцыйная мова","Valsts valoda"
be-by,lv-lv,"Ахвота",Medniecība
be-by,lv-lv,"Ахвяра",Upuris
be-by,lv-lv,"Ацец","Tēvs"
be-by,lv-lv,"Ацэтальдэгід",Acetaldehīds
be-by,lv-lv,"Аўганістан","Afganistāna"
be-by,lv-lv,"Аўстралія","Austrālija"
be-by,lv-lv,"Аўстрыя",Austrija
be-by,lv-lv,"Аўтобус",Autobuss
be-by,lv-lv,"Аўторак",Otrdiena
be-by,lv-lv,"Бiно",Vīns
be-by,lv-lv,"Бабка","Vecāmāte"
be-by,lv-lv,"Бабск",Babska
be-by,lv-lv,"Багародзіца","Jaunava Marija"
be-by,lv-lv,"Багна",Purvs
be-by,lv-lv,"База дадзеных","Datu bāze"
be-by,lv-lv,"Базылік",Bazilika
be-by,lv-lv,"Базілік",Bazilika
be-by,lv-lv,"Балгарыя","Bulgārija"
be-by,lv-lv,"Балканская паўвыспа","Balkānu pussala"
be-by,lv-lv,"Балтыйскае мора","Baltijas jūra"
be-by,lv-lv,"Бальцана","Bolcāno"
be-by,lv-lv,"Балівія",Bolīvija
be-by,lv-lv,"Бангладэш",Bangladeša
be-by,lv-lv,"Банк",Banka
be-by,lv-lv,"Банкок",Bangkoka
be-by,lv-lv,"Барсэлёна","FC Barcelona"
be-by,lv-lv,"Барый","Bārijs"
be-by,lv-lv,"Батаніка","Botānika"
be-by,lv-lv,"Бахрэйн",Bahreina
be-by,lv-lv,"Бацька","Tēvs"
be-by,lv-lv,"Башкартастан","Baškortostāna"
be-by,lv-lv,"Баўгарыя","Bulgārija"
be-by,lv-lv,"Беларуская",Latviešu
be-by,lv-lv,"Беларусы",Baltkrievi
be-by,lv-lv,"Беларусь",Baltkrievija
be-by,lv-lv,"Беласток",Bjalistoka
be-by,lv-lv,"Белгародская вобласць","Belgorodas apgabals"
be-by,lv-lv,"Белцi",Belci
be-by,lv-lv,"Белці",Belci
be-by,lv-lv,"Белы",Balts
be-by,lv-lv,"Бельгія",Beļģija
be-by,lv-lv,"Беліз",Beliza
be-by,lv-lv,"Бенджамін Гарысан","Bendžamins Harisons"
be-by,lv-lv,"Бенедыкт XV, папа рымскі","Benedikts XV"
be-by,lv-lv,"Берклій",Berklijs
be-by,lv-lv,"Берлін",Berlīne
be-by,lv-lv,"Берылій",Berilijs
be-by,lv-lv,"Блоґ","Tīmekļa žurnāls"
be-by,lv-lv,"Блэр, Тоні","Tonijs Blērs"
be-by,lv-lv,"Блізкі Ўсход","Tuvie Austrumi"
be-by,lv-lv,"Бог",Dievs
be-by,lv-lv,"Божае Нараджэньне","Ziemassvētki"
be-by,lv-lv,"Боже, Царя храни","Dievs, svētī Caru!"
be-by,lv-lv,"Бойка","Izgāztuve"
be-by,lv-lv,"Бор",Bors
be-by,lv-lv,"Бор, хімічны элемент",Bors
be-by,lv-lv,"Борт",Borts
be-by,lv-lv,"Боснія і Герцагавіна","Bosnija un Hercegovina"
be-by,lv-lv,"Босьнія і Герцагавіна","Bosnija un Hercegovina"
be-by,lv-lv,"Бот",Kurpe
be-by,lv-lv,"Боінг",Boeing
be-by,lv-lv,"Бразілія",Brazīlija
be-by,lv-lv,"Брама","Vārti"
be-by,lv-lv,"Бранская вобласць","Brjanskas apgabals"
be-by,lv-lv,"Брат","Brālis"
be-by,lv-lv,"Брахаць",Miza
be-by,lv-lv,"Бром",Broms
be-by,lv-lv,"Бросня","Sēnes"
be-by,lv-lv,"Брусэль",Brisele
be-by,lv-lv,"Брынза",Siers
be-by,lv-lv,"Брэсцкая вобласць",Bresta
be-by,lv-lv,"Буда","Sidhārta Gautama"
be-by,lv-lv,"Будапэшт",Budapešta
be-by,lv-lv,"Бура","Vētra"
be-by,lv-lv,"Бурштын",Dzintars
be-by,lv-lv,"Бусел","Stārķis"
be-by,lv-lv,"Буш, Джордж Уокер","Džordžs V. Bušs"
be-by,lv-lv,"Быць",Būt
be-by,lv-lv,"Бэрлін",Berlīne
be-by,lv-lv,"Бяроза","Bērzs"
be-by,lv-lv,"Бясхвостыя",Varde
be-by,lv-lv,"Біблія",Bībele
be-by,lv-lv,"Бізантыйская імпэрыя",Bizantija
be-by,lv-lv,"Біл Клінтан","Bils Klintons"
be-by,lv-lv,"Бірманская котка",Mjanma
be-by,lv-lv,"Біяграфія","Biogrāfija"
be-by,lv-lv,"Біялёгія",Bioloģija
be-by,lv-lv,"В'етнам",Vjetnama
be-by,lv-lv,"Вавёрка",Vavere
be-by,lv-lv,"Вага",Svars
be-by,lv-lv,"Вагацца",Ieži
be-by,lv-lv,"Вада",Udens
be-by,lv-lv,"Вада",Ūdens
be-by,lv-lv,"Вадарод","Ūdeņradis"
be-by,lv-lv,"Вадкасць","Šķidrums"
be-by,lv-lv,"Вадкасьць","Šķidrs"
be-by,lv-lv,"Вадкасьць","Šķidrums"
be-by,lv-lv,"Вакно",Logs
be-by,lv-lv,"Валагодская вобласць","Vologdas apgabals"
be-by,lv-lv,"Валгаградская вобласць","Volgogradas apgabals"
be-by,lv-lv,"Вальфрам",Volframs
be-by,lv-lv,"Валюта","Monēta"
be-by,lv-lv,"Ванадый","Vanādijs"
be-by,lv-lv,"Вантроба",Aknas
be-by,lv-lv,"Вануату",Vanuatu
be-by,lv-lv,"Вапняк",Kaļķakmens
be-by,lv-lv,"Вармінска-Мазурскае ваяводства","Vārmijas-Mazūrijas vojevodiste"
be-by,lv-lv,"Варона","Vārna"
be-by,lv-lv,"Варонежская вобласць","Voroņežas apgabals"
be-by,lv-lv,"Вароты","Vārti"
be-by,lv-lv,"Вартасць",Cena
be-by,lv-lv,"Варты","Vērts"
be-by,lv-lv,"Варты","Vērtība"
be-by,lv-lv,"Варшава",Varšava
be-by,lv-lv,"Ватыкан","Vatikāns"
be-by,lv-lv,"Вашынгтон",Vašingtona
be-by,lv-lv,"Веда","Zināšanas"
be-by,lv-lv,"Ведаць",Zinat
be-by,lv-lv,"Веды","Zināšanas"
be-by,lv-lv,"Вежа",Tornis
be-by,lv-lv,"Везувій",Vezuvs
be-by,lv-lv,"Вектар",Vektors
be-by,lv-lv,"Венгрыя","Ungārija"
be-by,lv-lv,"Венера","Venēra"
be-by,lv-lv,"Венесуэла","Venecuēla"
be-by,lv-lv,"Верабей",Zvirbulis
be-by,lv-lv,"Верасень",Septembris
be-by,lv-lv,"Верш",Dzeja
be-by,lv-lv,"Ветравей","Vējš"
be-by,lv-lv,"Вецер","Vējš"
be-by,lv-lv,"Воблак","Mākoņi"
be-by,lv-lv,"Вобраз","Attēls"
be-by,lv-lv,"Возера Нарач","Narača ezers"
be-by,lv-lv,"Возера Таупа","Taupo ezers"
be-by,lv-lv,"Возера",Ezers
be-by,lv-lv,"Вока",Acs
be-by,lv-lv,"Волава",Alva
be-by,lv-lv,"Волас",Mats
be-by,lv-lv,"Волнасьць",Brīvība
be-by,lv-lv,"Вольга Валянцінаўна Корбут","Olga Korbuta"
be-by,lv-lv,"Вольха",Alksnis
be-by,lv-lv,"Воля",Brīvība
be-by,lv-lv,"Восень",Rudens
be-by,lv-lv,"Востраў Мэн","Menas sala"
be-by,lv-lv,"Востраў",Lille
be-by,lv-lv,"Воук",Vilks
be-by,lv-lv,"Воўк",Vilks
be-by,lv-lv,"Вугал","Akmeņogles"
be-by,lv-lv,"Вугал","Monēta"
be-by,lv-lv,"Вугал",Ogle
be-by,lv-lv,"Вугал",Ogleklis
be-by,lv-lv,"Вугаль","Akmeņogles"
be-by,lv-lv,"Вуглярод",Ogleklis
be-by,lv-lv,"Вугоршчына","Ungārija"
be-by,lv-lv,"Вуж","Čūska"
be-by,lv-lv,"Вуж","Čūskas"
be-by,lv-lv,"Вулiца",Iela
be-by,lv-lv,"Вулкан Везувій",Vezuvs
be-by,lv-lv,"Вулкан Тоба/вядомыя вывяржэнні","Tobas ezers"
be-by,lv-lv,"Вулкан","Vulkāns"
be-by,lv-lv,"Вуха",Auss
be-by,lv-lv,"Вуха","Vārpa"
be-by,lv-lv,"Выгляд",Gaiss
be-by,lv-lv,"Выканаўчая ўлада",Izpildvara
be-by,lv-lv,"Вымярэнне","Mērīšana"
be-by,lv-lv,"Выспы Ўоліс і Футуна","Volisa un Futuna"
be-by,lv-lv,"Вялікабрытанія","Apvienotā Karaliste"
be-by,lv-lv,"Вялікі бар'ерны рыф","Lielais Barjerrifs"
be-by,lv-lv,"Вярблюд",Kamielis
be-by,lv-lv,"Вясна",Avots
be-by,lv-lv,"Вясна",Pavasaris
be-by,lv-lv,"Вясёлка",Varavīksne
be-by,lv-lv,"Вячэра","Vakariņas"
be-by,lv-lv,"Вёска Кураў",Kuruva
be-by,lv-lv,"Вёска",Tauta
be-by,lv-lv,"Від","Šķirne"
be-by,lv-lv,"Відэлец","Dakšiņa"
be-by,lv-lv,"Віетнам",Vjetnama
be-by,lv-lv,"Віктар Пялевін","Viktors Peļevins"
be-by,lv-lv,"Віктар Юшчанка","Viktors Juščenko"
be-by,lv-lv,"Вікторыя","Viktorijas ezers"
be-by,lv-lv,"Вікінгі",Vikingi
be-by,lv-lv,"Вікіпедыя","Vikipēdija"
be-by,lv-lv,"Вікіпэдыя","Vikipēdija"
be-by,lv-lv,"Вільгельм Оствальд","Vilhelms Ostvalds"
be-by,lv-lv,"Вільня","Viļņa"
be-by,lv-lv,"Вінцэнт ван Гог","Vinsents van Gogs"
be-by,lv-lv,"Вісмут",Bismuts
be-by,lv-lv,"Г'юстан",Hjūstona
be-by,lv-lv,"Габрыэль Гарсія Маркес","Gabriels Garsija Markess"
be-by,lv-lv,"Гавана",Havanna
be-by,lv-lv,"Гаварыць","Runāt"
be-by,lv-lv,"Гаворка",Izloksne
be-by,lv-lv,"Гад","Rāpulis"
be-by,lv-lv,"Гадаліній",Gadolīnijs
be-by,lv-lv,"Газ","Gāze"
be-by,lv-lv,"Газета",Avīze
be-by,lv-lv,"Газета",Laikraksts
be-by,lv-lv,"Газэта",Avīze
be-by,lv-lv,"Газэта",Laikraksts
be-by,lv-lv,"Гайдэльскія мовы","Gēlu valodas"
be-by,lv-lv,"Гак","Āķis"
be-by,lv-lv,"Галава",Galva
be-by,lv-lv,"Галакост",Holokausts
be-by,lv-lv,"Галоўная старонка","Sākumlapa"
be-by,lv-lv,"Галоўны",Maina
be-by,lv-lv,"Галій",Gallijs
be-by,lv-lv,"Галілеа Галілей","Galileo Galilejs"
be-by,lv-lv,"Гана",Gana
be-by,lv-lv,"Гандурас",Hondurasa
be-by,lv-lv,"Гара Кіліманджара","Kilimandžāro"
be-by,lv-lv,"Гара Чагары",K2
be-by,lv-lv,"Гара",Kalns
be-by,lv-lv,"Гарады Беларусі","Baltkrievijas pilsētu uzskaitījums"
be-by,lv-lv,"Гарачы",Karsts
be-by,lv-lv,"Гарбата","Tēja"
be-by,lv-lv,"Гарод","Dārzs"
be-by,lv-lv,"Гарох",Zirnis
be-by,lv-lv,"Гаршчок",Panna
be-by,lv-lv,"Гарэлка",Degvīns
be-by,lv-lv,"Гафній",Hafnijs
be-by,lv-lv,"Гаіці",Haiti
be-by,lv-lv,"Гаўс","Haus mūzika"
be-by,lv-lv,"Геаграфія","Ģeogrāfija"
be-by,lv-lv,"Гедзімін",Ģedimins
be-by,lv-lv,"Гектар","Hektārs"
be-by,lv-lv,"Гелій","Hēlijs"
be-by,lv-lv,"Геральдыка",Heraldika
be-by,lv-lv,"Герб",Ierocis
be-by,lv-lv,"Герб",Zīme
be-by,lv-lv,"Герберт Гувер","Herberts Hūvers"
be-by,lv-lv,"Герберт Кларк Гувер","Herberts Hūvers"
be-by,lv-lv,"Герд Мюлер","Gerds Millers"
be-by,lv-lv,"Германій","Germānijs"
be-by,lv-lv,"Германія","Vācija"
be-by,lv-lv,"Глоса",Spīdums
be-by,lv-lv,"Глюкоза",Glikoze
be-by,lv-lv,"Год",Gads
be-by,lv-lv,"Голуб",Balodis
be-by,lv-lv,"Гольмій",Holmijs
be-by,lv-lv,"Горад Амстэрдам",Amsterdama
be-by,lv-lv,"Горад Беласток",Bjalistoka
be-by,lv-lv,"Горад Бельск-Падляшскі","Beļska Podļaska"
be-by,lv-lv,"Горад Берлін",Berlīne
be-by,lv-lv,"Горад Берн",Berne
be-by,lv-lv,"Горад Бранск","Brjanskas apgabals"
be-by,lv-lv,"Горад Братыслава",Bratislava
be-by,lv-lv,"Горад Брэст",Bresta
be-by,lv-lv,"Горад Варшава",Varšava
be-by,lv-lv,"Горад Вашынгтон",Vašingtona
be-by,lv-lv,"Горад Вена",Vīne
be-by,lv-lv,"Горад Вільнюс","Viļņa"
be-by,lv-lv,"Горад Віцебск",Vicebska
be-by,lv-lv,"Горад Гайнаўка",Hainuvka
be-by,lv-lv,"Горад Гомель",Gomeļa
be-by,lv-lv,"Горад Гродна",Grodna
be-by,lv-lv,"Горад Дэтройт",Detroita
be-by,lv-lv,"Горад Екацерынбург",Jekaterinburga
be-by,lv-lv,"Горад Заблудаў",Zabluduva
be-by,lv-lv,"Горад Какнэсе",Koknese
be-by,lv-lv,"Горад Калькута",Kolkata
be-by,lv-lv,"Горад Канбера",Kanbera
be-by,lv-lv,"Горад Каракас",Karakasa
be-by,lv-lv,"Горад Карачы","Karači"
be-by,lv-lv,"Горад Курыціба",Kuritiba
be-by,lv-lv,"Горад Кіеў",Kijeva
be-by,lv-lv,"Горад Лейпцыг",Leipciga
be-by,lv-lv,"Горад Ломе",Lome
be-by,lv-lv,"Горад Львоў",Ļviva
be-by,lv-lv,"Горад Ліма",Lima
be-by,lv-lv,"Горад Магілёў",Magiļeva
be-by,lv-lv,"Горад Мадрыд",Madride
be-by,lv-lv,"Горад Мале","Šahs"
be-by,lv-lv,"Горад Манака",Monako
be-by,lv-lv,"Горад Манрэаль","Monreāla"
be-by,lv-lv,"Горад Масква",Maskava
be-by,lv-lv,"Горад Мінск",Minska
be-by,lv-lv,"Горад Навасібірск",Novosibirska
be-by,lv-lv,"Горад Нарва",Narva
be-by,lv-lv,"Горад Нью-Йорк","Ņujorka"
be-by,lv-lv,"Горад Омск",Omska
be-by,lv-lv,"Горад Осла",Oslo
be-by,lv-lv,"Горад Паб'яніцы","Pabjaņice"
be-by,lv-lv,"Горад Парыж",Parīze
be-by,lv-lv,"Горад Пекін",Pekina
be-by,lv-lv,"Горад Пермь",Perma
be-by,lv-lv,"Горад Прага","Prāga"
be-by,lv-lv,"Горад Пыталава",Abrene
be-by,lv-lv,"Горад Рыга",Rīga
be-by,lv-lv,"Горад Рым",Roma
be-by,lv-lv,"Горад Самара","Samāra"
be-by,lv-lv,"Горад Сан-Марына",Sanmarīno
be-by,lv-lv,"Горад Санкт-Пецярбург","Sanktpēterburga"
be-by,lv-lv,"Горад Сент-Пітэрсберг","Sanktpēterburga"
be-by,lv-lv,"Горад Талін",Tallina
be-by,lv-lv,"Горад Таронта",Toronto
be-by,lv-lv,"Горад Тракай",Traķi
be-by,lv-lv,"Горад Тыраспаль",Tiraspole
be-by,lv-lv,"Горад Уладзівасток",Vladivostoka
be-by,lv-lv,"Горад Ульянаўск",Uļjanovska
be-by,lv-lv,"Горад Філадэльфія",Filadelfija
be-by,lv-lv,"Горад Цюрых",Cīrihe
be-by,lv-lv,"Горад Эроіка-Пуэбла-дэ-Сарагоса",Tauta
be-by,lv-lv,"Горад","Pilsēta"
be-by,lv-lv,"Горадня",Grodna
be-by,lv-lv,"Грамадзтва","Uzņēmums"
be-by,lv-lv,"Грамадзянства",Sabiedrība
be-by,lv-lv,"Граматыка",Gramatika
be-by,lv-lv,"Гранат","Grenāda"
be-by,lv-lv,"Графіт",Grafiti
be-by,lv-lv,"Гродзенская вобласць",Grodna
be-by,lv-lv,"Грозьба",Draudi
be-by,lv-lv,"Грошы",Nauda
be-by,lv-lv,"Грузія",Gruzija
be-by,lv-lv,"Грунтвага","Līmeņrādis"
be-by,lv-lv,"Груша",Bumbieris
be-by,lv-lv,"Грыб","Sēne"
be-by,lv-lv,"Грыб","Sēnes"
be-by,lv-lv,"Грыгарыянскі каляндар","Gregora kalendārs"
be-by,lv-lv,"Грэгарыянскі каляндар","Gregora kalendārs"
be-by,lv-lv,"Грэнландыя",Grenlande
be-by,lv-lv,"Грэцкая мова","Grieķu valoda"
be-by,lv-lv,"Грэцыя",Grieķija
be-by,lv-lv,"Гук","Skaņa"
be-by,lv-lv,"Гукарад",Gamma
be-by,lv-lv,"Гулня",Dramaturģija
be-by,lv-lv,"Гуляць",Dramaturģija
be-by,lv-lv,"Густаў Клімт","Gustavs Klimts"
be-by,lv-lv,"Гэбель","Ēvele"
be-by,lv-lv,"Гімалаі",Himalaji
be-by,lv-lv,"Гімн Расійскай імперыі","Dievs, svētī Caru!"
be-by,lv-lv,"Гісторыя Старажытнага Егіпта","Senā Ēģipte"
be-by,lv-lv,"Гісторыя","Vēsture"
be-by,lv-lv,"Гітара","Ģitāra"
be-by,lv-lv,"Гішпанская мова","Spāņu valoda"
be-by,lv-lv,"Гішпанія","Spānija"
be-by,lv-lv,"Гіём Апалінэр","Gijoms Apolinērs"
be-by,lv-lv,"Дагестан","Dagestāna"
be-by,lv-lv,"Даліна",Ieleja
be-by,lv-lv,"Дамен верхняга ўзроўню","Augšējā līmeņa domēns"
be-by,lv-lv,"Данія","Dānija"
be-by,lv-lv,"Дапамагаць",Help!
be-by,lv-lv,"Дапамагчы",Help!
be-by,lv-lv,"Дапамога",Help!
be-by,lv-lv,"Дарога",Ceļš
be-by,lv-lv,"Дарога",Iela
be-by,lv-lv,"Дах",Jumts
be-by,lv-lv,"Дацкая мова",Latviešu
be-by,lv-lv,"Дачка",Meita
be-by,lv-lv,"Даўжыня",Garums
be-by,lv-lv,"Даўґаўпілс",Daugavpils
be-by,lv-lv,"Джавані Бакачча","Džovanni Bokačo"
be-by,lv-lv,"Джозеф Конрад","Džozefs Konrads"
be-by,lv-lv,"Джон Адамс","Džons Adamss"
be-by,lv-lv,"Джон Рональд Руэл Толкін","Džons Ronalds Rūels Tolkīns"
be-by,lv-lv,"Джордж Вашынгтон","Džordžs Vašingtons"
be-by,lv-lv,"Джордж Герберт Уокер Буш","Džordžs H. V. Bušs"
be-by,lv-lv,"Джордж Уокер Буш","Džordžs V. Bušs"
be-by,lv-lv,"Джорджыя",Džordžija
be-by,lv-lv,"Джоўль",Džouls
be-by,lv-lv,"Джэксанвіль",Džeksonvila
be-by,lv-lv,"Дзе",Kur
be-by,lv-lv,"Дзева",Jaunava
be-by,lv-lv,"Дзед","Vectēvs"
be-by,lv-lv,"Дзень",Diena
be-by,lv-lv,"Дзеяслоў","Darbības vārds"
be-by,lv-lv,"Дзьверы",Durvis
be-by,lv-lv,"Дзядзька","Tēvocis"
be-by,lv-lv,"Дзяржава","Stāvoklis"
be-by,lv-lv,"Дзяржава",Valsts
be-by,lv-lv,"Днепрапятроўская вобласць",Dnipropetrovska
be-by,lv-lv,"Добры",Labs
be-by,lv-lv,"Добры",Labums
be-by,lv-lv,"Дождж",Lietus
be-by,lv-lv,"Дол",Zeme
be-by,lv-lv,"Дом",Nams
be-by,lv-lv,"Драма",Dramaturģija
be-by,lv-lv,"Дробі",Lūzums
be-by,lv-lv,"Дрот",Stieple
be-by,lv-lv,"Другая сусветная вайна","Otrais pasaules karš"
be-by,lv-lv,"Дрэва",Koks
be-by,lv-lv,"Дрэнны",Ļaunums
be-by,lv-lv,"Дуайт Дэйвід Эйзенхаўэр","Dvaits Eizenhauers"
be-by,lv-lv,"Дуб",Ozols
be-by,lv-lv,"Думаць","Domāt"
be-by,lv-lv,"Думка",Doma
be-by,lv-lv,"Думка","Domāšana"
be-by,lv-lv,"Дунай",Donava
be-by,lv-lv,"Дурны",Muļķīgs
be-by,lv-lv,"Душа","Dvēsele"
be-by,lv-lv,"Дыега Веласкес","Djego Velaskess"
be-by,lv-lv,"Дыспрозій",Disprozijs
be-by,lv-lv,"Дэмакратычная Рэспубліка Конга","Kongo DR"
be-by,lv-lv,"Дэмакратычная Рэспубліка Конґа","Kongo DR"
be-by,lv-lv,"Дябал","Dēmons"
be-by,lv-lv,"Дябал",Velns
be-by,lv-lv,"Егіпет","Ēģipte"
be-by,lv-lv,"Ежа",Barība
be-by,lv-lv,"Езус Хрыстус","Jēzus Kristus"
be-by,lv-lv,"Езуіты",Jezuīti
be-by,lv-lv,"Елізавета ІІ, каралева Вялікабрытаніі","Elizabete II"
be-by,lv-lv,"Емэн",Jemena
be-by,lv-lv,"Ена",Jena
be-by,lv-lv,"Еўра",EUR
be-by,lv-lv,"Еўрапейскі Саюз","Eiropas Savienība"
be-by,lv-lv,"Еўропа",Eiropa
be-by,lv-lv,"Еўропій",Eiropijs
be-by,lv-lv,"Жаба",Varde
be-by,lv-lv,"Жалеза",Dzelzs
be-by,lv-lv,"Жалезны",Dzels
be-by,lv-lv,"Жалезны",Dzelzs
be-by,lv-lv,"Жанчына",Sieviete
be-by,lv-lv,"Жаргон","Interneta žargons"
be-by,lv-lv,"Жарт",Joks
be-by,lv-lv,"Жах","Šausmas"
be-by,lv-lv,"Жаўнер",Kareivis
be-by,lv-lv,"Жнивень",Augusts
be-by,lv-lv,"Жнівень",Augusts
be-by,lv-lv,"Жонка",Sieva
be-by,lv-lv,"Жораў","Dzērve"
be-by,lv-lv,"Жоўты",Dzeltens
be-by,lv-lv,"Жуль Верн","Žils Verns"
be-by,lv-lv,"Журавел","Dzērve"
be-by,lv-lv,"Журавіны","Dzērvene"
be-by,lv-lv,"Жывапіс",Glezniecība
be-by,lv-lv,"Жывёла",Dzīvnieki
be-by,lv-lv,"Жыгімонт Аўгуст","Sigismunds II Augusts"
be-by,lv-lv,"Жыла","Vēnas"
be-by,lv-lv,"Жыта",Rudzi
be-by,lv-lv,"Жыць",Dzīvs
be-by,lv-lv,"Жэнева","Ženēva"
be-by,lv-lv,"З",Ar
be-by,lv-lv,"ЗША","Amerikas Savienotās Valstis"
be-by,lv-lv,"Загад",Ordenis
be-by,lv-lv,"Загадаць",Ordenis
be-by,lv-lv,"Загадваць",Ordenis
be-by,lv-lv,"Загваздка",Komats
be-by,lv-lv,"Загвоздка",Komats
be-by,lv-lv,"Загрэб",Zagreba
be-by,lv-lv,"Заказаць","Grāmata"
be-by,lv-lv,"Заказаць",Ordenis
be-by,lv-lv,"Заказваць","Grāmata"
be-by,lv-lv,"Заказваць",Ordenis
be-by,lv-lv,"Закары Тэйлар","Zaharijs Teilors"
be-by,lv-lv,"Закон",Likums
be-by,lv-lv,"Замасьць",Zamosca
be-by,lv-lv,"Занятак","Uzņēmējdarbība"
be-by,lv-lv,"Захад",Rietumi
be-by,lv-lv,"Зацьменне","Saules aptumsums"
be-by,lv-lv,"Заяц",Zaķis
be-by,lv-lv,"Заўжды","Vienmēr"
be-by,lv-lv,"Заўсёды","Vienmēr"
be-by,lv-lv,"Збожжа",Maize
be-by,lv-lv,"Зброя",Ierocis
be-by,lv-lv,"Згода","Harmony modulis"
be-by,lv-lv,"Здаровы",Vesels
be-by,lv-lv,"Здароўе",Veselība
be-by,lv-lv,"Здрада",Nodevība
be-by,lv-lv,"Земгалы",Zemgaļi
be-by,lv-lv,"Землятрус",Zemestrīce
be-by,lv-lv,"Землі Аўстрыі","Vācijas federālās zemes"
be-by,lv-lv,"Злодзей",Zaglis
be-by,lv-lv,"Злучаныя Штаты Амерыкі","Amerikas Savienotās Valstis"
be-by,lv-lv,"Злучаныя Штаты Амэрыкі","Amerikas Savienotās Valstis"
be-by,lv-lv,"Злы",Ļaunums
be-by,lv-lv,"Змушаць","Spēks"
be-by,lv-lv,"Змываць",Tīrs
be-by,lv-lv,"Змыць",Tīrs
be-by,lv-lv,"Золата",Zelts
be-by,lv-lv,"Зорка",Zvaigzne
be-by,lv-lv,"Зьвер",Dzīvnieki
be-by,lv-lv,"Зьміцер","Dēmetra"
be-by,lv-lv,"Зьядаць","Ēst"
be-by,lv-lv,"Зялеза",Dzelzs
be-by,lv-lv,"Зялёны",Zaļš
be-by,lv-lv,"Зямля",Zeme
be-by,lv-lv,"Зіма",Ziema
be-by,lv-lv,"Зінэдзін Зідан","Zinedins Zidāns"
be-by,lv-lv,"Индия",Indija
be-by,lv-lv,"Кабардзіна-Балкарыя","Kabardija-Balkārija"
be-by,lv-lv,"Кабета",Sieviete
be-by,lv-lv,"Кава",Kafija
be-by,lv-lv,"Каванне","Smēde"
be-by,lv-lv,"Кадмій",Kadmijs
be-by,lv-lv,"Каза",Kaza
be-by,lv-lv,"Казахстан","Kazahstāna"
be-by,lv-lv,"Казёл",Kaza
be-by,lv-lv,"Казімір Ягелончык","Kazimirs IV"
be-by,lv-lv,"Калатнеча","Izgāztuve"
be-by,lv-lv,"Калатня","Izgāztuve"
be-by,lv-lv,"Калатоўка",Kosas
be-by,lv-lv,"Калмыкія",Kalmikija
be-by,lv-lv,"Калужская вобласць","Kalugas apgabals"
be-by,lv-lv,"Калумбія",Kolumbija
be-by,lv-lv,"Кальмарская унія","Kalmāras ūnija"
be-by,lv-lv,"Кальцый",Kalcīts
be-by,lv-lv,"Калянасць",Cietība
be-by,lv-lv,"Каляндар","Mēnesis"
be-by,lv-lv,"Каляндар","Mēness"
be-by,lv-lv,"Калій","Kālijs"
be-by,lv-lv,"Калінінградская вобласць","Kaļiņingradas apgabals"
be-by,lv-lv,"Каліфорній",Kalifornijs
be-by,lv-lv,"Камедыя","Komēdija"
be-by,lv-lv,"Каменны век","Akmens laikmets"
be-by,lv-lv,"Камета","Komēta"
be-by,lv-lv,"Кампутар",Datori
be-by,lv-lv,"Кампутар",Dators
be-by,lv-lv,"Камунізм",Komunisms
be-by,lv-lv,"Камуністычная партыя Расійскай Федэрацыі","Krievijas Federācijas Komunistiskā partija"
be-by,lv-lv,"Камчацкі край","Kamčatkas apgabals"
be-by,lv-lv,"Канада","Kanāda"
be-by,lv-lv,"Канскаволя",Konskovola
be-by,lv-lv,"Канстытуцыя",Konstitūcija
be-by,lv-lv,"Кантынэнт",Kontinents
be-by,lv-lv,"Канфуцый",Konfūcijs
be-by,lv-lv,"Капітал","Kapitāls"
be-by,lv-lv,"Карабел",Kuģis
be-by,lv-lv,"Каракарум",Karakorums
be-by,lv-lv,"Каралева",Queen
be-by,lv-lv,"Каралі Польшчы","Polijas valdnieku uzskaitījums"
be-by,lv-lv,"Карачаева-Чаркесія","Karačaja-Čerkesija"
be-by,lv-lv,"Карол",Karalis
be-by,lv-lv,"Кароль",Karalis
be-by,lv-lv,"Карфаген","Kartāga"
be-by,lv-lv,"Карыбскае мора","Karību jūra"
be-by,lv-lv,"Карэлія","Karēlija"
be-by,lv-lv,"Каспійскае мора","Kaspijas jūra"
be-by,lv-lv,"Кастрамская вобласць","Kostromas apgabals"
be-by,lv-lv,"Кастрычнiк",Oktobris
be-by,lv-lv,"Кастрычнік",Oktobris
be-by,lv-lv,"Касьцёл",Baznīca
be-by,lv-lv,"Каталіцкі Касьцёл","Romas Katoļu baznīca"
be-by,lv-lv,"Каталіцтва","Romas Katoļu baznīca"
be-by,lv-lv,"Каток",Ritenis
be-by,lv-lv,"Квадратны кіламетр","Kvadrātkilometrs"
be-by,lv-lv,"Квадратны кілямэтар","Kvadrātkilometrs"
be-by,lv-lv,"Квадратны","Kvadrāts"
be-by,lv-lv,"Квас","Skābe"
be-by,lv-lv,"Квас","Skābs"
be-by,lv-lv,"Квецень","Krāsa"
be-by,lv-lv,"Кейстут","Ķēstutis"
be-by,lv-lv,"Кемераўская вобласць","Kemerovas apgabals"
be-by,lv-lv,"Клас",Klase
be-by,lv-lv,"Ключ","Tonalitāte"
be-by,lv-lv,"Клявіятура",Klaviatūra
be-by,lv-lv,"Клён",Kļava
be-by,lv-lv,"Клімат",Klimats
be-by,lv-lv,"Кніга","Grāmata"
be-by,lv-lv,"Кобальт",Kobalts
be-by,lv-lv,"Кола",Ritenis
be-by,lv-lv,"Кола","Riņķis"
be-by,lv-lv,"Колер","Krāsa"
be-by,lv-lv,"Комі",Komi
be-by,lv-lv,"Конь",Zirgs
be-by,lv-lv,"Кордава",Kordova
be-by,lv-lv,"Коска",Komats
be-by,lv-lv,"Костка",Kauli
be-by,lv-lv,"Костка",Kauls
be-by,lv-lv,"Косьць",Kauli
be-by,lv-lv,"Косьць",Kauls
be-by,lv-lv,"Кот д'Івуар","Kotdivuāra"
be-by,lv-lv,"Кот",Kaķis
be-by,lv-lv,"Кот","Kaķu ģints"
be-by,lv-lv,"Кошка",Kaķis
be-by,lv-lv,"Коўна","Kauņa"
be-by,lv-lv,"Кра?на",Valsts
be-by,lv-lv,"Краiна",Iela
be-by,lv-lv,"Край",Valsts
be-by,lv-lv,"Крама",Magazīna
be-by,lv-lv,"Красавiк",Maijs
be-by,lv-lv,"Красавік",Aprīlis
be-by,lv-lv,"Краска","Krāsa"
be-by,lv-lv,"Краснадарскі край","Krasnodaras novads"
be-by,lv-lv,"Краснаярскі край","Krasnojarskas novads"
be-by,lv-lv,"Краіна",Valsts
be-by,lv-lv,"Краіны паводле алфавіту",Valstis
be-by,lv-lv,"Кровазварот","Asinsrites orgānu sistēma"
be-by,lv-lv,"Крок",Solis
be-by,lv-lv,"Кроу",Asinis
be-by,lv-lv,"Кроў",Asinis
be-by,lv-lv,"Крыжовыя паходы","Krusta kari"
be-by,lv-lv,"Крыла","Spārns"
be-by,lv-lv,"Крынічны код",Pirmkods
be-by,lv-lv,"Крыптон",Kriptons
be-by,lv-lv,"Крыць","Āda"
be-by,lv-lv,"Крыштал","Kristāls"
be-by,lv-lv,"Крэйда",Krīts
be-by,lv-lv,"Крэмній",Silīcijs
be-by,lv-lv,"Ксенон",Ksenons
be-by,lv-lv,"Куба",Kuba
be-by,lv-lv,"Куды",Kur
be-by,lv-lv,"Культура",Kultūra
be-by,lv-lv,"Культурная антрапалёгія","Etnogrāfija"
be-by,lv-lv,"Кулямёт","Ložmetējs"
be-by,lv-lv,"Кура",Vista
be-by,lv-lv,"Кураў",Kurova
be-by,lv-lv,"Курганская вобласць","Kurgānas apgabals"
be-by,lv-lv,"Курская вобласць","Kurskas apgabals"
be-by,lv-lv,"Куршы",Kurši
be-by,lv-lv,"Кут","Leņķis"
be-by,lv-lv,"Кыргызстан","Kirgizstāna"
be-by,lv-lv,"Кюрый",Kirijs
be-by,lv-lv,"Кіеў",Kijeva
be-by,lv-lv,"Кіеўская вобласць",Kijeva
be-by,lv-lv,"Кілямэтар",Metrs
be-by,lv-lv,"Кіпр",Kipra
be-by,lv-lv,"Кіраўская вобласць","Kirovas apgabals"
be-by,lv-lv,"Кірыбаці",Kiribati
be-by,lv-lv,"Кірыліца",Kirilica
be-by,lv-lv,"Кісларод","Skābeklis"
be-by,lv-lv,"Кіта",Kito
be-by,lv-lv,"Кітай",Ķīna
be-by,lv-lv,"Кішынёў","Kišiņeva"
be-by,lv-lv,"Лiпень",Jūlijs
be-by,lv-lv,"Лiсiца",Lapsa
be-by,lv-lv,"Лiст",Lapas
be-by,lv-lv,"Лiстапад",Novembris
be-by,lv-lv,"Лад",Ordenis
be-by,lv-lv,"Лантан","Lantāns"
be-by,lv-lv,"Ланцуг","Ķēde"
be-by,lv-lv,"Лас-Вегас",Lasvegasa
be-by,lv-lv,"Латвія",Latvija
be-by,lv-lv,"Латгалы",Latgaļi
be-by,lv-lv,"Латыская",Latvietis
be-by,lv-lv,"Лаціна","Latīņu valoda"
be-by,lv-lv,"Лацінская мова","Latīņu valoda"
be-by,lv-lv,"Лацінскі альфабэт","Latīņu alfabēts"
be-by,lv-lv,"Лебедзь",Gulbis
be-by,lv-lv,"Лекар","Ārsts"
be-by,lv-lv,"Ленінградская вобласць","Ļeņingradas apgabals"
be-by,lv-lv,"Лес",Mežs
be-by,lv-lv,"Летува",Lietuva
be-by,lv-lv,"Летувіскі літ",Lits
be-by,lv-lv,"Леу",Lauva
be-by,lv-lv,"Лешч",Plaudis
be-by,lv-lv,"Леў Язэпавіч Лемке","Ļevs Ļemke"
be-by,lv-lv,"Леў",Lauva
be-by,lv-lv,"Ловы",Medniecība
be-by,lv-lv,"Лос-Анджэлес",Losandželosa
be-by,lv-lv,"Лузітанія","Portugāle"
be-by,lv-lv,"Лупцоўка","Pīrisāre"
be-by,lv-lv,"Лыжка",Ka?ote
be-by,lv-lv,"Лыжка","Kaŗote"
be-by,lv-lv,"Любельскае ваяводства","Ļubļinas vojevodiste"
be-by,lv-lv,"Любляна",Ļubļana
be-by,lv-lv,"Люд",Tauta
be-by,lv-lv,"Людвіг ван Бетховен","Ludvigs van Bēthovens"
be-by,lv-lv,"Люксембург",Luksemburga
be-by,lv-lv,"Люксэмбург",Luksemburga
be-by,lv-lv,"Люты","Februāris"
be-by,lv-lv,"Лютэцый","Lutēcijs"
be-by,lv-lv,"Лямпа",Lampa
be-by,lv-lv,"Лёд",Ledus
be-by,lv-lv,"Лівонская старэйшая рыфмаваная хроніка","Atskaņu hronika"
be-by,lv-lv,"Лівы",Līvi
be-by,lv-lv,"Лівія",Lībija
be-by,lv-lv,"Ліга Нацый","Nāciju Līga"
be-by,lv-lv,"Ліепая","Liepāja"
be-by,lv-lv,"Лізавета Пятроўна, імператрыца расійская","Elizabete Bousa-Laiona"
be-by,lv-lv,"Лінус Торвальдс","Linuss Torvalds"
be-by,lv-lv,"Ліпень",Jūlijs
be-by,lv-lv,"Ліпецкая вобласць","Ļipeckas apgabals"
be-by,lv-lv,"Лістапад",Novembris
be-by,lv-lv,"Літва",Lietuva
be-by,lv-lv,"Літоўская мова","Lietuviešu valoda"
be-by,lv-lv,"Літоўская","Lietuviešu valoda"
be-by,lv-lv,"Літый",Litijs
be-by,lv-lv,"Ліхтэнштайн",Lihtenšteina
be-by,lv-lv,"Ліхтэнштэйн",Lihtenšteina
be-by,lv-lv,"Лічбы",Cipars
be-by,lv-lv,"М'янма",Mjanma
be-by,lv-lv,"Мабыць",Varbūt
be-by,lv-lv,"Магаданская вобласць","Magadanas apgabals"
be-by,lv-lv,"Магазын",Magazīna
be-by,lv-lv,"Магній",Magnijs
be-by,lv-lv,"Магутны",Milzīgs
be-by,lv-lv,"Магутны",Stiprs
be-by,lv-lv,"Магчы",Maijs
be-by,lv-lv,"Мадрыд",Madride
be-by,lv-lv,"Мадэрн",Jūgendstils
be-by,lv-lv,"Мадэрнізм",Modernisms
be-by,lv-lv,"Май",Maijs
be-by,lv-lv,"Македонія","Maķedonijas Republika"
be-by,lv-lv,"Малады",Jauns
be-by,lv-lv,"Малако",Piens
be-by,lv-lv,"Маланка",Zibens
be-by,lv-lv,"Малапольскае ваяводзтва","Mazpolijas vojevodiste"
be-by,lv-lv,"Малдовa",Moldova
be-by,lv-lv,"Малдова",Moldova
be-by,lv-lv,"Мальдывы",Maldīvija
be-by,lv-lv,"Мальдыўскія выспы",Maldīvija
be-by,lv-lv,"Мальта",Malta
be-by,lv-lv,"Малярства",Glezniecība
be-by,lv-lv,"Малібдэн","Molibdēns"
be-by,lv-lv,"Мама",Mūmija
be-by,lv-lv,"Мана",Meli
be-by,lv-lv,"Манета","Monēta"
be-by,lv-lv,"Манэта","Monēta"
be-by,lv-lv,"Манґа",Manga
be-by,lv-lv,"Марганец","Mangāns"
be-by,lv-lv,"Мардовія",Mordovija
be-by,lv-lv,"Марк Шагал","Marks Šagāls"
be-by,lv-lv,"Маркетынг","Mārketings"
be-by,lv-lv,"Мармар",Marmors
be-by,lv-lv,"Мармур",Marmors
be-by,lv-lv,"Марцін Ван Бюран","Martins Van Burens"
be-by,lv-lv,"Маршалавы выспы","Māršala salas"
be-by,lv-lv,"Марый Эл",Marijela
be-by,lv-lv,"Марыён",Morions
be-by,lv-lv,"Масква",Maskava
be-by,lv-lv,"Маскоўская вобласць","Maskavas apgabals"
be-by,lv-lv,"Масло",Sviests
be-by,lv-lv,"Масонства",Brīvmūrnieki
be-by,lv-lv,"Матка","Māte"
be-by,lv-lv,"Матылёк","Tauriņi"
be-by,lv-lv,"Матылёк","Tauriņš"
be-by,lv-lv,"Матэматыка","Matemātika"
be-by,lv-lv,"Мед",Medus
be-by,lv-lv,"Медзь",Varš
be-by,lv-lv,"Мелодыя",Melodija
be-by,lv-lv,"Мендзялевій",Mendeļejevijs
be-by,lv-lv,"Менск",Minska
be-by,lv-lv,"Месроп Маштоц","Mesrops Maštocs"
be-by,lv-lv,"Места","Pilsēta"
be-by,lv-lv,"Месяц","Mēness"
be-by,lv-lv,"Метр",Metrs
be-by,lv-lv,"Метрапалітэн",Metro
be-by,lv-lv,"Метэарыт",Meteorīts
be-by,lv-lv,"Механічны рух",Kustība
be-by,lv-lv,"Мова праграмавання C",C
be-by,lv-lv,"Мова",Valoda
be-by,lv-lv,"Мовазнаўства",Valodniecība
be-by,lv-lv,"Моль",Mols
be-by,lv-lv,"Момант сілы","Spēka moments"
be-by,lv-lv,"Мора",Jūra
be-by,lv-lv,"Мост","Tiltiņš"
be-by,lv-lv,"Мост",Tilts
be-by,lv-lv,"Мостар",Mostara
be-by,lv-lv,"Моц","Spēks"
be-by,lv-lv,"Моцны",Stiprs
be-by,lv-lv,"Мошаўцы",Mošovce
be-by,lv-lv,"Мошаўцэ",Mošovce
be-by,lv-lv,"Мудры",Gudrs
be-by,lv-lv,"Музыка",Mūzika
be-by,lv-lv,"Мур",Siena
be-by,lv-lv,"Мурманская вобласць","Murmanskas apgabals"
be-by,lv-lv,"Мурын",Melns
be-by,lv-lv,"Мы, беларусы","Baltkrievijas himna"
be-by,lv-lv,"Мыла",Ziepes
be-by,lv-lv,"Мыш",Datorpele
be-by,lv-lv,"Мыш'як","Arsēns"
be-by,lv-lv,"Мэксыка",Meksika
be-by,lv-lv,"Мэлёдыя",Melodija
be-by,lv-lv,"Мэта","Vārti"
be-by,lv-lv,"Мэтал","Metāls"
be-by,lv-lv,"Мэталь","Metāls"
be-by,lv-lv,"Мэталёвы","Metāls"
be-by,lv-lv,"Мэтр",Metrs
be-by,lv-lv,"Мядзь",Medus
be-by,lv-lv,"Мядзьведзь","Lācis"
be-by,lv-lv,"Мёд",Medus
be-by,lv-lv,"Мёртвае мора","Nāves jūra"
be-by,lv-lv,"Мігдалы",Mandele
be-by,lv-lv,"Міжземнае мора",Vidusjūra
be-by,lv-lv,"Міжнародны валютны фонд","Starptautiskais valūtas fonds"
be-by,lv-lv,"Мікеланджэла Буанароцці",Mikelandželo
be-by,lv-lv,"Міндоўг",Mindaugs
be-by,lv-lv,"Мінерал","Minerāls"
be-by,lv-lv,"Мінская вобласць",Minska
be-by,lv-lv,"НЯМЕЧЧЫНА","Vācija"
be-by,lv-lv,"Набелій","Nobēlijs"
be-by,lv-lv,"Навасібірская вобласць","Novosibirskas apgabals"
be-by,lv-lv,"Навука","Zinātne"
be-by,lv-lv,"Навухаданосар ІІ","Nebukadnecars II"
be-by,lv-lv,"Навучаць","Mācīt"
be-by,lv-lv,"Навучыць","Mācīt"
be-by,lv-lv,"Навэла","Romāns"
be-by,lv-lv,"Нага",Katete
be-by,lv-lv,"Надвор'е",Laiks
be-by,lv-lv,"Надворе",Laiks
be-by,lv-lv,"Назад",Mugura
be-by,lv-lv,"Намер",Projekts
be-by,lv-lv,"Намібія",Namībija
be-by,lv-lv,"Напалеон I Банапарт","Napoleons Bonaparts"
be-by,lv-lv,"Напалеон III Банапарт","Napoleons III"
be-by,lv-lv,"Нараджэнне",Decembris
be-by,lv-lv,"Нараджэнне","Ziemassvētki"
be-by,lv-lv,"Нарач","Narača ezers"
be-by,lv-lv,"Нарвегія","Norvēģija"
be-by,lv-lv,"Народ",Tauta
be-by,lv-lv,"Насельніцтва","Aprakstošā statistika"
be-by,lv-lv,"Насельн口цтва","Aprakstošā statistika"
be-by,lv-lv,"Насеньне","Sēkla"
be-by,lv-lv,"Натрый","Nātrijs"
be-by,lv-lv,"Нафта",Nafta
be-by,lv-lv,"Нацыя",Tauta
be-by,lv-lv,"Нацыянальны дамен верхняга ўзроўню","Augšējā līmeņa domēns"
be-by,lv-lv,"Наўгародская вобласць","Novgorodas apgabals"
be-by,lv-lv,"Неадым",Neodīms
be-by,lv-lv,"Неба",Debesis
be-by,lv-lv,"Незалежнасць",Neatkarība
be-by,lv-lv,"Ненецкая аўтаномная акруга","Ņencu autonomais apvidus"
be-by,lv-lv,"Неон",Neons
be-by,lv-lv,"Непал","Nepāla"
be-by,lv-lv,"Нептун",Neptūns
be-by,lv-lv,"Нептуній",Neptūnijs
be-by,lv-lv,"Ноам Хомскі","Noams Čomskis"
be-by,lv-lv,"Ноам Чомскі","Noams Čomskis"
be-by,lv-lv,"Нобэлеўская прэмія","Nobela prēmija"
be-by,lv-lv,"Новая Зеландыя","Jaunzēlande"
be-by,lv-lv,"Новы год",Jaungads
be-by,lv-lv,"Новы",Jauns
be-by,lv-lv,"Нож",Nazis
be-by,lv-lv,"Нос",Deguns
be-by,lv-lv,"Ноч",Nakts
be-by,lv-lv,"Нью-Ёрк","Ņujorka"
be-by,lv-lv,"Нябёсы",Debesis
be-by,lv-lv,"Нядзеля","Svētdiena"
be-by,lv-lv,"Нямецкая мова","Vācu valoda"
be-by,lv-lv,"Нямеччына","Vācija"
be-by,lv-lv,"Нігерыя","Nigērija"
be-by,lv-lv,"Нідэрландская мова","Nīderlandiešu valoda"
be-by,lv-lv,"Нідэрланды",Nīderlande
be-by,lv-lv,"Нідэрлянды",Nīderlande
be-by,lv-lv,"Ніжагародская вобласць","Ņižņijnovgorodas apgabals"
be-by,lv-lv,"Ніжні Ноўгарад","Ņižņijnovgoroda"
be-by,lv-lv,"Нікель",Niķelis
be-by,lv-lv,"Нільс Бор","Nīlss Bors"
be-by,lv-lv,"Ніобій",Niobijs
be-by,lv-lv,"Омская вобласць","Omskas apgabals"
be-by,lv-lv,"Опера",Opera
be-by,lv-lv,"Орган","Orgāni"
be-by,lv-lv,"Осла",Oslo
be-by,lv-lv,"Осмій",Osmijs
be-by,lv-lv,"П'емонт",Pjemonta
be-by,lv-lv,"Па",Po
be-by,lv-lv,"Пабла Неруда","Pablo Neruda"
be-by,lv-lv,"Пабочны",Svešinieks
be-by,lv-lv,"Паверх","Stāsts"
be-by,lv-lv,"Паверхня",Platība
be-by,lv-lv,"Паветра",Gaiss
be-by,lv-lv,"Павук",Zirneklis
be-by,lv-lv,"Пагода",Laiks
be-by,lv-lv,"Пагроза",Draudi
be-by,lv-lv,"Падгорыца",Podgorica
be-by,lv-lv,"Падзяленьне ўлады","Varas dalīšana"
be-by,lv-lv,"Падкарпацкае ваяводства","Piekarpatu vojevodiste"
be-by,lv-lv,"Падляскае ваяводства","Podļases vojevodiste"
be-by,lv-lv,"Падмайстар",Zellis
be-by,lv-lv,"Падстава","Bāze"
be-by,lv-lv,"Падстава","Sārms"
be-by,lv-lv,"Падушка",Spilvens
be-by,lv-lv,"Пакой",Miers
be-by,lv-lv,"Пакт Молатава-Рыбэнтропа","Molotova-Ribentropa pakts"
be-by,lv-lv,"Пакул",Kad
be-by,lv-lv,"Пакістан","Pakistāna"
be-by,lv-lv,"Паладый","Pallādijs"
be-by,lv-lv,"Палазня",Iela
be-by,lv-lv,"Палеаграфія","Paleogrāfija"
be-by,lv-lv,"Палерма",Palermo
be-by,lv-lv,"Палестынская аўтаномія",Palestīna
be-by,lv-lv,"Палоній",Polonijs
be-by,lv-lv,"Палунач",Pusnakts
be-by,lv-lv,"Паляванне",Medniecība
be-by,lv-lv,"Палякі",Poļi
be-by,lv-lv,"Палітыка",Politika
be-by,lv-lv,"Памідоры","Tomāts"
be-by,lv-lv,"Пан","Pāns"
be-by,lv-lv,"Панк-рок",Pankroks
be-by,lv-lv,"Панна",Jaunava
be-by,lv-lv,"Панядзелак",Pirmdiena
be-by,lv-lv,"Паняцьце Бога ў політэізьме",Dievs
be-by,lv-lv,"Папы рымскія","Romas pāvestu hronoloģisks uzskaitījums"
be-by,lv-lv,"Пара",Laiks
be-by,lv-lv,"Парадак",Ordenis
be-by,lv-lv,"Парана",Parana
be-by,lv-lv,"Партугальская мова","Portugāļu valoda"
be-by,lv-lv,"Партугалія","Portugāle"
be-by,lv-lv,"Парфенон",Partenons
be-by,lv-lv,"Парыж",Parīze
be-by,lv-lv,"Патэльня",Panna
be-by,lv-lv,"Паход Чырвонай Арміі ў Заходнюю Беларусь і Украіну 1939","Polijas kampaņa"
be-by,lv-lv,"Пацалаваць",Kiss
be-by,lv-lv,"Пацалунак",Kiss
be-by,lv-lv,"Пачатак","Sākums"
be-by,lv-lv,"Пачаць","Sākt"
be-by,lv-lv,"Пачаць","Sākties"
be-by,lv-lv,"Пачынаць","Sākt"
be-by,lv-lv,"Пачынаць","Sākties"
be-by,lv-lv,"Паўабаронца",Pussargs
be-by,lv-lv,"Паўднёва-Афрыканская Рэспубліка","Dienvidāfrikas Republika"
be-by,lv-lv,"Паўднёва-Усходняя Азія","Dienvidaustrumāzija"
be-by,lv-lv,"Паўднёвая Амерыка",Dienvidamerika
be-by,lv-lv,"Паўднёвая Амэрыка",Dienvidamerika
be-by,lv-lv,"Паўднёвая Карэя",Dienvidkoreja
be-by,lv-lv,"Паўднёвы акіян","Dienvidu okeāns"
be-by,lv-lv,"Паўночнае мора",Ziemeļjūra
be-by,lv-lv,"Паўночная Амерыка",Ziemeļamerika
be-by,lv-lv,"Паўночная Асеція","Ziemeļosetija-Alānija"
be-by,lv-lv,"Паўночная Карэя",Ziemeļkoreja
be-by,lv-lv,"Паўночны полюс",Ziemeļpols
be-by,lv-lv,"Пекар",Maiznieks
be-by,lv-lv,"Пензенская вобласць","Penzas apgabals"
be-by,lv-lv,"Пентаэрытрыт",Pentaeritrīts
be-by,lv-lv,"Перац",Pipari
be-by,lv-lv,"Пермскі край","Permas novads"
be-by,lv-lv,"Персанальны камп'ютар","Personālais dators"
be-by,lv-lv,"Першабытнае грамадства","Aizvēsture"
be-by,lv-lv,"Першая сусветная вайна","Pirmais pasaules karš"
be-by,lv-lv,"Першая сусьветная вайна","Pirmais pasaules karš"
be-by,lv-lv,"Перыядычная сістэма элементаў","Ķīmisko elementu periodiskā tabula"
be-by,lv-lv,"Песьня",Dziesma
be-by,lv-lv,"Планета Венера","Venēra"
be-by,lv-lv,"Планета Зямля",Zeme
be-by,lv-lv,"Планета Юпітэр",Jupiters
be-by,lv-lv,"Планета","Planēta"
be-by,lv-lv,"Платон",Platons
be-by,lv-lv,"Плаціна",Platīns
be-by,lv-lv,"Плошча",Platība
be-by,lv-lv,"Плуг",Arkls
be-by,lv-lv,"Плутоній",Plutonijs
be-by,lv-lv,"Пляма",Traips
be-by,lv-lv,"Плянэта","Planēta"
be-by,lv-lv,"Пляц","Kvadrāts"
be-by,lv-lv,"Пляц",Platība
be-by,lv-lv,"Плячо",Plecs
be-by,lv-lv,"По",Po
be-by,lv-lv,"Подкастынг","Aplāde"
be-by,lv-lv,"Пол Макартні","Pols Makartnijs"
be-by,lv-lv,"Полшча",Polija
be-by,lv-lv,"Польская абарончая вайна 1939","Polijas kampaņa"
be-by,lv-lv,"Польская мова","Poļu valoda"
be-by,lv-lv,"Польшча",Polija
be-by,lv-lv,"Помач",Help!
be-by,lv-lv,"Порт",Osta
be-by,lv-lv,"Порт",Ports
be-by,lv-lv,"Поўнач",Ziemeļi
be-by,lv-lv,"Поўны",Pilns
be-by,lv-lv,"Права",Likums
be-by,lv-lv,"Права",Taisne
be-by,lv-lv,"Праведная Царква Іісуса","Patiesā Jēzus Baznīca"
be-by,lv-lv,"Прадпрыемец",Komersants
be-by,lv-lv,"Прадпрыемец","Uzņēmējs"
be-by,lv-lv,"Празеадым",Prazeodīms
be-by,lv-lv,"Прамова",Runa
be-by,lv-lv,"Прарок",Pravietis
be-by,lv-lv,"Прас",Dzels
be-by,lv-lv,"Прас",Dzelzs
be-by,lv-lv,"Пратактыній",Protaktīnijs
be-by,lv-lv,"Пратон",Protons
be-by,lv-lv,"Праца",Darbs
be-by,lv-lv,"Працаваць",Darbs
be-by,lv-lv,"Праўда",Patiesība
be-by,lv-lv,"Праўдзівая Царква Ісуса","Patiesā Jēzus Baznīca"
be-by,lv-lv,"Проза",Proza
be-by,lv-lv,"Просты лік",Pirmskaitlis
be-by,lv-lv,"Прыгода","Vēsture"
be-by,lv-lv,"Прыднястроўе","Piedņestras Moldāvu Republika"
be-by,lv-lv,"Прыемны",Nica
be-by,lv-lv,"Прылада",Darbarīks
be-by,lv-lv,"Прыморскі край","Piejūras novads"
be-by,lv-lv,"Прымушаць","Spēks"
be-by,lv-lv,"Прырода",Daba
be-by,lv-lv,"Прыстань",Ports
be-by,lv-lv,"Прытомнасць","Apziņa"
be-by,lv-lv,"Прэзыдэнт",Prezidents
be-by,lv-lv,"Пскоўская вобласць","Pleskavas apgabals"
be-by,lv-lv,"Птаства",Putni
be-by,lv-lv,"Птах",Putns
be-by,lv-lv,"Птух",Putns
be-by,lv-lv,"Птушка",Putns
be-by,lv-lv,"Пулавы",Pulavi
be-by,lv-lv,"Пусты",Vakuums
be-by,lv-lv,"Пустыня Гобі",Hobijs
be-by,lv-lv,"Пустыня Сахара","Sahāras tuksnesis"
be-by,lv-lv,"Пуэрта-Рыка",Puertoriko
be-by,lv-lv,"Пэру",Peru
be-by,lv-lv,"Пярвестак",Stihija
be-by,lv-lv,"Пярэспа",Izkapts
be-by,lv-lv,"Пярэспа",Kosa
be-by,lv-lv,"Пясок",Smilts
be-by,lv-lv,"Пятнiца",Piektdiena
be-by,lv-lv,"Пятніца",Piektdiena
be-by,lv-lv,"Пячора Альтаміра",Altamira
be-by,lv-lv,"Пячора",Ala
be-by,lv-lv,"Пячора",Alas
be-by,lv-lv,"Пётр I, імператар расійскі","Pēteris I"
be-by,lv-lv,"Пётр, папа рымскі","Sanktpēterburga"
be-by,lv-lv,"Пі",Pī
be-by,lv-lv,"Піва",Alus
be-by,lv-lv,"Пітагарэйская школа","Pitagoriešu skola"
be-by,lv-lv,"РАСЕЯ",Krievija
be-by,lv-lv,"Радон",Radons
be-by,lv-lv,"Радый","Rādijs"
be-by,lv-lv,"Радыё",Radio
be-by,lv-lv,"Разанская вобласць","Rjazaņas apgabals"
be-by,lv-lv,"Размаўляць","Runāt"
be-by,lv-lv,"Разьба","Tēlniecība"
be-by,lv-lv,"Рака Інд",Inda
be-by,lv-lv,"Рака Амазонка",Amazone
be-by,lv-lv,"Рака Волга",Volga
be-by,lv-lv,"Рака Дунай",Donava
be-by,lv-lv,"Рака Заходняя Дзвіна",Daugava
be-by,lv-lv,"Рака Заходні Буг","Rietumu Buga"
be-by,lv-lv,"Рака Калумбія",Kolumbija
be-by,lv-lv,"Рака Конга",Kongo
be-by,lv-lv,"Рака Місісіпі",Misisipi
be-by,lv-lv,"Рака Нараў",Nareva
be-by,lv-lv,"Рака Нёман",Nemuna
be-by,lv-lv,"Рака Нігер","Nigēra"
be-by,lv-lv,"Рака Ніл",Nīla
be-by,lv-lv,"Рака",Upe
be-by,lv-lv,"Ракако",Rokoko
be-by,lv-lv,"Раман",Novele
be-by,lv-lv,"Рамонак аптэчны","Ārstniecības kumelīte"
be-by,lv-lv,"Рамонак","Ārstniecības kumelīte"
be-by,lv-lv,"Рамя",Plecs
be-by,lv-lv,"Ранак",Rīts
be-by,lv-lv,"Раптоўны","Pēkšņs"
be-by,lv-lv,"Расейская",Latviešu
be-by,lv-lv,"Расея",Krievija
be-by,lv-lv,"Распачаць","Sākt"
be-by,lv-lv,"Распачаць","Sākties"
be-by,lv-lv,"Растоўская вобласць","Rostovas apgabals"
be-by,lv-lv,"Расьлiна",Augi
be-by,lv-lv,"Расійская імперыя","Krievijas impērija"
be-by,lv-lv,"Расія",Krievija
be-by,lv-lv,"Ровар","Velosipēds"
be-by,lv-lv,"Рог",Zirgs
be-by,lv-lv,"Родый",Rodijs
be-by,lv-lv,"Росчын","Šķīdums"
be-by,lv-lv,"Рот",Mute
be-by,lv-lv,"Ртуць",Dzīvsudrabs
be-by,lv-lv,"Руанда",Ruanda
be-by,lv-lv,"Рубідый",Rubīdijs
be-by,lv-lv,"Рудольф Дызель","Rūdolfs Dīzels"
be-by,lv-lv,"Ружа",Roze
be-by,lv-lv,"Рука",Maina
be-by,lv-lv,"Румынская мова","Rumāņu valoda"
be-by,lv-lv,"Румынія","Rumānija"
be-by,lv-lv,"Руская мова","Krievu valoda"
be-by,lv-lv,"Рускія",Krievi
be-by,lv-lv,"Рутэній","Rutēnijs"
be-by,lv-lv,"Рыба",Zivs
be-by,lv-lv,"Рыжская аўтамабільная фабрыка","Rīgas Autobusu Fabrika"
be-by,lv-lv,"Рыжскі мірны дагавор 1921","Latvijas - Krievijas miera līgums"
be-by,lv-lv,"Рым",Roma
be-by,lv-lv,"Рымская Імперыя","Romas impērija"
be-by,lv-lv,"Рымская імперыя","Romas impērija"
be-by,lv-lv,"Рынак",Tirgus
be-by,lv-lv,"Рычард Столман","Ričards Stalmans"
be-by,lv-lv,"Рыґа",Rīga
be-by,lv-lv,"Рэгіён","Francijas reģioni"
be-by,lv-lv,"Рэйк'явік",Reikjavīka
be-by,lv-lv,"Рэлігія",Reliģija
be-by,lv-lv,"Рэній","Rēnijs"
be-by,lv-lv,"Рэспублiка",Republika
be-by,lv-lv,"Рэспубліка Ірляндыя",Īrija
be-by,lv-lv,"Рэспубліка Македонія","Maķedonijas Republika"
be-by,lv-lv,"Рэспубліка",Republika
be-by,lv-lv,"Рэфармацыя","Reformācija"
be-by,lv-lv,"Рэч Паспалітая",Polija-Lietuva
be-by,lv-lv,"Рэч",Lieta
be-by,lv-lv,"Рэґі",Regejs
be-by,lv-lv,"САЗ","Pasaules veselības organizācija"
be-by,lv-lv,"СНІД",AIDS
be-by,lv-lv,"Сагі","Sagas prefektūra"
be-by,lv-lv,"Сакавік",Marts
be-by,lv-lv,"Сакрат",Sokrats
be-by,lv-lv,"Салоны","Sāls"
be-by,lv-lv,"Самагубец","Pašnāvība"
be-by,lv-lv,"Самагубства","Pašnāvība"
be-by,lv-lv,"Самарская вобласць","Samāras apgabals"
be-by,lv-lv,"Самарый","Samārijs"
be-by,lv-lv,"Самаўрад",Pašvaldība
be-by,lv-lv,"Сан-Антоніё",Sanantonio
be-by,lv-lv,"Сан-Дыега",Sandjego
be-by,lv-lv,"Сан-Марына",Sanmarīno
be-by,lv-lv,"Сан-Хасэ","Sanhosē"
be-by,lv-lv,"Санскрыт",Sanskrits
be-by,lv-lv,"Санэт",Sonets
be-by,lv-lv,"Сапраўдная царква Ісуса","Patiesā Jēzus Baznīca"
be-by,lv-lv,"Сараева",Sarajeva
be-by,lv-lv,"Саратаўская вобласць","Saratovas apgabals"
be-by,lv-lv,"Сарна",Ikri
be-by,lv-lv,"Сарна",Stirna
be-by,lv-lv,"Саудаўская Аравія","Saūda Arābija"
be-by,lv-lv,"Сафія",Sofija
be-by,lv-lv,"Сахалінская вобласць","Sahalīnas apgabals"
be-by,lv-lv,"Сачыць",Spiegs
be-by,lv-lv,"Саюз Савецкіх Сацыялістычных Рэспублік","Padomju Savienība"
be-by,lv-lv,"Свет",Pasaule
be-by,lv-lv,"Свядомасць","Apziņa"
be-by,lv-lv,"Свярдлоўская вобласць","Sverdlovskas apgabals"
be-by,lv-lv,"Святло",Gaisma
be-by,lv-lv,"Свяшчэнная Рымская імперыя","Svētā Romas impērija"
be-by,lv-lv,"Свінец",Svins
be-by,lv-lv,"Селы","Sēļi"
be-by,lv-lv,"Сельская гаспадарка",Lauksaimniecība
be-by,lv-lv,"Селядзец",Siļķe
be-by,lv-lv,"Семя","Sēkla"
be-by,lv-lv,"Сера","Sērs"
be-by,lv-lv,"Серабро",Sudrabs
be-by,lv-lv,"Серада",Trešdiena
be-by,lv-lv,"Сербія",Serbija
be-by,lv-lv,"Сетка",Tīkls
be-by,lv-lv,"Скакаць",Avots
be-by,lv-lv,"Скакаць",Pavasaris
be-by,lv-lv,"Скандый",Skandijs
be-by,lv-lv,"Скрадаць",Zagt
be-by,lv-lv,"Скура","Āda"
be-by,lv-lv,"Слабы","Vājš"
be-by,lv-lv,"Славакія","Slovākija"
be-by,lv-lv,"Славаччына","Slovākija"
be-by,lv-lv,"Славенская мова",Latviešu
be-by,lv-lv,"Славенія","Slovēnija"
be-by,lv-lv,"Славянскія мовы","Slāvu valodas"
be-by,lv-lv,"Слонь",Zilonis
be-by,lv-lv,"Слоўнік","Vārdnīca"
be-by,lv-lv,"Смаленская вобласць","Smoļenskas apgabals"
be-by,lv-lv,"Смартфон","Viedais telefons"
be-by,lv-lv,"Смачны",Garšigs
be-by,lv-lv,"Смерць","Nāve"
be-by,lv-lv,"Смоўж",Gliemezis
be-by,lv-lv,"Смоўж",Gliemeži
be-by,lv-lv,"Снасьць",Darbarīks
be-by,lv-lv,"Снежань",Decembris
be-by,lv-lv,"Сонечная сістэма","Saules sistēma"
be-by,lv-lv,"Сонца",Saule
be-by,lv-lv,"Сорам",Kauns
be-by,lv-lv,"Спадчына",Mantojums
be-by,lv-lv,"Спорт",Sports
be-by,lv-lv,"Спружына",Avots
be-by,lv-lv,"Спружына",Pavasaris
be-by,lv-lv,"Спутнік-1","Sputņik-1"
be-by,lv-lv,"Срэбра",Sudrabs
be-by,lv-lv,"Стагоддзе",Gadsimts
be-by,lv-lv,"Стагодзьдзі",Gadsimts
be-by,lv-lv,"Сталь","Tērauds"
be-by,lv-lv,"Сталіца","Galvaspilsēta"
be-by,lv-lv,"Старажытная Грэцыя","Senā Grieķija"
be-by,lv-lv,"Старажытны Егіпет","Senā Ēģipte"
be-by,lv-lv,"Стары",Vecs
be-by,lv-lv,"Стаўрапольскі край","Stavropoles novads"
be-by,lv-lv,"Страла",Bulta
be-by,lv-lv,"Страшэнны","Šausmīgs"
be-by,lv-lv,"Стронцый",Stroncijs
be-by,lv-lv,"Студзень","Janvāris"
be-by,lv-lv,"Стэнлі Кубрык","Stenlijs Kubriks"
be-by,lv-lv,"Субота",Sestdiena
be-by,lv-lv,"Судан","Sudāna"
be-by,lv-lv,"Судно",Kuģis
be-by,lv-lv,"Сузор'е Індзеец","Indiāņi"
be-by,lv-lv,"Сузор'е Авен",Auns
be-by,lv-lv,"Сузор'е Андрамеда",Andromeda
be-by,lv-lv,"Сузор'е Арол","Ērglis"
be-by,lv-lv,"Сузор'е Вадаліў",Ūdensvīrs
be-by,lv-lv,"Сузор'е Ветразі",Svece
be-by,lv-lv,"Сузор'е Воўк",Vilks
be-by,lv-lv,"Сузор'е Гадзіннік",Pulkstenis
be-by,lv-lv,"Сузор'е Голуб",Aprīlis
be-by,lv-lv,"Сузор'е Дзева",Jaunava
be-by,lv-lv,"Сузор'е Дракон",Pūķis
be-by,lv-lv,"Сузор'е Заяц",Zaķis
be-by,lv-lv,"Сузор'е Змяя","Čūskas"
be-by,lv-lv,"Сузор'е Кіль",Ķīle
be-by,lv-lv,"Сузор'е Леў",Lauva
be-by,lv-lv,"Сузор'е Лісічка",Lapsa
be-by,lv-lv,"Сузор'е Муха",Maskava
be-by,lv-lv,"Сузор'е Мікраскоп",Mikroskops
be-by,lv-lv,"Сузор'е Навугольнік",Norma
be-by,lv-lv,"Сузор'е Рак","Vēzis"
be-by,lv-lv,"Сузор'е Рысь",Lūsis
be-by,lv-lv,"Сузор'е Сетка",Tīkls
be-by,lv-lv,"Сузор'е Скарпіён",Skorpioni
be-by,lv-lv,"Сузор'е Скульптар","Tēlniecība"
be-by,lv-lv,"Сузор'е Сталовая Гара",Banka
be-by,lv-lv,"Сузор'е Трыкутнік",Trīsstūris
be-by,lv-lv,"Сузор'е Тэлескоп",Teleskops
be-by,lv-lv,"Сузор'е Фенікс",Phoenix
be-by,lv-lv,"Сузор'е Цялец","Vērsis"
be-by,lv-lv,"Сузоре","Zvaigznājs"
be-by,lv-lv,"Сукупны ўнутраны прадукт","Iekšzemes kopprodukts"
be-by,lv-lv,"Суполка","Uzņēmums"
be-by,lv-lv,"Сурма",Antimons
be-by,lv-lv,"Сусвет",Visums
be-by,lv-lv,"Сусед","Kaimiņš"
be-by,lv-lv,"Сусьвет",Visums
be-by,lv-lv,"Сцяг Расіі","Krievijas Federācijas karogs"
be-by,lv-lv,"Сыбір",Sibīrija
be-by,lv-lv,"Сыр",Siers
be-by,lv-lv,"Сыцылія",Sicīlija
be-by,lv-lv,"Сьвет",Pasaule
be-by,lv-lv,"Сьвечка",Svece
be-by,lv-lv,"Сьвядомасьць","Apziņa"
be-by,lv-lv,"Сьвятая Троіца",Trīsvienība
be-by,lv-lv,"Сьвятло",Gaisma
be-by,lv-lv,"Сьвяты Пётра","Sanktpēterburga"
be-by,lv-lv,"Сьвяты","Svēts"
be-by,lv-lv,"Сьлiмак",Gliemezis
be-by,lv-lv,"Сьлiмак",Gliemeži
be-by,lv-lv,"Сьлепата",Aklums
be-by,lv-lv,"Сьляза",Asara
be-by,lv-lv,"Сьляпы",Akls
be-by,lv-lv,"Сьмярдзець","Smirdoņa"
be-by,lv-lv,"Сьмярдзець","Smirdēt"
be-by,lv-lv,"Сьнег",Sniegs
be-by,lv-lv,"Сьнежань",Decembris
be-by,lv-lv,"Сьпірт",Spirti
be-by,lv-lv,"Сьпіс каралёў польскіх","Polijas valdnieku uzskaitījums"
be-by,lv-lv,"Сьпіс краінаў паводле плошчы","Suverēno valstu saraksts"
be-by,lv-lv,"Сьпіс краінаў паводле плошчы","Suverēno valstu uzskaitījums"
be-by,lv-lv,"Сьпіс краінаў паводле плошчы",Valstis
be-by,lv-lv,"Сьпіс краінаў і тэрыторыяў паводле альфабэта",Valstis
be-by,lv-lv,"Сьпіс краінаў і тэрыторыяў паводле альфабэту",Valstis
be-by,lv-lv,"Сьпіс памятных дат","Gregora kalendārs"
be-by,lv-lv,"Сьпіс польскіх манархаў","Polijas valdnieku uzskaitījums"
be-by,lv-lv,"Сьпіс рымскіх папаў","Romas pāvestu hronoloģisks uzskaitījums"
be-by,lv-lv,"Сьцяг",Karogs
be-by,lv-lv,"Сэвільля",Seviļa
be-by,lv-lv,"Сэкунда",Pustonis
be-by,lv-lv,"Сэкунда",Sekunde
be-by,lv-lv,"Сэкунда",Tonis
be-by,lv-lv,"Сэмантыка",Semantika
be-by,lv-lv,"Сэрбская мова","Serbu valoda"
be-by,lv-lv,"Сэрбія і Чарнагорыя","Serbija un Melnkalne"
be-by,lv-lv,"Сэрбія",Serbija
be-by,lv-lv,"Сэрца",Sirds
be-by,lv-lv,"Сябар",Draugs
be-by,lv-lv,"Сябра",Draugs
be-by,lv-lv,"Сяброўства",Draudzība
be-by,lv-lv,"Сякера",Cirvis
be-by,lv-lv,"Сяргей Сяргеевіч Сідорскі","Sergejs Sidorskis"
be-by,lv-lv,"Сястра","Māsa"
be-by,lv-lv,"Сёмуха",Trīsvienība
be-by,lv-lv,"Сібір",Sibīrija
be-by,lv-lv,"Сіла","Spēks"
be-by,lv-lv,"Сінгапур",Singapūra
be-by,lv-lv,"Сіньцзян-Уйгурскі аўтаномны раён","Siņdzjana"
be-by,lv-lv,"Сіэтл",Sietla
be-by,lv-lv,"Таварыства","Uzņēmums"
be-by,lv-lv,"Таджыкістан","Tadžikistāna"
be-by,lv-lv,"Талін",Tallina
be-by,lv-lv,"Таматы","Tomāts"
be-by,lv-lv,"Тамаш Аквінскі","Akvīnas Toms"
be-by,lv-lv,"Тамбоўская вобласць","Tambovas apgabals"
be-by,lv-lv,"Танганьіка","Tanganjikas ezers"
be-by,lv-lv,"Танны","Lēti"
be-by,lv-lv,"Танны","Lēts"
be-by,lv-lv,"Тантал","Tantāls"
be-by,lv-lv,"Таполя",Apses
be-by,lv-lv,"Тарнада",Tornado
be-by,lv-lv,"Татарстан","Tatarstāna"
be-by,lv-lv,"Тбілісі",Tbilisi
be-by,lv-lv,"Твор",Darbs
be-by,lv-lv,"Томас Эдысан","Tomass Edisons"
be-by,lv-lv,"Томская вобласць","Tomskas apgabals"
be-by,lv-lv,"Торг",Tirgus
be-by,lv-lv,"Торый",Torijs
be-by,lv-lv,"Трава","Zāle"
be-by,lv-lv,"Травень",Maijs
be-by,lv-lv,"Трайдзень",Traidens
be-by,lv-lv,"Тракайскі замак",Traķi
be-by,lv-lv,"Транзістар",Tranzistors
be-by,lv-lv,"Траска",Menca
be-by,lv-lv,"Тройца",Trīsvienība
be-by,lv-lv,"Троіца",Trīsvienība
be-by,lv-lv,"Труна","Zārks"
be-by,lv-lv,"Труп",Līķis
be-by,lv-lv,"Трынідад і Табага","Trinidada un Tobago"
be-by,lv-lv,"Тува",Tuva
be-by,lv-lv,"Тувалу",Tuvalu
be-by,lv-lv,"Тульская вобласць","Tulas apgabals"
be-by,lv-lv,"Тулій",Tūlijs
be-by,lv-lv,"Туркменістан","Turkmenistāna"
be-by,lv-lv,"Туркмэністан","Turkmenistāna"
be-by,lv-lv,"Турма",Cietums
be-by,lv-lv,"Турцыя",Turcija
be-by,lv-lv,"Турын",Turīna
be-by,lv-lv,"Тыберый","Tibērijs"
be-by,lv-lv,"Тыгр",Latviešu
be-by,lv-lv,"Тыгровы оскар","Amerikas Kinoakadēmijas balva"
be-by,lv-lv,"Тыдзень","Nedēļa"
be-by,lv-lv,"Тыраспаль",Tiraspole
be-by,lv-lv,"Тытан","Titāns"
be-by,lv-lv,"Тытунь",Tabaka
be-by,lv-lv,"Тытыкака","Titikakas ezers"
be-by,lv-lv,"Тэадор Рузвельт","Teodors Rūzvelts"
be-by,lv-lv,"Тэатр","Teātris"
be-by,lv-lv,"Тэлебачаньне",Televīzija
be-by,lv-lv,"Тэлур",Telūrs
be-by,lv-lv,"Тэорыя мностваў",Kopa
be-by,lv-lv,"Тэраркор",Terorisms
be-by,lv-lv,"Тэрбій",Terbijs
be-by,lv-lv,"Тэрмадынаміка",Termodinamika
be-by,lv-lv,"Тэрыторыя",Teritorija
be-by,lv-lv,"Тэхналогія",Tehnoloģija
be-by,lv-lv,"Тэхнецый","Tehnēcijs"
be-by,lv-lv,"Тэўтонскі ордэн","Vācu ordenis"
be-by,lv-lv,"Увесь",Viss
be-by,lv-lv,"Угрунтаваць","Bāze"
be-by,lv-lv,"Угрунтаваць","Sārms"
be-by,lv-lv,"Угрунтоўваць","Bāze"
be-by,lv-lv,"Угрунтоўваць","Sārms"
be-by,lv-lv,"Удавец",Atraitnis
be-by,lv-lv,"Удмуртыя",Udmurtija
be-by,lv-lv,"Узбекістан","Uzbekistāna"
be-by,lv-lv,"Узбэкістан","Uzbekistāna"
be-by,lv-lv,"Узор",Modelis
be-by,lv-lv,"Узровень","Līmeņrādis"
be-by,lv-lv,"Узьбярэжжа",Krasts
be-by,lv-lv,"Украіна",Ukraina
be-by,lv-lv,"Украінская",Latviešu
be-by,lv-lv,"Уладзімір Пуцін","Vladimirs Putins"
be-by,lv-lv,"Уладзімірская вобласць","Vladimiras apgabals"
be-by,lv-lv,"Ульянаўская вобласць","Uļjanovskas apgabals"
be-by,lv-lv,"Унутранае Японскае мора","Japānas iekšējā jūra"
be-by,lv-lv,"Унівэрсальны каардынаваны час","Universālais koordinētais laiks"
be-by,lv-lv,"Урал","Urāla"
be-by,lv-lv,"Уральскія мовы","Urāliešu valodas"
be-by,lv-lv,"Уран","Urāns"
be-by,lv-lv,"Уран, хімічны элемент","Urāns"
be-by,lv-lv,"Урач","Ārsts"
be-by,lv-lv,"Урода",Daba
be-by,lv-lv,"Усе",Viss
be-by,lv-lv,"Усеагульная дэкларацыя правоў чалавека","Vispārējā cilvēktiesību deklarācija"
be-by,lv-lv,"Усход",Austrumi
be-by,lv-lv,"Усходняя Рымская імперыя",Bizantija
be-by,lv-lv,"Усць-Ардынская Бурацкая аўтаномная акруга","Ustjordinskas Burjatu autonomais apvidus"
be-by,lv-lv,"Усьмешка",Smaids
be-by,lv-lv,"Усьмяхацца",Smaids
be-by,lv-lv,"Усьмяхнуцца",Smaids
be-by,lv-lv,"Уся",Viss
be-by,lv-lv,"Усё",Viss
be-by,lv-lv,"Уфа",Ufa
be-by,lv-lv,"Учора",Vakar
be-by,lv-lv,"Уільям Джэферсан Клінтан","Bils Klintons"
be-by,lv-lv,"ФК Гомель",Gomeļa
be-by,lv-lv,"Фалш",Meli
be-by,lv-lv,"Фальклендзкія выспы","Folklenda salas"
be-by,lv-lv,"Фарэрскія выспы","Fēru salas"
be-by,lv-lv,"Фасген","Fosgēns"
be-by,lv-lv,"Фатограф","Fotogrāfs"
be-by,lv-lv,"Федератыўныя Штаты Мікранезіі","Mikronēzija"
be-by,lv-lv,"Фермій",Fermijs
be-by,lv-lv,"Фосфар",Fosfors
be-by,lv-lv,"Французская рэвалюцыя","Franču revolūcija"
be-by,lv-lv,"Француская Гвіяна","Franču Gviāna"
be-by,lv-lv,"Француская Палінэзія","Franču Polinēzija"
be-by,lv-lv,"Француская мова","Franču valoda"
be-by,lv-lv,"Францый",Francijs
be-by,lv-lv,"Францыя",Francija
be-by,lv-lv,"Футбол",Futbols
be-by,lv-lv,"Фіджы",Fidži
be-by,lv-lv,"Фідэль Кастра","Fidels Kastro Russ"
be-by,lv-lv,"Філадэльфія",Filadelfija
be-by,lv-lv,"Філасофія",Filozofija
be-by,lv-lv,"Філіп ІІ","Filips II"
be-by,lv-lv,"Філіпіны",Filipīnas
be-by,lv-lv,"Фінансы",Finanses
be-by,lv-lv,"Фінляндыя",Somija
be-by,lv-lv,"Хабараўскі край","Habarovskas novads"
be-by,lv-lv,"Хаваць","Āda"
be-by,lv-lv,"Хадзiць",Allere
be-by,lv-lv,"Хакасія",Hakasija
be-by,lv-lv,"Ханты-Мансійская аўтаномная акруга","Hantu-mansu autonomais apvidus-Jugra"
be-by,lv-lv,"Харватыя","Horvātija"
be-by,lv-lv,"Хата",Nams
be-by,lv-lv,"Хаўрус",Artelis
be-by,lv-lv,"Хаўрус","Uzņēmums"
be-by,lv-lv,"Хваля",Vilnis
be-by,lv-lv,"Хвароба",Slimība
be-by,lv-lv,"Хворы",Slims
be-by,lv-lv,"Хвост",Aste
be-by,lv-lv,"Хвіліна",Minūte
be-by,lv-lv,"Хлор",Hlors
be-by,lv-lv,"Хлусьня",Meli
be-by,lv-lv,"Хмара","Mākoņi"
be-by,lv-lv,"Хром",Hroms
be-by,lv-lv,"Хроніка Лівоніі","Indriķa hronika"
be-by,lv-lv,"Хрыстафор Калумб","Kristofors Kolumbs"
be-by,lv-lv,"Хрысьціянства",Kristietība
be-by,lv-lv,"Хэльсынкі",Helsinki
be-by,lv-lv,"Хімічны элемент","Ķīmiskais elements"
be-by,lv-lv,"Ц'еры Анры","Tjerī Anrī"
be-by,lv-lv,"Царква",Baznīca
be-by,lv-lv,"Царства",Valsts
be-by,lv-lv,"Цвярская вобласць","Tveras apgabals"
be-by,lv-lv,"Цень","Ēna"
be-by,lv-lv,"Цукар",Cukurs
be-by,lv-lv,"Цукерка",Salds
be-by,lv-lv,"Цунамі",Cunami
be-by,lv-lv,"Цыбуля",Sīpols
be-by,lv-lv,"Цывілізацыя","Civilizācija"
be-by,lv-lv,"Цынк",Cinks
be-by,lv-lv,"Цырконій",Cirkonijs
be-by,lv-lv,"Цьвік",Nags
be-by,lv-lv,"Цэгла",Ķieģelis
be-by,lv-lv,"Цэзій","Cēzijs"
be-by,lv-lv,"Цэнтральна-Афрыканская Рэспубліка","Centrālāfrika"
be-by,lv-lv,"Цэрый","Cērijs"
be-by,lv-lv,"Цюменская вобласць","Tjumeņas apgabals"
be-by,lv-lv,"Цёплы",Silts
be-by,lv-lv,"Ціхі акіян","Klusais okeāns"
be-by,lv-lv,"ЧС па футболе, 1986","FIFA Pasaules kauss 1986"
be-by,lv-lv,"Чалябінская вобласць","Čeļabinskas apgabals"
be-by,lv-lv,"Чарльз Рыхтэр","Čārlzs Frensiss Rihters"
be-by,lv-lv,"Чарнагорыя",Melnkalne
be-by,lv-lv,"Час",Laiks
be-by,lv-lv,"Часавы пас","Laika josla"
be-by,lv-lv,"Часопіс",Magazīna
be-by,lv-lv,"Чацьвер",Ceturtdiena
be-by,lv-lv,"Чашчыня",Frekvence
be-by,lv-lv,"Чорнае мора","Melnā jūra"
be-by,lv-lv,"Чорны",Melns
be-by,lv-lv,"Чувашыя","Čuvašija"
be-by,lv-lv,"Чылі","Čīle"
be-by,lv-lv,"Чысты",Tīrs
be-by,lv-lv,"Чыцінская вобласць","Čitas apgabals"
be-by,lv-lv,"Чэ Ґевара","Če Gevara"
be-by,lv-lv,"Чэмпіянат свету па футболе 2006 года","FIFA Pasaules kauss 2006"
be-by,lv-lv,"Чэрвень",Jūnijs
be-by,lv-lv,"Чэская мова","Čehu valoda"
be-by,lv-lv,"Чэхія","Čehija"
be-by,lv-lv,"Шарош",Mols
be-by,lv-lv,"Шасьцiножка","Kukaiņi"
be-by,lv-lv,"Шатландыя",Skotija
be-by,lv-lv,"Шатляндыя",Skotija
be-by,lv-lv,"Шах","Šahs"
be-by,lv-lv,"Шаша",Ceļš
be-by,lv-lv,"Шаша",Iela
be-by,lv-lv,"Швайцарыя","Šveice"
be-by,lv-lv,"Швейцарыя","Šveice"
be-by,lv-lv,"Швецыя",Zviedrija
be-by,lv-lv,"Швэцыя",Zviedrija
be-by,lv-lv,"Шкарлятына",Skarlatīna
be-by,lv-lv,"Шклянка",Stikls
be-by,lv-lv,"Шкура","Āda"
be-by,lv-lv,"Шлюб",Laulība
be-by,lv-lv,"Шлях",Iela
be-by,lv-lv,"Шоук",Zīds
be-by,lv-lv,"Шпунт",Virzulis
be-by,lv-lv,"Шры Ланка","Šrilanka"
be-by,lv-lv,"Шры Лянка","Šrilanka"
be-by,lv-lv,"Штат Індыяна","Indiāna"
be-by,lv-lv,"Штат Аляска",Aļaska
be-by,lv-lv,"Штат Арызона",Arizona
be-by,lv-lv,"Штат Каларада","Kolorādo"
be-by,lv-lv,"Штат Каліфорнія",Kalifornija
be-by,lv-lv,"Штат Мічыган","Mičigana"
be-by,lv-lv,"Штат Небраска",Nebraska
be-by,lv-lv,"Штат Невада",Nevada
be-by,lv-lv,"Штат Паўночная Караліна",Ziemeļkarolīna
be-by,lv-lv,"Штат Тэнесі",Tenesī
be-by,lv-lv,"Штат Тэхас",Teksasa
be-by,lv-lv,"Штат Фларыда",Florida
be-by,lv-lv,"Штат Юта",Jūta
be-by,lv-lv,"Штучны спадарожнік Зямлі",Pavadonis
be-by,lv-lv,"Шчыльнасьць насельніцтва","Iedzīvotāju blīvums"
be-by,lv-lv,"Шыба",Stikls
be-by,lv-lv,"Шыба","Stikls Seguso"
be-by,lv-lv,"Шыць","Šūt"
be-by,lv-lv,"Шыя",Kakls
be-by,lv-lv,"Ще не вмерла Україна","Ukrainas himna"
be-by,lv-lv,"Щлюб",Laulība
be-by,lv-lv,"ЭЎРОПА",Eiropa
be-by,lv-lv,"Эдвін Пауэл Хабл","Edvīns Habls"
be-by,lv-lv,"Эйнштэйній",Einšteinijs
be-by,lv-lv,"Эканоміка",Ekonomika
be-by,lv-lv,"Электрычнае поле","Elektriskais lauks"
be-by,lv-lv,"Элементарная часціца","Elementārdaļiņas"
be-by,lv-lv,"Эліпс",Elipse
be-by,lv-lv,"Энергія ветру","Vēja enerģija"
be-by,lv-lv,"Эрбій",Erbijs
be-by,lv-lv,"Эрнэста Гевара","Če Gevara"
be-by,lv-lv,"Эрытрэя",Eritreja
be-by,lv-lv,"Эсперанта",Esperanto
be-by,lv-lv,"Эспэранта",Esperanto
be-by,lv-lv,"Эстонія",Igaunija
be-by,lv-lv,"Этналёгія","Etnogrāfija"
be-by,lv-lv,"Эфіопія",Etiopija
be-by,lv-lv,"Эўразія","Eirāzija"
be-by,lv-lv,"Эўрапейскі Зьвяз","Eiropas Savienība"
be-by,lv-lv,"Эўропа",Eiropa
be-by,lv-lv,"ЮНЭСКА",UNESCO
be-by,lv-lv,"Югаславія","Dienvidslāvija"
be-by,lv-lv,"Юдаізм",Jūdaisms
be-by,lv-lv,"Юзэф Пілсудскі","Juzefs Pilsudskis"
be-by,lv-lv,"Юха",Asinis
be-by,lv-lv,"Яблык","Ābols"
be-by,lv-lv,"Яблыка","Ābols"
be-by,lv-lv,"Язык","Mēle"
be-by,lv-lv,"Язык",Valoda
be-by,lv-lv,"Якасць","Kvalitāte"
be-by,lv-lv,"Якасьць","Kvalitāte"
be-by,lv-lv,"Якуція",Saha
be-by,lv-lv,"Ямала-Ненецкая аўтаномная акруга","Jamalas Ņencu autonomais apvidus"
be-by,lv-lv,"Ян Павал I","Jānis Pāvils I"
be-by,lv-lv,"Ян Павал Другі","Jānis Pāvils II"
be-by,lv-lv,"Ян Павел I, папа рымскі","Jānis Pāvils I"
be-by,lv-lv,"Ян Павел II, папа рымскі","Jānis Pāvils II"
be-by,lv-lv,"Янка Купала","Janka Kupala"
be-by,lv-lv,"Японія","Japāna"
be-by,lv-lv,"Яраслаўская вобласць","Jaroslavļas apgabals"
be-by,lv-lv,"Ярданія","Jordānija"
be-by,lv-lv,"Ясір Арафат","Jasirs Arafats"
be-by,lv-lv,"Яцвягі","Jātvingi"
be-by,lv-lv,"Ячмень",Mieži
be-by,lv-lv,"Яўрэйская аўтаномная вобласць","Ebreju autonomais apgabals"
be-by,lv-lv,"ہيàٍîى³ے",Anatomija
be-by,lv-lv,Civilization,"Civilizācija"
be-by,lv-lv,Erasure,Erasure
be-by,lv-lv,FTP,FTP
be-by,lv-lv,Golay,Golay
be-by,lv-lv,Java,Java
be-by,lv-lv,JavaScript,JavaScript
be-by,lv-lv,Microsoft,Microsoft
be-by,lv-lv,Motörhead,Motörhead
be-by,lv-lv,Mousepad,Mousepad
be-by,lv-lv,Pascal,"Paskāls"
be-by,lv-lv,RSS,"RSS protokols"
be-by,lv-lv,SQL,SQL
be-by,lv-lv,Subota,Sestdiena
be-by,lv-lv,Unix,UNIX
be-by,lv-lv,Vektar,Vektors
be-by,lv-lv,Windows,"Microsoft Windows"
be-by,lv-lv,Wordpress,WordPress
be-by,lv-lv,Сабака,Suns
be-by,lv-lv,Сакавiк,Marss
be-by,lv-lv,Сакавiк,Marts
be-by,lv-lv,Салавей,Lakstīgala
be-by,lv-lv,Салома,Salms
be-by,lv-lv,Свабода,Brīvība
be-by,lv-lv,Селен,"Selēns"
be-by,lv-lv,Скала,Ieži
be-by,lv-lv,Скалка,Krams
be-by,lv-lv,Склеп,Pagrabs
be-by,lv-lv,Слова,"Vārds"
be-by,lv-lv,Смага,"Slāpes"
be-by,lv-lv,Сол,"Sāls"
be-by,lv-lv,Сон,Miegs
be-by,lv-lv,Сон,Sapnis
be-by,lv-lv,Тайланд,Taizeme
be-by,lv-lv,Тканка,Audi
be-by,lv-lv,Тлен,"Skābeklis"
be-by,lv-lv,Уганда,Uganda
be-by,lv-lv,Удава,Atraitne
be-by,lv-lv,Улада,Jauda
be-by,lv-lv,Файл,Vile
be-by,lv-lv,Файл,Vīle
be-by,lv-lv,Фаланга,Falanga
be-by,lv-lv,Хлеб,Maize
be-by,lv-lv,Цана,Cena
be-by,lv-lv,Цела,Ķermenis
be-by,lv-lv,Цмок,Pūķis
be-by,lv-lv,Чад,"Čada"
be-by,lv-lv,Чалавек,Cilveks
be-by,lv-lv,Чалавек,"Cilvēks"
be-by,lv-lv,Шкло,Stikls
be-by,lv-lv,Я,Es
be-by,lv-lv,Ягайла,Jagailis
be-by,lv-lv,Яго,"Skaņa"
be-by,lv-lv,Ядваб,Zīds
be-by,lv-lv,Ямайка,Jamaika
