lv-lv,be-by,"1. februāris","1 лютага"
lv-lv,be-by,"1. janvāris","1 студзеня"
lv-lv,be-by,"1. jūlijs","1 ліпеня"
lv-lv,be-by,"10. jūlijs","10 ліпеня"
lv-lv,be-by,"10. novembris","10 лістапада"
lv-lv,be-by,"11. februāris","11 лютага"
lv-lv,be-by,"11. jūlijs","11 ліпеня"
lv-lv,be-by,"11. marts","11 сакавіка"
lv-lv,be-by,"12. augusts","12 жніўня"
lv-lv,be-by,"12. februāris","12 лютага"
lv-lv,be-by,"12. gadsimts","12 стагоддзе"
lv-lv,be-by,"12. jūlijs","12 ліпеня"
lv-lv,be-by,"12. marts","12 сакавіка"
lv-lv,be-by,"13. gadsimts","13 стагоддзе"
lv-lv,be-by,"13. janvāris","13 студзеня"
lv-lv,be-by,"13. jūlijs","13 ліпеня"
lv-lv,be-by,"13. marts","13 сакавіка"
lv-lv,be-by,"14. aprīlis","14 красавіка"
lv-lv,be-by,"14. gadsimts","14 стагоддзе"
lv-lv,be-by,"14. janvāris","14 студзеня"
lv-lv,be-by,"14. jūlijs","14 ліпеня"
lv-lv,be-by,"14. marts","14 сакавіка"
lv-lv,be-by,"14. novembris","14 лістапада"
lv-lv,be-by,"14. septembris","14 верасня"
lv-lv,be-by,"15. gadsimts","15 стагоддзе"
lv-lv,be-by,"15. jūlijs","15 ліпеня"
lv-lv,be-by,"15. marts","15 сакавіка"
lv-lv,be-by,"15. oktobris","15 кастрычніка"
lv-lv,be-by,"16. augusts","16 жніўня"
lv-lv,be-by,"16. gadsimts","16 стагоддзе"
lv-lv,be-by,"16. jūlijs","16 ліпеня"
lv-lv,be-by,"16. maijs","16 мая"
lv-lv,be-by,"16. marts","16 сакавіка"
lv-lv,be-by,"17. decembris","17 снежня"
lv-lv,be-by,"17. gadsimts","17 стагоддзе"
lv-lv,be-by,"17. jūlijs","17 ліпеня"
lv-lv,be-by,"17. jūnijs","17 чэрвеня"
lv-lv,be-by,"17. maijs","17 мая"
lv-lv,be-by,"17. marts","17 сакавіка"
lv-lv,be-by,"18. gadsimts","18 стагоддзе"
lv-lv,be-by,"18. janvāris","18 студзеня"
lv-lv,be-by,"18. jūlijs","18 ліпеня"
lv-lv,be-by,"18. maijs","18 мая"
lv-lv,be-by,"18. marts","18 сакавіка"
lv-lv,be-by,"19. augusts","19 жніўня"
lv-lv,be-by,"19. februāris","19 лютага"
lv-lv,be-by,"19. gadsimts","19 стагоддзе"
lv-lv,be-by,"19. janvāris","19 студзеня"
lv-lv,be-by,"19. jūlijs","19 ліпеня"
lv-lv,be-by,"19. marts","19 сакавіка"
lv-lv,be-by,"19. novembris","19 лістапада"
lv-lv,be-by,"2. janvāris","2 студзеня"
lv-lv,be-by,"2. jūlijs","2 ліпеня"
lv-lv,be-by,"2. marts","2 сакавіка"
lv-lv,be-by,"2. novembris","2 лістапада"
lv-lv,be-by,"20. gadsimts","20 стагоддзе"
lv-lv,be-by,"20. janvāris","20 студзеня"
lv-lv,be-by,"20. jūlijs","20 ліпеня"
lv-lv,be-by,"20. marts","20 сакавіка"
lv-lv,be-by,"20. novembris","20 лістапада"
lv-lv,be-by,"20. oktobris","20 кастрычніка"
lv-lv,be-by,"21. februāris","21 лютага"
lv-lv,be-by,"21. janvāris","21 студзеня"
lv-lv,be-by,"21. jūlijs","21 ліпеня"
lv-lv,be-by,"21. marts","21 сакавіка"
lv-lv,be-by,"21. septembris","21 верасня"
lv-lv,be-by,"22. februāris","22 лютага"
lv-lv,be-by,"22. janvāris","22 студзеня"
lv-lv,be-by,"22. jūlijs","22 ліпеня"
lv-lv,be-by,"22. marts","22 сакавіка"
lv-lv,be-by,"22. novembris","22 лістапада"
lv-lv,be-by,"23. jūlijs","23 ліпеня"
lv-lv,be-by,"23. jūnijs","23 чэрвеня"
lv-lv,be-by,"23. maijs","23 мая"
lv-lv,be-by,"23. marts","23 сакавіка"
lv-lv,be-by,"23. oktobris","23 кастрычніка"
lv-lv,be-by,"24. februāris","24 лютага"
lv-lv,be-by,"24. jūlijs","24 ліпеня"
lv-lv,be-by,"24. jūnijs","24 чэрвеня"
lv-lv,be-by,"24. marts","24 сакавіка"
lv-lv,be-by,"25. aprīlis","25 красавіка"
lv-lv,be-by,"25. augusts","25 жніўня"
lv-lv,be-by,"25. jūlijs","25 ліпеня"
lv-lv,be-by,"25. marts","25 сакавіка"
lv-lv,be-by,"26. aprīlis","26 красавіка"
lv-lv,be-by,"26. janvāris","26 студзеня"
lv-lv,be-by,"26. jūlijs","26 ліпеня"
lv-lv,be-by,"26. marts","26 сакавіка"
lv-lv,be-by,"26. oktobris","26 кастрычніка"
lv-lv,be-by,"27. februāris","27 лютага"
lv-lv,be-by,"27. janvāris","27 студзеня"
lv-lv,be-by,"27. jūlijs","27 ліпеня"
lv-lv,be-by,"27. marts","27 сакавіка"
lv-lv,be-by,"27. novembris","27 лістапада"
lv-lv,be-by,"28. aprīlis","28 красавіка"
lv-lv,be-by,"28. janvāris","28 студзеня"
lv-lv,be-by,"28. jūlijs","28 ліпеня"
lv-lv,be-by,"28. marts","28 сакавіка"
lv-lv,be-by,"28. oktobris","28 кастрычніка"
lv-lv,be-by,"29. jūlijs","29 ліпеня"
lv-lv,be-by,"29. jūnijs","29 чэрвеня"
lv-lv,be-by,"29. marts","29 сакавіка"
lv-lv,be-by,"3. decembris","3 снежня"
lv-lv,be-by,"3. jūlijs","3 ліпеня"
lv-lv,be-by,"3. novembris","3 лістапада"
lv-lv,be-by,"3. septembris","3 верасня"
lv-lv,be-by,"30. jūlijs","30 ліпеня"
lv-lv,be-by,"30. marts","30 сакавіка"
lv-lv,be-by,"30. novembris","30 лістапада"
lv-lv,be-by,"31. jūlijs","31 ліпеня"
lv-lv,be-by,"31. marts","31 сакавіка"
lv-lv,be-by,"4. augusts","4 жніўня"
lv-lv,be-by,"4. februāris","4 лютага"
lv-lv,be-by,"4. janvāris","4 студзеня"
lv-lv,be-by,"4. jūlijs","4 ліпеня"
lv-lv,be-by,"4. oktobris","4 кастрычніка"
lv-lv,be-by,"5. aprīlis","5 красавіка"
lv-lv,be-by,"5. februāris","5 лютага"
lv-lv,be-by,"5. janvāris","5 студзеня"
lv-lv,be-by,"5. jūlijs","5 ліпеня"
lv-lv,be-by,"5. jūnijs","5 чэрвеня"
lv-lv,be-by,"5. maijs","5 мая"
lv-lv,be-by,"5. marts","5 сакавіка"
lv-lv,be-by,"5. septembris","5 верасня"
lv-lv,be-by,"6. decembris","6 снежня"
lv-lv,be-by,"6. februāris","6 лютага"
lv-lv,be-by,"6. janvāris","6 студзеня"
lv-lv,be-by,"6. jūlijs","6 ліпеня"
lv-lv,be-by,"6. marts","6 сакавіка"
lv-lv,be-by,"6. novembris","6 лістапада"
lv-lv,be-by,"6. septembris","6 верасня"
lv-lv,be-by,"7. augusts","7 жніўня"
lv-lv,be-by,"7. janvāris","7 студзеня"
lv-lv,be-by,"7. jūlijs","7 ліпеня"
lv-lv,be-by,"7. marts","7 сакавіка"
lv-lv,be-by,"7. oktobris","7 кастрычніка"
lv-lv,be-by,"8. februāris","8 лютага"
lv-lv,be-by,"8. janvāris","8 студзеня"
lv-lv,be-by,"8. jūlijs","8 ліпеня"
lv-lv,be-by,"8. novembris","8 лістапада"
lv-lv,be-by,"8. septembris","8 верасня"
lv-lv,be-by,"9. februāris","9 лютага"
lv-lv,be-by,"9. jūlijs","9 ліпеня"
lv-lv,be-by,"9. marts","9 сакавіка"
lv-lv,be-by,"AS Monaco","Горад Манака"
lv-lv,be-by,"ASV dolārs","Амэрыканскі даляр"
lv-lv,be-by,"Abrahams Linkolns","Абрахам Лінкальн"
lv-lv,be-by,"Afganistāna","Афганістан"
lv-lv,be-by,"Aginskas Burjatu autonomais apvidus","Агінская Бурацкая аўтаномная акруга"
lv-lv,be-by,"Aizvēsture","Першабытнае грамадства"
lv-lv,be-by,"Akmens laikmets","Каменны век"
lv-lv,be-by,"Akmeņogles","Вугаль"
lv-lv,be-by,"Akvīnas Toms","Тамаш Аквінскі"
lv-lv,be-by,"Alberts Einšteins","Альберт Эйнштэйн"
lv-lv,be-by,"Albānija","Албанія"
lv-lv,be-by,"Aleksandrs I","Аляксандр I, папа рымскі"
lv-lv,be-by,"Aleksandrs Lukašenko","Аляксандр Лукашэнка"
lv-lv,be-by,"Alfabēts","Алфавіт"
lv-lv,be-by,"Alfrēds Nobels","Альфрэд Нобель"
lv-lv,be-by,"Alkoholiskie dzērieni","Сьпірт"
lv-lv,be-by,"Altaja novads","Алтайскі край"
lv-lv,be-by,"Amerikas Kinoakadēmijas balva","Тыгровы оскар"
lv-lv,be-by,"Amerikas Savienotās Valstis","Злучаныя Штаты Амерыкі"
lv-lv,be-by,"Amūras apgabals","Амурская вобласць"
lv-lv,be-by,"Analītiskā ķīmija","Аналітычная хімія"
lv-lv,be-by,"Andamanu jūra","Андаманскае мора"
lv-lv,be-by,"Andrejs Mikņevičs","Андрэй Міхневіч"
lv-lv,be-by,"Angļu valoda","Англійская мова"
lv-lv,be-by,"Antuāns de Sent-Ekziperī","Антуан дэ Сент-Экзюперы"
lv-lv,be-by,"Aplāde","Подкастынг"
lv-lv,be-by,"Aprakstošā statistika","Насельніцтва"
lv-lv,be-by,"Apvienoto Nāciju Organizācija","Арганізацыя Аб'яднаных Нацый"
lv-lv,be-by,"Apvienotā Karaliste","Вялікабрытанія"
lv-lv,be-by,"Apziņa","Прытомнасць"
lv-lv,be-by,"Apziņa","Свядомасць"
lv-lv,be-by,"Apziņa","Сьвядомасьць"
lv-lv,be-by,"Arhangeļskas apgabals","Архангельская вобласць"
lv-lv,be-by,"Armēnija","Арменія"
lv-lv,be-by,"Arsēns","Мыш'як"
lv-lv,be-by,"Arābijas jūra","Аравійскае мора"
lv-lv,be-by,"Asinsrites orgānu sistēma","Кровазварот"
lv-lv,be-by,"Astronomiskā vienība","Астранамічная адзінка"
lv-lv,be-by,"Atmosfēra","Атмасфера Зямлі"
lv-lv,be-by,"Atskaņu hronika","Лівонская старэйшая рыфмаваная хроніка"
lv-lv,be-by,"Attēls","Абраз"
lv-lv,be-by,"Attēls","Вобраз"
lv-lv,be-by,"Atēna","Атэны"
lv-lv,be-by,"Atēnas","Атэны"
lv-lv,be-by,"Augšējā līmeņa domēns","Дамен верхняга ўзроўню"
lv-lv,be-by,"Austrālija","Аўстралія"
lv-lv,be-by,"Azerbaidžāna","Азербайджан"
lv-lv,be-by,"Balkānu pussala","Балканская паўвыспа"
lv-lv,be-by,"Baltijas jūra","Балтыйскае мора"
lv-lv,be-by,"Baltkrievijas himna","Мы, беларусы"
lv-lv,be-by,"Baltkrievijas pilsētu uzskaitījums","Гарады Беларусі"
lv-lv,be-by,"Baškortostāna","Башкартастан"
lv-lv,be-by,"Belgorodas apgabals","Белгародская вобласць"
lv-lv,be-by,"Bendžamins Harisons","Бенджамін Гарысан"
lv-lv,be-by,"Benedikts XV","Бенедыкт XV, папа рымскі"
lv-lv,be-by,"Benjamin Sehene","Руанда"
lv-lv,be-by,"Beļska Podļaska","Горад Бельск-Падляшскі"
lv-lv,be-by,"Bils Klintons","Уільям Джэферсан Клінтан"
lv-lv,be-by,"Biogrāfija","Біяграфія"
lv-lv,be-by,"Bohēmija","Чэхія"
lv-lv,be-by,"Bolcāno","Бальцана"
lv-lv,be-by,"Bosnija un Hercegovina","Боснія і Герцагавіна"
lv-lv,be-by,"Botānika","Батаніка"
lv-lv,be-by,"Brjanskas apgabals","Бранская вобласць"
lv-lv,be-by,"Brālis","Брат"
lv-lv,be-by,"Bulgārija","Балгарыя"
lv-lv,be-by,"Bārijs","Барый"
lv-lv,be-by,"Bāršanās","Мова"
lv-lv,be-by,"Bāze","Аснова"
lv-lv,be-by,"Bāze","Падстава"
lv-lv,be-by,"Bāze","Угрунтаваць"
lv-lv,be-by,"Bāze","Угрунтоўваць"
lv-lv,be-by,"Bērzs","Бяроза"
lv-lv,be-by,"Centrālāfrika","Цэнтральна-Афрыканская Рэспубліка"
lv-lv,be-by,"Centrālāfrikas Republika","Цэнтральна-Афрыканская Рэспубліка"
lv-lv,be-by,"Cilvēks",Чалавек
lv-lv,be-by,"Civilizācija","Цывілізацыя"
lv-lv,be-by,"Cērijs","Цэрый"
lv-lv,be-by,"Cēzijs","Цэзій"
lv-lv,be-by,"Dagestāna","Дагестан"
lv-lv,be-by,"Dakšiņa","Відэлец"
lv-lv,be-by,"Darbības vārds","Дзеяслоў"
lv-lv,be-by,"Datu bāze","База дадзеных"
lv-lv,be-by,"Daugavpils rajons","Даўґаўпілс"
lv-lv,be-by,"Depeche Mode","Depeche Mode"
lv-lv,be-by,"Dienvidaustrumāzija","Паўднёва-Усходняя Азія"
lv-lv,be-by,"Dienvidslāvija","Югаславія"
lv-lv,be-by,"Dienvidu okeāns","Паўднёвы акіян"
lv-lv,be-by,"Dienvidāfrikas Republika","Паўднёва-Афрыканская Рэспубліка"
lv-lv,be-by,"Dievs, svētī Caru!","Гімн Расійскай імперыі"
lv-lv,be-by,"Djego Velaskess","Дыега Веласкес"
lv-lv,be-by,"Domāt","Думаць"
lv-lv,be-by,"Domāšana","Думка"
lv-lv,be-by,"Dvaits Eizenhauers","Дуайт Дэйвід Эйзенхаўэр"
lv-lv,be-by,"Dvēsele","Душа"
lv-lv,be-by,"Dzērve","Жораў"
lv-lv,be-by,"Dzērve","Журавел"
lv-lv,be-by,"Dzērvene","Журавіны"
lv-lv,be-by,"Dānija","Данія"
lv-lv,be-by,"Dārzs","Агарод"
lv-lv,be-by,"Dārzs","Гарод"
lv-lv,be-by,"Dēmetra","Зьміцер"
lv-lv,be-by,"Dēmons","Дябал"
lv-lv,be-by,"Džons Adamss","Джон Адамс"
lv-lv,be-by,"Džons Ronalds Rūels Tolkīns","Джон Рональд Руэл Толкін"
lv-lv,be-by,"Džordžs H. V. Bušs","Джордж Герберт Уокер Буш"
lv-lv,be-by,"Džordžs V. Bušs","Джордж Уокер Буш"
lv-lv,be-by,"Džordžs Vašingtons","Джордж Вашынгтон"
lv-lv,be-by,"Džovanni Bokačo","Джавані Бакачча"
lv-lv,be-by,"Džozefs Konrads","Джозеф Конрад"
lv-lv,be-by,"Ebreju autonomais apgabals","Яўрэйская аўтаномная вобласць"
lv-lv,be-by,"Edvīns Habls","Эдвін Пауэл Хабл"
lv-lv,be-by,"Eiropas Savienība","Еўрапейскі Саюз"
lv-lv,be-by,"Eirāzija","Эўразія"
lv-lv,be-by,"Elektriskais lauks","Электрычнае поле"
lv-lv,be-by,"Elementārdaļiņas","Элементарная часціца"
lv-lv,be-by,"Elizabete Bousa-Laiona","Лізавета Пятроўна, імператрыца расійская"
lv-lv,be-by,"Elizabete II","Елізавета ІІ, каралева Вялікабрытаніі"
lv-lv,be-by,"Etnogrāfija","Этналёгія"
lv-lv,be-by,"Eņģelis","Анёл"
lv-lv,be-by,"FC Barcelona","Барсэлёна"
lv-lv,be-by,"FIFA Pasaules kauss 1986","ЧС па футболе, 1986"
lv-lv,be-by,"FIFA Pasaules kauss 2006","Чэмпіянат свету па футболе 2006 года"
lv-lv,be-by,"Februāris","Люты"
lv-lv,be-by,"Felipe II","Філіп ІІ"
lv-lv,be-by,"Fidels Kastro Russ","Фідэль Кастра"
lv-lv,be-by,"Fidžiešu valoda","Фіджы"
lv-lv,be-by,"Filips II","Філіп ІІ"
lv-lv,be-by,"Folklenda salas","Фальклендзкія выспы"
lv-lv,be-by,"Fon Neimana arhitektūra","Архітэктура фон Нэймана"
lv-lv,be-by,"Fosgēns","Фасген"
lv-lv,be-by,"Fotogrāfs","Фатограф"
lv-lv,be-by,"Francijas reģioni","Рэгіён"
lv-lv,be-by,"Franču Gviāna","Француская Гвіяна"
lv-lv,be-by,"Franču Polinēzija","Француская Палінэзія"
lv-lv,be-by,"Franču revolūcija","Французская рэвалюцыя"
lv-lv,be-by,"Franču valoda","Француская мова"
lv-lv,be-by,"Fussballclub Zürich","Горад Цюрых"
lv-lv,be-by,"Fēru salas","Фарэрскія выспы"
lv-lv,be-by,"GNU Free Documentation License","GNU Free Documentation License"
lv-lv,be-by,"Gabriels Garsija Markess","Габрыэль Гарсія Маркес"
lv-lv,be-by,"Galaktiku grupas un kopas","Æøŝə"
lv-lv,be-by,"Galileo Galilejs","Галілеа Галілей"
lv-lv,be-by,"Galvaspilsēta","Сталіца"
lv-lv,be-by,"Gerds Millers","Герд Мюлер"
lv-lv,be-by,"Germānijs","Германій"
lv-lv,be-by,"Gijoms Apolinērs","Гіём Апалінэр"
lv-lv,be-by,"Glāze",Шкло
lv-lv,be-by,"Gregora kalendārs","Грыгарыянскі каляндар"
lv-lv,be-by,"Grenāda","Гранат"
lv-lv,be-by,"Grieķu valoda","Грэцкая мова"
lv-lv,be-by,"Grāca","Грэцыя"
lv-lv,be-by,"Grāmata","Кніга"
lv-lv,be-by,"Gustavs Klimts","Густаў Клімт"
lv-lv,be-by,"Gāze","Газ"
lv-lv,be-by,"Gēlu valodas","Гайдэльскія мовы"
lv-lv,be-by,"Habarovskas novads","Хабараўскі край"
lv-lv,be-by,"Hantu-mansu autonomais apvidus-Jugra","Ханты-Мансійская аўтаномная акруга"
lv-lv,be-by,"Harmony modulis","Згода"
lv-lv,be-by,"Haus mūzika","Гаўс"
lv-lv,be-by,"Hektārs","Гектар"
lv-lv,be-by,"Herberts Hūvers","Герберт Кларк Гувер"
lv-lv,be-by,"Horvātija","Харватыя"
lv-lv,be-by,"Hēla","Гелій"
lv-lv,be-by,"Hēlijs","Гелій"
lv-lv,be-by,"I gadsimts","1 стагоддзе"
lv-lv,be-by,"Iedzīvotāju blīvums","Шчыльнасьць насельніцтва"
lv-lv,be-by,"Iekšzemes kopprodukts","Сукупны ўнутраны прадукт"
lv-lv,be-by,"Iekšējā jūra","Міжземнае мора"
lv-lv,be-by,"Imanuels Kants","Імануіл Кант"
lv-lv,be-by,"Indijas okeāns","Індыйскі акіян"
lv-lv,be-by,"Indiāna","Штат Індыяна"
lv-lv,be-by,"Indiāņi","Сузор'е Індзеец"
lv-lv,be-by,"Indoeiropiešu valodas","Індаэўрапейскія мовы"
lv-lv,be-by,"Indonēzija","Інданезія"
lv-lv,be-by,"Indriķa hronika","Хроніка Лівоніі"
lv-lv,be-by,"Inflācija","Інфляцыя"
lv-lv,be-by,"Informācija","Інфармацыя"
lv-lv,be-by,"Interneta žargons","Жаргон"
lv-lv,be-by,"Irkutskas apgabals","Іркуцкая вобласць"
lv-lv,be-by,"Irāka","Ірак"
lv-lv,be-by,"Irāna","Іран"
lv-lv,be-by,"Islāms","Іслам"
lv-lv,be-by,"Itāliešu valoda","Італьянская мова"
lv-lv,be-by,"Itālija","Італія"
lv-lv,be-by,"Itālijas reģioni","Адміністрацыйна-тэрытарыяльны падзел Італіі"
lv-lv,be-by,"Ivanovas apgabals","Іванаўская вобласць"
lv-lv,be-by,"Izgāztuve","Бойка"
lv-lv,be-by,"Izgāztuve","Калатнеча"
lv-lv,be-by,"Izgāztuve","Калатня"
lv-lv,be-by,"Izraēla","Ізраіль"
lv-lv,be-by,"Ičiro Midzuki","Іціра Мідзукі"
lv-lv,be-by,"Jamalas Ņencu autonomais apvidus","Ямала-Ненецкая аўтаномная акруга"
lv-lv,be-by,"Janka Kupala","Янка Купала"
lv-lv,be-by,"Janvāris","Студзень"
lv-lv,be-by,"Janvārs","Студзень"
lv-lv,be-by,"Japāna","Японія"
lv-lv,be-by,"Japānas himna","Kimi Ga Yo"
lv-lv,be-by,"Japānas iekšējā jūra","Унутранае Японскае мора"
lv-lv,be-by,"Jaroslavļas apgabals","Яраслаўская вобласць"
lv-lv,be-by,"Jasirs Arafats","Ясір Арафат"
lv-lv,be-by,"Jaunava Marija","Багародзіца"
lv-lv,be-by,"Jaungrieķu valoda","Грэцкая мова"
lv-lv,be-by,"Jaunzēlande","Новая Зеландыя"
lv-lv,be-by,"Johanness Keplers","Ёган Кеплер"
lv-lv,be-by,"Johans Gūtenbergs","Ёган Гутэнберг"
lv-lv,be-by,"Johans Sebastians Bahs","Іаган Себасцьян Бах"
lv-lv,be-by,"Johans Volfgangs fon Gēte","Ёган Вольфґанґ фон Ґётэ"
lv-lv,be-by,"Jordānija","Іарданія"
lv-lv,be-by,"Josifs Brodskis","Іосіф Бродзкі"
lv-lv,be-by,"Josifs Staļins","Іосіф Сталін"
lv-lv,be-by,"Judas Priest","Judas Priest"
lv-lv,be-by,"Juzefs Pilsudskis","Юзэф Пілсудскі"
lv-lv,be-by,"Jānis Pāvils I","Ян Павел I, папа рымскі"
lv-lv,be-by,"Jānis Pāvils II","Ян Павел II, папа рымскі"
lv-lv,be-by,"Jātvingi","Яцвягі"
lv-lv,be-by,"Jēzus Kristus","Езус Хрыстус"
lv-lv,be-by,"Kabardija-Balkārija","Кабардзіна-Балкарыя"
lv-lv,be-by,"Kaimiņš","Сусед"
lv-lv,be-by,"Kalmāras ūnija","Кальмарская унія"
lv-lv,be-by,"Kalugas apgabals","Калужская вобласць"
lv-lv,be-by,"Kamčatkas apgabals","Камчацкі край"
lv-lv,be-by,"Kanāda","Канада"
lv-lv,be-by,"Kapitāls","Сталіца"
lv-lv,be-by,"Karačaja-Čerkesija","Карачаева-Чаркесія"
lv-lv,be-by,"Karači","Горад Карачы"
lv-lv,be-by,"Kartāga","Карфаген"
lv-lv,be-by,"Karēlija","Карэлія"
lv-lv,be-by,"Karību jūra","Карыбскае мора"
lv-lv,be-by,"Kaspijas jūra","Каспійскае мора"
lv-lv,be-by,"Kauņa","Коўна"
lv-lv,be-by,"Kauņas apriņķis","Коўна"
lv-lv,be-by,"Kazahstāna","Казахстан"
lv-lv,be-by,"Kazimirs IV","Казімір Ягелончык"
lv-lv,be-by,"Kaķu ģints","Кот"
lv-lv,be-by,"Kaķu ģints","Кошка"
lv-lv,be-by,"Kaļiņingradas apgabals","Калінінградская вобласць"
lv-lv,be-by,"Kaŗote","Лыжка"
lv-lv,be-by,"Kemerovas apgabals","Кемераўская вобласць"
lv-lv,be-by,"Kilimandžāro","Гара Кіліманджара"
lv-lv,be-by,"Kirgizstāna","Кыргызстан"
lv-lv,be-by,"Kirovas apgabals","Кіраўская вобласць"
lv-lv,be-by,"Kiņaruandas valoda","Руанда"
lv-lv,be-by,"Kišiņeva","Кішынёў"
lv-lv,be-by,"Klusais okeāns","Ціхі акіян"
lv-lv,be-by,"Kolorādo","Штат Каларада"
lv-lv,be-by,"Komēdija","Камедыя"
lv-lv,be-by,"Komēta","Камета"
lv-lv,be-by,"Kongo DR","Дэмакратычная Рэспубліка Конга"
lv-lv,be-by,"Kostromas apgabals","Кастрамская вобласць"
lv-lv,be-by,"Kotdivuāra","Кот д'Івуар"
lv-lv,be-by,"Krasnodaras novads","Краснадарскі край"
lv-lv,be-by,"Krasnojarskas novads","Краснаярскі край"
lv-lv,be-by,"Krievijas Federācijas Komunistiskā partija","Камуністычная партыя Расійскай Федэрацыі"
lv-lv,be-by,"Krievijas Federācijas karogs","Сцяг Расіі"
lv-lv,be-by,"Krievijas impērija","Расійская імперыя"
lv-lv,be-by,"Krievu valoda","Руская мова"
lv-lv,be-by,"Kristofors Kolumbs","Хрыстафор Калумб"
lv-lv,be-by,"Kristāls","Крыштал"
lv-lv,be-by,"Krusta kari","Крыжовыя паходы"
lv-lv,be-by,"Krāsa","Квецень"
lv-lv,be-by,"Krāsa","Колер"
lv-lv,be-by,"Krāsa","Краска"
lv-lv,be-by,"Kukaiņi","Шасьцiножка"
lv-lv,be-by,"Kurgānas apgabals","Курганская вобласць"
lv-lv,be-by,"Kurskas apgabals","Курская вобласць"
lv-lv,be-by,"Kvadrātkilometrs","Квадратны кілямэтар"
lv-lv,be-by,"Kvadrāts","Квадратны"
lv-lv,be-by,"Kvadrāts","Пляц"
lv-lv,be-by,"Kvalitāte","Якасць"
lv-lv,be-by,"Kālijs","Калій"
lv-lv,be-by,"Lagoarhentino ezers","Аргенціна"
lv-lv,be-by,"Laika josla","Часавы пас"
lv-lv,be-by,"Laika zona","Часавы пас"
lv-lv,be-by,"Lantāns","Лантан"
lv-lv,be-by,"Lasāmatmiņa","Горад Рым"
lv-lv,be-by,"Latvijas - Krievijas miera līgums","Рыжскі мірны дагавор 1921"
lv-lv,be-by,"Latīņu alfabēts","Лацінскі альфабэт"
lv-lv,be-by,"Latīņu valoda","Лацінская мова"
lv-lv,be-by,"Leņķis","Кут"
lv-lv,be-by,"Lielais Barjerrifs","Вялікі бар'ерны рыф"
lv-lv,be-by,"Liepāja","Ліепая"
lv-lv,be-by,"Liepājas rajons","Ліепая"
lv-lv,be-by,"Lietuviešu valoda","Літоўская мова"
lv-lv,be-by,"Linuss Torvalds","Лінус Торвальдс"
lv-lv,be-by,"Ložmetējs","Кулямёт"
lv-lv,be-by,"Ludvigs van Bēthovens","Людвіг ван Бетховен"
lv-lv,be-by,"Lutēcijs","Лютэцый"
lv-lv,be-by,"Lācis","Мядзьведзь"
lv-lv,be-by,"Lēti","Танны"
lv-lv,be-by,"Lēts","Танны"
lv-lv,be-by,"Līmeņrādis","Грунтвага"
lv-lv,be-by,"Līmeņrādis","Узровень"
lv-lv,be-by,"Magadanas apgabals","Магаданская вобласць"
lv-lv,be-by,"Magnētiskais lauks","Электрычнае поле"
lv-lv,be-by,"Mangāns","Марганец"
lv-lv,be-by,"Marks Šagāls","Марк Шагал"
lv-lv,be-by,"Martins Van Burens","Марцін Ван Бюран"
lv-lv,be-by,"Maskavas apgabals","Маскоўская вобласць"
lv-lv,be-by,"Matemātika","Матэматыка"
lv-lv,be-by,"Mazpolijas vojevodiste","Малапольскае ваяводзтва"
lv-lv,be-by,"Maķedonijas Republika","Македонія"
lv-lv,be-by,"Melnā jūra","Чорнае мора"
lv-lv,be-by,"Membrāna","Абалонка"
lv-lv,be-by,"Menas sala","Востраў Мэн"
lv-lv,be-by,"Mesropa Maštotsa","Месроп Маштоц"
lv-lv,be-by,"Mesrops Maštocs","Месроп Маштоц"
lv-lv,be-by,"Metāls","Мэтал"
lv-lv,be-by,"Metāls","Мэталь"
lv-lv,be-by,"Metāls","Мэталёвы"
lv-lv,be-by,"Microsoft Windows",Windows
lv-lv,be-by,"Mikronēzija","Федератыўныя Штаты Мікранезіі"
lv-lv,be-by,"Minerāls","Мінерал"
lv-lv,be-by,"Mičigana","Штат Мічыган"
lv-lv,be-by,"Mičigans","Штат Мічыган"
lv-lv,be-by,"Molibdēns","Малібдэн"
lv-lv,be-by,"Molotova-Ribentropa pakts","Пакт Молатава-Рыбэнтропа"
lv-lv,be-by,"Monreāla","Горад Манрэаль"
lv-lv,be-by,"Monēta","Валюта"
lv-lv,be-by,"Murmanskas apgabals","Мурманская вобласць"
lv-lv,be-by,"Mācīt","Навучаць"
lv-lv,be-by,"Mācīt","Навучыць"
lv-lv,be-by,"Mājas lapa","Галоўная старонка"
lv-lv,be-by,"Mākoņi","Воблак"
lv-lv,be-by,"Mākoņi","Хмара"
lv-lv,be-by,"Māli","Моль"
lv-lv,be-by,"Māls","Моль"
lv-lv,be-by,"Mārketings","Маркетынг"
lv-lv,be-by,"Māršala salas","Маршалавы выспы"
lv-lv,be-by,"Māsa","Сястра"
lv-lv,be-by,"Māte","Матка"
lv-lv,be-by,"Mēle","Язык"
lv-lv,be-by,"Mēnesis","Месяц"
lv-lv,be-by,"Mēness","Месяц"
lv-lv,be-by,"Mērīšana","Вымярэнне"
lv-lv,be-by,"Nacionālais kopprodukts","Сукупны ўнутраны прадукт"
lv-lv,be-by,"Napoleons Bonaparts","Напалеон I Банапарт"
lv-lv,be-by,"Napoleons III","Напалеон III Банапарт"
lv-lv,be-by,"Narača ezers","Возера Нарач"
lv-lv,be-by,"Nebukadnecars II","Навухаданосар ІІ"
lv-lv,be-by,"Nedēļa","Тыдзень"
lv-lv,be-by,"Nepāla","Непал"
lv-lv,be-by,"Nesējraķete","Вектар"
lv-lv,be-by,"Nigēra","Рака Нігер"
lv-lv,be-by,"Nigērija","Нігерыя"
lv-lv,be-by,"Noams Čomskis","Ноам Хомскі"
lv-lv,be-by,"Nobela prēmija","Нобэлеўская прэмія"
lv-lv,be-by,"Nobēlijs","Набелій"
lv-lv,be-by,"Norvēģija","Нарвегія"
lv-lv,be-by,"Novgorodas apgabals","Наўгародская вобласць"
lv-lv,be-by,"Novosibirskas apgabals","Навасібірская вобласць"
lv-lv,be-by,"Nāciju Līga","Ліга Нацый"
lv-lv,be-by,"Nātrijs","Натрый"
lv-lv,be-by,"Nāve","Смерць"
lv-lv,be-by,"Nāves jūra","Мёртвае мора"
lv-lv,be-by,"Nīderlandiešu valoda","Нідэрландская мова"
lv-lv,be-by,"Nīlss Bors","Нільс Бор"
lv-lv,be-by,"Okeāns","Акіян"
lv-lv,be-by,"Oktaviāns","Жнівень"
lv-lv,be-by,"Olga Korbuta","Вольга Валянцінаўна Корбут"
lv-lv,be-by,"Omskas apgabals","Омская вобласць"
lv-lv,be-by,"Omāna","Аман"
lv-lv,be-by,"Operacionālā sistēma","Апэрацыйная сыстэма"
lv-lv,be-by,"Operētājsistēma","Аперацыйная сістэма"
lv-lv,be-by,"Orenburgas apgabals","Арэнбургская вобласць"
lv-lv,be-by,"Orgāni","Арган"
lv-lv,be-by,"Orhans Pamuks","Архан Памук"
lv-lv,be-by,"Orlas apgabals","Арлоўская вобласць"
lv-lv,be-by,"Osmaņu impērija","Асманская імперыя"
lv-lv,be-by,"Osmāņu impērija","Асманская імпэрыя"
lv-lv,be-by,"Otrais pasaules karš","Другая сусветная вайна"
lv-lv,be-by,"Pabjaņice","Горад Паб'яніцы"
lv-lv,be-by,"Pablo Neruda","Пабла Неруда"
lv-lv,be-by,"Padomju Savienība","Саюз Савецкіх Сацыялістычных Рэспублік"
lv-lv,be-by,"Pagājušo gadu vēsture","Аповесць мінулых часоў"
lv-lv,be-by,"Pakistāna","Пакістан"
lv-lv,be-by,"Paleogrāfija","Палеаграфія"
lv-lv,be-by,"Pallādijs","Паладый"
lv-lv,be-by,"Par Ģermānijas atrašanās vietu un tautām","Германія"
lv-lv,be-by,"Pasaules veselības organizācija","САЗ"
lv-lv,be-by,"Paskāls",Pascal
lv-lv,be-by,"Patiesā Jēzus Baznīca","Сапраўдная царква Ісуса"
lv-lv,be-by,"Pašnāvība","Самагубец"
lv-lv,be-by,"Pašnāvība","Самагубства"
lv-lv,be-by,"Penzas apgabals","Пензенская вобласць"
lv-lv,be-by,"Permas novads","Пермскі край"
lv-lv,be-by,"Personālais dators","Персанальны камп'ютар"
lv-lv,be-by,"Piedņestras Moldāvu Republika","Прыднястроўе"
lv-lv,be-by,"Piejūras novads","Прыморскі край"
lv-lv,be-by,"Piekarpatu vojevodiste","Падкарпацкае ваяводства"
lv-lv,be-by,"Pilsēta","Горад"
lv-lv,be-by,"Pink Floyd","Pink Floyd"
lv-lv,be-by,"Pirmais pasaules karš","Першая сусветная вайна"
lv-lv,be-by,"Pitagoriešu skola","Пітагарэйская школа"
lv-lv,be-by,"Planēta","Планета"
lv-lv,be-by,"Pleskavas apgabals","Пскоўская вобласць"
lv-lv,be-by,"Podļases vojevodiste","Падляскае ваяводства"
lv-lv,be-by,"Polijas kampaņa","Польская абарончая вайна 1939"
lv-lv,be-by,"Polijas valdnieku uzskaitījums","Каралі Польшчы"
lv-lv,be-by,"Pols Makartnijs","Пол Макартні"
lv-lv,be-by,"Portugāle","Партугалія"
lv-lv,be-by,"Portugāļu valoda","Партугальская мова"
lv-lv,be-by,"Poļu valoda","Польская мова"
lv-lv,be-by,"Prāga","Горад Прага"
lv-lv,be-by,"Pāns","Гаршчок"
lv-lv,be-by,"Pēkšņs","Раптоўны"
lv-lv,be-by,"Pēteris I","Пётр I, імператар расійскі"
lv-lv,be-by,"Pīrisāre","Лупцоўка"
lv-lv,be-by,"RSS protokols",RSS
lv-lv,be-by,"Reformācija","Рэфармацыя"
lv-lv,be-by,"Rietumu Buga","Рака Заходні Буг"
lv-lv,be-by,"Ričards Stalmans","Рычард Столман"
lv-lv,be-by,"Riņķis","Кола"
lv-lv,be-by,"Rjazaņas apgabals","Разанская вобласць"
lv-lv,be-by,"Romas Katol,u bazni-ca","Каталіцкі Касьцёл"
lv-lv,be-by,"Romas Katoļu baznīca","Каталіцкі Касьцёл"
lv-lv,be-by,"Romas impērija","Рымская Імперыя"
lv-lv,be-by,"Romas pāvests","Ян Павел II, папа рымскі"
lv-lv,be-by,"Romas pāvestu hronoloģisks uzskaitījums","Папы рымскія"
lv-lv,be-by,"Romāns","Навэла"
lv-lv,be-by,"Rostovas apgabals","Растоўская вобласць"
lv-lv,be-by,"Rudā lapsa","Сузор'е Лісічка"
lv-lv,be-by,"Rumānija","Румынія"
lv-lv,be-by,"Rumāņu valoda","Румынская мова"
lv-lv,be-by,"Runāt","Гаварыць"
lv-lv,be-by,"Runāt","Размаўляць"
lv-lv,be-by,"Rutēnijs","Рутэній"
lv-lv,be-by,"Rādijs","Радый"
lv-lv,be-by,"Rādiuss","Радый"
lv-lv,be-by,"Rāpulis","Гад"
lv-lv,be-by,"Rēnijs","Рэній"
lv-lv,be-by,"Rīgas Autobusu Fabrika","Рыжская аўтамабільная фабрыка"
lv-lv,be-by,"Rīgas Starptautiskā Lidosta","Горад Рыга"
lv-lv,be-by,"Rīgas rajons","Горад Рыга"
lv-lv,be-by,"Rūdolfs Dīzels","Рудольф Дызель"
lv-lv,be-by,"Sagas prefektūra","Сагі"
lv-lv,be-by,"Sahalīnas apgabals","Сахалінская вобласць"
lv-lv,be-by,"Sahāras tuksnesis","Пустыня Сахара"
lv-lv,be-by,"Samāra","Горад Самара"
lv-lv,be-by,"Samāras apgabals","Самарская вобласць"
lv-lv,be-by,"Samārijs","Самарый"
lv-lv,be-by,"Sanhosē","Сан-Хасэ"
lv-lv,be-by,"Sanktpēterburga","Горад Санкт-Пецярбург"
lv-lv,be-by,"Saratovas apgabals","Саратаўская вобласць"
lv-lv,be-by,"Saules aptumsums","Зацьменне"
lv-lv,be-by,"Saules sistēma","Сонечная сістэма"
lv-lv,be-by,"Saūda Arābija","Саудаўская Аравія"
lv-lv,be-by,"Selēns",Селен
lv-lv,be-by,"Senā Grieķija","Старажытная Грэцыя"
lv-lv,be-by,"Senā Ēģipte","Старажытны Егіпет"
lv-lv,be-by,"Serbija un Melnkalne","Сэрбія і Чарнагорыя"
lv-lv,be-by,"Serbu valoda","Сэрбская мова"
lv-lv,be-by,"Sergejs Sidorskis","Сяргей Сяргеевіч Сідорскі"
lv-lv,be-by,"Sevilla FC","Сэвільля"
lv-lv,be-by,"Sfēra","Абсяг"
lv-lv,be-by,"Sidhārta Gautama","Буда"
lv-lv,be-by,"Sigismunds II Augusts","Жыгімонт Аўгуст"
lv-lv,be-by,"Singapūras ielu trase","Сінгапур"
lv-lv,be-by,"Siņdzjana","Сіньцзян-Уйгурскі аўтаномны раён"
lv-lv,be-by,"Skaņa","Гук"
lv-lv,be-by,"Skābe","Квас"
lv-lv,be-by,"Skābeklis","Кісларод"
lv-lv,be-by,"Skābs","Квас"
lv-lv,be-by,"Slovākija","Славакія"
lv-lv,be-by,"Slovēnija","Славенія"
lv-lv,be-by,"Slāpeklis","Азот"
lv-lv,be-by,"Slāpes",Смага
lv-lv,be-by,"Slāvu valodas","Славянскія мовы"
lv-lv,be-by,"Smirdoņa","Сьмярдзець"
lv-lv,be-by,"Smirdēt","Сьмярдзець"
lv-lv,be-by,"Smoļenskas apgabals","Смаленская вобласць"
lv-lv,be-by,"Smēde","Каванне"
lv-lv,be-by,"Sputņik-1","Спутнік-1"
lv-lv,be-by,"Spānija","Іспанія"
lv-lv,be-by,"Spārns","Крыла"
lv-lv,be-by,"Spāņu valoda","Гішпанская мова"
lv-lv,be-by,"Spēka moments","Момант сілы"
lv-lv,be-by,"Spēks","Сіла"
lv-lv,be-by,"Starptautiskais valūtas fonds","Міжнародны валютны фонд"
lv-lv,be-by,"Stavropoles novads","Стаўрапольскі край"
lv-lv,be-by,"Stenlijs Kubriks","Стэнлі Кубрык"
lv-lv,be-by,"Stikls Seguso",Шкло
lv-lv,be-by,"Stārķis","Бусел"
lv-lv,be-by,"Stāsts","Паверх"
lv-lv,be-by,"Stāvoklis","Дзяржава"
lv-lv,be-by,"Sudāna","Судан"
lv-lv,be-by,"Suverēno valstu saraksts","Сьпіс краінаў і тэрыторыяў паводле альфабэта"
lv-lv,be-by,"Suverēno valstu uzskaitījums","Краіны паводле алфавіту"
lv-lv,be-by,"Sverdlovskas apgabals","Свярдлоўская вобласць"
lv-lv,be-by,"Svētdien","Нядзеля"
lv-lv,be-by,"Svētdiena","Нядзеля"
lv-lv,be-by,"Svēts","Сьвяты"
lv-lv,be-by,"Svētā Romas impērija","Свяшчэнная Рымская імперыя"
lv-lv,be-by,"Sākt","Пачаць"
lv-lv,be-by,"Sākt","Пачынаць"
lv-lv,be-by,"Sākt","Распачаць"
lv-lv,be-by,"Sākties","Пачаць"
lv-lv,be-by,"Sākties","Пачынаць"
lv-lv,be-by,"Sākties","Распачаць"
lv-lv,be-by,"Sākumlapa","Галоўная старонка"
lv-lv,be-by,"Sākums","Пачатак"
lv-lv,be-by,"Sāls","Салоны"
lv-lv,be-by,"Sāls",Сол
lv-lv,be-by,"Sārms","Аснова"
lv-lv,be-by,"Sārms","Падстава"
lv-lv,be-by,"Sārms","Угрунтаваць"
lv-lv,be-by,"Sārms","Угрунтоўваць"
lv-lv,be-by,"Sēkla","Насеньне"
lv-lv,be-by,"Sēkla","Семя"
lv-lv,be-by,"Sēne","Грыб"
lv-lv,be-by,"Sēnes","Бросня"
lv-lv,be-by,"Sēnes","Грыб"
lv-lv,be-by,"Sērs","Сера"
lv-lv,be-by,"Sēļi","Селы"
lv-lv,be-by,"Tadžikistāna","Таджыкістан"
lv-lv,be-by,"Tambovas apgabals","Тамбоўская вобласць"
lv-lv,be-by,"Tanganjikas ezers","Танганьіка"
lv-lv,be-by,"Tantāls","Тантал"
lv-lv,be-by,"Tatarstāna","Татарстан"
lv-lv,be-by,"Taupo ezers","Возера Таупа"
lv-lv,be-by,"Tauriņi","Матылёк"
lv-lv,be-by,"Tauriņš","Матылёк"
lv-lv,be-by,"Tehnēcijs","Тэхнецый"
lv-lv,be-by,"Teodors Rūzvelts","Тэадор Рузвельт"
lv-lv,be-by,"Teātris","Драма"
lv-lv,be-by,"Teātris","Тэатр"
lv-lv,be-by,"The Beatles","The Beatles"
lv-lv,be-by,"Tibērijs","Тыберый"
lv-lv,be-by,"Tiltiņš","Мост"
lv-lv,be-by,"Titikakas ezers","Тытыкака"
lv-lv,be-by,"Titāns","Тытан"
lv-lv,be-by,"Tjerī Anrī","Ц'еры Анры"
lv-lv,be-by,"Tjumeņas apgabals","Цюменская вобласць"
lv-lv,be-by,"Tobas ezers","Вулкан Тоба/вядомыя вывяржэнні"
lv-lv,be-by,"Tomass Edisons","Томас Эдысан"
lv-lv,be-by,"Tomskas apgabals","Томская вобласць"
lv-lv,be-by,"Tomāts","Памідоры"
lv-lv,be-by,"Tonalitāte","Ключ"
lv-lv,be-by,"Tonijs Blērs","Блэр, Тоні"
lv-lv,be-by,"Trinidada un Tobago","Трынідад і Табага"
lv-lv,be-by,"Trinidāda un Tobāgo","Трынідад і Табага"
lv-lv,be-by,"Trinidāda","Троіца"
lv-lv,be-by,"Tulas apgabals","Тульская вобласць"
lv-lv,be-by,"Turkmenistāna","Туркмэністан"
lv-lv,be-by,"Tuvie Austrumi","Блізкі Ўсход"
lv-lv,be-by,"Tveras apgabals","Цвярская вобласць"
lv-lv,be-by,"Tālava","Горад Пыталава"
lv-lv,be-by,"Tēja","Гарбата"
lv-lv,be-by,"Tēlniecība","Сузор'е Скульптар"
lv-lv,be-by,"Tērauds","Сталь"
lv-lv,be-by,"Tēvocis","Дзядзька"
lv-lv,be-by,"Tēvs","Айцец"
lv-lv,be-by,"Tēvs","Ацец"
lv-lv,be-by,"Tēvs","Бацька"
lv-lv,be-by,"Tīmekļa žurnāls","Блоґ"
lv-lv,be-by,"U.S. Città di Palermo","Палерма"
lv-lv,be-by,"Ukrainas himna","Ще не вмерла Україна"
lv-lv,be-by,"Ungārija","Венгрыя"
lv-lv,be-by,"Universālais koordinētais laiks","Унівэрсальны каардынаваны час"
lv-lv,be-by,"Urāla","Урал"
lv-lv,be-by,"Urāli","Урал"
lv-lv,be-by,"Urāliešu valodas","Уральскія мовы"
lv-lv,be-by,"Urāns","Уран"
lv-lv,be-by,"Ustjordinskas Burjatu autonomais apvidus","Усць-Ардынская Бурацкая аўтаномная акруга"
lv-lv,be-by,"Uzbekistāna","Узбекістан"
lv-lv,be-by,"Uzņēmums","Акцыянэрнае таварыства"
lv-lv,be-by,"Uzņēmums","Грамадзтва"
lv-lv,be-by,"Uzņēmējdarbība","Занятак"
lv-lv,be-by,"Uzņēmējs","Прадпрыемец"
lv-lv,be-by,"Uļjanovskas apgabals","Ульянаўская вобласць"
lv-lv,be-by,"Vakariņas","Вячэра"
lv-lv,be-by,"Valoda Java",Java
lv-lv,be-by,"Valsts valoda","Афіцыйная мова"
lv-lv,be-by,"Vanādijs","Ванадый"
lv-lv,be-by,"Varas dalīšana","Падзяленьне ўлады"
lv-lv,be-by,"Vatikāns","Ватыкан"
lv-lv,be-by,"Vectēvs","Дзед"
lv-lv,be-by,"Vecāmāte","Бабка"
lv-lv,be-by,"Velosipēds","Ровар"
lv-lv,be-by,"Venecuēla","Венесуэла"
lv-lv,be-by,"Venēra","Планета Венера"
lv-lv,be-by,"Viedais telefons","Смартфон"
lv-lv,be-by,"Vienmēr","Заўжды"
lv-lv,be-by,"Vienmēr","Заўсёды"
lv-lv,be-by,"Vikipēdija","Вікіпедыя"
lv-lv,be-by,"Viktorijas ezers","Вікторыя"
lv-lv,be-by,"Viktors Juščenko","Віктар Юшчанка"
lv-lv,be-by,"Viktors Peļevins","Віктар Пялевін"
lv-lv,be-by,"Vilhelms Ostvalds","Вільгельм Оствальд"
lv-lv,be-by,"Vinsents van Gogs","Вінцэнт ван Гог"
lv-lv,be-by,"Vispārējā cilvēktiesību deklarācija","Усеагульная дэкларацыя правоў чалавека"
lv-lv,be-by,"Viļņa","Горад Вільнюс"
lv-lv,be-by,"Viļņas apriņķis","Горад Вільнюс"
lv-lv,be-by,"Vladimiras apgabals","Уладзімірская вобласць"
lv-lv,be-by,"Vladimirs Putins","Уладзімір Пуцін"
lv-lv,be-by,"Volgogradas apgabals","Валгаградская вобласць"
lv-lv,be-by,"Volisa un Futuna","Выспы Ўоліс і Футуна"
lv-lv,be-by,"Vologdas apgabals","Валагодская вобласць"
lv-lv,be-by,"Voroņežas apgabals","Варонежская вобласць"
lv-lv,be-by,"Vulkāns","Вулкан"
lv-lv,be-by,"Vācieši","Германія"
lv-lv,be-by,"Vācija","Германія"
lv-lv,be-by,"Vācijas federālās zemes","Землі Аўстрыі"
lv-lv,be-by,"Vācu ordenis","Тэўтонскі ордэн"
lv-lv,be-by,"Vācu valoda","Нямецкая мова"
lv-lv,be-by,"Vājš","Слабы"
lv-lv,be-by,"Vārdnīca","Слоўнік"
lv-lv,be-by,"Vārds",Слова
lv-lv,be-by,"Vārmijas-Mazūrijas vojevodiste","Вармінска-Мазурскае ваяводства"
lv-lv,be-by,"Vārna","Варона"
lv-lv,be-by,"Vārpa","Вуха"
lv-lv,be-by,"Vārti","Брама"
lv-lv,be-by,"Vārti","Вароты"
lv-lv,be-by,"Vārti","Мэта"
lv-lv,be-by,"Vēja enerģija","Энергія ветру"
lv-lv,be-by,"Vējš","Вецер"
lv-lv,be-by,"Vēnas","Горад Вена"
lv-lv,be-by,"Vērsis","Сузор'е Цялец"
lv-lv,be-by,"Vērts","Варты"
lv-lv,be-by,"Vērtība","Варты"
lv-lv,be-by,"Vēsture","Гісторыя"
lv-lv,be-by,"Vētra","Бура"
lv-lv,be-by,"Vēzis","Сузор'е Рак"
lv-lv,be-by,"Zaharijs Teilors","Закары Тэйлар"
lv-lv,be-by,"Zemes atmosfēra","Атмасфера Зямлі"
lv-lv,be-by,"Zemes mākslīgais pavadonis","Штучны спадарожнік Зямлі"
lv-lv,be-by,"Ziemassvētki","Божае Нараджэньне"
lv-lv,be-by,"Ziemeļosetija-Alānija","Паўночная Асеція"
lv-lv,be-by,"Ziemeļu Ledus okeāns","Арктычны акіян"
lv-lv,be-by,"Zinedins Zidāns","Зінэдзін Зідан"
lv-lv,be-by,"Zinātne","Навука"
lv-lv,be-by,"Zināšanas","Веды"
lv-lv,be-by,"Zvaigznājs","Сузоре"
lv-lv,be-by,"Zviedru valoda","Беларуская"
lv-lv,be-by,"Zāle","Трава"
lv-lv,be-by,"Zārks","Труна"
lv-lv,be-by,"Ābece","Алфавіт"
lv-lv,be-by,"Ābols","Яблык"
lv-lv,be-by,"Āda","Скура"
lv-lv,be-by,"Ādams Mickēvičs","Адам Міцкевіч"
lv-lv,be-by,"Āfrika","Афрыка"
lv-lv,be-by,"Ārstniecības kumelīte","Рамонак аптэчны"
lv-lv,be-by,"Ārsts","Лекар"
lv-lv,be-by,"Ārsts","Урач"
lv-lv,be-by,"Āzija","Азія"
lv-lv,be-by,"Āķis","Гак"
lv-lv,be-by,"Čada ezers",Чад
lv-lv,be-by,"Čada",Чад
lv-lv,be-by,"Če Gevara","Эрнэста Гевара"
lv-lv,be-by,"Čehija","Чэхія"
lv-lv,be-by,"Čehijas himna","Kde domov můj"
lv-lv,be-by,"Čehu valoda","Чэская мова"
lv-lv,be-by,"Čeļabinskas apgabals","Чалябінская вобласць"
lv-lv,be-by,"Čitas apgabals","Чыцінская вобласць"
lv-lv,be-by,"Čuvašija","Чувашыя"
lv-lv,be-by,"Čārlzs Frensiss Rihters","Чарльз Рыхтэр"
lv-lv,be-by,"Čīle","Чылі"
lv-lv,be-by,"Čūska","Вуж"
lv-lv,be-by,"Čūskas","Сузор'е Змяя"
lv-lv,be-by,"Ēna","Цень"
lv-lv,be-by,"Ērglis","Сузор'е Арол"
lv-lv,be-by,"Ēst","Зьядаць"
lv-lv,be-by,"Ēvele","Гэбель"
lv-lv,be-by,"Ēzelis","Асёл"
lv-lv,be-by,"Ēģipte","Егіпет"
lv-lv,be-by,"Ģeogrāfija","Геаграфія"
lv-lv,be-by,"Ģermānija","Германія"
lv-lv,be-by,"Ģermānijs","Германій"
lv-lv,be-by,"Ģitāra","Гітара"
lv-lv,be-by,"Īsais stāsts","Навэла"
lv-lv,be-by,"Īzaks Ņūtons","Ісак Ньютан"
lv-lv,be-by,"Ķēde","Ланцуг"
lv-lv,be-by,"Ķēstutis","Кейстут"
lv-lv,be-by,"Ķīmiskais elements","Хімічны элемент"
lv-lv,be-by,"Ķīmisko elementu periodiskā tabula","Перыядычная сістэма элементаў"
lv-lv,be-by,"Ļevs Ļemke","Леў Язэпавіч Лемке"
lv-lv,be-by,"Ļeņingradas apgabals","Ленінградская вобласць"
lv-lv,be-by,"Ļipeckas apgabals","Ліпецкая вобласць"
lv-lv,be-by,"Ļubļinas vojevodiste","Любельскае ваяводства"
lv-lv,be-by,"Ņencu autonomais apvidus","Ненецкая аўтаномная акруга"
lv-lv,be-by,"Ņižņijnovgoroda","Ніжні Ноўгарад"
lv-lv,be-by,"Ņižņijnovgorodas apgabals","Ніжагародская вобласць"
lv-lv,be-by,"Ņujorka","Горад Нью-Йорк"
lv-lv,be-by,"Šahs","Горад Мале"
lv-lv,be-by,"Šausmas","Жах"
lv-lv,be-by,"Šausmīgs","Страшэнны"
lv-lv,be-by,"Šrilanka","Шры Ланка"
lv-lv,be-by,"Šveice","Швейцарыя"
lv-lv,be-by,"Šķidrs","Вадкасьць"
lv-lv,be-by,"Šķidrums","Вадкасць"
lv-lv,be-by,"Šķidrums","Вадкасьць"
lv-lv,be-by,"Šķirne","Від"
lv-lv,be-by,"Šķīdums","Росчын"
lv-lv,be-by,"Šūnas kodols","Арэхі"
lv-lv,be-by,"Šūt","Шыць"
lv-lv,be-by,"Ūdeņradis","Вадарод"
lv-lv,be-by,"Ženēva","Жэнева"
lv-lv,be-by,"Žils Verns","Жуль Верн"
lv-lv,be-by,AIDS,"СНІД"
lv-lv,be-by,Abaks,"Абак"
lv-lv,be-by,Abi,"Абедзьве"
lv-lv,be-by,Abi,"Абодва"
lv-lv,be-by,Abi,"Абое"
lv-lv,be-by,Abrene,"Горад Пыталава"
lv-lv,be-by,Acetaldehīds,"Ацэтальдэгід"
lv-lv,be-by,Acs,"Вока"
lv-lv,be-by,Adigeja,"Адыгея"
lv-lv,be-by,Afrodīte,"Планета Венера"
lv-lv,be-by,Aita,"Авечка"
lv-lv,be-by,Aizsargs,"Абаронца"
lv-lv,be-by,Akls,"Сьляпы"
lv-lv,be-by,Aklums,"Сьлепата"
lv-lv,be-by,Aknas,"Вантроба"
lv-lv,be-by,Aksioma,"Аксіёма"
lv-lv,be-by,Aktīnijs,"Актыній"
lv-lv,be-by,Ala,"Пячора"
lv-lv,be-by,Alas,"Пячора"
lv-lv,be-by,Algoritms,"Алгарытм"
lv-lv,be-by,Alksnis,"Вольха"
lv-lv,be-by,Allere,"Адхазiць"
lv-lv,be-by,Allere,"Хадзiць"
lv-lv,be-by,Alotropija,"Алатропія"
lv-lv,be-by,Alpi,"Альпы"
lv-lv,be-by,Altamira,"Пячора Альтаміра"
lv-lv,be-by,Alumīnijs,"Алюміній"
lv-lv,be-by,Alus,"Піва"
lv-lv,be-by,Alva,"Волава"
lv-lv,be-by,Alžīrija,"Алжыр"
lv-lv,be-by,Amazonasa,"Рака Амазонка"
lv-lv,be-by,Amazone,"Рака Амазонка"
lv-lv,be-by,Amerika,"Амерыка"
lv-lv,be-by,Amerīcijs,"Амерыцый"
lv-lv,be-by,Amsterdama,"Горад Амстэрдам"
lv-lv,be-by,Anatomija,"Анатомія"
lv-lv,be-by,Andi,"Анды"
lv-lv,be-by,Andora,"Андора"
lv-lv,be-by,Andromeda,"Сузор'е Андрамеда"
lv-lv,be-by,Anglija,"Ангелшчына"
lv-lv,be-by,Angola,"Беларуская"
lv-lv,be-by,Angola,"Фінляндыя"
lv-lv,be-by,Angļi,"Англійская мова"
lv-lv,be-by,Animisms,"Анімізм"
lv-lv,be-by,Antarktīda,"Антарктыда"
lv-lv,be-by,Antimons,"Сурма"
lv-lv,be-by,Apdegumi,"Апёк"
lv-lv,be-by,Apelsīns,"Апельсін"
lv-lv,be-by,Aprīlis,"Красавік"
lv-lv,be-by,Apses,"Таполя"
lv-lv,be-by,Ar,"З"
lv-lv,be-by,Argentīna,"Аргенціна"
lv-lv,be-by,Argons,"Аргон"
lv-lv,be-by,Arheoloģija,"Археалёгія"
lv-lv,be-by,Aristotelis,"Арыстоцель"
lv-lv,be-by,Arizona,"Штат Арызона"
lv-lv,be-by,Arkls,"Плуг"
lv-lv,be-by,Art,"Араць"
lv-lv,be-by,Artelis,"Хаўрус"
lv-lv,be-by,Asara,"Сьляза"
lv-lv,be-by,Asaris,"Акунь"
lv-lv,be-by,Asinis,"Кроў"
lv-lv,be-by,Astats,"Астат"
lv-lv,be-by,Aste,"Хвост"
lv-lv,be-by,Asteroīds,"Астэроід"
lv-lv,be-by,Astrofizika,"Астрафізіка"
lv-lv,be-by,Astronomija,"Астраномія"
lv-lv,be-by,Ateisms,"Атэізм"
lv-lv,be-by,Atlas,"Атлас"
lv-lv,be-by,Atommasa,"Атамная маса"
lv-lv,be-by,Atoms,"Атам"
lv-lv,be-by,Atraitne,Удава
lv-lv,be-by,Atraitnis,"Удавец"
lv-lv,be-by,Audi,Тканка
lv-lv,be-by,Augi,"Расьлiна"
lv-lv,be-by,Augusts,"Жнівень"
lv-lv,be-by,Auns,"Сузор'е Авен"
lv-lv,be-by,Auseklis,"Фосфар"
lv-lv,be-by,Auss,"Вуха"
lv-lv,be-by,Austrija,"Аўстрыя"
lv-lv,be-by,Austrumi,"Усход"
lv-lv,be-by,Autobuss,"Аўтобус"
lv-lv,be-by,Auzas,"Авёс"
lv-lv,be-by,Avots,"Вясна"
lv-lv,be-by,Avots,"Скакаць"
lv-lv,be-by,Avots,"Спружына"
lv-lv,be-by,Avīze,"Газета"
lv-lv,be-by,Avīze,"Газэта"
lv-lv,be-by,Aļaska,"Штат Аляска"
lv-lv,be-by,Aļģirds,"Альгерд"
lv-lv,be-by,Babska,"Бабск"
lv-lv,be-by,Bahreina,"Бахрэйн"
lv-lv,be-by,Balodis,"Голуб"
lv-lv,be-by,Baltkrievi,"Беларусы"
lv-lv,be-by,Baltkrievija,"Беларусь"
lv-lv,be-by,Balts,"Белы"
lv-lv,be-by,Bangkoka,"Банкок"
lv-lv,be-by,Bangladeša,"Бангладэш"
lv-lv,be-by,Banka,"Сузор'е Сталовая Гара"
lv-lv,be-by,Bari,"Барый"
lv-lv,be-by,Barselona,"Барсэлёна"
lv-lv,be-by,Barība,"Ежа"
lv-lv,be-by,Bazilika,"Базілік"
lv-lv,be-by,Baznīca,"Касьцёл"
lv-lv,be-by,Belarus,"Беларусь"
lv-lv,be-by,Belci,"Белцi"
lv-lv,be-by,Beliza,"Беліз"
lv-lv,be-by,Berilijs,"Берылій"
lv-lv,be-by,Berils,"Берылій"
lv-lv,be-by,Berklijs,"Берклій"
lv-lv,be-by,Berlīne,"Горад Берлін"
lv-lv,be-by,Berne,"Горад Берн"
lv-lv,be-by,Beļģija,"Бельгія"
lv-lv,be-by,Bioloģija,"Біялёгія"
lv-lv,be-by,Bismuts,"Вісмут"
lv-lv,be-by,Bizantija,"Усходняя Рымская імперыя"
lv-lv,be-by,Bjalistoka,"Горад Беласток"
lv-lv,be-by,Boeing,"Боінг"
lv-lv,be-by,Bolīvija,"Балівія"
lv-lv,be-by,Bors,"Бор, хімічны элемент"
lv-lv,be-by,Borts,"Борт"
lv-lv,be-by,Bratislava,"Горад Братыслава"
lv-lv,be-by,Brazīlija,"Бразілія"
lv-lv,be-by,Bresta,"Горад Брэст"
lv-lv,be-by,Briedis,"Алень"
lv-lv,be-by,Brisele,"Брусэль"
lv-lv,be-by,Broms,"Бром"
lv-lv,be-by,Brīvmūrnieki,"Масонства"
lv-lv,be-by,Brīvība,"Воля"
lv-lv,be-by,Brīvība,Свабода
lv-lv,be-by,Budapešta,"Будапэшт"
lv-lv,be-by,Bulta,"Страла"
lv-lv,be-by,Bumbieris,"Груша"
lv-lv,be-by,Bībele,"Біблія"
lv-lv,be-by,Būt,"Быць"
lv-lv,be-by,C,"Мова праграмавання C"
lv-lv,be-by,Cena,"Вартасць"
lv-lv,be-by,Cena,Цана
lv-lv,be-by,Cerijs,"Цэрый"
lv-lv,be-by,Ceturtdien,"Чацьвер"
lv-lv,be-by,Ceturtdiena,"Чацьвер"
lv-lv,be-by,Ceļš,"Дарога"
lv-lv,be-by,Ceļš,"Шаша"
lv-lv,be-by,Ciems,"Вёска"
lv-lv,be-by,Cietums,"Астрог"
lv-lv,be-by,Cietums,"Турма"
lv-lv,be-by,Cietība,"Калянасць"
lv-lv,be-by,Cilveks,Чалавек
lv-lv,be-by,Cinks,"Цынк"
lv-lv,be-by,Cipars,"Лічбы"
lv-lv,be-by,Cirkonijs,"Цырконій"
lv-lv,be-by,Cirvis,"Сякера"
lv-lv,be-by,Cukurs,"Цукар"
lv-lv,be-by,Cunami,"Цунамі"
lv-lv,be-by,Cīrihe,"Горад Цюрых"
lv-lv,be-by,Daba,"Прырода"
lv-lv,be-by,Darbarīks,"Прылада"
lv-lv,be-by,Darbarīks,"Снасьць"
lv-lv,be-by,Darbs,"Праца"
lv-lv,be-by,Darbs,"Працаваць"
lv-lv,be-by,Darbs,"Твор"
lv-lv,be-by,Datori,"Кампутар"
lv-lv,be-by,Datorlingvistika,"Апрацоўка натуральнай мовы"
lv-lv,be-by,Datorpele,"Мыш"
lv-lv,be-by,Dators,"Кампутар"
lv-lv,be-by,Daugava,"Рака Заходняя Дзвіна"
lv-lv,be-by,Daugavpils,"Даўґаўпілс"
lv-lv,be-by,Debesis,"Неба"
lv-lv,be-by,Debesis,"Нябёсы"
lv-lv,be-by,Decembris,"Снежань"
lv-lv,be-by,Deguns,"Нос"
lv-lv,be-by,Degvīns,"Гарэлка"
lv-lv,be-by,Detroita,"Горад Дэтройт"
lv-lv,be-by,Diena,"Дзень"
lv-lv,be-by,Dienvidamerika,"Паўднёвая Амерыка"
lv-lv,be-by,Dienvidkoreja,"Паўднёвая Карэя"
lv-lv,be-by,Dievs,"Бог"
lv-lv,be-by,Dievība,"Паняцьце Бога ў політэізьме"
lv-lv,be-by,Dimants,"Алмаз"
lv-lv,be-by,Dio,"Бог"
lv-lv,be-by,Disprozijs,"Дыспрозій"
lv-lv,be-by,Dnipropetrovska,"Днепрапятроўская вобласць"
lv-lv,be-by,Do,"Мова праграмавання C"
lv-lv,be-by,Doma,"Думка"
lv-lv,be-by,Donava,"Рака Дунай"
lv-lv,be-by,Dramaturģija,"Драма"
lv-lv,be-by,Draudi,"Грозьба"
lv-lv,be-by,Draudi,"Пагроза"
lv-lv,be-by,Draudzība,"Сяброўства"
lv-lv,be-by,Draugs,"Сябар"
lv-lv,be-by,Draugs,"Сябра"
lv-lv,be-by,Drosme,"Адвага"
lv-lv,be-by,Durvis,"Дзьверы"
lv-lv,be-by,Dzeja,"Верш"
lv-lv,be-by,Dzels,"Жалеза"
lv-lv,be-by,Dzels,"Жалезны"
lv-lv,be-by,Dzels,"Прас"
lv-lv,be-by,Dzeltens,"Жоўты"
lv-lv,be-by,Dzelzs,"Жалеза"
lv-lv,be-by,Dziesma,"Песьня"
lv-lv,be-by,Dzintars,"Бурштын"
lv-lv,be-by,Dzīvnieki,"Арбалет"
lv-lv,be-by,Dzīvnieki,"Жывёла"
lv-lv,be-by,Dzīvs,"Жыць"
lv-lv,be-by,Dzīvsudrabs,"Ртуць"
lv-lv,be-by,Džeksonvila,"Джэксанвіль"
lv-lv,be-by,Džordžija,"Грузія"
lv-lv,be-by,Džouls,"Джоўль"
lv-lv,be-by,EUR,"Еўра"
lv-lv,be-by,Einšteinijs,"Эйнштэйній"
lv-lv,be-by,Eiropa,"Еўропа"
lv-lv,be-by,Eiropijs,"Еўропій"
lv-lv,be-by,Ekonomika,"Эканоміка"
lv-lv,be-by,Elipse,"Эліпс"
lv-lv,be-by,Erasure,Erasure
lv-lv,be-by,Erbijs,"Эрбій"
lv-lv,be-by,Eritreja,"Эрытрэя"
lv-lv,be-by,Es,Я
lv-lv,be-by,Esperanto,"Эсперанта"
lv-lv,be-by,Etiopija,"Эфіопія"
lv-lv,be-by,Ezers,"Возера"
lv-lv,be-by,Eļļa,"Алей"
lv-lv,be-by,Eļļa,"Нафта"
lv-lv,be-by,FTP,FTP
lv-lv,be-by,Falanga,Фаланга
lv-lv,be-by,Fermijs,"Фермій"
lv-lv,be-by,Fidži,"Фіджы"
lv-lv,be-by,Filadelfija,"Горад Філадэльфія"
lv-lv,be-by,Filipīnas,"Філіпіны"
lv-lv,be-by,Filozofija,"Філасофія"
lv-lv,be-by,Finanses,"Фінансы"
lv-lv,be-by,Florida,"Штат Фларыда"
lv-lv,be-by,Fosfors,"Фосфар"
lv-lv,be-by,Francija,"Францыя"
lv-lv,be-by,Francijs,"Францый"
lv-lv,be-by,Frekvence,"Чашчыня"
lv-lv,be-by,Futbols,"Футбол"
lv-lv,be-by,Fīniksa,"Сузор'е Фенікс"
lv-lv,be-by,Gadolīnijs,"Гадаліній"
lv-lv,be-by,Gads,"Год"
lv-lv,be-by,Gadsimts,"Стагоддзе"
lv-lv,be-by,Gadsimts,"Стагодзьдзі"
lv-lv,be-by,Gaisma,"Святло"
lv-lv,be-by,Gaiss,"Выгляд"
lv-lv,be-by,Gaiss,"Паветра"
lv-lv,be-by,Galileo,"Галілеа Галілей"
lv-lv,be-by,Gallijs,"Галій"
lv-lv,be-by,Galva,"Галава"
lv-lv,be-by,Gamma,"Гукарад"
lv-lv,be-by,Gana,"Гана"
lv-lv,be-by,Gandrīz,"Амал"
lv-lv,be-by,Garums,"Даўжыня"
lv-lv,be-by,Garšigs,"Смачны"
lv-lv,be-by,Geografija,"Геаграфія"
lv-lv,be-by,Glezniecība,"Жывапіс"
lv-lv,be-by,Gliemezis,"Смоўж"
lv-lv,be-by,Gliemezis,"Сьлiмак"
lv-lv,be-by,Gliemeži,"Смоўж"
lv-lv,be-by,Gliemeži,"Сьлiмак"
lv-lv,be-by,Glikoze,"Глюкоза"
lv-lv,be-by,Golay,Golay
lv-lv,be-by,Gomeļa,"Горад Гомель"
lv-lv,be-by,Grafiti,"Графіт"
lv-lv,be-by,Gramatika,"Граматыка"
lv-lv,be-by,Grenada,"Гранат"
lv-lv,be-by,Grenlande,"Грэнландыя"
lv-lv,be-by,Grieķija,"Грэцыя"
lv-lv,be-by,Grodna,"Горад Гродна"
lv-lv,be-by,Gruzija,"Грузія"
lv-lv,be-by,Gudrs,"Мудры"
lv-lv,be-by,Gulbis,"Лебедзь"
lv-lv,be-by,Hafnijs,"Гафній"
lv-lv,be-by,Hainuvka,"Горад Гайнаўка"
lv-lv,be-by,Haiti,"Гаіці"
lv-lv,be-by,Hakasija,"Хакасія"
lv-lv,be-by,Havana,"Гавана"
lv-lv,be-by,Havanna,"Гавана"
lv-lv,be-by,Help!,"Дапамагаць"
lv-lv,be-by,Help!,"Дапамагчы"
lv-lv,be-by,Help!,"Дапамога"
lv-lv,be-by,Help!,"Помач"
lv-lv,be-by,Helsinki,"Хэльсынкі"
lv-lv,be-by,Heraldika,"Геральдыка"
lv-lv,be-by,Himalaji,"Гімалаі"
lv-lv,be-by,Hjūstona,"Г'юстан"
lv-lv,be-by,Hlors,"Хлор"
lv-lv,be-by,Hobijs,"Пустыня Гобі"
lv-lv,be-by,Holmijs,"Гольмій"
lv-lv,be-by,Holokausts,"Галакост"
lv-lv,be-by,Hondurasa,"Гандурас"
lv-lv,be-by,Hroms,"Хром"
lv-lv,be-by,Iela,"Вулiца"
lv-lv,be-by,Iela,"Дарога"
lv-lv,be-by,Iela,"Краiна"
lv-lv,be-by,Iela,"Палазня"
lv-lv,be-by,Iela,"Шаша"
lv-lv,be-by,Iela,"Шлях"
lv-lv,be-by,Ieleja,"Даліна"
lv-lv,be-by,Ierocis,"Зброя"
lv-lv,be-by,Ieži,"Вагацца"
lv-lv,be-by,Ieži,Скала
lv-lv,be-by,Igaunija,"Эстонія"
lv-lv,be-by,Ikona,"Абраз"
lv-lv,be-by,Ikri,"Сарна"
lv-lv,be-by,Inda,"Рака Інд"
lv-lv,be-by,Inde,"Атрута"
lv-lv,be-by,Inde,"Атручваць"
lv-lv,be-by,Indija,"Індыя"
lv-lv,be-by,Indijs,"Індый"
lv-lv,be-by,Indoeiropieši,"Індаэўрапейскія мовы"
lv-lv,be-by,Indīgs,"Атрутны"
lv-lv,be-by,Inerce,"Інерцыя"
lv-lv,be-by,Ingušija,"Інгушэція"
lv-lv,be-by,Internets,"Інтэрнэт"
lv-lv,be-by,Iridium,"Ірыдый"
lv-lv,be-by,Irīdijs,"Ірыдый"
lv-lv,be-by,Islande,"Ісьляндыя"
lv-lv,be-by,Iterbijs,"Ітэрбій"
lv-lv,be-by,Itrijs,"Ітрый"
lv-lv,be-by,Izkapts,"Пярэспа"
lv-lv,be-by,Izloksne,"Гаворка"
lv-lv,be-by,Izotops,"Ізатоп"
lv-lv,be-by,Izpildvara,"Выканаўчая ўлада"
lv-lv,be-by,Jagailis,Ягайла
lv-lv,be-by,Jamaika,Ямайка
lv-lv,be-by,Jauda,Улада
lv-lv,be-by,Jaunava,"Дзева"
lv-lv,be-by,Jaunava,"Панна"
lv-lv,be-by,Jaunava,"Сузор'е Дзева"
lv-lv,be-by,Jaungads,"Новы год"
lv-lv,be-by,Jauns,"Малады"
lv-lv,be-by,Jauns,"Новы"
lv-lv,be-by,Java,Java
lv-lv,be-by,JavaScript,JavaScript
lv-lv,be-by,Jekaterinburga,"Горад Екацерынбург"
lv-lv,be-by,Jemena,"Емэн"
lv-lv,be-by,Jena,"Ена"
lv-lv,be-by,Jezuīti,"Езуіты"
lv-lv,be-by,Jods,"Ёд"
lv-lv,be-by,Joks,"Жарт"
lv-lv,be-by,Jumts,"Дах"
lv-lv,be-by,Jupiters,"Планета Юпітэр"
lv-lv,be-by,Jūdaisms,"Іудаізм"
lv-lv,be-by,Jūgendstils,"Мадэрн"
lv-lv,be-by,Jūlijs,"Ліпень"
lv-lv,be-by,Jūnijs,"Чэрвень"
lv-lv,be-by,Jūra,"Мора"
lv-lv,be-by,Jūta,"Штат Юта"
lv-lv,be-by,K2,"Гара Чагары"
lv-lv,be-by,Ka?ote,"Лыжка"
lv-lv,be-by,Kad,"Пакул"
lv-lv,be-by,Kadmijs,"Кадмій"
lv-lv,be-by,Kafija,"Кава"
lv-lv,be-by,Kakls,"Шыя"
lv-lv,be-by,Kalcijs,"Футбол"
lv-lv,be-by,Kalcīts,"Кальцый"
lv-lv,be-by,Kali,"Калій"
lv-lv,be-by,Kalifornija,"Штат Каліфорнія"
lv-lv,be-by,Kalifornijs,"Каліфорній"
lv-lv,be-by,Kalmikija,"Калмыкія"
lv-lv,be-by,Kalns,"Гара"
lv-lv,be-by,Kamielis,"Вярблюд"
lv-lv,be-by,Kanbera,"Горад Канбера"
lv-lv,be-by,Kapitelis,"Сталіца"
lv-lv,be-by,Karakasa,"Горад Каракас"
lv-lv,be-by,Karakorums,"Каракарум"
lv-lv,be-by,Karalis,"Карол"
lv-lv,be-by,Karalis,"Кароль"
lv-lv,be-by,Kareivis,"Жаўнер"
lv-lv,be-by,Karogs,"Сьцяг"
lv-lv,be-by,Karsts,"Гарачы"
lv-lv,be-by,Katete,"Нага"
lv-lv,be-by,Kauli,"Костка"
lv-lv,be-by,Kauli,"Косьць"
lv-lv,be-by,Kauls,"Костка"
lv-lv,be-by,Kauls,"Косьць"
lv-lv,be-by,Kauns,"Сорам"
lv-lv,be-by,Kaza,"Каза"
lv-lv,be-by,Kaza,"Казёл"
lv-lv,be-by,Kaķis,"Кошка"
lv-lv,be-by,Kaļķakmens,"Вапняк"
lv-lv,be-by,Kijeva,"Горад Кіеў"
lv-lv,be-by,Kipra,"Кіпр"
lv-lv,be-by,Kiribati,"Кірыбаці"
lv-lv,be-by,Kirijs,"Кюрый"
lv-lv,be-by,Kirilica,"Кірыліца"
lv-lv,be-by,Kiss,"Пацалаваць"
lv-lv,be-by,Kiss,"Пацалунак"
lv-lv,be-by,Kito,"Кіта"
lv-lv,be-by,Klase,"Клас"
lv-lv,be-by,Klaviatūra,"Клявіятура"
lv-lv,be-by,Klimats,"Клімат"
lv-lv,be-by,Kobalts,"Кобальт"
lv-lv,be-by,Kodolreaktors,"Атамная электрастанцыя"
lv-lv,be-by,Koknese,"Горад Какнэсе"
lv-lv,be-by,Koks,"Дрэва"
lv-lv,be-by,Koks,"Лес"
lv-lv,be-by,Kolkata,"Горад Калькута"
lv-lv,be-by,Kolumbija,"Калумбія"
lv-lv,be-by,Komats,"Коска"
lv-lv,be-by,Komersants,"Прадпрыемец"
lv-lv,be-by,Komi,"Комі"
lv-lv,be-by,Komunisms,"Камунізм"
lv-lv,be-by,Konfūcijs,"Канфуцый"
lv-lv,be-by,Kongo,"Дэмакратычная Рэспубліка Конга"
lv-lv,be-by,Konskovola,"Канскаволя"
lv-lv,be-by,Konstitūcija,"Канстытуцыя"
lv-lv,be-by,Kontinents,"Кантынэнт"
lv-lv,be-by,Kopa,"Тэорыя мностваў"
lv-lv,be-by,Kordova,"Кордава"
lv-lv,be-by,Kosa,"Пярэспа"
lv-lv,be-by,Kosas,"Калатоўка"
lv-lv,be-by,Krams,Скалка
lv-lv,be-by,Krasts,"Узьбярэжжа"
lv-lv,be-by,Krievi,"Рускія"
lv-lv,be-by,Krievija,"Расія"
lv-lv,be-by,Kriptons,"Крыптон"
lv-lv,be-by,Kristietība,"Хрысьціянства"
lv-lv,be-by,Krusa,"Горад"
lv-lv,be-by,Krīts,"Кальцый"
lv-lv,be-by,Ksenons,"Ксенон"
lv-lv,be-by,Kuba,"Куба"
lv-lv,be-by,Kultūra,"Культура"
lv-lv,be-by,Kur,"Дзе"
lv-lv,be-by,Kur,"Куды"
lv-lv,be-by,Kuritiba,"Горад Курыціба"
lv-lv,be-by,Kurmis,"Моль"
lv-lv,be-by,Kurova,"Вёска Кураў"
lv-lv,be-by,Kurpe,"Бот"
lv-lv,be-by,Kursenieki,"Куршы"
lv-lv,be-by,Kuruva,"Вёска Кураў"
lv-lv,be-by,Kurši,"Куршы"
lv-lv,be-by,Kustība,"Механічны рух"
lv-lv,be-by,Kuģis,"Судно"
lv-lv,be-by,Kļava,"Клён"
lv-lv,be-by,Labs,"Добры"
lv-lv,be-by,Labums,"Добры"
lv-lv,be-by,Laikraksts,"Газета"
lv-lv,be-by,Laikraksts,"Газэта"
lv-lv,be-by,Laiks,"Час"
lv-lv,be-by,Lakstīgala,Салавей
lv-lv,be-by,Lampa,"Лямпа"
lv-lv,be-by,Lapas,"Лiст"
lv-lv,be-by,Lapsa,"Сузор'е Лісічка"
lv-lv,be-by,Lasvegasa,"Лас-Вегас"
lv-lv,be-by,Latgale,"Латгалы"
lv-lv,be-by,Latgaļi,"Латгалы"
lv-lv,be-by,Latvietis,"Латыская"
lv-lv,be-by,Latviešu,"Беларуская"
lv-lv,be-by,Latvija,"Латвія"
lv-lv,be-by,Lauksaimniecība,"Сельская гаспадарка"
lv-lv,be-by,Laulība,"Шлюб"
lv-lv,be-by,Lauva,"Сузор'е Леў"
lv-lv,be-by,Ledus,"Лёд"
lv-lv,be-by,Leipciga,"Горад Лейпцыг"
lv-lv,be-by,Lieta,"Рэч"
lv-lv,be-by,Lietus,"Дождж"
lv-lv,be-by,Lietuva,"Літва"
lv-lv,be-by,Lihtenšteina,"Ліхтэнштэйн"
lv-lv,be-by,Likums,"Закон"
lv-lv,be-by,Likums,"Права"
lv-lv,be-by,Lille,"Востраў"
lv-lv,be-by,Lima,"Горад Ліма"
lv-lv,be-by,Litijs,"Літый"
lv-lv,be-by,Lits,"Літый"
lv-lv,be-by,Logs,"Вакно"
lv-lv,be-by,Lome,"Горад Ломе"
lv-lv,be-by,Losandželosa,"Лос-Анджэлес"
lv-lv,be-by,Luksemburga,"Люксембург"
lv-lv,be-by,Lībija,"Лівія"
lv-lv,be-by,Līvi,"Лівы"
lv-lv,be-by,Līķis,"Труп"
lv-lv,be-by,Lūsis,"Сузор'е Рысь"
lv-lv,be-by,Lūzums,"Дробі"
lv-lv,be-by,Madride,"Горад Мадрыд"
lv-lv,be-by,Magazīna,"Часопіс"
lv-lv,be-by,Magiļeva,"Горад Магілёў"
lv-lv,be-by,Magnijs,"Магній"
lv-lv,be-by,Maijs,"Май"
lv-lv,be-by,Maina,"Галоўны"
lv-lv,be-by,Maina,"Рука"
lv-lv,be-by,Maize,Хлеб
lv-lv,be-by,Maiznieks,"Пекар"
lv-lv,be-by,Maldīvija,"Мальдывы"
lv-lv,be-by,Malta,"Мальта"
lv-lv,be-by,Mandele,"Мігдалы"
lv-lv,be-by,Manga,"Манґа"
lv-lv,be-by,Mantojums,"Спадчына"
lv-lv,be-by,Marijela,"Марый Эл"
lv-lv,be-by,Marmors,"Мармар"
lv-lv,be-by,Marmors,"Мармур"
lv-lv,be-by,Marss,"Сакавік"
lv-lv,be-by,Marts,"Сакавік"
lv-lv,be-by,Maskava,"Горад Масква"
lv-lv,be-by,Mats,"Волас"
lv-lv,be-by,Mazpolija,"Малапольскае ваяводзтва"
lv-lv,be-by,Maķedonija,"Македонія"
lv-lv,be-by,Medicīna,"Здароўе"
lv-lv,be-by,Medniecība,"Паляванне"
lv-lv,be-by,Medus,"Мёд"
lv-lv,be-by,Mehiko,"Мэксыка"
lv-lv,be-by,Meita,"Дачка"
lv-lv,be-by,Meksika,"Мэксыка"
lv-lv,be-by,Meli,"Мана"
lv-lv,be-by,Meli,"Фалш"
lv-lv,be-by,Meli,"Хлусьня"
lv-lv,be-by,Melnkalne,"Чарнагорыя"
lv-lv,be-by,Melns,"Мурын"
lv-lv,be-by,Melns,"Чорны"
lv-lv,be-by,Melodija,"Мелодыя"
lv-lv,be-by,Mena,"Востраў Мэн"
lv-lv,be-by,Menca,"Траска"
lv-lv,be-by,Mendeļejevijs,"Мендзялевій"
lv-lv,be-by,Merkurs,"Ртуць"
lv-lv,be-by,Meteorīts,"Метэарыт"
lv-lv,be-by,Metro,"Метрапалітэн"
lv-lv,be-by,Metropole,"Горад"
lv-lv,be-by,Metrs,"Метрапалітэн"
lv-lv,be-by,Mezolīts,"Каменны век"
lv-lv,be-by,Mež,"Лес"
lv-lv,be-by,Mežs,"Лес"
lv-lv,be-by,Microsoft,Microsoft
lv-lv,be-by,Miegs,Сон
lv-lv,be-by,Miers,"Пакой"
lv-lv,be-by,Mieži,"Ячмень"
lv-lv,be-by,Mikelandželo,"Мікеланджэла Буанароцці"
lv-lv,be-by,Mikroskops,"Сузор'е Мікраскоп"
lv-lv,be-by,Milzīgs,"Магутны"
lv-lv,be-by,Mindaugs,"Міндоўг"
lv-lv,be-by,Minska,"Горад Мінск"
lv-lv,be-by,Minūte,"Хвіліна"
lv-lv,be-by,Misisipi,"Рака Місісіпі"
lv-lv,be-by,Miza,"Брахаць"
lv-lv,be-by,Mjanma,"М'янма"
lv-lv,be-by,Modelis,"Узор"
lv-lv,be-by,Modernisms,"Мадэрнізм"
lv-lv,be-by,Moldova,"Малдова"
lv-lv,be-by,Molibdens,"Малібдэн"
lv-lv,be-by,Mols,"Моль"
lv-lv,be-by,Monako,"Горад Манака"
lv-lv,be-by,Mordovija,"Мардовія"
lv-lv,be-by,Morions,"Марыён"
lv-lv,be-by,Mostara,"Мостар"
lv-lv,be-by,Motörhead,Motörhead
lv-lv,be-by,Mousepad,Mousepad
lv-lv,be-by,Mošovce,"Мошаўцы"
lv-lv,be-by,Mugura,"Назад"
lv-lv,be-by,Mute,"Рот"
lv-lv,be-by,Muļķīgs,"Дурны"
lv-lv,be-by,Muša,"Сузор'е Муха"
lv-lv,be-by,Mūmija,"Мама"
lv-lv,be-by,Mūzika,"Музыка"
lv-lv,be-by,NATO,"Арганізацыя Паўночнаатлантычнага дагавора"
lv-lv,be-by,Nafta,"Нафта"
lv-lv,be-by,Nags,"Цьвік"
lv-lv,be-by,Nakts,"Ноч"
lv-lv,be-by,Nams,"Дом"
lv-lv,be-by,Nams,"Хата"
lv-lv,be-by,Namībija,"Намібія"
lv-lv,be-by,Nareva,"Рака Нараў"
lv-lv,be-by,Narva,"Горад Нарва"
lv-lv,be-by,Nauda,"Валюта"
lv-lv,be-by,Nazis,"Нож"
lv-lv,be-by,Neatkarība,"Незалежнасць"
lv-lv,be-by,Nebraska,"Штат Небраска"
lv-lv,be-by,Nemuna,"Рака Нёман"
lv-lv,be-by,Neodīms,"Неадым"
lv-lv,be-by,Neons,"Неон"
lv-lv,be-by,Neptūnijs,"Нептуній"
lv-lv,be-by,Neptūns,"Нептун"
lv-lv,be-by,Nest,"Мядзьведзь"
lv-lv,be-by,Nevada,"Штат Невада"
lv-lv,be-by,Nica,"Прыемны"
lv-lv,be-by,Niobijs,"Ніобій"
lv-lv,be-by,Niķelis,"Нікель"
lv-lv,be-by,Nodevība,"Здрада"
lv-lv,be-by,Norma,"Сузор'е Навугольнік"
lv-lv,be-by,Novele,"Раман"
lv-lv,be-by,Novembris,"Лістапад"
lv-lv,be-by,Novosibirska,"Горад Навасібірск"
lv-lv,be-by,Nīderlande,"Нідэрланды"
lv-lv,be-by,Nīla,"Рака Ніл"
lv-lv,be-by,OPEC,"Арганізацыя краін, экспартуючых нафту"
lv-lv,be-by,Odesa,"Адэская вобласьць"
lv-lv,be-by,Ogle,"Вугал"
lv-lv,be-by,Ogle,"Вугаль"
lv-lv,be-by,Ogleklis,"Вуглярод"
lv-lv,be-by,Oktobris,"Кастрычнік"
lv-lv,be-by,Omska,"Горад Омск"
lv-lv,be-by,Opera,"Опера"
lv-lv,be-by,Orala,"Урал"
lv-lv,be-by,Ordenis,"Атрад"
lv-lv,be-by,Oslo,"Горад Осла"
lv-lv,be-by,Osmijs,"Осмій"
lv-lv,be-by,Osta,"Порт"
lv-lv,be-by,Otrdiena,"Ауторак"
lv-lv,be-by,Otrdiena,"Аўторак"
lv-lv,be-by,Ozols,"Дуб"
lv-lv,be-by,Pagrabs,Склеп
lv-lv,be-by,Palermo,"Палерма"
lv-lv,be-by,Palestina,"Палестынская аўтаномія"
lv-lv,be-by,Palestīna,"Палестынская аўтаномія"
lv-lv,be-by,Pankroks,"Панк-рок"
lv-lv,be-by,Panna,"Гаршчок"
lv-lv,be-by,Parana,"Парана"
lv-lv,be-by,Partenons,"Парфенон"
lv-lv,be-by,Parīze,"Горад Парыж"
lv-lv,be-by,Pasaule,"Зямля"
lv-lv,be-by,Pasaule,"Планета Зямля"
lv-lv,be-by,Pasaule,"Сьвет"
lv-lv,be-by,Patiesība,"Ісціна"
lv-lv,be-by,Pavadonis,"Штучны спадарожнік Зямлі"
lv-lv,be-by,Pavasaris,"Вясна"
lv-lv,be-by,Pavasaris,"Скакаць"
lv-lv,be-by,Pavasaris,"Спружына"
lv-lv,be-by,Pašvaldība,"Вёска"
lv-lv,be-by,Pekina,"Горад Пекін"
lv-lv,be-by,Pele,"Мыш"
lv-lv,be-by,Pentaeritrīts,"Пентаэрытрыт"
lv-lv,be-by,Perma,"Горад Пермь"
lv-lv,be-by,Peru,"Пэру"
lv-lv,be-by,Phoenix,"Сузор'е Фенікс"
lv-lv,be-by,Piektdien,"Пятніца"
lv-lv,be-by,Piektdiena,"Пятніца"
lv-lv,be-by,Piens,"Малако"
lv-lv,be-by,Pilns,"Поўны"
lv-lv,be-by,Pipari,"Перац"
lv-lv,be-by,Pirmdiena,"Панядзелак"
lv-lv,be-by,Pirmkods,"Крынічны код"
lv-lv,be-by,Pirmskaitlis,"Просты лік"
lv-lv,be-by,Pjemonta,"П'емонт"
lv-lv,be-by,Platons,"Платон"
lv-lv,be-by,Platība,"Плошча"
lv-lv,be-by,Platīns,"Плаціна"
lv-lv,be-by,Plaudis,"Лешч"
lv-lv,be-by,Plecs,"Плячо"
lv-lv,be-by,Plecs,"Рамя"
lv-lv,be-by,Plutonijs,"Плутоній"
lv-lv,be-by,Plutons,"Плутоній"
lv-lv,be-by,Po,"По"
lv-lv,be-by,Podgorica,"Падгорыца"
lv-lv,be-by,Polija,"Польшча"
lv-lv,be-by,Polija-Lietuva,"Рэч Паспалітая"
lv-lv,be-by,Politika,"Палітыка"
lv-lv,be-by,Polonijs,"Палоній"
lv-lv,be-by,Ports,"Асачыць"
lv-lv,be-by,Ports,"Порт"
lv-lv,be-by,Ports,"Прыстань"
lv-lv,be-by,Poseidons,"Нептун"
lv-lv,be-by,Poļi,"Палякі"
lv-lv,be-by,Pravietis,"Прарок"
lv-lv,be-by,Prazeodīms,"Празеадым"
lv-lv,be-by,Prezidents,"Прэзыдэнт"
lv-lv,be-by,Projekts,"Намер"
lv-lv,be-by,Protaktīnijs,"Пратактыній"
lv-lv,be-by,Proton,"Пратон"
lv-lv,be-by,Protons,"Пратон"
lv-lv,be-by,Proza,"Проза"
lv-lv,be-by,Puertoriko,"Пуэрта-Рыка"
lv-lv,be-by,Pulavi,"Пулавы"
lv-lv,be-by,Pulkstenis,"Сузор'е Гадзіннік"
lv-lv,be-by,Purvs,"Алёс"
lv-lv,be-by,Purvs,"Багна"
lv-lv,be-by,Pusnakts,"Палунач"
lv-lv,be-by,Pussargs,"Паўабаронца"
lv-lv,be-by,Pustonis,"Сэкунда"
lv-lv,be-by,Putni,"Птаства"
lv-lv,be-by,Putns,"Птах"
lv-lv,be-by,Putns,"Птух"
lv-lv,be-by,Putns,"Птушка"
lv-lv,be-by,Pī,"Пі"
lv-lv,be-by,Pūķis,"Сузор'е Дракон"
lv-lv,be-by,Queen,"Каралева"
lv-lv,be-by,ROM,"Горад Рым"
lv-lv,be-by,ROM,"Рым"
lv-lv,be-by,Radio,"Радыё"
lv-lv,be-by,Radons,"Радон"
lv-lv,be-by,Reflektors,"Сузор'е Тэлескоп"
lv-lv,be-by,Regejs,"Рэґі"
lv-lv,be-by,Reikjavīka,"Рэйк'явік"
lv-lv,be-by,Reina,"Рэній"
lv-lv,be-by,Reliģija,"Рэлігія"
lv-lv,be-by,Republika,"Рэспубліка"
lv-lv,be-by,Rietumi,"Захад"
lv-lv,be-by,Rijeka,"Рака"
lv-lv,be-by,Ritenis,"Кола"
lv-lv,be-by,Rodijs,"Родый"
lv-lv,be-by,Rokoko,"Ракако"
lv-lv,be-by,Roma,"Горад Рым"
lv-lv,be-by,Roze,"Ружа"
lv-lv,be-by,Ruanda,"Руанда"
lv-lv,be-by,Rubīdijs,"Рубідый"
lv-lv,be-by,Rudens,"Восень"
lv-lv,be-by,Rudzi,"Жыта"
lv-lv,be-by,Runa,"Прамова"
lv-lv,be-by,Rīga,"Горад Рыга"
lv-lv,be-by,Rīts,"Ранак"
lv-lv,be-by,Rūda,"Мінерал"
lv-lv,be-by,SQL,SQL
lv-lv,be-by,Sabiedrība,"Грамадзтва"
lv-lv,be-by,Sabiedrība,"Грамадзянства"
lv-lv,be-by,Saha,"Якуція"
lv-lv,be-by,Sala,"Востраў"
lv-lv,be-by,Salds,"Цукерка"
lv-lv,be-by,Salms,Салома
lv-lv,be-by,Sanantonio,"Сан-Антоніё"
lv-lv,be-by,Sandjego,"Сан-Дыега"
lv-lv,be-by,Sanmarīno,"Сан-Марына"
lv-lv,be-by,Sanskrits,"Санскрыт"
lv-lv,be-by,Sapnis,Сон
lv-lv,be-by,Sarajeva,"Сараева"
lv-lv,be-by,Sargs,"Апякун"
lv-lv,be-by,Saule,"Сонца"
lv-lv,be-by,Sekunde,"Сэкунда"
lv-lv,be-by,Semantika,"Сэмантыка"
lv-lv,be-by,Septembris,"Верасень"
lv-lv,be-by,Serbija,"Сербія"
lv-lv,be-by,Sestdien,"Субота"
lv-lv,be-by,Sestdiena,"Субота"
lv-lv,be-by,Seviļa,"Сэвільля"
lv-lv,be-by,Si,"Мова праграмавання C"
lv-lv,be-by,Sibīrija,"Сібір"
lv-lv,be-by,Sicīlija,"Сыцылія"
lv-lv,be-by,Siena,"Мур"
lv-lv,be-by,Siers,"Брынза"
lv-lv,be-by,Sietla,"Сіэтл"
lv-lv,be-by,Sieva,"Жонка"
lv-lv,be-by,Sieviete,"Жанчына"
lv-lv,be-by,Silts,"Цёплы"
lv-lv,be-by,Silīcijs,"Крэмній"
lv-lv,be-by,Singapūra,"Сінгапур"
lv-lv,be-by,Sirds,"Сэрца"
lv-lv,be-by,Siļķe,"Селядзец"
lv-lv,be-by,Skandijs,"Скандый"
lv-lv,be-by,Skarlatīna,"Шкарлятына"
lv-lv,be-by,Skorpioni,"Сузор'е Скарпіён"
lv-lv,be-by,Skotija,"Шатландыя"
lv-lv,be-by,Slims,"Хворы"
lv-lv,be-by,Slimība,"Хвароба"
lv-lv,be-by,Smaids,"Усьмешка"
lv-lv,be-by,Smaids,"Усьмяхацца"
lv-lv,be-by,Smaids,"Усьмяхнуцца"
lv-lv,be-by,Smilts,"Пясок"
lv-lv,be-by,Sniegs,"Сьнег"
lv-lv,be-by,Snigt,"Сьнег"
lv-lv,be-by,Sofija,"Сафія"
lv-lv,be-by,Sokrats,"Сакрат"
lv-lv,be-by,Sol,"Сонца"
lv-lv,be-by,Sola,"Сонца"
lv-lv,be-by,Solis,"Крок"
lv-lv,be-by,Solpugas,Фаланга
lv-lv,be-by,Somija,"Фінляндыя"
lv-lv,be-by,Sonets,"Санэт"
lv-lv,be-by,Spiegs,"Сачыць"
lv-lv,be-by,Spilvens,"Падушка"
lv-lv,be-by,Spirti,"Сьпірт"
lv-lv,be-by,Sports,"Спорт"
lv-lv,be-by,Spīdums,"Глоса"
lv-lv,be-by,Stieple,"Дрот"
lv-lv,be-by,Stihija,"Пярвестак"
lv-lv,be-by,Stikls,Шкло
lv-lv,be-by,Stiprs,"Магутны"
lv-lv,be-by,Stiprs,"Моцны"
lv-lv,be-by,Stirna,"Сарна"
lv-lv,be-by,Stops,"Арбалет"
lv-lv,be-by,Stroncijs,"Стронцый"
lv-lv,be-by,Sudabrs,"Серабро"
lv-lv,be-by,Sudabrs,"Срэбра"
lv-lv,be-by,Sudrabs,"Серабро"
lv-lv,be-by,Suns,Сабака
lv-lv,be-by,Svars,"Вага"
lv-lv,be-by,Svece,"Сузор'е Ветразі"
lv-lv,be-by,Svešinieks,"Пабочны"
lv-lv,be-by,Sviests,"Масло"
lv-lv,be-by,Svins,"Свінец"
lv-lv,be-by,Sīpols,"Цыбуля"
lv-lv,be-by,Tabaka,"Тытунь"
lv-lv,be-by,Taisne,"Права"
lv-lv,be-by,Taisnība,"Ісціна"
lv-lv,be-by,Taizeme,Тайланд
lv-lv,be-by,Tallina,"Горад Талін"
lv-lv,be-by,Tantals,"Тантал"
lv-lv,be-by,Tauta,"Народ"
lv-lv,be-by,Tbilisi,"Тбілісі"
lv-lv,be-by,Tehnoloģija,"Тэхналогія"
lv-lv,be-by,Teksasa,"Штат Тэхас"
lv-lv,be-by,Teleskops,"Сузор'е Тэлескоп"
lv-lv,be-by,Televīzija,"Тэлебачаньне"
lv-lv,be-by,Telpa,"Плошча"
lv-lv,be-by,Telūrs,"Тэлур"
lv-lv,be-by,Tenesī,"Штат Тэнесі"
lv-lv,be-by,Terbijs,"Тэрбій"
lv-lv,be-by,Teritorija,"Тэрыторыя"
lv-lv,be-by,Termodinamika,"Тэрмадынаміка"
lv-lv,be-by,Terorisms,"Тэраркор"
lv-lv,be-by,Tilts,"Мост"
lv-lv,be-by,Tiraspole,"Горад Тыраспаль"
lv-lv,be-by,Tirgus,"Рынак"
lv-lv,be-by,Tonis,"Сэкунда"
lv-lv,be-by,Torijs,"Торый"
lv-lv,be-by,Tornado,"Тарнада"
lv-lv,be-by,Tornis,"Вежа"
lv-lv,be-by,Toronto,"Горад Таронта"
lv-lv,be-by,Traidens,"Трайдзень"
lv-lv,be-by,Traips,"Пляма"
lv-lv,be-by,Tranzistors,"Транзістар"
lv-lv,be-by,Traķi,"Горад Тракай"
lv-lv,be-by,Trešdien,"Серада"
lv-lv,be-by,Trešdiena,"Серада"
lv-lv,be-by,Trīsstūris,"Сузор'е Трыкутнік"
lv-lv,be-by,Trīsvienība,"Сьвятая Троіца"
lv-lv,be-by,Turcija,"Турцыя"
lv-lv,be-by,Turki,"Грэцкая мова"
lv-lv,be-by,Turīna,"Турын"
lv-lv,be-by,Tuva,"Тува"
lv-lv,be-by,Tuvalu,"Тувалу"
lv-lv,be-by,Tīkls,"Сузор'е Сетка"
lv-lv,be-by,Tīrs,"Змываць"
lv-lv,be-by,Tīrs,"Змыць"
lv-lv,be-by,Tīrs,"Чысты"
lv-lv,be-by,Tītars,"Турцыя"
lv-lv,be-by,Tūlijs,"Тулій"
lv-lv,be-by,UNESCO,"ЮНЭСКА"
lv-lv,be-by,UNIX,Unix
lv-lv,be-by,Udens,"Вада"
lv-lv,be-by,Udmurtija,"Удмуртыя"
lv-lv,be-by,Ufa,"Уфа"
lv-lv,be-by,Uganda,Уганда
lv-lv,be-by,Ukraina,"Украіна"
lv-lv,be-by,Upe,"Рака"
lv-lv,be-by,Upuris,"Ахвяра"
lv-lv,be-by,Ural,"Урал"
lv-lv,be-by,Urbis,"Бор, хімічны элемент"
lv-lv,be-by,Uļjanovska,"Горад Ульянаўск"
lv-lv,be-by,Vakar,"Учора"
lv-lv,be-by,Vakuums,"Пусты"
lv-lv,be-by,Valoda,"Мова"
lv-lv,be-by,Valodniecība,"Мовазнаўства"
lv-lv,be-by,Valrieksts,"Арэхі"
lv-lv,be-by,Valstis,"Сьпіс краінаў і тэрыторыяў паводле альфабэту"
lv-lv,be-by,Valsts,"Краіна"
lv-lv,be-by,Vanuatu,"Вануату"
lv-lv,be-by,Varavīksne,"Вясёлка"
lv-lv,be-by,Varbūt,"Мабыць"
lv-lv,be-by,Varde,"Бясхвостыя"
lv-lv,be-by,Varde,"Жаба"
lv-lv,be-by,Varš,"Медзь"
lv-lv,be-by,Varšava,"Горад Варшава"
lv-lv,be-by,Vavere,"Вавёрка"
lv-lv,be-by,Vašingtona,"Горад Вашынгтон"
lv-lv,be-by,Vecs,"Стары"
lv-lv,be-by,Vektors,"Вектар"
lv-lv,be-by,Velns,"Дябал"
lv-lv,be-by,Vesels,"Здаровы"
lv-lv,be-by,Veselība,"Здароўе"
lv-lv,be-by,Vezuvs,"Вулкан Везувій"
lv-lv,be-by,Vicebska,"Горад Віцебск"
lv-lv,be-by,Vidusjūra,"Міжземнае мора"
lv-lv,be-by,Vikingi,"Вікінгі"
lv-lv,be-by,Vile,"Горад Ліма"
lv-lv,be-by,Vilks,"Сузор'е Воўк"
lv-lv,be-by,Vilnis,"Хваля"
lv-lv,be-by,Virdžīnija,"Злучаныя Штаты Амерыкі"
lv-lv,be-by,Virzulis,"Шпунт"
lv-lv,be-by,Viss,"Увесь"
lv-lv,be-by,Viss,"Усе"
lv-lv,be-by,Viss,"Уся"
lv-lv,be-by,Viss,"Усё"
lv-lv,be-by,Vista,"Кура"
lv-lv,be-by,Visums,"Сусвет"
lv-lv,be-by,Vjetnama,"В'етнам"
lv-lv,be-by,Vladivostoka,"Горад Уладзівасток"
lv-lv,be-by,Volframs,"Вальфрам"
lv-lv,be-by,Volga,"Рака Волга"
lv-lv,be-by,Vīle,"Горад Ліма"
lv-lv,be-by,Vīne,"Горад Вена"
lv-lv,be-by,Vīns,"Горад Вена"
lv-lv,be-by,WordPress,Wordpress
lv-lv,be-by,Zabluduva,"Горад Заблудаў"
lv-lv,be-by,Zaglis,"Злодзей"
lv-lv,be-by,Zagreba,"Загрэб"
lv-lv,be-by,Zagt,"Скрадаць"
lv-lv,be-by,Zamosca,"Замасьць"
lv-lv,be-by,Zaķis,"Сузор'е Заяц"
lv-lv,be-by,Zaļš,"Зялёны"
lv-lv,be-by,Zellis,"Падмайстар"
lv-lv,be-by,Zelts,"Золата"
lv-lv,be-by,Zeme,"Планета Зямля"
lv-lv,be-by,Zemestrīce,"Землятрус"
lv-lv,be-by,Zemgale,"Земгалы"
lv-lv,be-by,Zemgaļi,"Земгалы"
lv-lv,be-by,Zevs,"Планета Юпітэр"
lv-lv,be-by,Zibens,"Маланка"
lv-lv,be-by,Ziema,"Зіма"
lv-lv,be-by,Ziemeļamerika,"Паўночная Амерыка"
lv-lv,be-by,Ziemeļi,"Поўнач"
lv-lv,be-by,Ziemeļjūra,"Паўночнае мора"
lv-lv,be-by,Ziemeļkarolīna,"Штат Паўночная Караліна"
lv-lv,be-by,Ziemeļkoreja,"Паўночная Карэя"
lv-lv,be-by,Ziemeļpols,"Паўночны полюс"
lv-lv,be-by,Ziepes,"Мыла"
lv-lv,be-by,Zilonis,"Слонь"
lv-lv,be-by,Zinat,"Ведаць"
lv-lv,be-by,Zirgs,"Конь"
lv-lv,be-by,Zirneklis,"Павук"
lv-lv,be-by,Zirnis,"Гарох"
lv-lv,be-by,Zivs,"Рыба"
lv-lv,be-by,Zvaigzne,"Зорка"
lv-lv,be-by,Zviedri,"Швецыя"
lv-lv,be-by,Zviedrija,"Швецыя"
lv-lv,be-by,Zvirbulis,"Верабей"
lv-lv,be-by,Zīds,"Шоук"
lv-lv,be-by,Zīds,Ядваб
lv-lv,be-by,Zīme,"Герб"
lv-lv,be-by,Zīmulis,"Аловак"
lv-lv,be-by,Ģedimins,"Гедзімін"
lv-lv,be-by,Īrija,"Ірландыя"
lv-lv,be-by,Īslande,"Ісландыя"
lv-lv,be-by,Ķermenis,Цела
lv-lv,be-by,Ķieģelis,"Цэгла"
lv-lv,be-by,Ķīle,"Сузор'е Кіль"
lv-lv,be-by,Ķīna,"Кітай"
lv-lv,be-by,Ļaunums,"Дрэнны"
lv-lv,be-by,Ļaunums,"Злы"
lv-lv,be-by,Ļubļana,"Любляна"
lv-lv,be-by,Ļubļina,"Любельскае ваяводства"
lv-lv,be-by,Ļviva,"Горад Львоў"
lv-lv,be-by,Ūdens,"Вада"
lv-lv,be-by,Ūdensvīrs,"Сузор'е Вадаліў"
