be-by,en-gb,"Iнстытут",Institute
be-by,en-gb,"Æøŝə",Supercluster
be-by,en-gb,"Ёn",He
be-by,en-gb,"Ёд",Iodine
be-by,en-gb,"Іарданія",Jordan
be-by,en-gb,"Ідэалізм",Idealism
be-by,en-gb,"Ізатоп",Isotope
be-by,en-gb,"Ізатоп",Isotopes
be-by,en-gb,"Ізраіль",Israel
be-by,en-gb,"Інвэстыцыя",Investment
be-by,en-gb,"Інданезія",Indonesia
be-by,en-gb,"Індый",Indium
be-by,en-gb,"Індыя",India
be-by,en-gb,"Інерцыя",Inertia
be-by,en-gb,"Інтэрнэт",Internet
be-by,en-gb,"Інтэрнэт",Net
be-by,en-gb,"Інфармацыя",Information
be-by,en-gb,"Інфляцыя",Inflation
be-by,en-gb,"Ірак",Iraq
be-by,en-gb,"Іран",Iran
be-by,en-gb,"Ірландыя",Ireland
be-by,en-gb,"Ірыдый",Iridium
be-by,en-gb,"Іслам",Islam
be-by,en-gb,"Ісландыя",Iceland
be-by,en-gb,"Ісландыя",Icelandic
be-by,en-gb,"Іспанія",Iberian
be-by,en-gb,"Іспанія",Spain
be-by,en-gb,"Ісціна",Truth
be-by,en-gb,"Ісьляндыя",Iceland
be-by,en-gb,"Ісьляндыя",Icelandic
be-by,en-gb,"Італьянская мова",Italian
be-by,en-gb,"Італія",Italy
be-by,en-gb,"Ітрый",Yttrium
be-by,en-gb,"Іўрыт",Hebrew
be-by,en-gb,"А","On the occasion of"
be-by,en-gb,"А","On the subject of"
be-by,en-gb,"А",Re
be-by,en-gb,"А","Speaking of"
be-by,en-gb,"Аб","On the occasion of"
be-by,en-gb,"Аб","On the subject of"
be-by,en-gb,"Аб",Re
be-by,en-gb,"Аб","Speaking of"
be-by,en-gb,"Абавязак",Obligation
be-by,en-gb,"Абавязацельства",Commitment
be-by,en-gb,"Абавязацельства",Hiring
be-by,en-gb,"Абавязацельства",Liability
be-by,en-gb,"Абавязацельства",Pledge
be-by,en-gb,"Абавязацельства",Undertaking
be-by,en-gb,"Абавязкова",Certainly
be-by,en-gb,"Абавязкова","For sure"
be-by,en-gb,"Абавязковы",Binding
be-by,en-gb,"Абавязковы",Compulsory
be-by,en-gb,"Абавязковы",Conscientious
be-by,en-gb,"Абавязковы",Mandatory
be-by,en-gb,"Абавязковы",Necessary
be-by,en-gb,"Абавязковы",Needful
be-by,en-gb,"Абавязковы",Obligatory
be-by,en-gb,"Абавязковы",Thorough
be-by,en-gb,"Абагачаць",Enhance
be-by,en-gb,"Абагачаць",Enrich
be-by,en-gb,"Абагульненне",Generalization
be-by,en-gb,"Абак",Abacus
be-by,en-gb,"Абалонка",Casing
be-by,en-gb,"Абалонка","Cell membrane"
be-by,en-gb,"Абалонка",Covering
be-by,en-gb,"Абалонка",Envelope
be-by,en-gb,"Абалонка",Husk
be-by,en-gb,"Абалонка",Membrane
be-by,en-gb,"Абалонка",Shell
be-by,en-gb,"Абандон",Abandonment
be-by,en-gb,"Абандон",Abort
be-by,en-gb,"Абараняць","Argue for"
be-by,en-gb,"Абараняць",Bolster
be-by,en-gb,"Абараняць",Defend
be-by,en-gb,"Абараняць","Look after"
be-by,en-gb,"Абараняць",Patronize
be-by,en-gb,"Абараняць","Watch over"
be-by,en-gb,"Абарачальнасць",Convertibility
be-by,en-gb,"Абвяшчаць",Announce
be-by,en-gb,"Абед",Dine
be-by,en-gb,"Абед",Dinner
be-by,en-gb,"Абед","English breakfast"
be-by,en-gb,"Абед",Lunch
be-by,en-gb,"Абед",Luncheon
be-by,en-gb,"Абед",Meal
be-by,en-gb,"Абза",Bang
be-by,en-gb,"Абза",Fringe
be-by,en-gb,"Абза",Hem
be-by,en-gb,"Абза",Valance
be-by,en-gb,"Абліґацыя",Liability
be-by,en-gb,"Або",Or
be-by,en-gb,"Абрабiць",Cultivate
be-by,en-gb,"Абрабiць",Grow
be-by,en-gb,"Абрабiць",Raise
be-by,en-gb,"Абрабiць",Rear
be-by,en-gb,"Абрабiць",Till
be-by,en-gb,"Абсалютная зорная велічыня","Absolute magnitude"
be-by,en-gb,"Абстракцыя",Abstraction
be-by,en-gb,"Абхазія",Abkhazia
be-by,en-gb,"Абцугi",Clamp
be-by,en-gb,"Абцугi",Claw
be-by,en-gb,"Абцугi",Clip
be-by,en-gb,"Абцугi",Flipper
be-by,en-gb,"Абцугi",Gripper
be-by,en-gb,"Абцугi",Nipper
be-by,en-gb,"Абцугi",Pliers
be-by,en-gb,"Авадзень",Shrinkage
be-by,en-gb,"Авадзень",Withdrawal
be-by,en-gb,"Авёс",Oat
be-by,en-gb,"Авёс",Oats
be-by,en-gb,"Ага",Yea
be-by,en-gb,"Ага",Yes
be-by,en-gb,"Агарод",Backyard
be-by,en-gb,"Агарод",Garden
be-by,en-gb,"Агарод",Yard
be-by,en-gb,"Агарода",Fence
be-by,en-gb,"Агарода",Hedge
be-by,en-gb,"Агарода",Hurdle
be-by,en-gb,"Агароджа",Enclosure
be-by,en-gb,"Агародніна",Veg
be-by,en-gb,"Агародніна",Vegetable
be-by,en-gb,"Агонь",Ablaze
be-by,en-gb,"Агонь",Alight
be-by,en-gb,"Агонь",Bishop
be-by,en-gb,"Агонь",Burner
be-by,en-gb,"Агонь",Fire
be-by,en-gb,"Агонь",Fireside
be-by,en-gb,"Агонь",Flame
be-by,en-gb,"Агонь",Gunfire
be-by,en-gb,"Агонь",Heat
be-by,en-gb,"Агонь",Hurry
be-by,en-gb,"Агонь",Inch
be-by,en-gb,"Агонь",Late
be-by,en-gb,"Агонь",Light
be-by,en-gb,"Агонь",Loss
be-by,en-gb,"Агонь",Randy
be-by,en-gb,"Агонь",Rush
be-by,en-gb,"Агонь",Swear
be-by,en-gb,"Агрэст",Currant
be-by,en-gb,"Агрэст",Gooseberry
be-by,en-gb,"Агрэст","Red currant"
be-by,en-gb,"Адбыцца",Occur
be-by,en-gb,"Адгэтуль","From there"
be-by,en-gb,"Аддаваць",Deal
be-by,en-gb,"Аддаваць",Donate
be-by,en-gb,"Аддаваць","Give away"
be-by,en-gb,"Аддаваць","Go out"
be-by,en-gb,"Аддаваць",Graft
be-by,en-gb,"Аддаваць",Hand
be-by,en-gb,"Аддаваць",Issue
be-by,en-gb,"Аддаваць",Yield
be-by,en-gb,"Аддаць",Deal
be-by,en-gb,"Аддаць",Donate
be-by,en-gb,"Аддаць","Give away"
be-by,en-gb,"Аддаць","Go out"
be-by,en-gb,"Аддаць",Graft
be-by,en-gb,"Аддаць",Hand
be-by,en-gb,"Аддаць",Issue
be-by,en-gb,"Аддаць",Yield
be-by,en-gb,"Адзаду",After
be-by,en-gb,"Адзаду",Backside
be-by,en-gb,"Адзаду",Behind
be-by,en-gb,"Адзаду",Bottom
be-by,en-gb,"Адзаду",Buttocks
be-by,en-gb,"Адзаду","In back of"
be-by,en-gb,"Адзаду",Posterior
be-by,en-gb,"Адзаду",Rump
be-by,en-gb,"Адзежа",Clothes
be-by,en-gb,"Адзежа",Clothing
be-by,en-gb,"Адзенне",Clothes
be-by,en-gb,"Адзенне",Clothing
be-by,en-gb,"Адзеньне",Clothing
be-by,en-gb,"Адказваць",Answer
be-by,en-gb,"Адказваць",Reply
be-by,en-gb,"Адказваць",Respond
be-by,en-gb,"Адказваць","Retort to"
be-by,en-gb,"Адказнасць",Accountability
be-by,en-gb,"Адказнасць",Liability
be-by,en-gb,"Адказнасць",Onus
be-by,en-gb,"Адказнасць",Responsibility
be-by,en-gb,"Адкрыты",Open-minded
be-by,en-gb,"Адмауляць",Balk
be-by,en-gb,"Адмауляць",Decline
be-by,en-gb,"Адмауляць",Deny
be-by,en-gb,"Адмауляць",Disagree
be-by,en-gb,"Адмауляць",Refuse
be-by,en-gb,"Адмауляць",Reject
be-by,en-gb,"Адмауляць","Turn down"
be-by,en-gb,"Адмауляць",Withhold
be-by,en-gb,"Адмена",Abolition
be-by,en-gb,"Адмена",Abrogation
be-by,en-gb,"Адмова",Refusal
be-by,en-gb,"Адмова",Rejection
be-by,en-gb,"Адносна","As to"
be-by,en-gb,"Адносна",Concerning
be-by,en-gb,"Адносна",Regards
be-by,en-gb,"Адрас",Address
be-by,en-gb,"Адрас",Deftness
be-by,en-gb,"Адрас",Dexterity
be-by,en-gb,"Адрас",Location
be-by,en-gb,"Адрас",Offense
be-by,en-gb,"Адрас",Skilfulness
be-by,en-gb,"Адрас",Skill
be-by,en-gb,"Адрас",Skillfulness
be-by,en-gb,"Адрына",Hayloft
be-by,en-gb,"Адхазiць",Fare
be-by,en-gb,"Адхазiць",Go
be-by,en-gb,"Адхазiць","Go along"
be-by,en-gb,"Адхазiць","Outward journey"
be-by,en-gb,"Адхазiць","To be going"
be-by,en-gb,"Адхазiць",Travel
be-by,en-gb,"Адчыняць",Lance
be-by,en-gb,"Адчыняць",Open
be-by,en-gb,"Адчыняць","Open out"
be-by,en-gb,"Адчыняць","Open up"
be-by,en-gb,"Адчыняць",Unlock
be-by,en-gb,"Адчыняць",Untwist
be-by,en-gb,"Адэназінтрыфосфарная кіслата","Adenosine triphosphate"
be-by,en-gb,"Азербайджан",Azerbaijan
be-by,en-gb,"Азот",Nitrogen
be-by,en-gb,"Азэрбайджан",Azerbaijan
be-by,en-gb,"Азія",Asia
be-by,en-gb,"Аксамiт",Velour
be-by,en-gb,"Аксамiт",Velvet
be-by,en-gb,"Аксіёма",Axiom
be-by,en-gb,"Актыній",Actinium
be-by,en-gb,"Акуляры",Glasses
be-by,en-gb,"Акуляры",Spectacles
be-by,en-gb,"Акунь",Perch
be-by,en-gb,"Акцыя",Pouch
be-by,en-gb,"Акцыя","Stock exchange"
be-by,en-gb,"Акцыянэрнае таварыства","Public limited company"
be-by,en-gb,"Акіян",Ocean
be-by,en-gb,"Албанія",Albania
be-by,en-gb,"Алгарытм",Algorithmic
be-by,en-gb,"Алгарытм",Algorithmics
be-by,en-gb,"Але",Yea
be-by,en-gb,"Але",Yes
be-by,en-gb,"Алжыр",Algeria
be-by,en-gb,"Алмаз",Diamond
be-by,en-gb,"Алфавіт",Alphabet
be-by,en-gb,"Алфавіт","Spelling book"
be-by,en-gb,"Альбанія",Albania
be-by,en-gb,"Альпы",Alps
be-by,en-gb,"Алюміній",Aluminium
be-by,en-gb,"Амерыка",American
be-by,en-gb,"Амерыцый",Americium
be-by,en-gb,"Аналітычная хімія",Chemistry
be-by,en-gb,"Анархизм",Anarchism
be-by,en-gb,"Анатомія",Anatomy
be-by,en-gb,"Ангельскае зелле",Pimento
be-by,en-gb,"Ангельская мова",English
be-by,en-gb,"Англійская мова",English
be-by,en-gb,"Андора",Andorra
be-by,en-gb,"Антарктыда",Antarctic
be-by,en-gb,"Антрапаніміка",Anthroponymy
be-by,en-gb,"Антэна",Aerial
be-by,en-gb,"Антэна",Antenna
be-by,en-gb,"Апальшчык",Chauffeur
be-by,en-gb,"Апальшчык",Driver
be-by,en-gb,"Апальшчык",Stoker
be-by,en-gb,"Апельсін",Orange
be-by,en-gb,"Аперацыйная сістэма","Operating system"
be-by,en-gb,"Апцыён",Option
be-by,en-gb,"Апэрацыйная сыстэма","Operating system"
be-by,en-gb,"Апякун",Attendant
be-by,en-gb,"Апякун",Caretaker
be-by,en-gb,"Апякун",Custodian
be-by,en-gb,"Апякун",Guardian
be-by,en-gb,"Апякун",Keeper
be-by,en-gb,"Апякун",Patron
be-by,en-gb,"Апякун",Patronizing
be-by,en-gb,"Апякун",Protectionist
be-by,en-gb,"Апякун",Protective
be-by,en-gb,"Апякун",Protector
be-by,en-gb,"Апякун",Warden
be-by,en-gb,"Апякун",Watchman
be-by,en-gb,"Арак",Arrack
be-by,en-gb,"Араць",Furrow
be-by,en-gb,"Араць",Plough
be-by,en-gb,"Араць",Plow
be-by,en-gb,"Араць",Till
be-by,en-gb,"Арбалет",Crossbow
be-by,en-gb,"Аргентына",Argentina
be-by,en-gb,"Аргентына",Argentine
be-by,en-gb,"Аргентына","Argentine woman"
be-by,en-gb,"Аргенціна",Argentina
be-by,en-gb,"Аргенціна",Argentine
be-by,en-gb,"Аргенціна","Argentine woman"
be-by,en-gb,"Аргон",Argon
be-by,en-gb,"Арктычны акіян","Arctic Ocean"
be-by,en-gb,"Арлан-белахвост","White-tailed Eagle"
be-by,en-gb,"Арменія",Armenia
be-by,en-gb,"Армэнія",Armenia
be-by,en-gb,"Артышок",Artichoke
be-by,en-gb,"Арфаграфія",Orthography
be-by,en-gb,"Арфаграфія",Spelling
be-by,en-gb,"Археалёгія",Archaeology
be-by,en-gb,"Археалёгія",Archeology
be-by,en-gb,"Арцыбіскуп",Archbishop
be-by,en-gb,"Арыстоцель",Aristotle
be-by,en-gb,"Арэх",Nut
be-by,en-gb,"Арэх","Nuts !"
be-by,en-gb,"Арэх",Nutting
be-by,en-gb,"Арэх",Walnut
be-by,en-gb,"Арэхі",Nucleus
be-by,en-gb,"Аса",Wasp
be-by,en-gb,"Аса","Yellow jacket"
be-by,en-gb,"Асадкавыя горныя пароды","Sedimentary rock"
be-by,en-gb,"Асачыць",Carriage
be-by,en-gb,"Асачыць","Carriage forward"
be-by,en-gb,"Асачыць",Harbor
be-by,en-gb,"Асачыць",Harbour
be-by,en-gb,"Асачыць",Port
be-by,en-gb,"Асачыць",Postage
be-by,en-gb,"Астат",Astatine
be-by,en-gb,"Астача",Remnant
be-by,en-gb,"Астраметрыя",Astrometry
be-by,en-gb,"Астраномія",Astronomy
be-by,en-gb,"Астрафізіка",Astrophysics
be-by,en-gb,"Астэроід",Asteroid
be-by,en-gb,"Асёл",Ass
be-by,en-gb,"Асёл",Donkey
be-by,en-gb,"Асёл","Dunce cap"
be-by,en-gb,"Асёл",Jackass
be-by,en-gb,"Асёл",Mutt
be-by,en-gb,"Атам",Atom
be-by,en-gb,"Атамная маса","Atomic mass"
be-by,en-gb,"Атамная электрастанцыя","Nuclear power station"
be-by,en-gb,"Атамная электрастацыя","Nuclear power station"
be-by,en-gb,"Атлас",Atlas
be-by,en-gb,"Атмасфера Зямлі",Atmosphere
be-by,en-gb,"Атрад",Order
be-by,en-gb,"Атрымлiваць",Accept
be-by,en-gb,"Атрымлiваць",Accommodate
be-by,en-gb,"Атрымлiваць",Read
be-by,en-gb,"Атрымлiваць",Receive
be-by,en-gb,"Атрымоўваць",Accept
be-by,en-gb,"Атрымоўваць",Accommodate
be-by,en-gb,"Атрымоўваць",Get
be-by,en-gb,"Атрымоўваць",Land
be-by,en-gb,"Атрымоўваць",Obtain
be-by,en-gb,"Атрымоўваць",Read
be-by,en-gb,"Атрымоўваць",Receive
be-by,en-gb,"Атрымоўваць",Secure
be-by,en-gb,"Атэны",Athens
be-by,en-gb,"Атэізм",Atheism
be-by,en-gb,"Ауторак",Tuesday
be-by,en-gb,"Афганістан",Afghanistan
be-by,en-gb,"Афрыка",Africa
be-by,en-gb,"Ахвотна","Bye for now"
be-by,en-gb,"Ахвотна","Not far off"
be-by,en-gb,"Ахвотна","So long!"
be-by,en-gb,"Ахвотна",Soon
be-by,en-gb,"Аўганістан",Afghanistan
be-by,en-gb,"Аўдыт",Audit
be-by,en-gb,"Аўкцыён",Bid
be-by,en-gb,"Аўстралія",Australia
be-by,en-gb,"Аўстрыя",Austria
be-by,en-gb,"Аўтаномная рэспубліка Крым",Crimea
be-by,en-gb,"Аўтобус",Bus
be-by,en-gb,"Аўтобус",Omnibus
be-by,en-gb,"Бiзун",Beater
be-by,en-gb,"Бiзун","Bull Whip"
be-by,en-gb,"Бiзун",Whip
be-by,en-gb,"Бiно",Wine
be-by,en-gb,"Бабка",Grandmother
be-by,en-gb,"Бабовыя",Pod
be-by,en-gb,"Бабуля",Grandmother
be-by,en-gb,"Багародзіца","Blessed Virgin"
be-by,en-gb,"Багародзіца",Madonna
be-by,en-gb,"Багародзіца",Virgin
be-by,en-gb,"База дадзеных",Database
be-by,en-gb,"Базылік",Basil
be-by,en-gb,"Базілік",Basil
be-by,en-gb,"Бакас",Snipe
be-by,en-gb,"Балгарыя",Bulgaria
be-by,en-gb,"Балканская паўвыспа",Balkans
be-by,en-gb,"Балтыйскае мора",Baltic
be-by,en-gb,"Балтыйскае мора","Baltic Sea"
be-by,en-gb,"Балівія",Bolivia
be-by,en-gb,"Балінезійская котка",Balinese
be-by,en-gb,"Бангладэш",Bangladesh
be-by,en-gb,"Банк",Bank
be-by,en-gb,"Баравік",Cep
be-by,en-gb,"Баравік","Yellow boletus"
be-by,en-gb,"Баран",Dog
be-by,en-gb,"Баран",Drive-hammer
be-by,en-gb,"Баран","Drop hammer"
be-by,en-gb,"Баран",Hog
be-by,en-gb,"Баран",Monkey
be-by,en-gb,"Баран",Mutton
be-by,en-gb,"Баран",Ram
be-by,en-gb,"Баран",Sheep
be-by,en-gb,"Барбарыс",Barberry
be-by,en-gb,"Барбарыс",Berberis
be-by,en-gb,"Барый",Barium
be-by,en-gb,"Батальён",Battalion
be-by,en-gb,"Батаніка",Botanical
be-by,en-gb,"Батаніка",Botany
be-by,en-gb,"Бахрэйн",Bahrain
be-by,en-gb,"Бацькi",Kin
be-by,en-gb,"Бацькi",Parent
be-by,en-gb,"Бацькi",Parents
be-by,en-gb,"Бацька",Father
be-by,en-gb,"Бачыць",Behold
be-by,en-gb,"Бачыць","Look at"
be-by,en-gb,"Бачыць",See
be-by,en-gb,"Бачыць",Show
be-by,en-gb,"Бегаць",Accrue
be-by,en-gb,"Бегаць",Race
be-by,en-gb,"Бегаць",Run
be-by,en-gb,"Без","But for"
be-by,en-gb,"Без","Exclusive of"
be-by,en-gb,"Без","Free from"
be-by,en-gb,"Без","Free of"
be-by,en-gb,"Без",Without
be-by,en-gb,"Бекон",Bacon
be-by,en-gb,"Бекон",Fat
be-by,en-gb,"Бекон","Fat bacon"
be-by,en-gb,"Беларуская",French
be-by,en-gb,"Беларусь",Belarus
be-by,en-gb,"Белы",Blank
be-by,en-gb,"Белы","Dark strokes"
be-by,en-gb,"Белы",Pure
be-by,en-gb,"Белы",White
be-by,en-gb,"Бельгія",Belgium
be-by,en-gb,"Беліз",Belize
be-by,en-gb,"Бераг",Acclivity
be-by,en-gb,"Бераг",Bank
be-by,en-gb,"Бераг",Coast
be-by,en-gb,"Бераг",Edge
be-by,en-gb,"Бераг",Rib
be-by,en-gb,"Бераг","River bank"
be-by,en-gb,"Бераг",Riverbank
be-by,en-gb,"Бераг","Sea coast"
be-by,en-gb,"Бераг",Shore
be-by,en-gb,"Бераг",Shoreline
be-by,en-gb,"Бераг",Strand
be-by,en-gb,"Берклій",Berkelium
be-by,en-gb,"Берлін",Beaker
be-by,en-gb,"Берлін",Berlin
be-by,en-gb,"Берылій",Beryllium
be-by,en-gb,"Блiзко",About
be-by,en-gb,"Блiзко","Apart from the fact that"
be-by,en-gb,"Блiзко",Close
be-by,en-gb,"Блiзко","Close at hand"
be-by,en-gb,"Блiзко","Close by"
be-by,en-gb,"Блiзко","Except that"
be-by,en-gb,"Блiзко",Near
be-by,en-gb,"Блiскавiца",Bolt
be-by,en-gb,"Блiскавiца",Flash
be-by,en-gb,"Блiскавiца","Flash of lightning"
be-by,en-gb,"Блiскавiца",Lightning
be-by,en-gb,"Блiскавiца","Lightning Bolt"
be-by,en-gb,"Блiскавiца","Streak of lightning"
be-by,en-gb,"Блiскавiца",Whirlwind
be-by,en-gb,"Блiскучы",Acid
be-by,en-gb,"Блiскучы",Bright
be-by,en-gb,"Блiскучы","Gloss finish"
be-by,en-gb,"Блiскучы",Glossy
be-by,en-gb,"Блiскучы",Glowing
be-by,en-gb,"Блiскучы",Polish
be-by,en-gb,"Блiскучы",Shiny
be-by,en-gb,"Блiскучы",Vibrant
be-by,en-gb,"Благi",Bad
be-by,en-gb,"Благi",Evil
be-by,en-gb,"Благi",Ill
be-by,en-gb,"Благi",Rotten
be-by,en-gb,"Благi",Ugly
be-by,en-gb,"Благi",Wicked
be-by,en-gb,"Благi",Wrong
be-by,en-gb,"Блага",Ache
be-by,en-gb,"Блага",Aching
be-by,en-gb,"Блага",Achy
be-by,en-gb,"Блага",Bad
be-by,en-gb,"Блага",Badly
be-by,en-gb,"Блага","Badly behaved"
be-by,en-gb,"Блага",Evil
be-by,en-gb,"Блага",Harm
be-by,en-gb,"Блага",Nervous
be-by,en-gb,"Блага","Not properly"
be-by,en-gb,"Блага",Pain
be-by,en-gb,"Блага","Speak ill"
be-by,en-gb,"Блага",Wrong
be-by,en-gb,"Блага",Wrongly
be-by,en-gb,"Благавешчаньне",Annunciation
be-by,en-gb,"Благавешчаньне","Lady Day"
be-by,en-gb,"Блакiтны",Blue
be-by,en-gb,"Блакiтны","Blue baby"
be-by,en-gb,"Блакiтны","Blue blood"
be-by,en-gb,"Блакiтны","Blue cheese"
be-by,en-gb,"Блакiтны","Blue print"
be-by,en-gb,"Блакiтны",Blue-blooded
be-by,en-gb,"Блакiтны","Blue-green alga"
be-by,en-gb,"Блакiтны","Cooked rare"
be-by,en-gb,"Блакiтны","Raw recruit"
be-by,en-gb,"Блакiтны","Very rare"
be-by,en-gb,"Блакiтны",Yardbird
be-by,en-gb,"Блюдо",Course
be-by,en-gb,"Блюдо",Dish
be-by,en-gb,"Блюдо",Even
be-by,en-gb,"Блюдо",Flat
be-by,en-gb,"Блюдо",Level
be-by,en-gb,"Блюдо",Smooth
be-by,en-gb,"Блізкі Ўсход","Middle East"
be-by,en-gb,"Бог",God
be-by,en-gb,"Божае Нараджэньне",Christmas
be-by,en-gb,"Болей",Additionally
be-by,en-gb,"Болей",Cream
be-by,en-gb,"Болей",More
be-by,en-gb,"Болей",Much
be-by,en-gb,"Болей","No more"
be-by,en-gb,"Болей",Plus
be-by,en-gb,"Болей",Well
be-by,en-gb,"Больнiца",Hospital
be-by,en-gb,"Больнiца",Infirmary
be-by,en-gb,"Больш",Additionally
be-by,en-gb,"Больш",Cream
be-by,en-gb,"Больш",More
be-by,en-gb,"Больш",Much
be-by,en-gb,"Больш","No more"
be-by,en-gb,"Больш",Plus
be-by,en-gb,"Больш",Well
be-by,en-gb,"Бор",Boron
be-by,en-gb,"Бор, хімічны элемент",Boron
be-by,en-gb,"Боснія і Герцагавіна","Bosnia and Herzegovina"
be-by,en-gb,"Босьнія і Герцагавіна","Bosnia and Herzegovina"
be-by,en-gb,"Бразілія",Brazil
be-by,en-gb,"Брат",Brother
be-by,en-gb,"Брат",Sibling
be-by,en-gb,"Браўні",Brownie
be-by,en-gb,"Браўні",Elf
be-by,en-gb,"Браўні",Elfin
be-by,en-gb,"Браўні",Goblin
be-by,en-gb,"Браўні",Gremlin
be-by,en-gb,"Браўні",Hobgoblin
be-by,en-gb,"Браўні",Imp
be-by,en-gb,"Браўні",Leprechaun
be-by,en-gb,"Бром",Bromine
be-by,en-gb,"Бросня",Fungi
be-by,en-gb,"Бросня",Fungus
be-by,en-gb,"Бросня",Mushroom
be-by,en-gb,"Бруд",Dirt
be-by,en-gb,"Бруд",Mud
be-by,en-gb,"Бруд",Ooze
be-by,en-gb,"Бруд",Sludge
be-by,en-gb,"Бруд","Waste water"
be-by,en-gb,"Брудны",Beastly
be-by,en-gb,"Брудны",Dingy
be-by,en-gb,"Брудны",Dirty
be-by,en-gb,"Брудны",Foul
be-by,en-gb,"Брудны",Mucky
be-by,en-gb,"Брудны",Rotten
be-by,en-gb,"Брудны",Sluttish
be-by,en-gb,"Брудны",Soiled
be-by,en-gb,"Брудны",Unclean
be-by,en-gb,"Брусніцы",Cowberry
be-by,en-gb,"Брусніцы",Cranberry
be-by,en-gb,"Брусэль",Brussels
be-by,en-gb,"Бруха",Abdomen
be-by,en-gb,"Бруха",Antinode
be-by,en-gb,"Бруха",Tummy
be-by,en-gb,"Бручка",Swede
be-by,en-gb,"Брытанскі фунт",Pound
be-by,en-gb,"Брытанскі фунт",Quid
be-by,en-gb,"Буда",Altitude
be-by,en-gb,"Буда",Apex
be-by,en-gb,"Буда",Atop
be-by,en-gb,"Буда",Buddha
be-by,en-gb,"Буда",Crown
be-by,en-gb,"Буда",Elevation
be-by,en-gb,"Буда","Elevation angle"
be-by,en-gb,"Буда",Excellence
be-by,en-gb,"Буда",Head
be-by,en-gb,"Буда",Height
be-by,en-gb,"Буда",Kick
be-by,en-gb,"Буда",Level
be-by,en-gb,"Буда",Nicety
be-by,en-gb,"Буда",Peak
be-by,en-gb,"Буда",Perfection
be-by,en-gb,"Буда",Pitch
be-by,en-gb,"Буда",Point
be-by,en-gb,"Буда",Summit
be-by,en-gb,"Буда",Tip
be-by,en-gb,"Буда",Vertex
be-by,en-gb,"Будаваць",Build
be-by,en-gb,"Будаваць",Institute
be-by,en-gb,"Будучына",Future
be-by,en-gb,"Букінгемскі палац","Buck House"
be-by,en-gb,"Букінгемскі палац","Buckingham Palace"
be-by,en-gb,"Бульба",Potato
be-by,en-gb,"Бурштын",Amber
be-by,en-gb,"Бык",Bull
be-by,en-gb,"Бык",Taurus
be-by,en-gb,"Бэрлін",Beaker
be-by,en-gb,"Бэрлін",Berlin
be-by,en-gb,"Бягучыя падзеі","Current events"
be-by,en-gb,"Бягучыя падзеі",News
be-by,en-gb,"Бяз","But for"
be-by,en-gb,"Бяз","Exclusive of"
be-by,en-gb,"Бяз","Free from"
be-by,en-gb,"Бяз","Free of"
be-by,en-gb,"Бяз",Without
be-by,en-gb,"Бяроза",Birch
be-by,en-gb,"Біблія",Bible
be-by,en-gb,"Біржа",Pouch
be-by,en-gb,"Біржа","Stock exchange"
be-by,en-gb,"Біскуп",Bishop
be-by,en-gb,"Біяграфія",Biography
be-by,en-gb,"Біяграфія","Life story"
be-by,en-gb,"Біялёгія",Biologist
be-by,en-gb,"Вiдэлец",Bracket
be-by,en-gb,"Вiдэлец",Fork
be-by,en-gb,"Вiдэлец",Margin
be-by,en-gb,"Вiдэлец",Span
be-by,en-gb,"Вiлкi",Fork
be-by,en-gb,"Вiлкi",Pitch-fork
be-by,en-gb,"Вiлкi",Yoke
be-by,en-gb,"Ва",In
be-by,en-gb,"Ва",Inside
be-by,en-gb,"Ва",Into
be-by,en-gb,"Ва",Per
be-by,en-gb,"Ва",Within
be-by,en-gb,"Вага",Weight
be-by,en-gb,"Вада",Afloat
be-by,en-gb,"Вада",Aquatic
be-by,en-gb,"Вада",Bathed
be-by,en-gb,"Вада",Freshwater
be-by,en-gb,"Вада",Water
be-by,en-gb,"Вадазбор","Catchment area"
be-by,en-gb,"Вадарод",Hydrogen
be-by,en-gb,"Ваза",Mud
be-by,en-gb,"Ваза",Ooze
be-by,en-gb,"Ваза",Silt
be-by,en-gb,"Ваза",Slime
be-by,en-gb,"Ваза",Vase
be-by,en-gb,"Вакзал","Railway station"
be-by,en-gb,"Вакзал",Station
be-by,en-gb,"Вакно",Box
be-by,en-gb,"Вакно",Window
be-by,en-gb,"Вальфрам",Tungsten
be-by,en-gb,"Валюта",Currency
be-by,en-gb,"Ванадый",Vanadium
be-by,en-gb,"Вануату",Vanuatu
be-by,en-gb,"Вапна",Lime
be-by,en-gb,"Варшава",Warsaw
be-by,en-gb,"Вастрог",Gaol
be-by,en-gb,"Вастрог",Jail
be-by,en-gb,"Вастрог",Penitentiary
be-by,en-gb,"Вастрог",Prison
be-by,en-gb,"Вастрог",Quod
be-by,en-gb,"Ватыкан",Vatican
be-by,en-gb,"Ввцат",Vinegar
be-by,en-gb,"Ведаць",Able
be-by,en-gb,"Ведаць",Can
be-by,en-gb,"Ведаць",Ken
be-by,en-gb,"Ведаць",Know
be-by,en-gb,"Ведаць","Know how"
be-by,en-gb,"Ведаць",Know-how
be-by,en-gb,"Ведаць",Knowledge
be-by,en-gb,"Ведаць",Learnt
be-by,en-gb,"Ведаць",Namely
be-by,en-gb,"Веды",Knowledge
be-by,en-gb,"Вектар",Vector
be-by,en-gb,"Венгрыя",Hungary
be-by,en-gb,"Венера",Venus
be-by,en-gb,"Верасень",September
be-by,en-gb,"Вербная нядзеля","Palm Sunday"
be-by,en-gb,"Вецер",Wind
be-by,en-gb,"Вечар",Evening
be-by,en-gb,"Вечар",Night
be-by,en-gb,"Воблак",Cloud
be-by,en-gb,"Водападзел","Water parting"
be-by,en-gb,"Водападзел","Watershed divide"
be-by,en-gb,"Возера",Lake
be-by,en-gb,"Вока",Eye
be-by,en-gb,"Вока",Overlook
be-by,en-gb,"Вока",Peek
be-by,en-gb,"Вока",Peer
be-by,en-gb,"Вока",Squint
be-by,en-gb,"Вол",Beef
be-by,en-gb,"Вол","Beef stew"
be-by,en-gb,"Вол","Beef tea"
be-by,en-gb,"Вол","Bovine animal"
be-by,en-gb,"Вол",Bullock
be-by,en-gb,"Вол",Incredibly
be-by,en-gb,"Вол","Jam session"
be-by,en-gb,"Вол",Ox
be-by,en-gb,"Вол","Ox heart"
be-by,en-gb,"Вол","Ox tongue"
be-by,en-gb,"Вол",Oxhide
be-by,en-gb,"Вол",Oxtail
be-by,en-gb,"Вол",Steer
be-by,en-gb,"Волава",Pewter
be-by,en-gb,"Волава",Tin
be-by,en-gb,"Воласы",Hairs
be-by,en-gb,"Вольха",Alder
be-by,en-gb,"Вольха",Alder-tree
be-by,en-gb,"Восем",Eight
be-by,en-gb,"Восень",Autumn
be-by,en-gb,"Восень",Fall
be-by,en-gb,"Воск",Wax
be-by,en-gb,"Востраў",Island
be-by,en-gb,"Воук",Bass
be-by,en-gb,"Воук",Dog
be-by,en-gb,"Воук",Dog-wolf
be-by,en-gb,"Воук","Eye mask"
be-by,en-gb,"Воук","Sea bass"
be-by,en-gb,"Воук",Wolf
be-by,en-gb,"Воуна",Wool
be-by,en-gb,"Вугаль",Anthrax
be-by,en-gb,"Вугаль",Smut
be-by,en-gb,"Вуглярод",Carbon
be-by,en-gb,"Вугоршчына",Hungary
be-by,en-gb,"Вузкi",Narrow
be-by,en-gb,"Вузкi",Pinched
be-by,en-gb,"Вузкi",Restricted
be-by,en-gb,"Вулiца",Road
be-by,en-gb,"Вулiца",Street
be-by,en-gb,"Вулкан",Volcano
be-by,en-gb,"Вустрыцы",Oyster
be-by,en-gb,"Вусце, рака",Confluence
be-by,en-gb,"Вусьце",Confluence
be-by,en-gb,"Вуха",Ear
be-by,en-gb,"Выканаўчая ўлада","Executive power"
be-by,en-gb,"Высокi",Above
be-by,en-gb,"Высокi",Aloud
be-by,en-gb,"Высокi",Crown
be-by,en-gb,"Высокi",High
be-by,en-gb,"Высокi",Lofty
be-by,en-gb,"Высокi",Loud
be-by,en-gb,"Высокi",Tall
be-by,en-gb,"Высокi","This side up"
be-by,en-gb,"Высокi",Top
be-by,en-gb,"Высокi",Up
be-by,en-gb,"Выспа Ўшэсьця",Ascension
be-by,en-gb,"Выспа Ўшэсьця",Ascent
be-by,en-gb,"Выспа",Island
be-by,en-gb,"Выспа",Isle
be-by,en-gb,"Вышыўка",Embroidery
be-by,en-gb,"Вышыўка","Piece of embroidery"
be-by,en-gb,"Вядро",Bucket
be-by,en-gb,"Вядро",Pail
be-by,en-gb,"Вялiкi",Arch
be-by,en-gb,"Вялiкi",Big
be-by,en-gb,"Вялiкi",Large
be-by,en-gb,"Вялiкi",Tall
be-by,en-gb,"Вялiкдзень",Easter
be-by,en-gb,"Вялікабрытанія","United Kingdom"
be-by,en-gb,"Вялікдзень",Easter
be-by,en-gb,"Вялікі пост",Lent
be-by,en-gb,"Вяроука",Chord
be-by,en-gb,"Вяроука",Cord
be-by,en-gb,"Вяроука",Cut
be-by,en-gb,"Вяроука",Rope
be-by,en-gb,"Вяроука",String
be-by,en-gb,"Вясна",Spring
be-by,en-gb,"Вясна",Springtime
be-by,en-gb,"Вячэра",Dine
be-by,en-gb,"Вячэра",Dinner
be-by,en-gb,"Вячэра","Dinner party"
be-by,en-gb,"Вячэра",Lunch
be-by,en-gb,"Вячэра",Luncheon
be-by,en-gb,"Вячэра",Meal
be-by,en-gb,"Вячэра",Supper
be-by,en-gb,"Вёска",Agitate
be-by,en-gb,"Вёска",Campaign
be-by,en-gb,"Вёска",Campana
be-by,en-gb,"Вёска",Country
be-by,en-gb,"Вёска",Countryside
be-by,en-gb,"Вёска",Drive
be-by,en-gb,"Вёска",Farmland
be-by,en-gb,"Вёска",Pasque-flower
be-by,en-gb,"Вёска",Village
be-by,en-gb,"Вёска","Village Hall"
be-by,en-gb,"Вігілій, папа рымскі",Watchman
be-by,en-gb,"Від",Kind
be-by,en-gb,"Від",Species
be-by,en-gb,"Відэлец",Fork
be-by,en-gb,"Вікінгі",Viking
be-by,en-gb,"Вінегрэт","French dressing"
be-by,en-gb,"Вінегрэт","Oil and vinegar dressing"
be-by,en-gb,"Вінегрэт",Vinaigrette
be-by,en-gb,"Вісмут",Bismuth
be-by,en-gb,"Гавана",Havana
be-by,en-gb,"Гаварыць",Speak
be-by,en-gb,"Гаварыць",Speaking
be-by,en-gb,"Гаварыць",Talk
be-by,en-gb,"Гаварыць",Talked
be-by,en-gb,"Гадаваць",Feed
be-by,en-gb,"Гадаваць",Fuel
be-by,en-gb,"Гадаваць",Nourish
be-by,en-gb,"Гадаваць",Nurture
be-by,en-gb,"Гадаліній",Gadolinium
be-by,en-gb,"Гадзiна","By and by"
be-by,en-gb,"Гадзiна",Date
be-by,en-gb,"Гадзiна",Hour
be-by,en-gb,"Гадзiна",O'clock
be-by,en-gb,"Гадзiна",Time
be-by,en-gb,"Гадзiньнiк",Anticlockwise
be-by,en-gb,"Гадзiньнiк",Clock
be-by,en-gb,"Гадзiньнiк",Clockwise
be-by,en-gb,"Гадзiньнiк",Watch
be-by,en-gb,"Гадзiньнiк",Wrist-watch
be-by,en-gb,"Галiна",Bough
be-by,en-gb,"Галiна",Branch
be-by,en-gb,"Галiна","Branch of business"
be-by,en-gb,"Галiна","Sector of industry"
be-by,en-gb,"Галiна","Side piece"
be-by,en-gb,"Галакост",Holocaust
be-by,en-gb,"Галова",Head
be-by,en-gb,"Галова",Pate
be-by,en-gb,"Галова",Teeth
be-by,en-gb,"Галоўная старонка",Courtesy
be-by,en-gb,"Галоўная старонка",Reception
be-by,en-gb,"Галій",Gallium
be-by,en-gb,"Гана",Ghana
be-by,en-gb,"Гана","Gold Coast"
be-by,en-gb,"Гандурас",Honduras
be-by,en-gb,"Гара",Mountain
be-by,en-gb,"Гара","Mountain chain"
be-by,en-gb,"Гарбата",Tea
be-by,en-gb,"Гарбата","Tea party"
be-by,en-gb,"Гарнiтур",Attire
be-by,en-gb,"Гарнiтур",Costume
be-by,en-gb,"Гарнiтур",Dress
be-by,en-gb,"Гарнiтур",Garb
be-by,en-gb,"Гарнiтур",Outfit
be-by,en-gb,"Гарнiтур",Suit
be-by,en-gb,"Гарнiтур",Tuxedo
be-by,en-gb,"Гарох",Pea
be-by,en-gb,"Гарох",Peas
be-by,en-gb,"Гарох","Polka dot"
be-by,en-gb,"Гаршчок",Frying-pan
be-by,en-gb,"Гаршчок",Jar
be-by,en-gb,"Гаршчок",Pan
be-by,en-gb,"Гаршчок",Pot
be-by,en-gb,"Гаршчок",Vase
be-by,en-gb,"Гаршчок","Water jug"
be-by,en-gb,"Гарэлка",Vodka
be-by,en-gb,"Гастiнiца",Hotel
be-by,en-gb,"Гасцінец","Service charge"
be-by,en-gb,"Гатаваць",Bake
be-by,en-gb,"Гатаваць",Brew
be-by,en-gb,"Гатаваць",Cook
be-by,en-gb,"Гатаваць",Do
be-by,en-gb,"Гафній",Hafnium
be-by,en-gb,"Гаіці",Haiti
be-by,en-gb,"Гвоздь",Cleat
be-by,en-gb,"Гвоздь",Clove
be-by,en-gb,"Гвоздь",Nail
be-by,en-gb,"Гвоздь","Star turn"
be-by,en-gb,"Гвоздь",Tack
be-by,en-gb,"Геаграфічная даўгата",Longitude
be-by,en-gb,"Геаграфія",Geography
be-by,en-gb,"Геахімія",Geochemistry
be-by,en-gb,"Гексозы",Hexose
be-by,en-gb,"Гелій",Helium
be-by,en-gb,"Геральдыка",Heraldic
be-by,en-gb,"Герб","Coat of arms"
be-by,en-gb,"Герб",Crest
be-by,en-gb,"Германій",Germanium
be-by,en-gb,"Германія",Dutch
be-by,en-gb,"Германія",Germany
be-by,en-gb,"Глог",Hawthorn
be-by,en-gb,"Глухi",Deaf
be-by,en-gb,"Глухi",Dull
be-by,en-gb,"Глухi",Muffled
be-by,en-gb,"Глыбокi",Abysmal
be-by,en-gb,"Глыбокi",Dead
be-by,en-gb,"Глыбокi",Deep
be-by,en-gb,"Глыбокi",Deep-seated
be-by,en-gb,"Глыбокi",Profound
be-by,en-gb,"Глыбокi",Thorough
be-by,en-gb,"Глюкоза",Glucose
be-by,en-gb,"Глютэн",Gluten
be-by,en-gb,"Глядзець",Behold
be-by,en-gb,"Глядзець",Gaze
be-by,en-gb,"Глядзець",Look
be-by,en-gb,"Глядзець","Look on"
be-by,en-gb,"Глядзець",View
be-by,en-gb,"Год",Year
be-by,en-gb,"Голад",Hunger
be-by,en-gb,"Голка",Acicular
be-by,en-gb,"Голка",Hand
be-by,en-gb,"Голка",Needle
be-by,en-gb,"Голка",Pin
be-by,en-gb,"Голка",Point
be-by,en-gb,"Голка",Switch
be-by,en-gb,"Голуб",Dove
be-by,en-gb,"Голуб",Pigeon
be-by,en-gb,"Гольмій",Holmium
be-by,en-gb,"Горад Амстэрдам",Amsterdam
be-by,en-gb,"Горад Баса-Тэрэ",Basse-Terre
be-by,en-gb,"Горад Берлін",Beaker
be-by,en-gb,"Горад Берлін",Berlin
be-by,en-gb,"Горад Берн",Half-mast
be-by,en-gb,"Горад Варшава",Warsaw
be-by,en-gb,"Горад Вена",Vienna
be-by,en-gb,"Горад Дэтройт",Sound
be-by,en-gb,"Горад Дэтройт",Strait
be-by,en-gb,"Горад Люцэрн",Lucerne
be-by,en-gb,"Горад Мадрыд",Madrid
be-by,en-gb,"Горад Манака",Monaco
be-by,en-gb,"Горад Масква",Moscow
be-by,en-gb,"Горад Нью-Йорк",Apple
be-by,en-gb,"Горад Нью-Йорк",NY
be-by,en-gb,"Горад Нью-Йорк",NYC
be-by,en-gb,"Горад Парыж",Backing
be-by,en-gb,"Горад Пекін",Peiping
be-by,en-gb,"Горад Пекін",Peking
be-by,en-gb,"Горад Прага",Prague
be-by,en-gb,"Горад Рым",Roman
be-by,en-gb,"Горад Рым",Rome
be-by,en-gb,"Горад Сан-Марына","San Marino"
be-by,en-gb,"Горад Санкт-Пецярбург","Saint Petersburg"
be-by,en-gb,"Горад Сукрэ",Sugar
be-by,en-gb,"Горад Філадэльфія",Philadelphia
be-by,en-gb,"Горад Цюрых",Zurich
be-by,en-gb,"Горад",Town
be-by,en-gb,"Грабянец",Comb
be-by,en-gb,"Грамадзтва",Company
be-by,en-gb,"Гранат",Granada
be-by,en-gb,"Гранат","Granada province"
be-by,en-gb,"Гранат",Grenada
be-by,en-gb,"Гранат",Grenade
be-by,en-gb,"Гранат","Hand grenade"
be-by,en-gb,"Гранат",Pomegranate
be-by,en-gb,"Графіт",Graphite
be-by,en-gb,"Гром",Thunder
be-by,en-gb,"Грубы",Corpulent
be-by,en-gb,"Грубы",Dense
be-by,en-gb,"Грубы",Fat
be-by,en-gb,"Грудзi",Bosom
be-by,en-gb,"Грудзi",Breast
be-by,en-gb,"Грудзi",Bust
be-by,en-gb,"Грудзi",Chest
be-by,en-gb,"Грудзi","Chest measurement"
be-by,en-gb,"Грудзi",Girth
be-by,en-gb,"Грудзi",Well-endowed
be-by,en-gb,"Грузія",Georgia
be-by,en-gb,"Груша",Pear
be-by,en-gb,"Грыгарыянскі каляндар","Gregorian calendar"
be-by,en-gb,"Грэгарыянскі каляндар","Gregorian calendar"
be-by,en-gb,"Грэнландыя",Greenland
be-by,en-gb,"Грэцкая мова",Greek
be-by,en-gb,"Грэцыя",Greece
be-by,en-gb,"Грязь",Dirt
be-by,en-gb,"Грязь",Mud
be-by,en-gb,"Грязь",Ooze
be-by,en-gb,"Грязь",Sludge
be-by,en-gb,"Грязь","Waste water"
be-by,en-gb,"Губа",Labium
be-by,en-gb,"Губа",Lip
be-by,en-gb,"Гузiк",Button
be-by,en-gb,"Гузiк",Knob
be-by,en-gb,"Гузiк",Pimple
be-by,en-gb,"Гузiк",Spot
be-by,en-gb,"Гузiк",Stud
be-by,en-gb,"Гузiк",Zit
be-by,en-gb,"Гусь",Goose
be-by,en-gb,"Гусь",Mutt
be-by,en-gb,"Гідраэнергарэсурсы",Hydro-power
be-by,en-gb,"Гідраэнергарэсурсы","Hydroelectric power"
be-by,en-gb,"Гімалаі",Himalayas
be-by,en-gb,"Гісторыя",History
be-by,en-gb,"Гісторыя",Story
be-by,en-gb,"Гітара",Guitar
be-by,en-gb,"Гішпанская мова",Spanish
be-by,en-gb,"Гішпанія",Iberian
be-by,en-gb,"Гішпанія",Spain
be-by,en-gb,"Далеко",Abroad
be-by,en-gb,"Далеко",Afar
be-by,en-gb,"Далеко",Away
be-by,en-gb,"Далеко",Distant
be-by,en-gb,"Далеко",Far
be-by,en-gb,"Далеко","Far afield"
be-by,en-gb,"Далеко",Long
be-by,en-gb,"Далеко",Remote
be-by,en-gb,"Далеко",Remotely
be-by,en-gb,"Далина",Dale
be-by,en-gb,"Далина",Glen
be-by,en-gb,"Далина",Vale
be-by,en-gb,"Далина",Valley
be-by,en-gb,"Далёкі Усход","Far East"
be-by,en-gb,"Даліна",Valley
be-by,en-gb,"Даныя",Datum
be-by,en-gb,"Данія",Denmark
be-by,en-gb,"Дарога","Arterial road"
be-by,en-gb,"Дарога",Bark
be-by,en-gb,"Дарога",Course
be-by,en-gb,"Дарога",Highway
be-by,en-gb,"Дарога",Lane
be-by,en-gb,"Дарога",Road
be-by,en-gb,"Дарога",Route
be-by,en-gb,"Дарога","Under way"
be-by,en-gb,"Дах",Cap
be-by,en-gb,"Дах",Ceiling
be-by,en-gb,"Дах",Overburden
be-by,en-gb,"Дах","Overlying stratum"
be-by,en-gb,"Дах",Roof
be-by,en-gb,"Дах",Roofless
be-by,en-gb,"Дах",Rooftop
be-by,en-gb,"Дах",Top
be-by,en-gb,"Дацкая мова",Danish
be-by,en-gb,"Дачка",Bird
be-by,en-gb,"Дачка",Daughter
be-by,en-gb,"Дачка",Female
be-by,en-gb,"Дачка",Girl
be-by,en-gb,"Дачка","Girl's name"
be-by,en-gb,"Дачка",Girlie
be-by,en-gb,"Дачка",Girlish
be-by,en-gb,"Дачка",Girlishly
be-by,en-gb,"Дачка",Hooker
be-by,en-gb,"Дачка",Lass
be-by,en-gb,"Дачка",She
be-by,en-gb,"Дачка",Spinster
be-by,en-gb,"Дачка",Wench
be-by,en-gb,"Дачка",Whore
be-by,en-gb,"Двор",Court
be-by,en-gb,"Двор",Courtyard
be-by,en-gb,"Двор",Yard
be-by,en-gb,"Джорджыя",Georgia
be-by,en-gb,"Джоўль",Joule
be-by,en-gb,"Джыга",Jig
be-by,en-gb,"Джыга",Jitter
be-by,en-gb,"Дзе","In which"
be-by,en-gb,"Дзе",Where
be-by,en-gb,"Дзе",Whither
be-by,en-gb,"Дзева",Virgin
be-by,en-gb,"Дзень Сьвятога Духа",Pentecost
be-by,en-gb,"Дзень Сьвятога Духа","Whit Sunday"
be-by,en-gb,"Дзень Сьвятога Духа",Whitsunday
be-by,en-gb,"Дзень",Day
be-by,en-gb,"Дзень",Daylight
be-by,en-gb,"Дзесяцігодзьдзі",Decade
be-by,en-gb,"Дзеяслоў",Verb
be-by,en-gb,"Дзьверы",Door
be-by,en-gb,"Дзьверы",Doorstep
be-by,en-gb,"Дзьверы",Gate
be-by,en-gb,"Дзядзька",Uncle
be-by,en-gb,"Дзядуля",Grandfather
be-by,en-gb,"Дзякаваць",Cashier
be-by,en-gb,"Дзякаваць",Thank
be-by,en-gb,"Дзічына",Quarry
be-by,en-gb,"Для",By
be-by,en-gb,"Для",For
be-by,en-gb,"Для","In order to"
be-by,en-gb,"Для","On behalf of"
be-by,en-gb,"Для",Toward
be-by,en-gb,"Для",Towards
be-by,en-gb,"Добра","All right"
be-by,en-gb,"Добра",Estate
be-by,en-gb,"Добра",Farm
be-by,en-gb,"Добра",Good
be-by,en-gb,"Добра",Nasty
be-by,en-gb,"Добра",Property
be-by,en-gb,"Добра",Rain
be-by,en-gb,"Добра",Ranch
be-by,en-gb,"Добра",Ware
be-by,en-gb,"Добра",Well
be-by,en-gb,"Добра",Yes
be-by,en-gb,"Добры",Bright
be-by,en-gb,"Добры",Form
be-by,en-gb,"Добры",Good
be-by,en-gb,"Добры",Kind
be-by,en-gb,"Добры",Likely
be-by,en-gb,"Добры",Okay
be-by,en-gb,"Дождж",Rain
be-by,en-gb,"Доктар навук",Doctorate
be-by,en-gb,"Дом",Home
be-by,en-gb,"Дом",House
be-by,en-gb,"Досьщь",Ample
be-by,en-gb,"Досьщь","Fed up"
be-by,en-gb,"Досьщь",Quite
be-by,en-gb,"Досьщь",Sufficiently
be-by,en-gb,"Доугi",Along
be-by,en-gb,"Доугi","Along the riverside"
be-by,en-gb,"Доугi",Alongside
be-by,en-gb,"Доугi","Back and forth"
be-by,en-gb,"Доугi",Length
be-by,en-gb,"Доугi",Long
be-by,en-gb,"Доугi",Long-standing
be-by,en-gb,"Доугi",Thin
be-by,en-gb,"Доугi",Volumes
be-by,en-gb,"Драбiны","Drawing scale"
be-by,en-gb,"Драбiны",Ladder
be-by,en-gb,"Драбiны",Scale
be-by,en-gb,"Драбiны","Scale ¤"
be-by,en-gb,"Дробі",Fraction
be-by,en-gb,"Дрэва",Antlers
be-by,en-gb,"Дрэва",Axle
be-by,en-gb,"Дрэва",Forest
be-by,en-gb,"Дрэва",Shaft
be-by,en-gb,"Дрэва",Spindle
be-by,en-gb,"Дрэва",Timber
be-by,en-gb,"Дрэва",Tree
be-by,en-gb,"Дрэва",Wood
be-by,en-gb,"Дрэва",Woods
be-by,en-gb,"Дунай",Danube
be-by,en-gb,"Дыспрозій",Dysprosium
be-by,en-gb,"Дэкаданс",Decadence
be-by,en-gb,"Дэмаграфія",Demography
be-by,en-gb,"Дэўтэр",Deuterium
be-by,en-gb,"Егіпет",Egypt
be-by,en-gb,"Ежа",Food
be-by,en-gb,"Езус Хрыстус",Christ!
be-by,en-gb,"Езус Хрыстус",Jesus
be-by,en-gb,"Емэн",Yemen
be-by,en-gb,"Ена",Yen
be-by,en-gb,"Есьцi",Ate
be-by,en-gb,"Есьцi",Eat
be-by,en-gb,"Есьцi",Feed
be-by,en-gb,"Еўрапейскі Саюз","European Union"
be-by,en-gb,"Еўропа",Europa
be-by,en-gb,"Еўропа",Europe
be-by,en-gb,"Еўропій",Europium
be-by,en-gb,"Жаба",Frog
be-by,en-gb,"Жалеза",Iron
be-by,en-gb,"Жалудок",Stomach
be-by,en-gb,"Жалудок",Tummy
be-by,en-gb,"Жанiцца","Get married"
be-by,en-gb,"Жанiцца","Get tied up"
be-by,en-gb,"Жанiцца","To be married"
be-by,en-gb,"Жанчына",Woman
be-by,en-gb,"Жарабя",Colt
be-by,en-gb,"Жарабя",Foal
be-by,en-gb,"Жаргон",Slang
be-by,en-gb,"Жауты",Jap
be-by,en-gb,"Жауты",Nip
be-by,en-gb,"Жауты",Yellow
be-by,en-gb,"Жнива",Harvest
be-by,en-gb,"Жнива","Harvest time"
be-by,en-gb,"Жнива",Reaping
be-by,en-gb,"Жнивень",August
be-by,en-gb,"Жнівень",August
be-by,en-gb,"Жонка",Wife
be-by,en-gb,"Журавіны",Cranberry
be-by,en-gb,"Жывапіс",Paint
be-by,en-gb,"Жывапіс",Paintwork
be-by,en-gb,"Жывёла",Animal
be-by,en-gb,"Жывёла",Beast
be-by,en-gb,"Жырафа",Giraffe
be-by,en-gb,"Жыта",Rye
be-by,en-gb,"Жэнева",Geneva
be-by,en-gb,"З",With
be-by,en-gb,"Зiмa",Winter
be-by,en-gb,"Забывацца",Disremember
be-by,en-gb,"Забывацца",Forget
be-by,en-gb,"Забывацца","Put out of one's mind"
be-by,en-gb,"Загрэб",Zagreb
be-by,en-gb,"Заканадаўчая ўлада","Legislative power"
be-by,en-gb,"Заканадаўчая ўлада",Legislature
be-by,en-gb,"Законатворчая","Legislative power"
be-by,en-gb,"Законатворчая",Legislature
be-by,en-gb,"Закрыты",Close
be-by,en-gb,"Закрыты",Closed
be-by,en-gb,"Закрыты",Off
be-by,en-gb,"Закрыты",Shut
be-by,en-gb,"Зараз",Instantly
be-by,en-gb,"Зараз",Once
be-by,en-gb,"Зараз","Right now"
be-by,en-gb,"Зараз","Without delay"
be-by,en-gb,"Заужды",Always
be-by,en-gb,"Заужды",Ever
be-by,en-gb,"Заужды",Evermore
be-by,en-gb,"Заужды",Forever
be-by,en-gb,"Заужды",Still
be-by,en-gb,"Заутра",Tomorrow
be-by,en-gb,"Захад",West
be-by,en-gb,"Зачыняць",Close
be-by,en-gb,"Зачыняць",Shut
be-by,en-gb,"Зачыняць","Shut up"
be-by,en-gb,"Зачыняць","Turn off"
be-by,en-gb,"Заяц",Hare
be-by,en-gb,"Зброя",Weapon
be-by,en-gb,"Званок",Bell
be-by,en-gb,"Званок",Doorbell
be-by,en-gb,"Званок","Little bell"
be-by,en-gb,"Звонку","Apart from that"
be-by,en-gb,"Звонку",Beside
be-by,en-gb,"Звонку",Out
be-by,en-gb,"Звонку","Out of doors"
be-by,en-gb,"Звонку",Outdoors
be-by,en-gb,"Згубiць",Forfeit
be-by,en-gb,"Згубiць",Lose
be-by,en-gb,"Здароўе",Health
be-by,en-gb,"Землятрус",Earthquake
be-by,en-gb,"Злучаныя Штаты Амерыкі",Apple
be-by,en-gb,"Злучаныя Штаты Амерыкі",NY
be-by,en-gb,"Злучаныя Штаты Амерыкі",NYC
be-by,en-gb,"Злучаныя Штаты Амэрыкі","United States of America"
be-by,en-gb,"Змораны",Tired
be-by,en-gb,"Змораны",Weary
be-by,en-gb,"Знаходзiць","Come up"
be-by,en-gb,"Знаходзiць",Found
be-by,en-gb,"Знаходзiць","Get hold of"
be-by,en-gb,"Знаходзiць","Line up"
be-by,en-gb,"Знаходзiць","Muster up"
be-by,en-gb,"Золата",Gold
be-by,en-gb,"Зорка",Pip
be-by,en-gb,"Зорка",Star
be-by,en-gb,"Зуб",Fang
be-by,en-gb,"Зуб",Prong
be-by,en-gb,"Зуб",Tooth
be-by,en-gb,"Зубар",Bison
be-by,en-gb,"Зялеза",Iron
be-by,en-gb,"Зялеза",Ox
be-by,en-gb,"Зямля",Earth
be-by,en-gb,"Зярно",Grain
be-by,en-gb,"Зярно",Granule
be-by,en-gb,"Зярно",Pip
be-by,en-gb,"Зярно",Seed
be-by,en-gb,"Зяць",Son-in-law
be-by,en-gb,"Зіма",Winter
be-by,en-gb,"Индия",India
be-by,en-gb,"Кабыла",Mare
be-by,en-gb,"Кава",Café
be-by,en-gb,"Кава",Coffee
be-by,en-gb,"Кава",Coffee-house
be-by,en-gb,"Кадмій",Cadmium
be-by,en-gb,"Каза",Goat
be-by,en-gb,"Каза",Nanny-goat
be-by,en-gb,"Каза",She-goat
be-by,en-gb,"Казаць",Account
be-by,en-gb,"Казаць",Mean
be-by,en-gb,"Казаць",Say
be-by,en-gb,"Казаць",Speaking
be-by,en-gb,"Казаць",Tell
be-by,en-gb,"Калi",Times
be-by,en-gb,"Калi",When
be-by,en-gb,"Калена",Knee
be-by,en-gb,"Калумбія",Colombia
be-by,en-gb,"Каля","By the side"
be-by,en-gb,"Каляндар",Calendar
be-by,en-gb,"Калій",Potassium
be-by,en-gb,"Каліфорній",Californium
be-by,en-gb,"Камар",Gnat
be-by,en-gb,"Камар",Mosquito
be-by,en-gb,"Камар","Mosquito bite"
be-by,en-gb,"Камень",Stone
be-by,en-gb,"Камета",Comet
be-by,en-gb,"Камета",Comets
be-by,en-gb,"Камунізм",Communism
be-by,en-gb,"Канада",Canada
be-by,en-gb,"Канасамэнт","Bill of lading"
be-by,en-gb,"Канклаў",Conclave
be-by,en-gb,"Канстытуцыя",Constitution
be-by,en-gb,"Кантынэнт",Continent
be-by,en-gb,"Канібалізм",Cannibalism
be-by,en-gb,"Каперсы","Pickled nasturium seed"
be-by,en-gb,"Капуста",Cabbage
be-by,en-gb,"Капуста",Kale
be-by,en-gb,"Капялюш",Cap
be-by,en-gb,"Капялюш",Cover
be-by,en-gb,"Капялюш",Hat
be-by,en-gb,"Капітал",Capital
be-by,en-gb,"Карова",Cow
be-by,en-gb,"Кароткi",Brief
be-by,en-gb,"Кароткi",Court
be-by,en-gb,"Кароткi",Short
be-by,en-gb,"Кароткi",Short-haired
be-by,en-gb,"Карпаты","Carpathian mountains"
be-by,en-gb,"Карпаты",Carpathians
be-by,en-gb,"Карфаген",Carthage
be-by,en-gb,"Каспійскае мора","Caspian Sea"
be-by,en-gb,"Кастрычнiк",October
be-by,en-gb,"Кастрычнік",October
be-by,en-gb,"Касьцёл",Church
be-by,en-gb,"Касьцёл",Church-building
be-by,en-gb,"Касьцёл",Kirk
be-by,en-gb,"Касьцёл","Place of worship"
be-by,en-gb,"Каталог Дрэпера","Henry Draper catalog"
be-by,en-gb,"Каталіцкі Касьцёл",Catholicism
be-by,en-gb,"Каталіцтва",Catholicism
be-by,en-gb,"Каток",Wheel
be-by,en-gb,"Катэхізіс",Catechism
be-by,en-gb,"Катэхізіс","Sunday school"
be-by,en-gb,"Кахаць",Dote
be-by,en-gb,"Кахаць",Fancy
be-by,en-gb,"Кахаць",Like
be-by,en-gb,"Кахаць",Love
be-by,en-gb,"Качка",Drake
be-by,en-gb,"Качка",Duck
be-by,en-gb,"Каштоўная папера",Security
be-by,en-gb,"Каштоўная папера","Security investment"
be-by,en-gb,"Кашуля",Folder
be-by,en-gb,"Кашуля",Shirt
be-by,en-gb,"Квадратны",Square
be-by,en-gb,"Кветка",Abloom
be-by,en-gb,"Кветка",Bloom
be-by,en-gb,"Кветка",Blossom
be-by,en-gb,"Кветка",Flower
be-by,en-gb,"Кветка",May
be-by,en-gb,"Кветка",Pip
be-by,en-gb,"Кветка",Water-level
be-by,en-gb,"Кишэня",Bag
be-by,en-gb,"Кишэня",Pocket
be-by,en-gb,"Клiкаць",Call
be-by,en-gb,"Клiкаць","Call out"
be-by,en-gb,"Клiкаць","Call to"
be-by,en-gb,"Клiкаць","Call up"
be-by,en-gb,"Клiкаць",Called
be-by,en-gb,"Клiкаць",Summon
be-by,en-gb,"Клас",Class
be-by,en-gb,"Клець",Attic
be-by,en-gb,"Клець",Loft
be-by,en-gb,"Ключ",Key
be-by,en-gb,"Ключ",Wrench
be-by,en-gb,"Клімат",Climate
be-by,en-gb,"Клічны склон",Vocative
be-by,en-gb,"Кнiга",Book
be-by,en-gb,"Кнiга",Pound
be-by,en-gb,"Кнiга","Pound coin"
be-by,en-gb,"Кнiга","Pound note"
be-by,en-gb,"Кнiга","Pound sign"
be-by,en-gb,"Кнiга",Record
be-by,en-gb,"Кнiгарня",Bookshop
be-by,en-gb,"Кнiгарня",Bookstore
be-by,en-gb,"Кніга",Book
be-by,en-gb,"Кобальт",Cobalt
be-by,en-gb,"Кола",Kola
be-by,en-gb,"Кола",Wheel
be-by,en-gb,"Колодзеж",Pit
be-by,en-gb,"Колодзеж",Rig
be-by,en-gb,"Колодзеж",Sink
be-by,en-gb,"Колодзеж",Well
be-by,en-gb,"Колца",Doughnut
be-by,en-gb,"Колца",Ring
be-by,en-gb,"Колькi","How many"
be-by,en-gb,"Колькi","How much"
be-by,en-gb,"Компас",Compass
be-by,en-gb,"Конь",Horse
be-by,en-gb,"Корань",Root
be-by,en-gb,"Кордава",Cordova
be-by,en-gb,"Корсіка",Corsican
be-by,en-gb,"Костка",Bone
be-by,en-gb,"Костка",Os
be-by,en-gb,"Кот д'Івуар","Ivory Coast"
be-by,en-gb,"Кош",Basket
be-by,en-gb,"Кош",Behind
be-by,en-gb,"Кошка",Cat
be-by,en-gb,"Кошка",Chat
be-by,en-gb,"Кошка",Frog
be-by,en-gb,"Кра?на",Country
be-by,en-gb,"Краiна","Arterial road"
be-by,en-gb,"Краiна",Bark
be-by,en-gb,"Краiна",Course
be-by,en-gb,"Краiна",Highway
be-by,en-gb,"Краiна",Lane
be-by,en-gb,"Краiна",Road
be-by,en-gb,"Краiна",Route
be-by,en-gb,"Краiна","Under way"
be-by,en-gb,"Край",Country
be-by,en-gb,"Край",Land
be-by,en-gb,"Край",Nationally
be-by,en-gb,"Крама",Boutique
be-by,en-gb,"Крама",Shop
be-by,en-gb,"Крама",Store
be-by,en-gb,"Красавiк",May
be-by,en-gb,"Красавік",April
be-by,en-gb,"Краска",Color
be-by,en-gb,"Краска",Colour
be-by,en-gb,"Краска",Dye
be-by,en-gb,"Краска",Paint
be-by,en-gb,"Краска",Suit
be-by,en-gb,"Краіна",Country
be-by,en-gb,"Кроу",Blood
be-by,en-gb,"Круглы",Round
be-by,en-gb,"Крыжовыя паходы",Crusade
be-by,en-gb,"Крынічны код","Source code"
be-by,en-gb,"Крыптон",Krypton
be-by,en-gb,"Крэдыт",Credit
be-by,en-gb,"Крэмній",Silicon
be-by,en-gb,"Крэсла",Chair
be-by,en-gb,"Ксенон",Xenon
be-by,en-gb,"Ксілаграфія",Wood-engraving
be-by,en-gb,"Ксілаграфія",Xylograph
be-by,en-gb,"Ксілаграфія",Xylography
be-by,en-gb,"Куба",Cuba
be-by,en-gb,"Культура",Cultivation
be-by,en-gb,"Культурная антрапалёгія",Ethnology
be-by,en-gb,"Купiць",Buy
be-by,en-gb,"Купiць",Purchase
be-by,en-gb,"Купiць","Take over"
be-by,en-gb,"Курица",Floozy
be-by,en-gb,"Курица",Fluff
be-by,en-gb,"Курица",Fowl
be-by,en-gb,"Курица",Hen
be-by,en-gb,"Курица",Tart
be-by,en-gb,"Курорт","Mineral bath"
be-by,en-gb,"Курорт",Spa
be-by,en-gb,"Курорт","Thermal spa"
be-by,en-gb,"Курорт","Water place"
be-by,en-gb,"Куртка",Coat
be-by,en-gb,"Куртка",Jacket
be-by,en-gb,"Кухня",Cookery
be-by,en-gb,"Кухня",Cooking
be-by,en-gb,"Кухня",Kitchen
be-by,en-gb,"Кюрый",Curium
be-by,en-gb,"Кілямэтар",Meter
be-by,en-gb,"Кіпр",Cyprus
be-by,en-gb,"Кісларод",Oxygen
be-by,en-gb,"Лiпень",July
be-by,en-gb,"Лiсiца",Dog
be-by,en-gb,"Лiсiца",Fox
be-by,en-gb,"Лiсiца","Old hand"
be-by,en-gb,"Лiсiца",Piping
be-by,en-gb,"Лiст",Foil
be-by,en-gb,"Лiст",Leaf
be-by,en-gb,"Лiст",Sheet
be-by,en-gb,"Лiстапад",November
be-by,en-gb,"Лава",Boutique
be-by,en-gb,"Лава",Shop
be-by,en-gb,"Лава",Store
be-by,en-gb,"Лантан",Lanthanum
be-by,en-gb,"Ланцуг",Chain
be-by,en-gb,"Ланцуг","Chain rake"
be-by,en-gb,"Ланцуг",Channel
be-by,en-gb,"Ланцуг",Fetter
be-by,en-gb,"Ланцуг",Shackle
be-by,en-gb,"Ланцуг",String
be-by,en-gb,"Лапата",Cropper
be-by,en-gb,"Лапата","French kiss"
be-by,en-gb,"Лапата",French-kiss
be-by,en-gb,"Лапата",Shove
be-by,en-gb,"Ласось",Salmon
be-by,en-gb,"Ласось","Salmon pink"
be-by,en-gb,"Ласось","Sounding weight"
be-by,en-gb,"Ластаука",Swallow
be-by,en-gb,"Латвія",Latvia
be-by,en-gb,"Лацінская мова",Latin
be-by,en-gb,"Лаўрэнсій",Lawrencium
be-by,en-gb,"Лево",Awkward
be-by,en-gb,"Лево",Clumsy
be-by,en-gb,"Лево",Left
be-by,en-gb,"Лево","Left hand side"
be-by,en-gb,"Лево","Left wing"
be-by,en-gb,"Лево",Ungainly
be-by,en-gb,"Лево",Ungraceful
be-by,en-gb,"Ледавік",Glacier
be-by,en-gb,"Лес",Forest
be-by,en-gb,"Лес",Woods
be-by,en-gb,"Лета",Been
be-by,en-gb,"Лета",Summer
be-by,en-gb,"Летува",Lithuania
be-by,en-gb,"Леу",Leo
be-by,en-gb,"Леу",Lion
be-by,en-gb,"Лоб",Abreast
be-by,en-gb,"Лоб",Battlefront
be-by,en-gb,"Лоб",Brow
be-by,en-gb,"Лоб",Edge
be-by,en-gb,"Лоб",Face
be-by,en-gb,"Лоб",Forehead
be-by,en-gb,"Лоб",Front
be-by,en-gb,"Лоб","Front line"
be-by,en-gb,"Лоб",Frontage
be-by,en-gb,"Ложак",Abed
be-by,en-gb,"Ложак",Bed
be-by,en-gb,"Ложак",Stratum
be-by,en-gb,"Ложак",Streamline
be-by,en-gb,"Луг",Grassland
be-by,en-gb,"Луг",Meadow
be-by,en-gb,"Луг",Meadowland
be-by,en-gb,"Луг",Prairie
be-by,en-gb,"Лужына",Pond
be-by,en-gb,"Лужына",Pool
be-by,en-gb,"Лужына",Puddle
be-by,en-gb,"Лужына",Swale
be-by,en-gb,"Лужына","Temporary pool"
be-by,en-gb,"Лыжка",Bailer
be-by,en-gb,"Лыжка",Mud-socket
be-by,en-gb,"Лыжка","Sand pump"
be-by,en-gb,"Лыжка","Slush bucket"
be-by,en-gb,"Лыжка",Spoon
be-by,en-gb,"Люксембург",Luxembourg
be-by,en-gb,"Люксэмбург",Luxembourg
be-by,en-gb,"Люстра","Looking glass"
be-by,en-gb,"Люстра",Looking-glass
be-by,en-gb,"Люстра",Mirror
be-by,en-gb,"Люты",February
be-by,en-gb,"Лютэцый",Lutetium
be-by,en-gb,"Ля","By the side"
be-by,en-gb,"Ляднік",Glacier
be-by,en-gb,"Лямпа",Lamp
be-by,en-gb,"Лямпа",Light
be-by,en-gb,"Лямпа",Torch
be-by,en-gb,"Лямпа",Valve
be-by,en-gb,"Лятарэя",Draw
be-by,en-gb,"Лятарэя",Lottery
be-by,en-gb,"Лятарэя",Raffle
be-by,en-gb,"Лёгкi",Airy
be-by,en-gb,"Лёгкi",Buoyant
be-by,en-gb,"Лёгкi",Flimsy
be-by,en-gb,"Лёгкi",Light
be-by,en-gb,"Лёгкi",Lightweight
be-by,en-gb,"Лёгкi",Slight
be-by,en-gb,"Лёгкi",Thin
be-by,en-gb,"Лёгкае",Lung
be-by,en-gb,"Лёд",Ice
be-by,en-gb,"Лёд","Ice cream"
be-by,en-gb,"Лёд",Ice-cream
be-by,en-gb,"Лібэралізм",Liberalism
be-by,en-gb,"Лівія",Libya
be-by,en-gb,"Лік",Number
be-by,en-gb,"Лін, папа рымскі",Flax
be-by,en-gb,"Лін, папа рымскі",Linen
be-by,en-gb,"Ліпень",July
be-by,en-gb,"Лістапад",November
be-by,en-gb,"Літва",Lithuania
be-by,en-gb,"Літоўская мова",Lithuanian
be-by,en-gb,"Літоўская мова","Lithuanian man"
be-by,en-gb,"Літый",Lithium
be-by,en-gb,"Ліхтэнштайн",Liechtenstein
be-by,en-gb,"Ліхтэнштэйн",Liechtenstein
be-by,en-gb,"Лічбы",Digit
be-by,en-gb,"М'янма",Burma
be-by,en-gb,"Мiж",Between
be-by,en-gb,"Мiж",Range
be-by,en-gb,"Мiнюта",Minute
be-by,en-gb,"Магазын",Boutique
be-by,en-gb,"Магазын","Department store"
be-by,en-gb,"Магазын",Magazine
be-by,en-gb,"Магазын",Shop
be-by,en-gb,"Магазын",Store
be-by,en-gb,"Магній",Magnesium
be-by,en-gb,"Мадрыд",Madrid
be-by,en-gb,"Мадэрн","Art nouveau"
be-by,en-gb,"Мадэрнізм",Modernism
be-by,en-gb,"Май",May
be-by,en-gb,"Македонская мова",Macedonian
be-by,en-gb,"Македонія",Macedonia
be-by,en-gb,"Малако",Milk
be-by,en-gb,"Малатарня",Beater
be-by,en-gb,"Малатарня",Beating
be-by,en-gb,"Малатарня",Drummer
be-by,en-gb,"Малатарня","Percussion drilling"
be-by,en-gb,"Малатарня",Threshing
be-by,en-gb,"Малатарня","Threshing machine"
be-by,en-gb,"Малдова",Moldavia
be-by,en-gb,"Маленький",Diminutive
be-by,en-gb,"Маленький",Little
be-by,en-gb,"Маленький",Mean
be-by,en-gb,"Маленький",Petty
be-by,en-gb,"Маленький",Potty
be-by,en-gb,"Маленький",Short
be-by,en-gb,"Маленький",Small
be-by,en-gb,"Маленький",Smidgen
be-by,en-gb,"Маленький",Wee
be-by,en-gb,"Мальта",Malta
be-by,en-gb,"Малібдэн",Molybdenium
be-by,en-gb,"Малібдэн",Molybdenum
be-by,en-gb,"Марганец",Manganese
be-by,en-gb,"Маркетынг",Marketing
be-by,en-gb,"Масква",Moscow
be-by,en-gb,"Масла",Oil
be-by,en-gb,"Масла",Shot
be-by,en-gb,"Масло",Butter
be-by,en-gb,"Масонства",Freemasonry
be-by,en-gb,"Мастацтва","Past master"
be-by,en-gb,"Матерыя",Materiel
be-by,en-gb,"Матерыя",Matter
be-by,en-gb,"Матерыя",Substance
be-by,en-gb,"Матка",Mother
be-by,en-gb,"Матыль",Butterfly
be-by,en-gb,"Матыль",Tag
be-by,en-gb,"Матэматыка",Mathematics
be-by,en-gb,"Матэргорн",Matterhorn
be-by,en-gb,"Матэрыя",Matter
be-by,en-gb,"Мацярдушка",Oregano
be-by,en-gb,"Машына","All aboard!"
be-by,en-gb,"Машына",Automobile
be-by,en-gb,"Машына",Car
be-by,en-gb,"Машына",Carriage
be-by,en-gb,"Машына",Coach
be-by,en-gb,"Машына",Vehicle
be-by,en-gb,"Медзь",Copper
be-by,en-gb,"Мексіканскі заліў","Gulf of Mexico"
be-by,en-gb,"Мендзялевій",Mendelevium
be-by,en-gb,"Меней",Cool
be-by,en-gb,"Меней",Fewer
be-by,en-gb,"Меней",Least
be-by,en-gb,"Меней",Less
be-by,en-gb,"Меней",Minus
be-by,en-gb,"Меней",So
be-by,en-gb,"Менш",Cool
be-by,en-gb,"Менш",Fewer
be-by,en-gb,"Менш",Least
be-by,en-gb,"Менш",Less
be-by,en-gb,"Менш",Minus
be-by,en-gb,"Менш",So
be-by,en-gb,"Места",City
be-by,en-gb,"Места",Town
be-by,en-gb,"Места","Town Hall"
be-by,en-gb,"Месяц",Moon
be-by,en-gb,"Метрапалітэн",Subway
be-by,en-gb,"Метэарыт",Meteorid
be-by,en-gb,"Метэарыт",Meteoroid
be-by,en-gb,"Метэарыт",Météorite
be-by,en-gb,"Механічны рух",Movement
be-by,en-gb,"Млын",Grinder
be-by,en-gb,"Млын",Mill
be-by,en-gb,"Многа",Deal
be-by,en-gb,"Многа",Extensively
be-by,en-gb,"Многа",Far
be-by,en-gb,"Многа",Great
be-by,en-gb,"Многа",Lots
be-by,en-gb,"Многа",Man
be-by,en-gb,"Многа",Mightily
be-by,en-gb,"Многа",Much
be-by,en-gb,"Мова праграмавання C",C
be-by,en-gb,"Мова",Language
be-by,en-gb,"Мовазнаўства",Linguistics
be-by,en-gb,"Могiлкi",Cemetery
be-by,en-gb,"Могiлкi",Churchyard
be-by,en-gb,"Могiлкi","God's acre"
be-by,en-gb,"Могiлкi",Graveyard
be-by,en-gb,"Можа",Maybe
be-by,en-gb,"Можа",Mayhap
be-by,en-gb,"Можа",Perchance
be-by,en-gb,"Можа",Perhaps
be-by,en-gb,"Можа",Possibly
be-by,en-gb,"Молат",Hammer
be-by,en-gb,"Молат",Knocker
be-by,en-gb,"Моль",Mole
be-by,en-gb,"Мора",Sea
be-by,en-gb,"Мост",Bridge
be-by,en-gb,"Мост",Bridges
be-by,en-gb,"Мост",Deck
be-by,en-gb,"Мост",Gateaway
be-by,en-gb,"Моцны",Hard-wearing
be-by,en-gb,"Моцны",Hefty
be-by,en-gb,"Моцны",Husky
be-by,en-gb,"Моцны",Secure
be-by,en-gb,"Моцны",Solid
be-by,en-gb,"Моцны",Steadfast
be-by,en-gb,"Моцны",Tough
be-by,en-gb,"Моцны",Unwavering
be-by,en-gb,"Мочаны",Moist
be-by,en-gb,"Муж","Human being"
be-by,en-gb,"Муж",Husband
be-by,en-gb,"Муж",Man
be-by,en-gb,"Муж",Mate
be-by,en-gb,"Музыка",Music
be-by,en-gb,"Мука",Flour
be-by,en-gb,"Мука",Meal
be-by,en-gb,"Муха",Dress
be-by,en-gb,"Муха",Fly
be-by,en-gb,"Муха",Housefly
be-by,en-gb,"Мыла",Soap
be-by,en-gb,"Мытнiца",Customs
be-by,en-gb,"Мыць",Launder
be-by,en-gb,"Мыць",Wash
be-by,en-gb,"Мыш",Mouse
be-by,en-gb,"Мыш'як",Arsenic
be-by,en-gb,"Мэксыка",Mexico
be-by,en-gb,"Мэталь",Metal
be-by,en-gb,"Мядзь",Honey
be-by,en-gb,"Мядзьведзь",Bear
be-by,en-gb,"Мядзьведзь","Machine minder"
be-by,en-gb,"Мядзьведзь",Pressman
be-by,en-gb,"Мяса",Meat
be-by,en-gb,"Мястэчко","Small market-town"
be-by,en-gb,"Мястэчко","Small town"
be-by,en-gb,"Мяшок",Bag
be-by,en-gb,"Мяшок",Sack
be-by,en-gb,"Мёд",Honey
be-by,en-gb,"Мігдалы",Almond
be-by,en-gb,"Мінерал",Mineral
be-by,en-gb,"Нiзкi",Base
be-by,en-gb,"Нiзкi",Bottom
be-by,en-gb,"Нiзкi",Cub
be-by,en-gb,"Нiзкi",Down
be-by,en-gb,"Нiзкi","Down with"
be-by,en-gb,"Нiзкi",Least
be-by,en-gb,"Нiзкi",Low
be-by,en-gb,"Нiзкi",Low-down
be-by,en-gb,"Нiзкi",Nether
be-by,en-gb,"Нiзкi",Stocking
be-by,en-gb,"Нiзкi","This side down"
be-by,en-gb,"Нiразу",Never
be-by,en-gb,"Нiразу",Time
be-by,en-gb,"Нiтка",Flex
be-by,en-gb,"Нiтка",Ply
be-by,en-gb,"Нiтка",Strand
be-by,en-gb,"Нiтка",Thread
be-by,en-gb,"Нiтка",Wire
be-by,en-gb,"Нiтка",Yarn
be-by,en-gb,"Нiшто",Mere
be-by,en-gb,"Нiшто",Naught
be-by,en-gb,"Нiшто",Nonentity
be-by,en-gb,"Нiшто",Nothing
be-by,en-gb,"Нiшто",Nowt
be-by,en-gb,"Нiякi",Neither
be-by,en-gb,"Нiякi",No
be-by,en-gb,"Нiякi",None
be-by,en-gb,"На",About
be-by,en-gb,"На",Acid
be-by,en-gb,"На",Atop
be-by,en-gb,"На",On
be-by,en-gb,"На","On top"
be-by,en-gb,"На","On top of"
be-by,en-gb,"На",Over
be-by,en-gb,"На",Upstairs
be-by,en-gb,"Набелій",Nobelium
be-by,en-gb,"Навальнiца",Gale
be-by,en-gb,"Навальнiца",Rainstorm
be-by,en-gb,"Навальнiца",Storm
be-by,en-gb,"Навальнiца",Thunderstorm
be-by,en-gb,"Навука",Science
be-by,en-gb,"Навэла",Novel
be-by,en-gb,"Навэла",Roman
be-by,en-gb,"Нага",Far
be-by,en-gb,"Нага",Fit
be-by,en-gb,"Нага",Foot
be-by,en-gb,"Нага",Leg
be-by,en-gb,"Нага","Legs apart"
be-by,en-gb,"Нага",Notice
be-by,en-gb,"Нага",Plant
be-by,en-gb,"Нага",Tramp
be-by,en-gb,"Надвор'е",Time
be-by,en-gb,"Намібія",Namibia
be-by,en-gb,"Нараджэнне",Christmas
be-by,en-gb,"Нараджэнне","Christmas Day"
be-by,en-gb,"Нараджэнне","Christmas Eve"
be-by,en-gb,"Нараджэнне","Christmas box"
be-by,en-gb,"Нараджэнне","Christmas card"
be-by,en-gb,"Нараджэнне","Christmas carol"
be-by,en-gb,"Нараджэнне","Christmas tree"
be-by,en-gb,"Нараджэнне",Nowell
be-by,en-gb,"Нараджэнне",Xmas
be-by,en-gb,"Нараджэнне","Yule log"
be-by,en-gb,"Нараджэнне",Yuletide
be-by,en-gb,"Нарвегія",Norway
be-by,en-gb,"Насiць",Bear
be-by,en-gb,"Насiць",Carry
be-by,en-gb,"Насiць",Hold
be-by,en-gb,"Насiць",Tell
be-by,en-gb,"Насiць",Wear
be-by,en-gb,"Насельніцтва",Population
be-by,en-gb,"Насельн口цтва",Population
be-by,en-gb,"Натрый",Sodium
be-by,en-gb,"Научаць",Teach
be-by,en-gb,"Научаць",Wise
be-by,en-gb,"Нафта",Petroleum
be-by,en-gb,"Нацызм",Naziism
be-by,en-gb,"Нацызм",Nazism
be-by,en-gb,"Нацыя",Nation
be-by,en-gb,"Начынаць",Begin
be-by,en-gb,"Начынаць",Commence
be-by,en-gb,"Начынаць","Make a start"
be-by,en-gb,"Начынаць","Set in"
be-by,en-gb,"Не",No
be-by,en-gb,"Не",Nope
be-by,en-gb,"Неадым",Neodymium
be-by,en-gb,"Неба",Air
be-by,en-gb,"Неба",Cloud
be-by,en-gb,"Неба",Heaven
be-by,en-gb,"Неба",Roofless
be-by,en-gb,"Неба",Sky
be-by,en-gb,"Небасяг",Skyscraper
be-by,en-gb,"Неон",Neon
be-by,en-gb,"Неон","Neon glow"
be-by,en-gb,"Непал",Nepal
be-by,en-gb,"Нептун",Neptune
be-by,en-gb,"Нептуній",Neptunium
be-by,en-gb,"Новая Зеландыя","New Zealand"
be-by,en-gb,"Новая Зеландыя",New-Zealand
be-by,en-gb,"Новы год","New Year"
be-by,en-gb,"Новы год","New Year's Day"
be-by,en-gb,"Новы",Afresh
be-by,en-gb,"Новы",Again
be-by,en-gb,"Новы",Anew
be-by,en-gb,"Новы",Fresh
be-by,en-gb,"Новы",New
be-by,en-gb,"Новы",New-found
be-by,en-gb,"Новы","Once more"
be-by,en-gb,"Ногаць",Fingernail
be-by,en-gb,"Ногаць",Nail
be-by,en-gb,"Нож",Chisel
be-by,en-gb,"Нож",Cutter
be-by,en-gb,"Нож",Knife
be-by,en-gb,"Нож",Razor-shell
be-by,en-gb,"Ножнiцы","Pair of scissors"
be-by,en-gb,"Ножнiцы",Scissors
be-by,en-gb,"Ножнiцы",Shears
be-by,en-gb,"Нос",Conk
be-by,en-gb,"Нос",Guess
be-by,en-gb,"Нос",Nose
be-by,en-gb,"Нос",Romp
be-by,en-gb,"Ноч",Night
be-by,en-gb,"Ноч","Night cap"
be-by,en-gb,"Ноч",Night-time
be-by,en-gb,"Ноч",Nightfall
be-by,en-gb,"Нью-Ёрк",Apple
be-by,en-gb,"Нью-Ёрк",NY
be-by,en-gb,"Нью-Ёрк",NYC
be-by,en-gb,"Нябесная сфера","Celestial sphere"
be-by,en-gb,"Нябесны экватар","Celestial equator"
be-by,en-gb,"Нявестка",Daughter-in-law
be-by,en-gb,"Нявестка",Sister-in-law
be-by,en-gb,"Нявестка",Stepdaughter
be-by,en-gb,"Нядзеля",Sunday
be-by,en-gb,"Няма",No
be-by,en-gb,"Няма",Nope
be-by,en-gb,"Нямецкая мова",German
be-by,en-gb,"Нямеччына",Dutch
be-by,en-gb,"Нямеччына",Germany
be-by,en-gb,"Нямы",Dumb
be-by,en-gb,"Нямы",Mute
be-by,en-gb,"Нямы",Speechless
be-by,en-gb,"Нямы",Tongue-tied
be-by,en-gb,"Нямы",Voiceless
be-by,en-gb,"Нігерыя",Nigeria
be-by,en-gb,"Нідэрландская мова",Dutch
be-by,en-gb,"Нідэрланды",Netherlands
be-by,en-gb,"Нідэрлянды",Netherlands
be-by,en-gb,"Нікель",Nickel
be-by,en-gb,"Ніобій",Niobium
be-by,en-gb,"Осмій",Osmium
be-by,en-gb,"П'емонт",Foothills
be-by,en-gb,"Пiла",Saw
be-by,en-gb,"Пiць",Drink
be-by,en-gb,"Пiць",Pledge
be-by,en-gb,"Па-за","Apart from that"
be-by,en-gb,"Па-за",Beside
be-by,en-gb,"Па-за",Out
be-by,en-gb,"Па-за","Out of doors"
be-by,en-gb,"Па-за",Outdoors
be-by,en-gb,"Паветра",Air
be-by,en-gb,"Паветра","Air broker"
be-by,en-gb,"Паветра","Air compressor"
be-by,en-gb,"Паветра","Air duct"
be-by,en-gb,"Паветра","Air filter"
be-by,en-gb,"Паветра",Air-bubble
be-by,en-gb,"Паветра",Air-cooled
be-by,en-gb,"Паветра",Air-cooling
be-by,en-gb,"Паветра",Airborne
be-by,en-gb,"Паветра",Airflow
be-by,en-gb,"Паветра","Airflow meter"
be-by,en-gb,"Паветра",Airworthy
be-by,en-gb,"Паветра",Appearance
be-by,en-gb,"Паветра",Aspect
be-by,en-gb,"Паветра","Idle words"
be-by,en-gb,"Паветра",Sight
be-by,en-gb,"Павольна",Leisurely
be-by,en-gb,"Павольна",Slowly
be-by,en-gb,"Пагода",Abreast
be-by,en-gb,"Пагода",Always
be-by,en-gb,"Пагода",Beat
be-by,en-gb,"Пагода",Occasionally
be-by,en-gb,"Пагода",Shake
be-by,en-gb,"Пагода",Tense
be-by,en-gb,"Пагода",Time
be-by,en-gb,"Пагода",Times
be-by,en-gb,"Пагода",Weather
be-by,en-gb,"Пагода",While
be-by,en-gb,"Пагода",World
be-by,en-gb,"Пагорак",Hill
be-by,en-gb,"Пад",Beneath
be-by,en-gb,"Пад",Coppers
be-by,en-gb,"Пад",Under
be-by,en-gb,"Падатак на прыбытак","Corporation tax"
be-by,en-gb,"Падатак",Tax
be-by,en-gb,"Падаць","Chuck in"
be-by,en-gb,"Падаць","Chuck up"
be-by,en-gb,"Падаць",Drop
be-by,en-gb,"Падаць","Drop down"
be-by,en-gb,"Падаць","Drop off"
be-by,en-gb,"Падаць",Fall
be-by,en-gb,"Падаць",Flop
be-by,en-gb,"Падаць","Knock off"
be-by,en-gb,"Падаць","Step down"
be-by,en-gb,"Падаць",Tumble
be-by,en-gb,"Падбародак",Chin
be-by,en-gb,"Падлога",Floor
be-by,en-gb,"Падмноства",Subset
be-by,en-gb,"Падымаццa",Ascend
be-by,en-gb,"Падымаццa",Assemble
be-by,en-gb,"Падымаццa","Climb up"
be-by,en-gb,"Падымаццa","Come in"
be-by,en-gb,"Падымаццa","Come to"
be-by,en-gb,"Падымаццa",Edit
be-by,en-gb,"Падымаццa",Flow
be-by,en-gb,"Падымаццa","Get in"
be-by,en-gb,"Падымаццa","Get into"
be-by,en-gb,"Падымаццa","Get into a car"
be-by,en-gb,"Падымаццa","Get on"
be-by,en-gb,"Падымаццa",Mount
be-by,en-gb,"Падымаццa","Move up"
be-by,en-gb,"Падымаццa",Pitch
be-by,en-gb,"Падымаццa","Rig up"
be-by,en-gb,"Падымаццa","Set up"
be-by,en-gb,"Падымаццa","Slope up"
be-by,en-gb,"Падымаццa",Stage
be-by,en-gb,"Падымаццa","To be on the way up"
be-by,en-gb,"Падымаццa",Upgrade
be-by,en-gb,"Пажытак",Chow
be-by,en-gb,"Пажытак",Food
be-by,en-gb,"Пажытак",Keep
be-by,en-gb,"Пажытак",Nourishment
be-by,en-gb,"Пажытак",Sustenance
be-by,en-gb,"Пакой",Apartment
be-by,en-gb,"Пакой",Camera
be-by,en-gb,"Пакой",Chamber
be-by,en-gb,"Пакой",Court
be-by,en-gb,"Пакой",Division
be-by,en-gb,"Пакой",House
be-by,en-gb,"Пакістан",Pakistan
be-by,en-gb,"Палiто",Cloak
be-by,en-gb,"Палiто",Coat
be-by,en-gb,"Палiто",Mantle
be-by,en-gb,"Паладый",Palladium
be-by,en-gb,"Палац",Castle
be-by,en-gb,"Палац",Château
be-by,en-gb,"Палац",Hall
be-by,en-gb,"Палац",Palace
be-by,en-gb,"Палац",Palate
be-by,en-gb,"Палац","Stately home"
be-by,en-gb,"Палец",Digit
be-by,en-gb,"Палец",Finger
be-by,en-gb,"Палец",Nip
be-by,en-gb,"Палка",Baton
be-by,en-gb,"Палка",Cane
be-by,en-gb,"Палка","Casual conversation"
be-by,en-gb,"Палка",Quarterstaff
be-by,en-gb,"Палка",Rod
be-by,en-gb,"Палка",Staff
be-by,en-gb,"Палка",Stave
be-by,en-gb,"Палоній",Polonium
be-by,en-gb,"Паляванне",Hunting
be-by,en-gb,"Паліндром",Palindrome
be-by,en-gb,"Паліндром","Palindromic sequence"
be-by,en-gb,"Палітыка",Policy
be-by,en-gb,"Памiж",Between
be-by,en-gb,"Памiж",Range
be-by,en-gb,"Памідоры",Tomato
be-by,en-gb,"Панна",Virgin
be-by,en-gb,"Панчоха",Base
be-by,en-gb,"Панчоха",Bottom
be-by,en-gb,"Панчоха",Cub
be-by,en-gb,"Панчоха",Down
be-by,en-gb,"Панчоха","Down with"
be-by,en-gb,"Панчоха",Least
be-by,en-gb,"Панчоха",Low
be-by,en-gb,"Панчоха",Low-down
be-by,en-gb,"Панчоха",Nether
be-by,en-gb,"Панчоха",Stocking
be-by,en-gb,"Панчоха","This side down"
be-by,en-gb,"Панядзелак",Monday
be-by,en-gb,"Паняцьце Бога ў політэізьме",Deities
be-by,en-gb,"Папера",Paper
be-by,en-gb,"Пара года",Season
be-by,en-gb,"Пара года",Time
be-by,en-gb,"Пара года","Time of the year"
be-by,en-gb,"Парк",Gardens
be-by,en-gb,"Парк",Pen
be-by,en-gb,"Партугальская мова",Portuguese
be-by,en-gb,"Партугалія",Portugal
be-by,en-gb,"Партызанская вайна",Guerrilla
be-by,en-gb,"Партызанская вайна","Guerrilla leader"
be-by,en-gb,"Партызанская вайна","Guerrilla war"
be-by,en-gb,"Партызанская вайна","Guerrilla warfare"
be-by,en-gb,"Партызанская вайна",Guerrillas
be-by,en-gb,"Парыж",Backing
be-by,en-gb,"Пастарнак",Parsnip
be-by,en-gb,"Пасьля","According as"
be-by,en-gb,"Пасьля","According to your story"
be-by,en-gb,"Пасьля",After
be-by,en-gb,"Пасьля",Afterwards
be-by,en-gb,"Пасьля",Next
be-by,en-gb,"Пасьля",Subsequently
be-by,en-gb,"Пасьля",Then
be-by,en-gb,"Пасьля",Thereafter
be-by,en-gb,"Пахмелле",Hangover
be-by,en-gb,"Пацух",Rat
be-by,en-gb,"Паўднёва-Афрыканская Рэспубліка","South Africa"
be-by,en-gb,"Паўднёва-Усходняя Азія","South-East Asia"
be-by,en-gb,"Паўднёвая Амерыка","South America"
be-by,en-gb,"Паўднёвая Амэрыка","South America"
be-by,en-gb,"Паўднёвая Карэя","South Korea"
be-by,en-gb,"Паўночнае мора","North Sea"
be-by,en-gb,"Паўночная Амерыка","North America"
be-by,en-gb,"Паўночная Амерыка","North American"
be-by,en-gb,"Паўночная Карэя","North Korea"
be-by,en-gb,"Паўночны полюс","North Pole"
be-by,en-gb,"Певень",Cock
be-by,en-gb,"Певень",Rooster
be-by,en-gb,"Перад",Ahead
be-by,en-gb,"Перад",Before
be-by,en-gb,"Перад","In front of"
be-by,en-gb,"Перапёлка",Quail
be-by,en-gb,"Перапіс насельніцтва",Census
be-by,en-gb,"Перапіс насельніцтва",Inventory
be-by,en-gb,"Перевадзiць",Translate
be-by,en-gb,"Першабытнае грамадства",Prehistory
be-by,en-gb,"Писаць","Put pen to paper"
be-by,en-gb,"Писаць",Write
be-by,en-gb,"Писаць","Write down"
be-by,en-gb,"Плаваць",Confused
be-by,en-gb,"Плаваць",Swim
be-by,en-gb,"Планета Венера",Venus
be-by,en-gb,"Планета Зямля",Earth
be-by,en-gb,"Планета Юпітэр",Jove
be-by,en-gb,"Планета Юпітэр",Jupiter
be-by,en-gb,"Планета",Planet
be-by,en-gb,"Планета",Planets
be-by,en-gb,"Платон",Greek
be-by,en-gb,"Платон",Plato
be-by,en-gb,"Плацiць",Cheek
be-by,en-gb,"Плацiць",Monkey
be-by,en-gb,"Плацiць",Pay
be-by,en-gb,"Плацiць","Pay for"
be-by,en-gb,"Плацiць","Pay in"
be-by,en-gb,"Плацiць",Remit
be-by,en-gb,"Плацiць","Stump up the money"
be-by,en-gb,"Плаціна",Platinum
be-by,en-gb,"Плод",Fruit
be-by,en-gb,"Плошта","Financial centre"
be-by,en-gb,"Плошта",Location
be-by,en-gb,"Плошта",Place
be-by,en-gb,"Плошта",Plaza
be-by,en-gb,"Плошта","Public square"
be-by,en-gb,"Плошта",Spot
be-by,en-gb,"Плошта","Trade centre"
be-by,en-gb,"Плуг",Plough
be-by,en-gb,"Плуг",Plow
be-by,en-gb,"Плутоній",Plutonium
be-by,en-gb,"Плямеьнiца",Niece
be-by,en-gb,"Плямеьник",Nephew
be-by,en-gb,"Плячо","Hand and spring"
be-by,en-gb,"Плячо",Shoulder
be-by,en-gb,"Плячо","Shoulder ham"
be-by,en-gb,"Пляшка",Bottle
be-by,en-gb,"Позна",Late
be-by,en-gb,"Позна",Recently
be-by,en-gb,"Позна",While
be-by,en-gb,"Пол",Sex
be-by,en-gb,"Поле",Field
be-by,en-gb,"Поле","Field of view"
be-by,en-gb,"Поле",Shot
be-by,en-gb,"Поле",Turn
be-by,en-gb,"Полымя",Backfire
be-by,en-gb,"Полымя",Flame
be-by,en-gb,"Польская мова",Polish
be-by,en-gb,"Польшча",Poland
be-by,en-gb,"Полісахарыды",Polysaccharide
be-by,en-gb,"Попел",Ash
be-by,en-gb,"Попел",Cinder
be-by,en-gb,"Попоудня",P.m.
be-by,en-gb,"Пост",Fast
be-by,en-gb,"Посылаць",Dispatch
be-by,en-gb,"Посылаць",Issue
be-by,en-gb,"Посылаць",It
be-by,en-gb,"Посылаць",Knickers
be-by,en-gb,"Посылаць",Send
be-by,en-gb,"Посылаць","Send off"
be-by,en-gb,"Посылаць",Sex
be-by,en-gb,"Посылаць",Transmit
be-by,en-gb,"Посылаць",Upload
be-by,en-gb,"Поудзень",Midday
be-by,en-gb,"Поудзень",Noon
be-by,en-gb,"Поудзень",Noonday
be-by,en-gb,"Поудзень",South
be-by,en-gb,"Поудзень",Southerly
be-by,en-gb,"Поудзень","Twelve o'clock"
be-by,en-gb,"Поунач",Midnight
be-by,en-gb,"Поунач",North
be-by,en-gb,"Поунач",Northbound
be-by,en-gb,"Поунач",Northerly
be-by,en-gb,"Поунач",Northern
be-by,en-gb,"Поунач",Northerner
be-by,en-gb,"Поунач",Northernmost
be-by,en-gb,"Поуны","Bang in the middle"
be-by,en-gb,"Поуны",Due
be-by,en-gb,"Поуны","Fully booked"
be-by,en-gb,"Поуны",Height
be-by,en-gb,"Поуны",Totally
be-by,en-gb,"Пошта",Extension
be-by,en-gb,"Пошта","Job description"
be-by,en-gb,"Пошта",Mail
be-by,en-gb,"Пошта","Mail service"
be-by,en-gb,"Пошта",Post
be-by,en-gb,"Пошта","Postal service"
be-by,en-gb,"Пошта",Set
be-by,en-gb,"Пошта",Station
be-by,en-gb,"Пояс",Belt
be-by,en-gb,"Пояс",Girdle
be-by,en-gb,"Пояс",Waist
be-by,en-gb,"Поўнач",North
be-by,en-gb,"Права",Around
be-by,en-gb,"Права",Right
be-by,en-gb,"Права","Right wing"
be-by,en-gb,"Права",Right-wing
be-by,en-gb,"Праваслаўе",Orthodoxy
be-by,en-gb,"Правінцыя Квебек",Quebec
be-by,en-gb,"Прадаваць","Dispose of"
be-by,en-gb,"Прадаваць",Sell
be-by,en-gb,"Прадаваць",Stock
be-by,en-gb,"Прадаваць",Tout
be-by,en-gb,"Прадаваць",Vend
be-by,en-gb,"Прадмесьце",Outskirts
be-by,en-gb,"Прадмесьце",Suburb
be-by,en-gb,"Празеадым",Praseodymium
be-by,en-gb,"Праламленне",Refraction
be-by,en-gb,"Пратактыній",Protactinium
be-by,en-gb,"Пратон",Proton
be-by,en-gb,"Працаваць",Practise
be-by,en-gb,"Працаваць",Work
be-by,en-gb,"Просты лік","Prime number"
be-by,en-gb,"Прыймаць",Accept
be-by,en-gb,"Прыймаць",Agree
be-by,en-gb,"Прыймаць",Consent
be-by,en-gb,"Прыймаць",Receive
be-by,en-gb,"Прыймаць","Take on"
be-by,en-gb,"Прыказка",Adage
be-by,en-gb,"Прыказка",Byword
be-by,en-gb,"Прыказка",Proverb
be-by,en-gb,"Прыказка",Saying
be-by,en-gb,"Прынасiць",Bring
be-by,en-gb,"Прынасiць",Convey
be-by,en-gb,"Прынасiць",Fetch
be-by,en-gb,"Прырода",Complexion
be-by,en-gb,"Прырода","French lessons"
be-by,en-gb,"Прырода",Nature
be-by,en-gb,"Прырода",Wild
be-by,en-gb,"Прыродны газ","Natural gas"
be-by,en-gb,"Прыстань",Carriage
be-by,en-gb,"Прыстань","Carriage forward"
be-by,en-gb,"Прыстань",Harbor
be-by,en-gb,"Прыстань",Harbour
be-by,en-gb,"Прыстань",Port
be-by,en-gb,"Прыстань",Postage
be-by,en-gb,"Прыходзiць",Arrive
be-by,en-gb,"Прыходзiць",Come
be-by,en-gb,"Прыходзiць","Come about"
be-by,en-gb,"Прыходзiць","End up"
be-by,en-gb,"Прыходзiць",Happen
be-by,en-gb,"Прыходзiць",Occur
be-by,en-gb,"Прыходзiць",Succeed
be-by,en-gb,"Прэзыдэнт",Chairman
be-by,en-gb,"Прэзыдэнт",President
be-by,en-gb,"Птушка",Bird
be-by,en-gb,"Птушка",Fowl
be-by,en-gb,"Пускаць","Bring down"
be-by,en-gb,"Пускаць","Climb down"
be-by,en-gb,"Пускаць","Come down"
be-by,en-gb,"Пускаць",Descend
be-by,en-gb,"Пускаць","Get down"
be-by,en-gb,"Пускаць","Get off"
be-by,en-gb,"Пускаць","Get out"
be-by,en-gb,"Пускаць","Go down"
be-by,en-gb,"Пускаць","Go downstairs"
be-by,en-gb,"Пускаць",Guzzle
be-by,en-gb,"Пускаць","Move down"
be-by,en-gb,"Пускаць",Shot
be-by,en-gb,"Пускаць","Slope down"
be-by,en-gb,"Пускаць","Take down"
be-by,en-gb,"Пускаць","Thrash out"
be-by,en-gb,"Пусты",Blank
be-by,en-gb,"Пусты",Emptiness
be-by,en-gb,"Пусты",Empty
be-by,en-gb,"Пусты",Hollow
be-by,en-gb,"Пусты",Nothingness
be-by,en-gb,"Пусты",Vacant
be-by,en-gb,"Пусты",Vacuum
be-by,en-gb,"Пусты",Void
be-by,en-gb,"Пустыня Сахара",Sahara
be-by,en-gb,"Пчала",Bee
be-by,en-gb,"Пчала",Honeybee
be-by,en-gb,"Пшанiца",Wheat
be-by,en-gb,"Пыл",Dirt
be-by,en-gb,"Пыл",Dust
be-by,en-gb,"Пытацца",Ask
be-by,en-gb,"Пытацца","Ask for"
be-by,en-gb,"Пытацца",Bid
be-by,en-gb,"Пытацца",Order
be-by,en-gb,"Пытацца",Query
be-by,en-gb,"Пытацца",Request
be-by,en-gb,"Пытацца",Require
be-by,en-gb,"Пэру",Peru
be-by,en-gb,"Пята",Counterfoil
be-by,en-gb,"Пята",Heel
be-by,en-gb,"Пятнiца",Friday
be-by,en-gb,"Пятніца",Friday
be-by,en-gb,"Пётр, папа рымскі",Stone
be-by,en-gb,"Піва",Ale
be-by,en-gb,"Піва",Beer
be-by,en-gb,"Піксэль",Pixel
be-by,en-gb,"Рабiць",Do
be-by,en-gb,"Рабiць",It
be-by,en-gb,"Рабiць",Loose
be-by,en-gb,"Рабiць",Make
be-by,en-gb,"Рабiць",Mature
be-by,en-gb,"Рабiць",Take
be-by,en-gb,"Радон",Radon
be-by,en-gb,"Радыеактыўнасьць",Radioactivity
be-by,en-gb,"Радый",Radium
be-by,en-gb,"Радыё",Radio
be-by,en-gb,"Разбиты",Broken
be-by,en-gb,"Разбиты",Bust
be-by,en-gb,"Рака Амазонка",Amazon
be-by,en-gb,"Рака Амазонка",Side-saddle
be-by,en-gb,"Рака Амур",Love
be-by,en-gb,"Рака Волга",Volga
be-by,en-gb,"Рака Дунай",Danube
be-by,en-gb,"Рака Еўфрат",Euphrates
be-by,en-gb,"Рака Заходні Буг",Bug
be-by,en-gb,"Рака Калумбія",Columbia
be-by,en-gb,"Рака Калумбія","Columbia River"
be-by,en-gb,"Рака Конга",Congo
be-by,en-gb,"Рака Місісіпі",Mississippi
be-by,en-gb,"Рака Місісіпі","Mississippi County"
be-by,en-gb,"Рака Нігер",Niger
be-by,en-gb,"Рака Ніл",Nile
be-by,en-gb,"Рака",River
be-by,en-gb,"Ракако",Rococo
be-by,en-gb,"Раман",Novel
be-by,en-gb,"Раман",Roman
be-by,en-gb,"Ранiца",A.m.
be-by,en-gb,"Ранiца",Morning
be-by,en-gb,"Рана",Earliest
be-by,en-gb,"Рана",Early
be-by,en-gb,"Рана",Soon
be-by,en-gb,"Рандо",Rondo
be-by,en-gb,"Расея",Russia
be-by,en-gb,"Расьлiна",Ball
be-by,en-gb,"Расьлiна",Plant
be-by,en-gb,"Расія",Russia
be-by,en-gb,"Родый",Rhodium
be-by,en-gb,"Рот",Mouth
be-by,en-gb,"Рот",Word
be-by,en-gb,"Роу",Ditch
be-by,en-gb,"Роу",Dyke
be-by,en-gb,"Роу",Gap
be-by,en-gb,"Роу",Hole
be-by,en-gb,"Роу",Moat
be-by,en-gb,"Роу",Pit
be-by,en-gb,"Ртуць",Mercury
be-by,en-gb,"Рубідый",Rubidium
be-by,en-gb,"Рука",Arm
be-by,en-gb,"Рука",Arm-rest
be-by,en-gb,"Рука",Armlet
be-by,en-gb,"Рука",Arms
be-by,en-gb,"Рука",Around
be-by,en-gb,"Рука",Branch
be-by,en-gb,"Рука",Hand
be-by,en-gb,"Рука",Manually
be-by,en-gb,"Рука",Personally
be-by,en-gb,"Рука","Shearing machine"
be-by,en-gb,"Рукавiчка",Gauntlet
be-by,en-gb,"Рукавiчка",Glove
be-by,en-gb,"Рукавiчка",Mitten
be-by,en-gb,"Румынская мова",Romanian
be-by,en-gb,"Румынская мова",Rumanian
be-by,en-gb,"Румынія",Romania
be-by,en-gb,"Румынія",Rumania
be-by,en-gb,"Рупія",Rupee
be-by,en-gb,"Руская мова",Russian
be-by,en-gb,"Рутэній",Ruthenium
be-by,en-gb,"Рухавік",Engine
be-by,en-gb,"Рыба",Fish
be-by,en-gb,"Рым",Roman
be-by,en-gb,"Рым",Rome
be-by,en-gb,"Рымская Імперыя","Roman Empire"
be-by,en-gb,"Рымская Курыя",Curia
be-by,en-gb,"Рымская імперыя","Roman Empire"
be-by,en-gb,"Рэальнасць",Actuality
be-by,en-gb,"Рэальнасць",Actually
be-by,en-gb,"Рэальнасць",Reality
be-by,en-gb,"Рэальнасць",Really
be-by,en-gb,"Рэгіён",Area
be-by,en-gb,"Рэлігія",Religion
be-by,en-gb,"Рэнмінбі",Yuan
be-by,en-gb,"Рэній",Rhenium
be-by,en-gb,"Рэспублiка",Republic
be-by,en-gb,"Рэспубліка Ірляндыя",Ireland
be-by,en-gb,"Рэспубліка Македонія",Macedonia
be-by,en-gb,"Рэспубліка",Republic
be-by,en-gb,"Рэстаран",Pull-in
be-by,en-gb,"Рэстаран",Restaurant
be-by,en-gb,"Сагі",Saga
be-by,en-gb,"Саджаць",Crash
be-by,en-gb,"Саджаць",Cropper
be-by,en-gb,"Саджаць",Plant
be-by,en-gb,"Сакавік",Mars
be-by,en-gb,"Самарый",Samarium
be-by,en-gb,"Сан-Марына","San Marino"
be-by,en-gb,"Санскрыт",Sanskrit
be-by,en-gb,"Санэт",Sonnet
be-by,en-gb,"Свiсток",Cat-call
be-by,en-gb,"Свінец",Lead
be-by,en-gb,"Сельская гаспадарка",Agriculture
be-by,en-gb,"Селядзець",Herring
be-by,en-gb,"Семя",Seed
be-by,en-gb,"Семя",Semen
be-by,en-gb,"Семя",Sperm
be-by,en-gb,"Сера",Sulfur
be-by,en-gb,"Серабро",Silver
be-by,en-gb,"Серада",Wednesday
be-by,en-gb,"Сербія",Serbia
be-by,en-gb,"Скакаць",Bound
be-by,en-gb,"Скакаць","Give a jump"
be-by,en-gb,"Скакаць",Hurdle
be-by,en-gb,"Скакаць",Jump
be-by,en-gb,"Скакаць",Laid
be-by,en-gb,"Скакаць",Leap
be-by,en-gb,"Скакаць",Sex
be-by,en-gb,"Скакаць",Skip
be-by,en-gb,"Скакаць","Vault over"
be-by,en-gb,"Скалістыя горы","Rocky Mountains"
be-by,en-gb,"Скандый",Scandium
be-by,en-gb,"Скончыць",Close
be-by,en-gb,"Скончыць","Come to an end"
be-by,en-gb,"Скончыць",End
be-by,en-gb,"Скончыць",Expire
be-by,en-gb,"Скончыць","Get to the end of"
be-by,en-gb,"Скончыць","Knock off"
be-by,en-gb,"Скончыць",Terminate
be-by,en-gb,"Скончыць","Use up"
be-by,en-gb,"Скончыць","Wind up"
be-by,en-gb,"Скура",Hide
be-by,en-gb,"Слабы",Breakable
be-by,en-gb,"Слабы",Brittle
be-by,en-gb,"Слабы",Fragile
be-by,en-gb,"Слабы",Frail
be-by,en-gb,"Слабы",Frangible
be-by,en-gb,"Слабы","Handle with care"
be-by,en-gb,"Славакія",Slovakia
be-by,en-gb,"Славаччына",Slovakia
be-by,en-gb,"Славенская мова",Slovenian
be-by,en-gb,"Славенія",Slovenia
be-by,en-gb,"Славонія",Slavonia
be-by,en-gb,"Слоўнік",Dictionary
be-by,en-gb,"Слуп",Pole
be-by,en-gb,"Слуп",Stake
be-by,en-gb,"Слуп",Stanchion
be-by,en-gb,"Слухаць",Listen
be-by,en-gb,"Слухаць",Listener
be-by,en-gb,"Снасьць",Facility
be-by,en-gb,"Снасьць",Implement
be-by,en-gb,"Снасьць",Means
be-by,en-gb,"Снасьць",Tool
be-by,en-gb,"Снежань",December
be-by,en-gb,"Соль","Coarse salt"
be-by,en-gb,"Соль",Salt
be-by,en-gb,"Соль",Saltless
be-by,en-gb,"Сонечная сістэма","Solar system"
be-by,en-gb,"Сонечная энергія","Solar energy"
be-by,en-gb,"Сонца",Sun
be-by,en-gb,"Сонца",Sun-
be-by,en-gb,"Спаднiца",Skirt
be-by,en-gb,"Спажыва",Chow
be-by,en-gb,"Спажыва",Food
be-by,en-gb,"Спажыва",Keep
be-by,en-gb,"Спажыва",Nourishment
be-by,en-gb,"Спажыва",Sustenance
be-by,en-gb,"Спажытак",Chow
be-by,en-gb,"Спажытак",Food
be-by,en-gb,"Спажытак",Keep
be-by,en-gb,"Спажытак",Nourishment
be-by,en-gb,"Спажытак",Sustenance
be-by,en-gb,"Срэбра",Money
be-by,en-gb,"Срэбра","Money talks!"
be-by,en-gb,"Срэбра",Silver
be-by,en-gb,"Стагоддзе",Centennial
be-by,en-gb,"Стагоддзе",Century
be-by,en-gb,"Стагодзьдзі",Centennial
be-by,en-gb,"Стагодзьдзі",Century
be-by,en-gb,"Сталецьце",Centennial
be-by,en-gb,"Сталецьце",Century
be-by,en-gb,"Сталь",Steel
be-by,en-gb,"Сталіца",Capital
be-by,en-gb,"Стары",Lapsed
be-by,en-gb,"Стары",Obsolete
be-by,en-gb,"Стары",Old
be-by,en-gb,"Стары",Rickety
be-by,en-gb,"Стол",Chart
be-by,en-gb,"Стол",List
be-by,en-gb,"Стол",Matrix
be-by,en-gb,"Стол",Table
be-by,en-gb,"Столь",Ceiling
be-by,en-gb,"Столь",Roof
be-by,en-gb,"Столькi","All the"
be-by,en-gb,"Столькi","All the less"
be-by,en-gb,"Столькi","All the more"
be-by,en-gb,"Столькi",Far
be-by,en-gb,"Столькi",Likely
be-by,en-gb,"Столькi",Much
be-by,en-gb,"Столькi","So much"
be-by,en-gb,"Столькi",Such
be-by,en-gb,"Столькi","Such a"
be-by,en-gb,"Столькi","That kind of"
be-by,en-gb,"Столькi","That much"
be-by,en-gb,"Стопень",Course
be-by,en-gb,"Стопень",March
be-by,en-gb,"Стопень",Run
be-by,en-gb,"Стопень",Rung
be-by,en-gb,"Стопень",Stair
be-by,en-gb,"Стопень",Walking
be-by,en-gb,"Страва",Chow
be-by,en-gb,"Страва",Food
be-by,en-gb,"Страва",Keep
be-by,en-gb,"Страва",Nourishment
be-by,en-gb,"Страва",Sustenance
be-by,en-gb,"Страхаваньне",Assurance
be-by,en-gb,"Страхаваньне",Insurance
be-by,en-gb,"Стронцый",Strontium
be-by,en-gb,"Структура",Fabric
be-by,en-gb,"Структура",Framework
be-by,en-gb,"Структура",Structure
be-by,en-gb,"Стрыечна сестра",Cousin
be-by,en-gb,"Стрыечны брат","Distant cousin"
be-by,en-gb,"Стрыечны брат",Dog
be-by,en-gb,"Стрыечны брат",Gnat
be-by,en-gb,"Стрыечны брат",Nark
be-by,en-gb,"Стрэльба",Gun
be-by,en-gb,"Стрэльба",Rifle
be-by,en-gb,"Стрэчаньне",Candlemas
be-by,en-gb,"Студзень",January
be-by,en-gb,"Суб'ект",Topic
be-by,en-gb,"Субота",Saturday
be-by,en-gb,"Судан",Sudan
be-by,en-gb,"Судно",Ship
be-by,en-gb,"Судно",Vessel
be-by,en-gb,"Сузор'е Індзеец",Indian
be-by,en-gb,"Сузор'е Авен",Ram
be-by,en-gb,"Сузор'е Аднарог",Unicorn
be-by,en-gb,"Сузор'е Актант",Octant
be-by,en-gb,"Сузор'е Арол",Eagle
be-by,en-gb,"Сузор'е Ахвярнік",Altar
be-by,en-gb,"Сузор'е Блізняты",Gemini
be-by,en-gb,"Сузор'е Вадаліў",Aquarius
be-by,en-gb,"Сузор'е Валапас",Cowhand
be-by,en-gb,"Сузор'е Валапас",Cowherd
be-by,en-gb,"Сузор'е Валапас",Cowman
be-by,en-gb,"Сузор'е Валапас",Oxherd
be-by,en-gb,"Сузор'е Валапас",Stockman
be-by,en-gb,"Сузор'е Вознік",Tick
be-by,en-gb,"Сузор'е Воран",Carrion
be-by,en-gb,"Сузор'е Воран",Corbel
be-by,en-gb,"Сузор'е Воран",Crow
be-by,en-gb,"Сузор'е Воран",Raven
be-by,en-gb,"Сузор'е Воўк",Wolf
be-by,en-gb,"Сузор'е Гадзіннік",Clock
be-by,en-gb,"Сузор'е Геркулес",Hercules
be-by,en-gb,"Сузор'е Голуб",Dove
be-by,en-gb,"Сузор'е Гідра",Hydra
be-by,en-gb,"Сузор'е Дзева",Virgin
be-by,en-gb,"Сузор'е Дракон",Dragon
be-by,en-gb,"Сузор'е Дэльфін",Dauphin
be-by,en-gb,"Сузор'е Дэльфін",Dolphin
be-by,en-gb,"Сузор'е Дэльфін","Heir apparent"
be-by,en-gb,"Сузор'е Журавель",Crane
be-by,en-gb,"Сузор'е Жывапісец",Painter
be-by,en-gb,"Сузор'е Жырафа",Giraffe
be-by,en-gb,"Сузор'е Залатая Рыба",Sea-bream
be-by,en-gb,"Сузор'е Заяц",Hare
be-by,en-gb,"Сузор'е Змяя",Snake
be-by,en-gb,"Сузор'е Казярог",Capricorn
be-by,en-gb,"Сузор'е Карма",Poop
be-by,en-gb,"Сузор'е Компас",Compass
be-by,en-gb,"Сузор'е Крыж","Southern Cross"
be-by,en-gb,"Сузор'е Кіль",Carina
be-by,en-gb,"Сузор'е Кіль",Hull
be-by,en-gb,"Сузор'е Кіль",Keel
be-by,en-gb,"Сузор'е Кіт",Whale
be-by,en-gb,"Сузор'е Лебедзь",Swan
be-by,en-gb,"Сузор'е Леў",Leo
be-by,en-gb,"Сузор'е Леў",Lion
be-by,en-gb,"Сузор'е Ліра",Lyre
be-by,en-gb,"Сузор'е Муха",Fly
be-by,en-gb,"Сузор'е Мікраскоп",Microscope
be-by,en-gb,"Сузор'е Навугольнік",Rule
be-by,en-gb,"Сузор'е Паўлін",Peacock
be-by,en-gb,"Сузор'е Пегас",Pegasus
be-by,en-gb,"Сузор'е Печ",Furnace
be-by,en-gb,"Сузор'е Печ",Kiln
be-by,en-gb,"Сузор'е Печ",Oven
be-by,en-gb,"Сузор'е Печ",Stove
be-by,en-gb,"Сузор'е Разец",Boaster
be-by,en-gb,"Сузор'е Разец","Cold chisel"
be-by,en-gb,"Сузор'е Райскі Птах","Bird of paradise"
be-by,en-gb,"Сузор'е Рак",Cancer
be-by,en-gb,"Сузор'е Рыбы",Fishes
be-by,en-gb,"Сузор'е Рыбы",Pisces
be-by,en-gb,"Сузор'е Рысь",Lynx
be-by,en-gb,"Сузор'е Секстант",Sextant
be-by,en-gb,"Сузор'е Сетка",Reticle
be-by,en-gb,"Сузор'е Скарпіён",Scorpio
be-by,en-gb,"Сузор'е Скарпіён",Scorpion
be-by,en-gb,"Сузор'е Скульптар",Sculptor
be-by,en-gb,"Сузор'е Сталовая Гара",Table
be-by,en-gb,"Сузор'е Страла",Arrow
be-by,en-gb,"Сузор'е Стралец",Sagittarius
be-by,en-gb,"Сузор'е Трыкутнік",Triangle
be-by,en-gb,"Сузор'е Трыкутнік",Triangular
be-by,en-gb,"Сузор'е Тэлескоп",Telescope
be-by,en-gb,"Сузор'е Фенікс",Phenix
be-by,en-gb,"Сузор'е Фенікс",Phoenix
be-by,en-gb,"Сузор'е Хамелеон",Chameleon
be-by,en-gb,"Сузор'е Цыркуль","Pair of compasses"
be-by,en-gb,"Сузор'е Цэнтаўр",Centaur
be-by,en-gb,"Сузор'е Цялец",Bull
be-by,en-gb,"Сузор'е Чаша",Cut
be-by,en-gb,"Сузор'е Шалі",Balance
be-by,en-gb,"Сузор'е Яшчарка",Lizard
be-by,en-gb,"Сукно",Sheet
be-by,en-gb,"Сукно","Woollen cloth"
be-by,en-gb,"Сукня",Dress
be-by,en-gb,"Сукня",Frock
be-by,en-gb,"Сукня",Gown
be-by,en-gb,"Сукня",Robe
be-by,en-gb,"Сукня",Smock
be-by,en-gb,"Сукупны ўнутраны прадукт","Gross national product"
be-by,en-gb,"Супраць",Against
be-by,en-gb,"Супраць",At
be-by,en-gb,"Супраць",Block
be-by,en-gb,"Супраць","In exchange for"
be-by,en-gb,"Супраць","Opposed to"
be-by,en-gb,"Супраць",Versus
be-by,en-gb,"Сурма",Antimony
be-by,en-gb,"Сусвет",Universe
be-by,en-gb,"Сусьветны банк","World bank"
be-by,en-gb,"Сусьветны сабор",Council
be-by,en-gb,"Сухi",Aground
be-by,en-gb,"Сухi",Curt
be-by,en-gb,"Сухi",Dry
be-by,en-gb,"Сухi",Pert
be-by,en-gb,"Сходкi","Flight of stairs"
be-by,en-gb,"Сходкi","Flight of steps"
be-by,en-gb,"Сходкi",Staircase
be-by,en-gb,"Сходкi",Stairs
be-by,en-gb,"Сходкi",Stairway
be-by,en-gb,"Сыбір",Siberia
be-by,en-gb,"Сын",Son
be-by,en-gb,"Сыр",Cheese
be-by,en-gb,"Сыцылія",Sicily
be-by,en-gb,"Сьвiньня",Hog
be-by,en-gb,"Сьвiньня",Pig
be-by,en-gb,"Сьвiньня",Pork
be-by,en-gb,"Сьвiньня",Swine
be-by,en-gb,"Сьвет","All round"
be-by,en-gb,"Сьвет",Bear
be-by,en-gb,"Сьвет",Birth
be-by,en-gb,"Сьвет",Earth
be-by,en-gb,"Сьвет",Endowed
be-by,en-gb,"Сьвет",Hands
be-by,en-gb,"Сьвет",Life
be-by,en-gb,"Сьвет",Set
be-by,en-gb,"Сьвет",World
be-by,en-gb,"Сьвякрова",Mother-in-law
be-by,en-gb,"Сьвякрова",Stepmother
be-by,en-gb,"Сьвяты Пётра",Stone
be-by,en-gb,"Сьвёкар",Father-in-law
be-by,en-gb,"Сьвёкар",Stepfather
be-by,en-gb,"Сьлiмак",Snail
be-by,en-gb,"Сьляпы",Blind
be-by,en-gb,"Сьляпы","Blind man"
be-by,en-gb,"Сьляпы","Blind method"
be-by,en-gb,"Сьляпы","Blind test"
be-by,en-gb,"Сьляпы","Blind woman"
be-by,en-gb,"Сьляпы",Blinded
be-by,en-gb,"Сьляпы",Blindly
be-by,en-gb,"Сьляпы","Sightless person"
be-by,en-gb,"Сьметанка",Cream
be-by,en-gb,"Сьметанка",Crème
be-by,en-gb,"Сьнег",Snow
be-by,en-gb,"Сьнежань",December
be-by,en-gb,"Сьпiна",Back
be-by,en-gb,"Сьпiна","Fed up"
be-by,en-gb,"Сьпiна",Piggyback
be-by,en-gb,"Сьпiна",Reverse
be-by,en-gb,"Сьпiна","Reverse side"
be-by,en-gb,"Сьпелы",Adult
be-by,en-gb,"Сьпелы",Mature
be-by,en-gb,"Сьпелы",Ripe
be-by,en-gb,"Сьпець",Age
be-by,en-gb,"Сьпець",Maturate
be-by,en-gb,"Сьпець",Mature
be-by,en-gb,"Сьпець",Ripen
be-by,en-gb,"Сьпірт",Alcohol
be-by,en-gb,"Сьпіс",List
be-by,en-gb,"Сьтежачка",Pathway
be-by,en-gb,"Сьцяг",Flag
be-by,en-gb,"Сьцяна",Bottom
be-by,en-gb,"Сьцяна","Lower bed"
be-by,en-gb,"Сьцяна",Wall
be-by,en-gb,"Сэвільля",Seville
be-by,en-gb,"Сэкта",Sect
be-by,en-gb,"Сэкунда",Runner-up
be-by,en-gb,"Сэкунда",Second
be-by,en-gb,"Сэмантыка",Semantic
be-by,en-gb,"Сэрбскахарвацкая мова",Serbo-Croat
be-by,en-gb,"Сэрбская мова",Serb
be-by,en-gb,"Сэрбская мова",Serbian
be-by,en-gb,"Сэрца","Buck up"
be-by,en-gb,"Сэрца",Cheerfully
be-by,en-gb,"Сэрца",Choir
be-by,en-gb,"Сэрца",Core
be-by,en-gb,"Сэрца",Heart
be-by,en-gb,"Сэрца","Heart disease"
be-by,en-gb,"Сэрца","Heart transplant"
be-by,en-gb,"Сэрца",Heart-shaped
be-by,en-gb,"Сэрца",Hearts
be-by,en-gb,"Сэрца",Height
be-by,en-gb,"Сэрца",Kind-hearted
be-by,en-gb,"Сэрца",Light-heartedly
be-by,en-gb,"Сэрца",Memorize
be-by,en-gb,"Сэрца",Simper
be-by,en-gb,"Сэрыф",Serif
be-by,en-gb,"Сэрыф",Wheelbase
be-by,en-gb,"Сякера",Axe
be-by,en-gb,"Сям'я",Family
be-by,en-gb,"Сям'я",Household
be-by,en-gb,"Сям'я",Kin
be-by,en-gb,"Сям'я",Kindred
be-by,en-gb,"Сястра",Sister
be-by,en-gb,"Сёньня",To-day
be-by,en-gb,"Сёньня",Today
be-by,en-gb,"Сібір",Siberia
be-by,en-gb,"Сіла",Force
be-by,en-gb,"Сінгапур",Singapore
be-by,en-gb,"Талерка","Basis of assessment"
be-by,en-gb,"Талерка",Seat
be-by,en-gb,"Таматы",Tomato
be-by,en-gb,"Тантал",Tantalum
be-by,en-gb,"Тарнада",Tornado
be-by,en-gb,"Тарнада",Whirlwind
be-by,en-gb,"Татарскі біфштэкс","Beef tatare"
be-by,en-gb,"Татарскі біфштэкс","Steak tartare"
be-by,en-gb,"Таґус",Tagus
be-by,en-gb,"Толькi",Exclusively
be-by,en-gb,"Толькi",Mere
be-by,en-gb,"Толькi","None but"
be-by,en-gb,"Толькi",Only
be-by,en-gb,"Торый",Thorium
be-by,en-gb,"Трава",Grass
be-by,en-gb,"Трава",Herb
be-by,en-gb,"Трава",Herbs
be-by,en-gb,"Трава",Weed
be-by,en-gb,"Травень",May
be-by,en-gb,"Тралейбус",Trolley-bus
be-by,en-gb,"Транзістар",Transistor
be-by,en-gb,"Траска",Cod
be-by,en-gb,"Траска","Cod-liver oil"
be-by,en-gb,"Траска",Codfish
be-by,en-gb,"Троіца",Pentecost
be-by,en-gb,"Троіца",Trinity
be-by,en-gb,"Троіца","Whit Sunday"
be-by,en-gb,"Троіца",Whitsunday
be-by,en-gb,"Трус",Cunt
be-by,en-gb,"Трус",Fanny
be-by,en-gb,"Трус",Pussy
be-by,en-gb,"Трус",Rabbit
be-by,en-gb,"Трус",Randy
be-by,en-gb,"Трус",Twat
be-by,en-gb,"Трымаць",Doubt
be-by,en-gb,"Трымаць","Get a grip"
be-by,en-gb,"Трымаць","Hang onto"
be-by,en-gb,"Трымаць",Hold
be-by,en-gb,"Трэнта",Thirty
be-by,en-gb,"Тулій",Thulium
be-by,en-gb,"Туман",Fog
be-by,en-gb,"Туман",Mist
be-by,en-gb,"Туркменістан",Turkmenistan
be-by,en-gb,"Туркмэністан",Turkmenistan
be-by,en-gb,"Турцыя",Turkey
be-by,en-gb,"Турцыя",Turkish
be-by,en-gb,"Турын",Turin
be-by,en-gb,"Тут","Down here"
be-by,en-gb,"Тут",Here
be-by,en-gb,"Тут","In here"
be-by,en-gb,"Тут","Out here"
be-by,en-gb,"Тут","Over here"
be-by,en-gb,"Тыберый",Tiberius
be-by,en-gb,"Тыгр",Tiger
be-by,en-gb,"Тыгра","Lace bug"
be-by,en-gb,"Тыгра",Tiger
be-by,en-gb,"Тыгра",Tigris
be-by,en-gb,"Тыдзень",Week
be-by,en-gb,"Тытан",Titanium
be-by,en-gb,"Тэатр",Theatre
be-by,en-gb,"Тэлеграф",Telegraph
be-by,en-gb,"Тэлур",Tellurium
be-by,en-gb,"Тэраркор",Terrorism
be-by,en-gb,"Тэрбій",Terbium
be-by,en-gb,"Тэрмадынаміка",Thermodynamic
be-by,en-gb,"Тэрмакарст",Thermokarst
be-by,en-gb,"Тэрыторыя",Territory
be-by,en-gb,"Тэставанне праграмнага забеспячэння",Test
be-by,en-gb,"Тэхналогія",Technology
be-by,en-gb,"Тэхнецый",Technetium
be-by,en-gb,"Тямны",Dark
be-by,en-gb,"Тямны",Desolate
be-by,en-gb,"Тямны",Dim
be-by,en-gb,"Тямны",Lowering
be-by,en-gb,"Тямны",Melancholy
be-by,en-gb,"Тямны",Mournful
be-by,en-gb,"Тямны",Murky
be-by,en-gb,"Тямны",Sombre
be-by,en-gb,"Тямны",Stern
be-by,en-gb,"Удавец",Widower
be-by,en-gb,"Узяць","All in all"
be-by,en-gb,"Узяць",Altogether
be-by,en-gb,"Узяць",Assume
be-by,en-gb,"Узяць","Catch on"
be-by,en-gb,"Узяць",Collect
be-by,en-gb,"Узяць",Get
be-by,en-gb,"Узяць","Lay hold of"
be-by,en-gb,"Узяць",Set
be-by,en-gb,"Узяць",Take
be-by,en-gb,"Украіна",Ukraine
be-by,en-gb,"Украінская мова",Ukrainian
be-by,en-gb,"Унiверсiтэт",University
be-by,en-gb,"Унук",Grandchild
be-by,en-gb,"Унук",Grandson
be-by,en-gb,"Унутра",Indoors
be-by,en-gb,"Унучка",Grandchild
be-by,en-gb,"Унучка",Granddaughter
be-by,en-gb,"Урал",Ural
be-by,en-gb,"Уран",Uranium
be-by,en-gb,"Уран, хімічны элемент",Uranium
be-by,en-gb,"Усход",East
be-by,en-gb,"Усходняя Еўропа",Europe
be-by,en-gb,"Усьпеньне",Assumption
be-by,en-gb,"Усюди",About
be-by,en-gb,"Усюди","All about"
be-by,en-gb,"Усюди","All over"
be-by,en-gb,"Усюди","All over the place"
be-by,en-gb,"Усюди",Everywhere
be-by,en-gb,"Усюди","Far and near"
be-by,en-gb,"Усюди",Side
be-by,en-gb,"Усё",All
be-by,en-gb,"Усё",Altogether
be-by,en-gb,"Усё",Bit
be-by,en-gb,"Усё",Every
be-by,en-gb,"Усё","Every kind of"
be-by,en-gb,"Усё",Everything
be-by,en-gb,"Усё",Wholly
be-by,en-gb,"Учора",Yesterday
be-by,en-gb,"Учытацца",Learn
be-by,en-gb,"Учытацца",Teach
be-by,en-gb,"Фанетыка",Phonetic
be-by,en-gb,"Федератыўныя Штаты Мікранезіі",Micronesia
be-by,en-gb,"Федератыўныя Штаты Мікранезіі",Micronesian
be-by,en-gb,"Фермій",Fermium
be-by,en-gb,"Форель",Trout
be-by,en-gb,"Фосфар",Phosphorus
be-by,en-gb,"Француская мова",French
be-by,en-gb,"Францый",Francium
be-by,en-gb,"Францыя",France
be-by,en-gb,"Фрызскі конь",Frisian
be-by,en-gb,"Футбол",Football
be-by,en-gb,"Футбол",Soccer
be-by,en-gb,"Філадэльфія",Philadelphia
be-by,en-gb,"Філасофія",Philosophy
be-by,en-gb,"Філіпіны",Philippine
be-by,en-gb,"Філіпіны","Philippine Islands"
be-by,en-gb,"Філіпіны",Philippines
be-by,en-gb,"Фінансы",Finance
be-by,en-gb,"Фінляндыя",Finland
be-by,en-gb,"Хаваць",Conceal
be-by,en-gb,"Хаваць",Hide
be-by,en-gb,"Хаваць",Hiding
be-by,en-gb,"Хаваць","Keep out of sight"
be-by,en-gb,"Хаваць",Screen
be-by,en-gb,"Хаваць",Seal
be-by,en-gb,"Хаваць",Secrete
be-by,en-gb,"Хадзiць",Fare
be-by,en-gb,"Хадзiць",Go
be-by,en-gb,"Хадзiць","Go along"
be-by,en-gb,"Хадзiць","Hit it off"
be-by,en-gb,"Хадзiць",March
be-by,en-gb,"Хадзiць","Outward journey"
be-by,en-gb,"Хадзiць",Run
be-by,en-gb,"Хадзiць","To be going"
be-by,en-gb,"Хадзiць",Travel
be-by,en-gb,"Хадзiць",Tread
be-by,en-gb,"Хадзiць",Walk
be-by,en-gb,"Харватыя",Croatia
be-by,en-gb,"Харвацкая мова",Croat
be-by,en-gb,"Харвацкая мова",Croatian
be-by,en-gb,"Харч",Chow
be-by,en-gb,"Харч",Food
be-by,en-gb,"Харч",Keep
be-by,en-gb,"Харч",Nourishment
be-by,en-gb,"Харч",Sustenance
be-by,en-gb,"Харчаванне",Chow
be-by,en-gb,"Харчаванне",Food
be-by,en-gb,"Харчаванне",Keep
be-by,en-gb,"Харчаванне",Nourishment
be-by,en-gb,"Харчаванне",Sustenance
be-by,en-gb,"Харчы",Chow
be-by,en-gb,"Харчы",Food
be-by,en-gb,"Харчы",Keep
be-by,en-gb,"Харчы",Nourishment
be-by,en-gb,"Харчы",Sustenance
be-by,en-gb,"Хацець",Grudge
be-by,en-gb,"Хацець","Set out"
be-by,en-gb,"Хацець","To be willing to"
be-by,en-gb,"Хацець",Want
be-by,en-gb,"Хацець",Wish
be-by,en-gb,"Хваля",Nebulous
be-by,en-gb,"Хваля","Sea wave"
be-by,en-gb,"Хваля",Shadowy
be-by,en-gb,"Хваля",Surge
be-by,en-gb,"Хваля",Uncertain
be-by,en-gb,"Хваля",Undefined
be-by,en-gb,"Хваля",Vacant
be-by,en-gb,"Хваля",Vague
be-by,en-gb,"Хваля",Vagueness
be-by,en-gb,"Хваля",Wave
be-by,en-gb,"Хворы",Crock
be-by,en-gb,"Хворы",Crook
be-by,en-gb,"Хворы",Diseased
be-by,en-gb,"Хворы",Ill
be-by,en-gb,"Хворы",Malingerer
be-by,en-gb,"Хворы",Poorly
be-by,en-gb,"Хворы",Sick
be-by,en-gb,"Хворы","Sick person"
be-by,en-gb,"Хворы",Sicken
be-by,en-gb,"Хворы",Sufferer
be-by,en-gb,"Хворы",Unwell
be-by,en-gb,"Хвіліна",Minute
be-by,en-gb,"Хлор",Chlorine
be-by,en-gb,"Хмызьняк",Bush
be-by,en-gb,"Хром",Chrome
be-by,en-gb,"Хром",Chromium
be-by,en-gb,"Хрысьціянства",Christianity
be-by,en-gb,"Хрышчэньне Гасподняе",Epiphany
be-by,en-gb,"Хто","Someone or other"
be-by,en-gb,"Хто","Which one"
be-by,en-gb,"Хустка",Handkerchief
be-by,en-gb,"Хустка",Hankie
be-by,en-gb,"Хустка",Hanky
be-by,en-gb,"Хустка",Kerchief
be-by,en-gb,"Царква",Church
be-by,en-gb,"Царква",Church-building
be-by,en-gb,"Царква",Kirk
be-by,en-gb,"Царква","Place of worship"
be-by,en-gb,"Цукар",Sugar
be-by,en-gb,"Цукер",Sugar
be-by,en-gb,"Цукер",Sugarless
be-by,en-gb,"Цыбуля",Onion
be-by,en-gb,"Цывілізацыя",Civilization
be-by,en-gb,"Цынк",Zinc
be-by,en-gb,"Цырконій",Zirconium
be-by,en-gb,"Цьвiсьцi",Bloom
be-by,en-gb,"Цьвiсьцi",Blossom
be-by,en-gb,"Цьвік",Cleat
be-by,en-gb,"Цьвік",Clove
be-by,en-gb,"Цьвік",Nail
be-by,en-gb,"Цьвік","Star turn"
be-by,en-gb,"Цьвік",Tack
be-by,en-gb,"Цэгла",Brick
be-by,en-gb,"Цэзій",Caesium
be-by,en-gb,"Цэнтральна-Афрыканская Рэспубліка","Central African Republic"
be-by,en-gb,"Цэрый",Cerium
be-by,en-gb,"Цягнуць",Drag
be-by,en-gb,"Цягнуць",Draw
be-by,en-gb,"Цягнуць",Fire
be-by,en-gb,"Цягнуць","Fire off"
be-by,en-gb,"Цягнуць","Give a pull"
be-by,en-gb,"Цягнуць",Haul
be-by,en-gb,"Цягнуць",Lug
be-by,en-gb,"Цягнуць",Print
be-by,en-gb,"Цягнуць",Pull
be-by,en-gb,"Цягнуць",Shoot
be-by,en-gb,"Цягнуць",Tug
be-by,en-gb,"Цяжкi",Burdensome
be-by,en-gb,"Цяжкi",Dull
be-by,en-gb,"Цяжкi",Heavy
be-by,en-gb,"Цяжкi",Hulking
be-by,en-gb,"Цяжкi",Lumbering
be-by,en-gb,"Цяжкi",Muggy
be-by,en-gb,"Цяжкi",Onerous
be-by,en-gb,"Цяжкi",Ponderous
be-by,en-gb,"Цяжкi",Stodgy
be-by,en-gb,"Цяля",Calf
be-by,en-gb,"Цяля",Veal
be-by,en-gb,"Цяпер",Now
be-by,en-gb,"Цяпер",Present
be-by,en-gb,"Цяпер",Presently
be-by,en-gb,"Цяпло",Hot
be-by,en-gb,"Цяпло",Keen
be-by,en-gb,"Цяпло",Warm
be-by,en-gb,"Цётка",Aunt
be-by,en-gb,"Цётка",Faggot
be-by,en-gb,"Цётка",Poofter
be-by,en-gb,"Цётка",Queen
be-by,en-gb,"Цётка",Queer
be-by,en-gb,"Ціхі акіян",Pacific
be-by,en-gb,"Ціхі акіян","Pacific Ocean"
be-by,en-gb,"Чакаць",Await
be-by,en-gb,"Чакаць",Expect
be-by,en-gb,"Чакаць","Hang on"
be-by,en-gb,"Чакаць",Wait
be-by,en-gb,"Чакаць","Wait for"
be-by,en-gb,"Чаму","The reason why"
be-by,en-gb,"Чаму","What for"
be-by,en-gb,"Чаму",Why
be-by,en-gb,"Чаравiк",Shoe
be-by,en-gb,"Чарапаха",Tortoise
be-by,en-gb,"Чарапаха",Turtle
be-by,en-gb,"Чарнагорыя",Montenegro
be-by,en-gb,"Чарніцы",Blueberry
be-by,en-gb,"Час",Time
be-by,en-gb,"Часавы пас","Time zone"
be-by,en-gb,"Часопіс","Illustrated magazine"
be-by,en-gb,"Часопіс",Magazine
be-by,en-gb,"Часта",Frequently
be-by,en-gb,"Часта",Occasionally
be-by,en-gb,"Часта",Often
be-by,en-gb,"Часта",Regularly
be-by,en-gb,"Чацьвер",Thursday
be-by,en-gb,"Чисты",Clean
be-by,en-gb,"Чисты",Decent
be-by,en-gb,"Чисты",Pure
be-by,en-gb,"Чорнае мора","Black Sea"
be-by,en-gb,"Чорнае мора","Euxine Sea"
be-by,en-gb,"Чорны бусел","Black Stork"
be-by,en-gb,"Чорны",Black
be-by,en-gb,"Чорны",Brown
be-by,en-gb,"Чорны",Dark
be-by,en-gb,"Чорны","Dark strokes"
be-by,en-gb,"Чорны",Negro
be-by,en-gb,"Чуць","Agree on"
be-by,en-gb,"Чуць",Arrive
be-by,en-gb,"Чуць",Hear
be-by,en-gb,"Чуць",Kibitz
be-by,en-gb,"Чылі",Chile
be-by,en-gb,"Чырвоны",Red
be-by,en-gb,"Чырвоны",Rouge
be-by,en-gb,"Чытаць","Put pen to paper"
be-by,en-gb,"Чытаць",Write
be-by,en-gb,"Чытаць","Write down"
be-by,en-gb,"Чэрвень",June
be-by,en-gb,"Чэская мова",Czech
be-by,en-gb,"Чэская мова","Czech language"
be-by,en-gb,"Чэхія","Czech Republic"
be-by,en-gb,"Шалі",Balance
be-by,en-gb,"Шалі",Scales
be-by,en-gb,"Шасьцiножка",Insect
be-by,en-gb,"Шатландыя",Scotland
be-by,en-gb,"Шатляндыя",Scotland
be-by,en-gb,"Шафа",Cabinet
be-by,en-gb,"Шафа",Closet
be-by,en-gb,"Шафа",Cupboard
be-by,en-gb,"Шафа",Sideboard
be-by,en-gb,"Швайцарыя",Swiss
be-by,en-gb,"Швейцарыя",Swiss
be-by,en-gb,"Швецыя",Sweden
be-by,en-gb,"Швэцыя",Sweden
be-by,en-gb,"Шиць",Quilt
be-by,en-gb,"Шиць",Sew
be-by,en-gb,"Шиць",Stitch
be-by,en-gb,"Шклянка",Drink
be-by,en-gb,"Шклянка",Drinks
be-by,en-gb,"Шклянка",Glass
be-by,en-gb,"Шлагбаум",Barrier
be-by,en-gb,"Шлагбаум",Fence
be-by,en-gb,"Шлагбаум",Gate
be-by,en-gb,"Шлагбаум",Latch
be-by,en-gb,"Шлях","Arterial road"
be-by,en-gb,"Шлях",Bark
be-by,en-gb,"Шлях",Course
be-by,en-gb,"Шлях",Highway
be-by,en-gb,"Шлях",Lane
be-by,en-gb,"Шлях",Road
be-by,en-gb,"Шлях",Route
be-by,en-gb,"Шлях","Under way"
be-by,en-gb,"Шмат",Deal
be-by,en-gb,"Шмат",Extensively
be-by,en-gb,"Шмат",Far
be-by,en-gb,"Шмат",Great
be-by,en-gb,"Шмат",Lots
be-by,en-gb,"Шмат",Man
be-by,en-gb,"Шмат",Mightily
be-by,en-gb,"Шмат",Much
be-by,en-gb,"Шоук",Bristle
be-by,en-gb,"Шоук",Silk
be-by,en-gb,"Шпiлька",Pin
be-by,en-gb,"Штаны",Pants
be-by,en-gb,"Штаны",Slacks
be-by,en-gb,"Штаны",Trousers
be-by,en-gb,"Штат Аляска",Alaska
be-by,en-gb,"Штат Каліфорнія",California
be-by,en-gb,"Штат Тэхас",Texas
be-by,en-gb,"Штат Фларыда",Florida
be-by,en-gb,"Што",What
be-by,en-gb,"Штурхаць","Bear down"
be-by,en-gb,"Штурхаць","Drive along"
be-by,en-gb,"Штурхаць",Grow
be-by,en-gb,"Штурхаць",Heave
be-by,en-gb,"Штурхаць",Prod
be-by,en-gb,"Штурхаць",Prompt
be-by,en-gb,"Штурхаць",Push
be-by,en-gb,"Штурхаць",Shoot
be-by,en-gb,"Штурхаць","Shoot up"
be-by,en-gb,"Штурхаць",Shove
be-by,en-gb,"Штурхаць",Sprout
be-by,en-gb,"Штурхаць",Thrust
be-by,en-gb,"Штучны спадарожнік Зямлі","Artificial satellite"
be-by,en-gb,"Шыбка",Fast
be-by,en-gb,"Шыбка",Quickly
be-by,en-gb,"Шыбка",Speed
be-by,en-gb,"Шыбка",Speedily
be-by,en-gb,"Шыбка",Swiftly
be-by,en-gb,"Шыпокi",Broad
be-by,en-gb,"Шыпокi",Extensive
be-by,en-gb,"Шыпокi",Loose-fitting
be-by,en-gb,"Шыпокi",Spacious
be-by,en-gb,"Шыпокi",Vast
be-by,en-gb,"Шыпокi",Wide
be-by,en-gb,"Шыя",Cervix
be-by,en-gb,"Шыя",Neck
be-by,en-gb,"Шэры",Drab
be-by,en-gb,"Шэры",Gray
be-by,en-gb,"Шэры",Grey
be-by,en-gb,"Шэры",Tight
be-by,en-gb,"Шэры",Tipsy
be-by,en-gb,"Щлюб",Marriage
be-by,en-gb,"Щлюб",Matrimony
be-by,en-gb,"Щлюб",Wedding
be-by,en-gb,"Щчотка",Brush
be-by,en-gb,"Эйнштэйній",Einsteinium
be-by,en-gb,"Эканамэтрыка",Econometrics
be-by,en-gb,"Эканоміка",Economy
be-by,en-gb,"Электрычнае поле","Electric field"
be-by,en-gb,"Электрычнасць",Electricity
be-by,en-gb,"Элементарная часціца","Elementary particle"
be-by,en-gb,"Эліпс",Ellipse
be-by,en-gb,"Энергія ветру","Wind power"
be-by,en-gb,"Эрбій",Erbium
be-by,en-gb,"Эсперанта",Esperanto
be-by,en-gb,"Эспэранта",Esperanto
be-by,en-gb,"Эстонія",Estonia
be-by,en-gb,"Эстуарый",Estuary
be-by,en-gb,"Этналёгія",Ethnology
be-by,en-gb,"Эфіопія",Ethiopia
be-by,en-gb,"Эўрапейскі Зьвяз","European Union"
be-by,en-gb,"Эўропа",Europa
be-by,en-gb,"Эўропа",Europe
be-by,en-gb,"Эўтаназія",Euthanasia
be-by,en-gb,"Эўтаназія","Mercy killing"
be-by,en-gb,"Югаславія",Yugoslavia
be-by,en-gb,"Юліянскі каляндар","Julian calendar"
be-by,en-gb,"Яблык",Apple
be-by,en-gb,"Яблык",Knob
be-by,en-gb,"Ягня",Lamb
be-by,en-gb,"Ядзернае паліва",Fuel
be-by,en-gb,"Язык",Backbiter
be-by,en-gb,"Язык",Language
be-by,en-gb,"Язык",Tongue
be-by,en-gb,"Ян Павел II, папа рымскі","Bishop of Rome"
be-by,en-gb,"Ян Павел II, папа рымскі","Holy Father"
be-by,en-gb,"Ян Павел II, папа рымскі","Patriarch of the West"
be-by,en-gb,"Ян Павел II, папа рымскі",Pontiff
be-by,en-gb,"Ян Павел II, папа рымскі",Pope
be-by,en-gb,"Ян Павел II, папа рымскі","Servant of the servants of God"
be-by,en-gb,"Ян Павел II, папа рымскі","Sovereign pontiff"
be-by,en-gb,"Ян Павел II, папа рымскі","Supreme pontiff"
be-by,en-gb,"Ян Павел II, папа рымскі","Vicar of Christ"
be-by,en-gb,"Ярданія",Jordan
be-by,en-gb,"Ясни",Clear
be-by,en-gb,"Ясни",Distinct
be-by,en-gb,"Ясни",Light
be-by,en-gb,"Ясни",Light-coloured
be-by,en-gb,"Ясни",Thin
be-by,en-gb,"Ясни",Vivid
be-by,en-gb,"Яшчарка",Lizard
be-by,en-gb,"Яшчэ",Again
be-by,en-gb,"Яшчэ",Even
be-by,en-gb,"Яшчэ","Once more"
be-by,en-gb,"Яшчэ",Still
be-by,en-gb,"Яшчэ",Yet
be-by,en-gb,"ہيàٍîى³ے",Anatomy
be-by,en-gb,I,And
be-by,en-gb,Java,Java
be-by,en-gb,Nirvana,Nirvana
be-by,en-gb,Permafrost,Permafrost
be-by,en-gb,Permafrost,"Zone of permafrost"
be-by,en-gb,Ryckewaert,Nob
be-by,en-gb,Ryckewaert,Richard
be-by,en-gb,Subota,Saturday
be-by,en-gb,Vektar,Vector
be-by,en-gb,Са,With
be-by,en-gb,Сабака,Bang
be-by,en-gb,Сабака,Dog
be-by,en-gb,Сабака,"Huddled up in bed"
be-by,en-gb,Сабака,Wolf
be-by,en-gb,Сакавiк,March
be-by,en-gb,Сакавiк,Mars
be-by,en-gb,Салома,Poverty
be-by,en-gb,Салома,Straw
be-by,en-gb,Селен,Selenium
be-by,en-gb,Сена,Hay
be-by,en-gb,Сена,Seine
be-by,en-gb,Склеп,Basement
be-by,en-gb,Склеп,Cellar
be-by,en-gb,Смага,Thirst
be-by,en-gb,Сон,"Sleep Trap"
be-by,en-gb,Сон,Sleeper
be-by,en-gb,Сон,Slumber
be-by,en-gb,Табака,Snuff
be-by,en-gb,Табака,"Take snuff"
be-by,en-gb,Тайланд,Siam
be-by,en-gb,Тайланд,Thailand
be-by,en-gb,Так,Yea
be-by,en-gb,Так,Yes
be-by,en-gb,Тонкi,Slender
be-by,en-gb,Тонкi,Slim
be-by,en-gb,Тонкi,Thin
be-by,en-gb,Тонкi,Wiry
be-by,en-gb,Тонкi,Wispy
be-by,en-gb,У,In
be-by,en-gb,У,Inside
be-by,en-gb,У,Into
be-by,en-gb,У,Per
be-by,en-gb,У,Within
be-by,en-gb,Удава,Widow
be-by,en-gb,Ужо,Already
be-by,en-gb,Ужо,"Before now"
be-by,en-gb,Ужо,Now
be-by,en-gb,Ужо,Yet
be-by,en-gb,Фаланга,Phalanx
be-by,en-gb,Хлеб,Bread
be-by,en-gb,Хлеб,Loaf
be-by,en-gb,Холад,Chill
be-by,en-gb,Холад,Chilliness
be-by,en-gb,Холад,Chilly
be-by,en-gb,Холад,Cold
be-by,en-gb,Холад,Cool
be-by,en-gb,Холад,"Cool clothes"
be-by,en-gb,Холад,Frigid
be-by,en-gb,Холад,Nippy
be-by,en-gb,Холад,Stony
be-by,en-gb,Цi,Or
be-by,en-gb,Цела,Body
be-by,en-gb,Цела,Corps
be-by,en-gb,Чад,Chad
be-by,en-gb,Чалавек,"Human being"
be-by,en-gb,Чалавек,Humanity
be-by,en-gb,Чалавек,Husband
be-by,en-gb,Чалавек,Man
be-by,en-gb,Чалавек,Mate
be-by,en-gb,Чалавек,"No one"
be-by,en-gb,Чалавек,No-one
be-by,en-gb,Чалавек,Nobody
be-by,en-gb,Чалавек,Nonentity
be-by,en-gb,Чалавек,Person
be-by,en-gb,Чало,Abreast
be-by,en-gb,Чало,Battlefront
be-by,en-gb,Чало,Brow
be-by,en-gb,Чало,Edge
be-by,en-gb,Чало,Face
be-by,en-gb,Чало,Forehead
be-by,en-gb,Чало,Front
be-by,en-gb,Чало,"Front line"
be-by,en-gb,Чало,Frontage
be-by,en-gb,Човен,Barque
be-by,en-gb,Човен,Boat
be-by,en-gb,Човен,"Small boat"
be-by,en-gb,Шкло,Glass
be-by,en-gb,Школа,School
be-by,en-gb,Яго,Him
be-by,en-gb,Яго,It
be-by,en-gb,Яго,"To her"
be-by,en-gb,Яго,"To it"
be-by,en-gb,Як,As
be-by,en-gb,Як,Because
be-by,en-gb,Як,"For the reason that"
be-by,en-gb,Як,How
be-by,en-gb,Як,"In a way"
be-by,en-gb,Як,"In what way"
be-by,en-gb,Як,"Such as"
be-by,en-gb,Ямайка,Jamaica
