is-is,mk-mk,"1. apríl","1 април"
is-is,mk-mk,"1. desember","1 декември"
is-is,mk-mk,"1. febrúar","1 февруари"
is-is,mk-mk,"1. janúar","1 јануари"
is-is,mk-mk,"1. júlí","1 јули"
is-is,mk-mk,"1. júní","1 јуни"
is-is,mk-mk,"1. mars","1 март"
is-is,mk-mk,"1. maí","1 мај"
is-is,mk-mk,"1. nóvember","1 ноември"
is-is,mk-mk,"1. október","1 октомври"
is-is,mk-mk,"1. september","1 септември"
is-is,mk-mk,"1. ágúst","1 август"
is-is,mk-mk,"1. öldin","1 век"
is-is,mk-mk,"10. apríl","10 април"
is-is,mk-mk,"10. desember","10 декември"
is-is,mk-mk,"10. febrúar","10 февруари"
is-is,mk-mk,"10. janúar","10 јануари"
is-is,mk-mk,"10. júlí","10 јули"
is-is,mk-mk,"10. júní","10 јуни"
is-is,mk-mk,"10. mars","10 март"
is-is,mk-mk,"10. maí","10 мај"
is-is,mk-mk,"10. nóvember","10 ноември"
is-is,mk-mk,"10. október","10 октомври"
is-is,mk-mk,"10. september","10 септември"
is-is,mk-mk,"10. ágúst","10 август"
is-is,mk-mk,"10. öldin","10 век"
is-is,mk-mk,"11. apríl","11 април"
is-is,mk-mk,"11. desember","11 декември"
is-is,mk-mk,"11. febrúar","11 февруари"
is-is,mk-mk,"11. janúar","11 јануари"
is-is,mk-mk,"11. júlí","11 јули"
is-is,mk-mk,"11. júní","11 јуни"
is-is,mk-mk,"11. mars","11 март"
is-is,mk-mk,"11. maí","11 мај"
is-is,mk-mk,"11. nóvember","11 ноември"
is-is,mk-mk,"11. október","11 октомври"
is-is,mk-mk,"11. september","11 септември"
is-is,mk-mk,"11. ágúst","11 август"
is-is,mk-mk,"11. öldin","11 век"
is-is,mk-mk,"12. apríl","12 април"
is-is,mk-mk,"12. desember","12 декември"
is-is,mk-mk,"12. febrúar","12 февруари"
is-is,mk-mk,"12. janúar","12 јануари"
is-is,mk-mk,"12. júlí","12 јули"
is-is,mk-mk,"12. júní","12 јуни"
is-is,mk-mk,"12. mars","12 март"
is-is,mk-mk,"12. maí","12 мај"
is-is,mk-mk,"12. nóvember","12 ноември"
is-is,mk-mk,"12. október","12 октомври"
is-is,mk-mk,"12. september","12 септември"
is-is,mk-mk,"12. ágúst","12 август"
is-is,mk-mk,"12. öldin","12 век"
is-is,mk-mk,"13. apríl","13 април"
is-is,mk-mk,"13. desember","13 декември"
is-is,mk-mk,"13. febrúar","13 февруари"
is-is,mk-mk,"13. janúar","13 јануари"
is-is,mk-mk,"13. júlí","13 јули"
is-is,mk-mk,"13. júní","13 јуни"
is-is,mk-mk,"13. mars","13 март"
is-is,mk-mk,"13. maí","13 мај"
is-is,mk-mk,"13. nóvember","13 ноември"
is-is,mk-mk,"13. október","13 октомври"
is-is,mk-mk,"13. september","13 септември"
is-is,mk-mk,"13. ágúst","13 август"
is-is,mk-mk,"13. öldin","13 век"
is-is,mk-mk,"14. apríl","14 април"
is-is,mk-mk,"14. desember","14 декември"
is-is,mk-mk,"14. febrúar","14 февруари"
is-is,mk-mk,"14. janúar","14 јануари"
is-is,mk-mk,"14. júlí","14 јули"
is-is,mk-mk,"14. júní","14 јуни"
is-is,mk-mk,"14. mars","14 март"
is-is,mk-mk,"14. maí","14 мај"
is-is,mk-mk,"14. nóvember","14 ноември"
is-is,mk-mk,"14. október","14 октомври"
is-is,mk-mk,"14. september","14 септември"
is-is,mk-mk,"14. ágúst","14 август"
is-is,mk-mk,"14. öldin","14 век"
is-is,mk-mk,"15. apríl","15 април"
is-is,mk-mk,"15. desember","15 декември"
is-is,mk-mk,"15. febrúar","15 февруари"
is-is,mk-mk,"15. janúar","15 јануари"
is-is,mk-mk,"15. júlí","15 јули"
is-is,mk-mk,"15. júní","15 јуни"
is-is,mk-mk,"15. mars","15 март"
is-is,mk-mk,"15. maí","15 мај"
is-is,mk-mk,"15. nóvember","15 ноември"
is-is,mk-mk,"15. október","15 октомври"
is-is,mk-mk,"15. september","15 септември"
is-is,mk-mk,"15. ágúst","15 август"
is-is,mk-mk,"15. öldin","15 век"
is-is,mk-mk,"16. apríl","16 април"
is-is,mk-mk,"16. desember","16 декември"
is-is,mk-mk,"16. febrúar","16 февруари"
is-is,mk-mk,"16. janúar","16 јануари"
is-is,mk-mk,"16. júlí","16 јули"
is-is,mk-mk,"16. júní","16 јуни"
is-is,mk-mk,"16. mars","16 март"
is-is,mk-mk,"16. maí","16 мај"
is-is,mk-mk,"16. nóvember","16 ноември"
is-is,mk-mk,"16. október","16 октомври"
is-is,mk-mk,"16. september","16 септември"
is-is,mk-mk,"16. ágúst","16 август"
is-is,mk-mk,"16. öldin","16 век"
is-is,mk-mk,"17. apríl","17 април"
is-is,mk-mk,"17. desember","17 декември"
is-is,mk-mk,"17. febrúar","17 февруари"
is-is,mk-mk,"17. janúar","17 јануари"
is-is,mk-mk,"17. júlí","17 јули"
is-is,mk-mk,"17. júní","17 јуни"
is-is,mk-mk,"17. mars","17 март"
is-is,mk-mk,"17. maí","17 мај"
is-is,mk-mk,"17. nóvember","17 ноември"
is-is,mk-mk,"17. október","17 октомври"
is-is,mk-mk,"17. september","17 септември"
is-is,mk-mk,"17. ágúst","17 август"
is-is,mk-mk,"17. öldin","17 век"
is-is,mk-mk,"18. apríl","18 април"
is-is,mk-mk,"18. desember","18 декември"
is-is,mk-mk,"18. febrúar","18 февруари"
is-is,mk-mk,"18. janúar","18 јануари"
is-is,mk-mk,"18. júlí","18 јули"
is-is,mk-mk,"18. júní","18 јуни"
is-is,mk-mk,"18. mars","18 март"
is-is,mk-mk,"18. maí","18 мај"
is-is,mk-mk,"18. nóvember","18 ноември"
is-is,mk-mk,"18. október","18 октомври"
is-is,mk-mk,"18. september","18 септември"
is-is,mk-mk,"18. ágúst","18 август"
is-is,mk-mk,"18. öldin","18 век"
is-is,mk-mk,"19. apríl","19 април"
is-is,mk-mk,"19. desember","19 декември"
is-is,mk-mk,"19. febrúar","19 февруари"
is-is,mk-mk,"19. janúar","19 јануари"
is-is,mk-mk,"19. júlí","19 јули"
is-is,mk-mk,"19. júní","19 јуни"
is-is,mk-mk,"19. mars","19 март"
is-is,mk-mk,"19. maí","19 мај"
is-is,mk-mk,"19. nóvember","19 ноември"
is-is,mk-mk,"19. október","19 октомври"
is-is,mk-mk,"19. september","19 септември"
is-is,mk-mk,"19. ágúst","19 август"
is-is,mk-mk,"19. öldin","19 век"
is-is,mk-mk,"2. apríl","2 април"
is-is,mk-mk,"2. desember","2 декември"
is-is,mk-mk,"2. febrúar","2 февруари"
is-is,mk-mk,"2. janúar","2 јануари"
is-is,mk-mk,"2. júlí","2 јули"
is-is,mk-mk,"2. júní","2 јуни"
is-is,mk-mk,"2. mars","2 март"
is-is,mk-mk,"2. maí","2 мај"
is-is,mk-mk,"2. nóvember","2 ноември"
is-is,mk-mk,"2. október","2 октомври"
is-is,mk-mk,"2. september","2 септември"
is-is,mk-mk,"2. ágúst","2 август"
is-is,mk-mk,"2. árþúsundið","11 век"
is-is,mk-mk,"2. öldin","2 век"
is-is,mk-mk,"20. apríl","20 април"
is-is,mk-mk,"20. desember","20 декември"
is-is,mk-mk,"20. febrúar","20 февруари"
is-is,mk-mk,"20. janúar","20 јануари"
is-is,mk-mk,"20. júlí","20 јули"
is-is,mk-mk,"20. júní","20 јуни"
is-is,mk-mk,"20. mars","20 март"
is-is,mk-mk,"20. maí","20 мај"
is-is,mk-mk,"20. nóvember","20 ноември"
is-is,mk-mk,"20. október","20 октомври"
is-is,mk-mk,"20. september","20 септември"
is-is,mk-mk,"20. ágúst","20 август"
is-is,mk-mk,"20. öldin","20 век"
is-is,mk-mk,"21. apríl","21 април"
is-is,mk-mk,"21. desember","21 декември"
is-is,mk-mk,"21. febrúar","21 февруари"
is-is,mk-mk,"21. janúar","21 јануари"
is-is,mk-mk,"21. júlí","21 јули"
is-is,mk-mk,"21. júní","21 јуни"
is-is,mk-mk,"21. mars","21 март"
is-is,mk-mk,"21. maí","21 мај"
is-is,mk-mk,"21. nóvember","21 ноември"
is-is,mk-mk,"21. október","21 октомври"
is-is,mk-mk,"21. september","21 септември"
is-is,mk-mk,"21. ágúst","21 август"
is-is,mk-mk,"21. öldin","21 век"
is-is,mk-mk,"22. apríl","22 април"
is-is,mk-mk,"22. desember","22 декември"
is-is,mk-mk,"22. febrúar","22 февруари"
is-is,mk-mk,"22. janúar","22 јануари"
is-is,mk-mk,"22. júlí","22 јули"
is-is,mk-mk,"22. júní","22 јуни"
is-is,mk-mk,"22. mars","22 март"
is-is,mk-mk,"22. maí","22 мај"
is-is,mk-mk,"22. nóvember","22 ноември"
is-is,mk-mk,"22. október","22 октомври"
is-is,mk-mk,"22. september","22 септември"
is-is,mk-mk,"22. ágúst","22 август"
is-is,mk-mk,"23. apríl","23 април"
is-is,mk-mk,"23. desember","23 декември"
is-is,mk-mk,"23. febrúar","23 февруари"
is-is,mk-mk,"23. janúar","23 јануари"
is-is,mk-mk,"23. júlí","23 јули"
is-is,mk-mk,"23. júní","23 јуни"
is-is,mk-mk,"23. mars","23 март"
is-is,mk-mk,"23. maí","23 мај"
is-is,mk-mk,"23. nóvember","23 ноември"
is-is,mk-mk,"23. október","23 октомври"
is-is,mk-mk,"23. september","23 септември"
is-is,mk-mk,"23. ágúst","23 август"
is-is,mk-mk,"24. apríl","24 април"
is-is,mk-mk,"24. desember","24 декември"
is-is,mk-mk,"24. febrúar","24 февруари"
is-is,mk-mk,"24. janúar","24 јануари"
is-is,mk-mk,"24. júlí","24 јули"
is-is,mk-mk,"24. júní","24 јуни"
is-is,mk-mk,"24. mars","24 март"
is-is,mk-mk,"24. maí","24 мај"
is-is,mk-mk,"24. nóvember","24 ноември"
is-is,mk-mk,"24. október","24 октомври"
is-is,mk-mk,"24. september","24 септември"
is-is,mk-mk,"24. ágúst","24 август"
is-is,mk-mk,"25. apríl","25 април"
is-is,mk-mk,"25. desember","25 декември"
is-is,mk-mk,"25. febrúar","25 февруари"
is-is,mk-mk,"25. janúar","25 јануари"
is-is,mk-mk,"25. júlí","25 јули"
is-is,mk-mk,"25. júní","25 јуни"
is-is,mk-mk,"25. mars","25 март"
is-is,mk-mk,"25. maí","25 мај"
is-is,mk-mk,"25. nóvember","25 ноември"
is-is,mk-mk,"25. október","25 октомври"
is-is,mk-mk,"25. september","25 септември"
is-is,mk-mk,"25. ágúst","25 август"
is-is,mk-mk,"26. apríl","26 април"
is-is,mk-mk,"26. desember","26 декември"
is-is,mk-mk,"26. febrúar","26 февруари"
is-is,mk-mk,"26. janúar","26 јануари"
is-is,mk-mk,"26. júlí","26 јули"
is-is,mk-mk,"26. júní","26 јуни"
is-is,mk-mk,"26. mars","26 март"
is-is,mk-mk,"26. maí","26 мај"
is-is,mk-mk,"26. nóvember","26 ноември"
is-is,mk-mk,"26. október","26 октомври"
is-is,mk-mk,"26. september","26 септември"
is-is,mk-mk,"26. ágúst","26 август"
is-is,mk-mk,"27. apríl","27 април"
is-is,mk-mk,"27. desember","27 декември"
is-is,mk-mk,"27. febrúar","27 февруари"
is-is,mk-mk,"27. janúar","27 јануари"
is-is,mk-mk,"27. júlí","27 јули"
is-is,mk-mk,"27. júní","27 јуни"
is-is,mk-mk,"27. mars","27 март"
is-is,mk-mk,"27. maí","27 мај"
is-is,mk-mk,"27. nóvember","27 ноември"
is-is,mk-mk,"27. október","27 октомври"
is-is,mk-mk,"27. september","27 септември"
is-is,mk-mk,"27. ágúst","27 август"
is-is,mk-mk,"28. apríl","28 април"
is-is,mk-mk,"28. desember","28 декември"
is-is,mk-mk,"28. febrúar","28 февруари"
is-is,mk-mk,"28. janúar","28 јануари"
is-is,mk-mk,"28. júlí","28 јули"
is-is,mk-mk,"28. júní","28 јуни"
is-is,mk-mk,"28. mars","28 март"
is-is,mk-mk,"28. maí","28 мај"
is-is,mk-mk,"28. nóvember","28 ноември"
is-is,mk-mk,"28. október","28 октомври"
is-is,mk-mk,"28. september","28 септември"
is-is,mk-mk,"28. ágúst","28 август"
is-is,mk-mk,"29. apríl","29 април"
is-is,mk-mk,"29. desember","29 декември"
is-is,mk-mk,"29. febrúar","29 февруари"
is-is,mk-mk,"29. janúar","29 јануари"
is-is,mk-mk,"29. júlí","29 јули"
is-is,mk-mk,"29. júní","29 јуни"
is-is,mk-mk,"29. mars","29 март"
is-is,mk-mk,"29. maí","29 мај"
is-is,mk-mk,"29. nóvember","29 ноември"
is-is,mk-mk,"29. október","29 октомври"
is-is,mk-mk,"29. september","29 септември"
is-is,mk-mk,"29. ágúst","29 август"
is-is,mk-mk,"3. apríl","3 април"
is-is,mk-mk,"3. desember","3 декември"
is-is,mk-mk,"3. febrúar","3 февруари"
is-is,mk-mk,"3. janúar","3 јануари"
is-is,mk-mk,"3. júlí","3 јули"
is-is,mk-mk,"3. júní","3 јуни"
is-is,mk-mk,"3. mars","3 март"
is-is,mk-mk,"3. maí","3 мај"
is-is,mk-mk,"3. nóvember","3 ноември"
is-is,mk-mk,"3. október","3 октомври"
is-is,mk-mk,"3. september","3 септември"
is-is,mk-mk,"3. ágúst","3 август"
is-is,mk-mk,"3. öldin","3 век"
is-is,mk-mk,"30. apríl","30 април"
is-is,mk-mk,"30. desember","30 декември"
is-is,mk-mk,"30. febrúar","30 февруари"
is-is,mk-mk,"30. janúar","30 јануари"
is-is,mk-mk,"30. júlí","30 јули"
is-is,mk-mk,"30. júní","30 јуни"
is-is,mk-mk,"30. mars","30 март"
is-is,mk-mk,"30. maí","30 мај"
is-is,mk-mk,"30. nóvember","30 ноември"
is-is,mk-mk,"30. október","30 октомври"
is-is,mk-mk,"30. september","30 септември"
is-is,mk-mk,"30. ágúst","30 август"
is-is,mk-mk,"31. desember","31 декември"
is-is,mk-mk,"31. janúar","31 јануари"
is-is,mk-mk,"31. júlí","31 јули"
is-is,mk-mk,"31. mars","31 март"
is-is,mk-mk,"31. maí","31 мај"
is-is,mk-mk,"31. október","31 октомври"
is-is,mk-mk,"31. ágúst","31 август"
is-is,mk-mk,"4. apríl","4 април"
is-is,mk-mk,"4. desember","4 декември"
is-is,mk-mk,"4. febrúar","4 февруари"
is-is,mk-mk,"4. janúar","4 јануари"
is-is,mk-mk,"4. júlí","4 јули"
is-is,mk-mk,"4. júní","4 јуни"
is-is,mk-mk,"4. mars","4 март"
is-is,mk-mk,"4. maí","4 мај"
is-is,mk-mk,"4. nóvember","4 ноември"
is-is,mk-mk,"4. október","4 октомври"
is-is,mk-mk,"4. september","4 септември"
is-is,mk-mk,"4. ágúst","4 август"
is-is,mk-mk,"4. öldin","4 век"
is-is,mk-mk,"5. apríl","5 април"
is-is,mk-mk,"5. desember","5 декември"
is-is,mk-mk,"5. febrúar","5 февруари"
is-is,mk-mk,"5. janúar","5 јануари"
is-is,mk-mk,"5. júlí","5 јули"
is-is,mk-mk,"5. júní","5 јуни"
is-is,mk-mk,"5. mars","5 март"
is-is,mk-mk,"5. maí","5 мај"
is-is,mk-mk,"5. nóvember","5 ноември"
is-is,mk-mk,"5. október","5 октомври"
is-is,mk-mk,"5. september","5 септември"
is-is,mk-mk,"5. ágúst","5 август"
is-is,mk-mk,"5. öldin","5 век"
is-is,mk-mk,"546 f.Kr.","546 п.н.е."
is-is,mk-mk,"6. apríl","6 април"
is-is,mk-mk,"6. desember","6 декември"
is-is,mk-mk,"6. febrúar","6 февруари"
is-is,mk-mk,"6. janúar","6 јануари"
is-is,mk-mk,"6. júlí","6 јули"
is-is,mk-mk,"6. júní","6 јуни"
is-is,mk-mk,"6. mars","6 март"
is-is,mk-mk,"6. maí","6 мај"
is-is,mk-mk,"6. nóvember","6 ноември"
is-is,mk-mk,"6. október","6 октомври"
is-is,mk-mk,"6. september","6 септември"
is-is,mk-mk,"6. ágúst","6 август"
is-is,mk-mk,"6. öldin f.Kr.","6 век п.н.е."
is-is,mk-mk,"6. öldin","6 век"
is-is,mk-mk,"610 f.Kr.","610 п.н.е."
is-is,mk-mk,"7. apríl","7 април"
is-is,mk-mk,"7. desember","7 декември"
is-is,mk-mk,"7. febrúar","7 февруари"
is-is,mk-mk,"7. janúar","7 јануари"
is-is,mk-mk,"7. júlí","7 јули"
is-is,mk-mk,"7. júní","7 јуни"
is-is,mk-mk,"7. mars","7 март"
is-is,mk-mk,"7. maí","7 мај"
is-is,mk-mk,"7. nóvember","7 ноември"
is-is,mk-mk,"7. október","7 октомври"
is-is,mk-mk,"7. september","7 септември"
is-is,mk-mk,"7. ágúst","7 август"
is-is,mk-mk,"7. öldin f.Kr.","7 век п.н.е."
is-is,mk-mk,"7. öldin","7 век"
is-is,mk-mk,"8. apríl","8 април"
is-is,mk-mk,"8. desember","8 декември"
is-is,mk-mk,"8. febrúar","8 февруари"
is-is,mk-mk,"8. janúar","8 јануари"
is-is,mk-mk,"8. júlí","8 јули"
is-is,mk-mk,"8. júní","8 јуни"
is-is,mk-mk,"8. mars","8 март"
is-is,mk-mk,"8. maí","8 мај"
is-is,mk-mk,"8. nóvember","8 ноември"
is-is,mk-mk,"8. október","8 октомври"
is-is,mk-mk,"8. september","8 септември"
is-is,mk-mk,"8. ágúst","8 август"
is-is,mk-mk,"8. öldin","8 век"
is-is,mk-mk,"9. apríl","9 април"
is-is,mk-mk,"9. desember","9 декември"
is-is,mk-mk,"9. febrúar","9 февруари"
is-is,mk-mk,"9. janúar","9 јануари"
is-is,mk-mk,"9. júlí","9 јули"
is-is,mk-mk,"9. júní","9 јуни"
is-is,mk-mk,"9. mars","9 март"
is-is,mk-mk,"9. maí","9 мај"
is-is,mk-mk,"9. nóvember","9 ноември"
is-is,mk-mk,"9. október","9 октомври"
is-is,mk-mk,"9. september","9 септември"
is-is,mk-mk,"9. ágúst","9 август"
is-is,mk-mk,"9. öldin","9 век"
is-is,mk-mk,"?ingbundin konungsstjorn","Уставна монархија"
is-is,mk-mk,"AC Milan","Милано"
is-is,mk-mk,"Abraham Lincoln","Абрахам Линколн"
is-is,mk-mk,"Adolf Hitler","Адолф Хитлер"
is-is,mk-mk,"Ajas Telamonsson",AJAX
is-is,mk-mk,"Alan Turing","Алан Тјуринг"
is-is,mk-mk,"Albert Camus","Албер Ками"
is-is,mk-mk,"Albert Einstein","Алберт Ајнштајн"
is-is,mk-mk,"Albrecht Dürer","Албрехт Дирер"
is-is,mk-mk,"Alexander Graham Bell","Александар Грејам Бел"
is-is,mk-mk,"Alexander I","Александар I"
is-is,mk-mk,"Alexander mikli","Александар III Македонски"
is-is,mk-mk,"Alexandr Púshkín","Александар Сергеевич Пушкин"
is-is,mk-mk,"Allir dagar ársins","Историски годишнини"
is-is,mk-mk,"Alþjóðlega einingakerfið","SI систем на мерки"
is-is,mk-mk,"Alþýðulýðveldið Kína","Народна Република Кина"
is-is,mk-mk,"An Essay Concerning Human Understanding","Есеј за човековиот разум"
is-is,mk-mk,"Anaxímenes frá Lampsakos","Анаксимен"
is-is,mk-mk,"Andy Warhol","Енди Ворхол"
is-is,mk-mk,"Angela Merkel","Ангела Меркел"
is-is,mk-mk,"Antonio Vivaldi","Антонио Вивалди"
is-is,mk-mk,"Apókrýf rit","Апокриф"
is-is,mk-mk,"Arthur Schopenhauer","Артур Шопенхауер"
is-is,mk-mk,"Asymmetric Digital Subscriber Line","АДСЛ"
is-is,mk-mk,"Augustus De Morgan","Августус де Морган"
is-is,mk-mk,"Augustus De Morgan","Аугустус Де Морган"
is-is,mk-mk,"Austrómverska keisaradæmið","Византија"
is-is,mk-mk,"Bandaríska Samóa","Американска Самоа"
is-is,mk-mk,"Barnahjálp Sameinuðu þjóðanna","УНИЦЕФ"
is-is,mk-mk,"Baruch Spinoza","Барух Спиноза"
is-is,mk-mk,"Benedikt 16.","Папа Бенедикт XVI"
is-is,mk-mk,"Benedikt XVI","Папа Бенедикт XVI"
is-is,mk-mk,"Benito Mussolini","Бенито Мусолини"
is-is,mk-mk,"Benjamin Sehene","Руанда"
is-is,mk-mk,"Bertolt Brecht","Бертолд Брехт"
is-is,mk-mk,"Bertrand Russell","Бертранд Расел"
is-is,mk-mk,"Bill Gates","Бил Гејтс"
is-is,mk-mk,"Bill Hicks","Бил Хикс"
is-is,mk-mk,"Blaise Pascal","Блез Паскал"
is-is,mk-mk,"Bob Dylan","Боб Дилан"
is-is,mk-mk,"Bobby Fischer","Роберт Фишер"
is-is,mk-mk,"Bolzano setningin","Теореми за средна вредност"
is-is,mk-mk,"Bosnía og Hersegóvína","Босна и Херцеговина"
is-is,mk-mk,"Boðorðin tíu","Десет Божји заповеди"
is-is,mk-mk,"Breska heimsveldið","Британска империја"
is-is,mk-mk,"Breskt pund","Британска Фунта"
is-is,mk-mk,"Britney Spears","Бритни Спирс"
is-is,mk-mk,"Brotinn hljómur","Арпеџо"
is-is,mk-mk,"Buenos Aires","Буенос Аирес"
is-is,mk-mk,"Byron lávarður","Џорџ Гордон Бајрон"
is-is,mk-mk,"Búrkína Fasó","Буркина Фасо"
is-is,mk-mk,"Charles Darwin","Чарлс Дарвин"
is-is,mk-mk,"Charles Dickens","Чарлс Дикенс"
is-is,mk-mk,"Charlie Chaplin","Чарли Чаплин"
is-is,mk-mk,"Che Guevara","Че Гевара"
is-is,mk-mk,"Claude Monet","Клод Моне"
is-is,mk-mk,"Da Vinci lykillinn","Кодот на Да Винчи"
is-is,mk-mk,"Dagar ársins","Историски годишнини"
is-is,mk-mk,"Dalai Lama","Далај-лама"
is-is,mk-mk,"Daniel Bernoulli","Даниел Бернули"
is-is,mk-mk,"Dansk-norska stafrófið","Данска и норвешка азбука"
is-is,mk-mk,"Dante Alighieri","Данте Алигиери"
is-is,mk-mk,"Daron Malakian","Дарон Малакиан"
is-is,mk-mk,"David Hume","Дејвид Хјум"
is-is,mk-mk,"Denis Diderot","Дени Дидро"
is-is,mk-mk,"Dimitris P. Kraniotis","Димитрис П. Краниотис"
is-is,mk-mk,"Dream Theater","Dream Theater"
is-is,mk-mk,"Drum and bass","Драм енд бејс"
is-is,mk-mk,"Dóminíska lýðveldið","Доминиканска Република"
is-is,mk-mk,"Earl Grey","Ерл Греј"
is-is,mk-mk,"Edgar Allan Poe","Едгар Алан По"
is-is,mk-mk,"Eintracht Frankfurt","Ајнтрахт Франкфурт"
is-is,mk-mk,"El Salvador","Ел Салвадор"
is-is,mk-mk,"Elizabeth Taylor","Елизабет Тејлор"
is-is,mk-mk,"Elvis Presley","Елвис Присли"
is-is,mk-mk,"Elísabet 1.","Елизабета I"
is-is,mk-mk,"Elísabet 2. Bretadrottning","Елизабета II"
is-is,mk-mk,"Elísabet II","Елизабета II"
is-is,mk-mk,"Emma Goldman","Ема Голдман"
is-is,mk-mk,"Enrico Fermi","Енрико Ферми"
is-is,mk-mk,"Ernest Hemingway","Ернест Хемингвеј"
is-is,mk-mk,"Eugene Wesley Roddenberry","Џин Роденбери"
is-is,mk-mk,"Fara með","Ламанш"
is-is,mk-mk,"Faðir vor","Оче наш"
is-is,mk-mk,"Ferdinand Magellan","Фернандо Магелан"
is-is,mk-mk,"Fidel Castro","Фидел Кастро"
is-is,mk-mk,"Filippus 2. Spánarkonungur","Филип II Македонски"
is-is,mk-mk,"Fjodor Dostojevskíj","Фјодор Михајлович Достоевски"
is-is,mk-mk,"Fjodor Tuttsjev","Фјодор Тjутчев"
is-is,mk-mk,"Foo Fighters","Foo Fighters"
is-is,mk-mk,"Forritunarmálið C",C
is-is,mk-mk,"Forritunarmálið Java","Јава"
is-is,mk-mk,"Forsætisráðherra Bretlands","Листа на премиери на Обединетото Кралство"
is-is,mk-mk,"Forverar Sókratesar","Предсократовска философија"
is-is,mk-mk,"Framkvæmdastjórn Evrópusambandsins","Европска Комисија"
is-is,mk-mk,"Francesco Petrarca","Франческо Петрарка"
is-is,mk-mk,"Francis Bacon","Френсис Бејкон"
is-is,mk-mk,"Francisco Goya","Франсиско Гоја"
is-is,mk-mk,"Franklin D. Roosevelt","Франклин Делано Рузвелт"
is-is,mk-mk,"Franska byltingin","Француска револуција"
is-is,mk-mk,"Franz Kafka","Франц Кафка"
is-is,mk-mk,"Friedrich Engels","Фридрих Енгелс"
is-is,mk-mk,"Friedrich Nietzsche","Фридрих Ниче"
is-is,mk-mk,"Frjáls markaður","Слободен пазар"
is-is,mk-mk,"Frjálsar íþróttir","Атлетика"
is-is,mk-mk,"Frjálslyndi lýðræðisflokkurinn","Либерално демократска партија"
is-is,mk-mk,"Frédéric Chopin","Фредерик Шопен"
is-is,mk-mk,"Fríverslunarsamtök Evrópu","Европска Слободна Трговска Асоцијација"
is-is,mk-mk,"Fylki Bandaríkjanna","Сојузни држави од САД"
is-is,mk-mk,"Fyrri heimsstyrjöldin","Прва Светска војна"
is-is,mk-mk,"Fyrri rökgreiningar","Аналитика Прва"
is-is,mk-mk,"Fyrsta súran","Ел-Фатиха"
is-is,mk-mk,"Gabriel García Márquez","Габриел Гарсија Маркес"
is-is,mk-mk,"Galíleó Galílei","Галилео Галилеј"
is-is,mk-mk,"Gdańsk","Гдањск"
is-is,mk-mk,"Gengis Khan","Џингис Кан"
is-is,mk-mk,"Georg Friedrich Händel","Георг Фридрих Хендл"
is-is,mk-mk,"Georg Wilhelm Friedrich Hegel","Георг Вилхелм Фридрих Хегел"
is-is,mk-mk,"George Bush","Џорџ Буш"
is-is,mk-mk,"George Harrison","Џорџ Харисон"
is-is,mk-mk,"George Washington","Џорџ Вашингтон"
is-is,mk-mk,"Germönsk tungumál","Германски јазици"
is-is,mk-mk,"Giovanni Boccaccio","Џовани Бокачо"
is-is,mk-mk,"God Save the Queen","Боже чувај ја кралицата"
is-is,mk-mk,"Gottfried Wilhelm Leibniz","Готфрид Лајбниц"
is-is,mk-mk,"Gottfried Wilhelm von Leibniz","Готфрид Лајбниц"
is-is,mk-mk,"Gottlob Frege","Готлоб Фреге"
is-is,mk-mk,"Gregoríska tímatalið","Грегоријански календар"
is-is,mk-mk,"Grikkland hið forna","Античка Грција"
is-is,mk-mk,"Grísk goðafræði","Грчка митологија"
is-is,mk-mk,"Grískt stafróf","Грчка азбука"
is-is,mk-mk,"Guglielmo Marconi","Гиљермо Маркони"
is-is,mk-mk,"Gustave Eiffel","Густав Ајфел"
is-is,mk-mk,"Halda upp á","Љубов"
is-is,mk-mk,"Hannibal Barca",Ханибал
is-is,mk-mk,"Heilög þrenning","Тринидад, Куба"
is-is,mk-mk,"Heimastjórnarsvæði Palestínumanna","Палестина"
is-is,mk-mk,"Heimsmeistaramótið í knattspyrnu 2006","Светско Првенство во Фудбал 2006"
is-is,mk-mk,"Heinrich Himmler","Хајнрих Химлер"
is-is,mk-mk,"Helen Keller","Хелен Келер"
is-is,mk-mk,"Hengigarðarnir í Babýlon","Семирамидини висечки градини"
is-is,mk-mk,"Henri Becquerel","Анри Бекерел"
is-is,mk-mk,"Henry Ford","Хенри Форд"
is-is,mk-mk,"Hermann Göring","Херман Геринг"
is-is,mk-mk,"Hermann Hesse","Херман Хесе"
is-is,mk-mk,"Hernán Cortés","Хернан Кортез"
is-is,mk-mk,"Hokkaidō",Хокаидо
is-is,mk-mk,"Hong Kong","Хонг Конг"
is-is,mk-mk,"Horn Afríku","Сомалија"
is-is,mk-mk,"Hvít blóðkorn","Леукоцит"
is-is,mk-mk,"Ichirou Mizuki","Ичиро Мизуки"
is-is,mk-mk,"Immanuel Kant","Имануел Кант"
is-is,mk-mk,"Indiana fylki","Индијана"
is-is,mk-mk,"Indira Gandhi","Индира Ганди"
is-is,mk-mk,"Internet Movie Database","Интернет Филмска База на податоци"
is-is,mk-mk,"Internet Protocol","Интернет Протокол"
is-is,mk-mk,"Iron Maiden","Iron Maiden"
is-is,mk-mk,"Isaac Asimov","Исак Асимов"
is-is,mk-mk,"Isaac Newton","Исак Њутн"
is-is,mk-mk,"Italo Calvino","Итало Калвино"
is-is,mk-mk,"J. K. Rowling","Џ.К.Ролинг"
is-is,mk-mk,"J. R. R. Tolkien","Џ.Р.Р. Толкин"
is-is,mk-mk,"Jacques Chirac","Жак Ширак"
is-is,mk-mk,"James Clerk Maxwell","Џејмс Максвел"
is-is,mk-mk,"James Cook","Џемс Кук"
is-is,mk-mk,"James Joyce","Џемс Џојс"
is-is,mk-mk,"James Watt","Џејмс Ват"
is-is,mk-mk,"Jean Baptiste Joseph Fourier","Жан Батист Жозеф Фурие"
is-is,mk-mk,"Jean-Jacques Rousseau","Жан Жак Русо"
is-is,mk-mk,"Jean-Paul Sartre","Жан-Пол Сартр"
is-is,mk-mk,"Jennifer Aniston","Џенифер Анистон"
is-is,mk-mk,"Jennifer López","Џенифер Лопез"
is-is,mk-mk,"Johann Gutenberg","Јохан Гутенберг"
is-is,mk-mk,"Johann Sebastian Bach","Јохан Себастијан Бах"
is-is,mk-mk,"Johann Wolfgang von Goethe","Јохан Волфганг фон Гете"
is-is,mk-mk,"Johannes Brahms","Јоханес Брамс"
is-is,mk-mk,"Johannes Kepler","Јохан Кеплер"
is-is,mk-mk,"John Dowland","Џон Доуленд"
is-is,mk-mk,"John Forbes Nash","Џон Неш"
is-is,mk-mk,"John Lennon","Џон Ленон"
is-is,mk-mk,"Joseph Goebbels","Јозеф Гебелс"
is-is,mk-mk,"Joseph Haydn","Јозеф Хајдн"
is-is,mk-mk,"Junichiro Koizumi","Џуничироо Коизуми"
is-is,mk-mk,"Juventus FC","Јувентус"
is-is,mk-mk,"Jóhanna af Örk","Јованка Орлеанка"
is-is,mk-mk,"Jóhannes Páll 2.","Папа Јован Павле II"
is-is,mk-mk,"Jóhannes Páll II","Папа Јован Павле II"
is-is,mk-mk,"Jósef Stalín","Јосиф Сталин"
is-is,mk-mk,"József Kossics","Joжeф Кoшич"
is-is,mk-mk,"Júlíus Caesar","Јулиј Цезар"
is-is,mk-mk,"Júrí Gagarín","Јуриј Гагарин"
is-is,mk-mk,"Karl Marx","Карл Маркс"
is-is,mk-mk,"Keltneskar þjóðir","Келти"
is-is,mk-mk,"Kemal Atatürk","Кемал Ататурк"
is-is,mk-mk,"Klassísk aflfræði","Механика"
is-is,mk-mk,"Kofi Annan","Кофи Анан"
is-is,mk-mk,"Koldםoxםנ","£אדכונמה הטמךסטה"
is-is,mk-mk,"Konstantínus mikli","Константин I Велики"
is-is,mk-mk,"Kosta Ríka","Костарика"
is-is,mk-mk,"Końskowola","Коњсковола"
is-is,mk-mk,"Kristófer Kólumbus","Кристофер Колумбо"
is-is,mk-mk,"Kurt Vonnegut","Курт Вонегат"
is-is,mk-mk,"Kóralrifið mikla","Голем корален гребен"
is-is,mk-mk,"Kýrillískt letur","Кирилица"
is-is,mk-mk,"Landamæralaust land","Островска држава"
is-is,mk-mk,"Lars von Trier","Ларс фон Триер"
is-is,mk-mk,"Las Vegas","Лас Вегас"
is-is,mk-mk,"Latnesk málfræði","Граматика на латинскиот јазик"
is-is,mk-mk,"Latneskar bókmenntir","Римска книжевност"
is-is,mk-mk,"Latneskt stafróf","Латиница"
is-is,mk-mk,"Laó Tse","Лао-це"
is-is,mk-mk,"Le Corbusier","Ле Корбизје"
is-is,mk-mk,"Led Zeppelin","Led Zeppelin"
is-is,mk-mk,"Leonardo da Vinci","Леонардо да Винчи"
is-is,mk-mk,"Leonhard Euler","Леонард Ојлер"
is-is,mk-mk,"Lev Tolstoj","Лав Николаевич Толстој"
is-is,mk-mk,"Linus Torvalds","Линус Торвалдс"
is-is,mk-mk,"Listi yfir erlend orð í tónfræði","Арпеџо"
is-is,mk-mk,"Listi yfir forseta Bandaríkjanna","Листа на претседатели на Соединетите Американски Држави"
is-is,mk-mk,"Listi yfir frumefni eftir nafni","Хемиски елемент"
is-is,mk-mk,"Listi yfir frumefni eftir sætistölu","Хемиските елементи наредени според атомскиот броj"
is-is,mk-mk,"Listi yfir fullvalda ríki","Листа на земјите во светот"
is-is,mk-mk,"Listi yfir stærðfræðinga","Математика"
is-is,mk-mk,"Listi yfir sálfræðinga","Листа на психолози"
is-is,mk-mk,"Listi yfir tungumál","Јазик"
is-is,mk-mk,"Los Angeles","Лос Анџелес"
is-is,mk-mk,"Ludwig van Beethoven","Лудвиг ван Бетовен"
is-is,mk-mk,"Lönd eftir landsframleiðslu á mann","Листа на земји по површина"
is-is,mk-mk,"Lönd eftir landsframleiðslu á mann","Листа на земјите во светот"
is-is,mk-mk,"Lönd eftir mannfjölda","Листа на земји по површина"
is-is,mk-mk,"Lönd eftir stærð","Листа на земји по површина"
is-is,mk-mk,"Lýðveldið Kongó","Конго, Демократска Република"
is-is,mk-mk,"Lýðveldið Kína","Република Кина"
is-is,mk-mk,"Lýðveldið Makedónía","Република Македонија"
is-is,mk-mk,"Lِg","ֿנאגמ"
is-is,mk-mk,"Magna Carta","Магна Карта"
is-is,mk-mk,"Mahmoud Ahmadinejad","Махмуд Ахмадинеџад"
is-is,mk-mk,"Manchester United","ФК Манчестер Јунајтед"
is-is,mk-mk,"Mannréttindayfirlýsing Sameinuðu þjóðanna","Декларација за правата на човекот"
is-is,mk-mk,"Marcel Proust","Марсел Пруст"
is-is,mk-mk,"Marco Polo","Марко Поло"
is-is,mk-mk,"Marcus Tullius Cicero","Цицерон"
is-is,mk-mk,"Marie Curie","Марија Склодовска - Кири"
is-is,mk-mk,"Marija Šerifović","Марија Шерифовиќ"
is-is,mk-mk,"Marteinn Lúther","Мартин Лутер"
is-is,mk-mk,"Mary Wollstonecraft","Мери Волстонкрафт"
is-is,mk-mk,"María mey","Богородица Марија"
is-is,mk-mk,"Mathias Enard","Габриел Гарсија Маркес"
is-is,mk-mk,"Michelangelo Buonarroti","Микеланџело Буонароти"
is-is,mk-mk,"Microsoft Windows","Microsoft Windows"
is-is,mk-mk,"Mozilla Firefox","Mozilla Firefox"
is-is,mk-mk,"Murasaki Shikibu","Мурасаки Шикибу"
is-is,mk-mk,"Móna Lísa","Мона Лиза"
is-is,mk-mk,"Móðir Teresa","Мајка Тереза"
is-is,mk-mk,"Napoleon Bonaparte","Наполеон Бонапарт"
is-is,mk-mk,"National Basketball Association","Национална Кошаркарска Асоцијација"
is-is,mk-mk,"Nelson Mandela","Нелсон Мандела"
is-is,mk-mk,"New Hampshire","Њу Хемпшир"
is-is,mk-mk,"New Jersey","Њу Џерси"
is-is,mk-mk,"New Mexico","Њу Мексико"
is-is,mk-mk,"New York","Њујорк"
is-is,mk-mk,"New York-borg","Њујорк Сити"
is-is,mk-mk,"New York-fylki","Њујорк"
is-is,mk-mk,"Niccolò Machiavelli","Николо Макијавели"
is-is,mk-mk,"Nicolas Sarkozy","Никола Саркози"
is-is,mk-mk,"Niels Bohr","Нилс Бор"
is-is,mk-mk,"Nikola Tesla","Никола Тесла"
is-is,mk-mk,"Noam Chomsky","Ноам Чомски"
is-is,mk-mk,"Norður Íshaf","Арктички Океан"
is-is,mk-mk,"Norður Íshaf","Северен Леден Океан"
is-is,mk-mk,"Norður-Írland","Северна Ирска"
is-is,mk-mk,"Norður-Íshaf","Северен Леден Океан"
is-is,mk-mk,"Náttúrlegar tölur","Природен број"
is-is,mk-mk,"Nýja Delí","Њу Делхи"
is-is,mk-mk,"Octave Mirbeau","Октав Мирбо"
is-is,mk-mk,"Opinbert tungumál","Официјален јазик"
is-is,mk-mk,"Osama bin Laden","Осама бин Ладен"
is-is,mk-mk,"Osmótískur þrýstingur","Осмотски притисок"
is-is,mk-mk,"Otto von Bismarck","Ото фон Бизмарк"
is-is,mk-mk,"PH gildi","Водороден показател"
is-is,mk-mk,"PL Kyodan","ПЛ Кјодан"
is-is,mk-mk,"Pablo Picasso","Пабло Луис Пикасо"
is-is,mk-mk,"Papúa Nýja-Gínea","Папуа Нова Гвинеја"
is-is,mk-mk,"Patrick Süskind","Патрик Зискинд"
is-is,mk-mk,"Paul Cézanne","Пол Сезан"
is-is,mk-mk,"Paul McCartney","Пол Мекартни"
is-is,mk-mk,"Pierre-Simon Laplace","Пјер Симон Лаплас"
is-is,mk-mk,"Pjotr Iljitsj Tsjaíkovskíj","Петар Илич Чајковски"
is-is,mk-mk,"Plinius yngri","Плиниј Помладиот"
is-is,mk-mk,"Porto Novo","Порто Ново"
is-is,mk-mk,"Páskahald gyðinga","Велигден"
is-is,mk-mk,"Pétur mikli","Петар Велики"
is-is,mk-mk,"Púertó Ríkó","Порторико"
is-is,mk-mk,"Pýramídinn mikli í Giza","Пирамиди во Гиза"
is-is,mk-mk,"Rachel Carson","Рејчел Карсон"
is-is,mk-mk,"Raffaello Sanzio","Архангел Рафаил"
is-is,mk-mk,"Rauð blóðkorn","Еритроцит"
is-is,mk-mk,"Regluleg segð","Регуларни изрази"
is-is,mk-mk,"René Descartes","Рене Декарт"
is-is,mk-mk,"Rhode Island","Род Ајленд"
is-is,mk-mk,"Richard Stallman","Ричард Сталман"
is-is,mk-mk,"Richard Wagner","Рихард Вагнер"
is-is,mk-mk,"Rio de Janeiro","Рио де Жанеиро"
is-is,mk-mk,"Robert Louis Stevenson","Роберт Луис Стивенсон"
is-is,mk-mk,"Rolling Stones","The Rolling Stones"
is-is,mk-mk,"Rosa Luxemburg","Роза Луксембург"
is-is,mk-mk,"Rosa Parks","Роза Паркс"
is-is,mk-mk,"Rudolf Hess","Рудолф Хес"
is-is,mk-mk,"Ræðar tölur","Рационален број"
is-is,mk-mk,"Rétt röksemdafærsla","Правилност"
is-is,mk-mk,"Rómanska Ameríka","Латинска Америка"
is-is,mk-mk,"Rómverska heimsveldið","Римска империја"
is-is,mk-mk,"Rómverska keisaradæmið","Римска империја"
is-is,mk-mk,"Rómönsk tungumál","Романски јазици"
is-is,mk-mk,"Saga Íslands","Исланд"
is-is,mk-mk,"Salman Rushdie","Салман Ружди"
is-is,mk-mk,"Salvador Allende","Салвадор Аљенде"
is-is,mk-mk,"Salvador Dalí","Салвадор Дали"
is-is,mk-mk,"Sameinuðu arabísku furstadæmin","Обединети Арапски Емирати"
is-is,mk-mk,"Sameinuðu þjóðirnar","Обединети Нации"
is-is,mk-mk,"Samningur um verndun mannréttinda og mannfrelsis","Европска конвенција за човекови права"
is-is,mk-mk,"Samuel Beckett","Самјуел Бекет"
is-is,mk-mk,"Samveldi sjálfstæðra ríkja","Заедница на независни држави"
is-is,mk-mk,"San Francisco","Сан Франциско"
is-is,mk-mk,"San Marínó","Сан Марино"
is-is,mk-mk,"Sankti Vinsent og Grenadíneyjar","Свети Винсент и Гренадини"
is-is,mk-mk,"Sanna Jesús kirkjan","Вистинска црква на Исус"
is-is,mk-mk,"Santiago de Cuba","Сантијаго де Куба"
is-is,mk-mk,"Santó Dómingó","Санто Доминго"
is-is,mk-mk,"Saparmyrat Nyýazow","Сапармурат Нијазов"
is-is,mk-mk,"Saó Tóme og Prinsípe","Сао Томе и Принсипе"
is-is,mk-mk,"Scarlett Johansson","Скарлет Јохансон"
is-is,mk-mk,"Seinni heimsstyrjöldin","Втора Светска војна"
is-is,mk-mk,"Serbía og Svartfjallaland","Србија и Црна Гора"
is-is,mk-mk,"Serj Tankian","Серж Танкиан"
is-is,mk-mk,"Showa keisari","Хирохито"
is-is,mk-mk,"Sigmund Freud","Зигмунд Фројд"
is-is,mk-mk,"Silicon Valley","Силициумска долина"
is-is,mk-mk,"Silvio Berlusconi","Силвио Берлускони"
is-is,mk-mk,"Sjálfbær þróun","Одржлив развој"
is-is,mk-mk,"Sjö undur veraldar","Седум светски чуда"
is-is,mk-mk,"Skandيn","Скандиум"
is-is,mk-mk,"Skeyta um","Математичка статистика"
is-is,mk-mk,"Slavnesk tungumál","Словенски јазици"
is-is,mk-mk,"Spænska borgarastyrjöldin","Шпанска граѓанска војна"
is-is,mk-mk,"Star Trek","Ѕвездени патеки"
is-is,mk-mk,"Stefan Banach","Стефан Банах"
is-is,mk-mk,"Steve Jobs","Стив Џобс"
is-is,mk-mk,"Steve Vai","Стив Ваи"
is-is,mk-mk,"Stjórnarskrárbundin konungsstjórn","Уставна монархија"
is-is,mk-mk,"Stjórnlaus samtakahyggja","Анархизам"
is-is,mk-mk,"Styrkt vín","Зајакнато вино"
is-is,mk-mk,"Stærðfræðileg sönnun","Математички доказ"
is-is,mk-mk,"Stóru vötnin","Големите езера"
is-is,mk-mk,"Sumargræn jurt","Листопадни растенија"
is-is,mk-mk,"Sunnanverð Afríka","Јужна Африка"
is-is,mk-mk,"Sylvia Plath","Силвија Плат"
is-is,mk-mk,"System of a Down","System of a Down"
is-is,mk-mk,"Síerra Leóne","Сиера Леоне"
is-is,mk-mk,"Söguleg málvísindi","Лингвистика"
is-is,mk-mk,"Söngvakeppni evrópskra sjónvarpsstöðva","Евровизија"
is-is,mk-mk,"Søren Kierkegaard","Серен Кјеркегор"
is-is,mk-mk,"Sýslur í Englandi","Церемонијални англиски грофовии"
is-is,mk-mk,"Słowo","Збор"
is-is,mk-mk,"Tel Aviv","Тел Авив"
is-is,mk-mk,"The O.C.","Округот Оринџ"
is-is,mk-mk,"Thomas Alva Edison","Томас Алва Едисон"
is-is,mk-mk,"Thomas Hobbes","Томас Хобс"
is-is,mk-mk,"Thomas Mann","Томас Ман"
is-is,mk-mk,"Tony Blair","Тони Блер"
is-is,mk-mk,"Trínidad og Tóbagó","Тринидад и Тобаго"
is-is,mk-mk,"Trúarjátning múslima","Шехадет"
is-is,mk-mk,"Tungumál í Evrópusambandinu","Јазици на Европската Унија"
is-is,mk-mk,"Tyrkneska lýðveldið á Norður-Kýpur","Турска Република Северен Кипар"
is-is,mk-mk,"Um túlkun","За толкувањата"
is-is,mk-mk,"Umberto Eco","Умберто Еко"
is-is,mk-mk,"Vasco da Gama","Васко де Гама"
is-is,mk-mk,"Vetrarólympíuleikarnir 2006","Зимски олимписки игри - 2006"
is-is,mk-mk,"Victor Hugo","Виктор Иго"
is-is,mk-mk,"Viktoría Bretadrottning","Викторија"
is-is,mk-mk,"Vincent van Gogh","Винсент ван Гог"
is-is,mk-mk,"Vladímír Lenín","Владимир Илич Ленин"
is-is,mk-mk,"Vladímír Pútín","Владимир Путин"
is-is,mk-mk,"Vottar Jehóva","Јеховини сведоци"
is-is,mk-mk,"Vísindaleg flokkun","Систематика"
is-is,mk-mk,"Vötnin miklu","Големите езера"
is-is,mk-mk,"W. H. Auden","Вистан Хју Одн"
is-is,mk-mk,"Walt Disney","Волт Дизни"
is-is,mk-mk,"Wesleyan-háskóli í Ohio","Веслијан"
is-is,mk-mk,"Wilhelm Conrad Röntgen","Рендген"
is-is,mk-mk,"William Blake","Вилијам Блејк"
is-is,mk-mk,"William Faulkner","Вилијам Фокнер"
is-is,mk-mk,"William Hogarth","Вилијам Хогарт"
is-is,mk-mk,"William Shakespeare","Вилијам Шекспир"
is-is,mk-mk,"William Thomson","Вилјем Томсон"
is-is,mk-mk,"Winston Churchill","Винстон Черчил"
is-is,mk-mk,"Wolfgang Amadeus Mozart","Волфганг Амадеус Моцарт"
is-is,mk-mk,"Yasser Arafat","Јасер Арафат"
is-is,mk-mk,"Á","Река"
is-is,mk-mk,"Áfengi","Алкохолен пијалок"
is-is,mk-mk,"Ágóði","Профит"
is-is,mk-mk,"Ágústínus","Свети Августин"
is-is,mk-mk,"Áhugamaður","Аматер"
is-is,mk-mk,"Ál","Алуминиум"
is-is,mk-mk,"Álit","Идеја"
is-is,mk-mk,"Álit","Концепт"
is-is,mk-mk,"Áreiðanlegur","Цврста агрегатна состојба"
is-is,mk-mk,"Árgangur","Волумен"
is-is,mk-mk,"Árkvísl","Бифуркација"
is-is,mk-mk,"Áróður","Пропаганда"
is-is,mk-mk,"Ásgörn","Пост"
is-is,mk-mk,"Ást","Љубов"
is-is,mk-mk,"Ástralasía","Океанија"
is-is,mk-mk,"Ástralía","Австралија"
is-is,mk-mk,"Áta","Храна"
is-is,mk-mk,"Áttfættlur","Пајаковидни"
is-is,mk-mk,"Ávallt","Секогаш"
is-is,mk-mk,"Æfi","Живот"
is-is,mk-mk,"Æfisaga","Биографија"
is-is,mk-mk,"Ægir","Море"
is-is,mk-mk,"Ættkvísl","Род"
is-is,mk-mk,"Ævisaga","Биографија"
is-is,mk-mk,"Æð","Вена"
is-is,mk-mk,"Æði","Природа"
is-is,mk-mk,"Íberíuskaginn","Пиринејски полуостров"
is-is,mk-mk,"Íbúar","Население"
is-is,mk-mk,"Íhald","Конзерватизам"
is-is,mk-mk,"Íkaros","Икар"
is-is,mk-mk,"Írak","Ирак"
is-is,mk-mk,"Íran","Иран"
is-is,mk-mk,"Írska","Ирски јазик"
is-is,mk-mk,"Íslam","Ислам"
is-is,mk-mk,"Ísland","Исланд"
is-is,mk-mk,"Íslenska","Македонски"
is-is,mk-mk,"Ísrael","Израел"
is-is,mk-mk,"Ítalska","Италијански јазик"
is-is,mk-mk,"Ítalskur","Италијански јазик"
is-is,mk-mk,"Ítalskur","Македонски"
is-is,mk-mk,"Ítalía","Италија"
is-is,mk-mk,"Íó","Јупитер"
is-is,mk-mk,"Íþrótt","Спорт"
is-is,mk-mk,"Íþróttir","Спорт"
is-is,mk-mk,"Ófriður","Војна"
is-is,mk-mk,"Ólympíuleikarnir","Олимпијада"
is-is,mk-mk,"Óman","Оман"
is-is,mk-mk,"Ópera","Опера"
is-is,mk-mk,"Óskarsverðlaunin","Оскар"
is-is,mk-mk,"Ósmanska ríkið","Отоманска Империја"
is-is,mk-mk,"Ósíris","Озирис"
is-is,mk-mk,"Ögn","Бит"
is-is,mk-mk,"Öl","Пиво"
is-is,mk-mk,"Ömurlegur","Пустина"
is-is,mk-mk,"Öndun","Дишење"
is-is,mk-mk,"Öreind","Елементарна честичка"
is-is,mk-mk,"Örtröð","Маса"
is-is,mk-mk,"Öryggisráð Sameinuðu þjóðanna","Совет за безбедност на ОН"
is-is,mk-mk,"Öskubakki","Пепелник"
is-is,mk-mk,"Öxi","Секира"
is-is,mk-mk,"Öxulveldin","Сили на Оската"
is-is,mk-mk,"Úganda",Уганда
is-is,mk-mk,"Úkraínska","Украински јазик"
is-is,mk-mk,"Úlfur","Обичен шакал"
is-is,mk-mk,"Úralfjöll","Уралски федерален округ"
is-is,mk-mk,"Úran","Уран"
is-is,mk-mk,"Úranus","Уран"
is-is,mk-mk,"Úrtaksmengi","Вселена"
is-is,mk-mk,"Úrúgvæ","Уругвај"
is-is,mk-mk,"Útfjólublátt ljós","Ултравиолетова светлина"
is-is,mk-mk,"Útlit","Воздух"
is-is,mk-mk,"Útselur","Обичен шакал"
is-is,mk-mk,"Úttaugakerfið","Периферен нервен систем"
is-is,mk-mk,"Útvarp","Радио"
is-is,mk-mk,"Útvarpsþáttur","Радио"
is-is,mk-mk,"Ýkjur","Хипербола"
is-is,mk-mk,"Þekking","Знаење"
is-is,mk-mk,"Þessalía","Тесалија"
is-is,mk-mk,"Þingbundin konungsstjórn","Уставна монархија"
is-is,mk-mk,"Þjóðaratkvæðagreiðsla","Референдум"
is-is,mk-mk,"Þjóðernishyggja","Национализам"
is-is,mk-mk,"Þjóðhagfræði","Макроекономија"
is-is,mk-mk,"Þjóðréttarsamningur","Трактат"
is-is,mk-mk,"Þjóðsöngur","Национална химна"
is-is,mk-mk,"Þoka","Мaгла"
is-is,mk-mk,"Þrakía","Тракија"
is-is,mk-mk,"Þrepun","Индукција"
is-is,mk-mk,"Þriðjudagur","Вторник"
is-is,mk-mk,"Þráðormar","Цевчести црви"
is-is,mk-mk,"Þrælahald","Ропство"
is-is,mk-mk,"Þríhyrningur","Триаголник"
is-is,mk-mk,"Þróunarkenningin","Еволутивна биологија"
is-is,mk-mk,"Þróunarlíffræði","Еволутивна биологија"
is-is,mk-mk,"Þrýsting","Притисок"
is-is,mk-mk,"Þverflauta","Флејта"
is-is,mk-mk,"Þyngd",Тежина
is-is,mk-mk,"Þéttbýli",Село
is-is,mk-mk,"Þéttleiki byggðar","Густина на населеност"
is-is,mk-mk,"Þór","Тор"
is-is,mk-mk,"Þúsund og ein nótt","Илјада и една ноќ"
is-is,mk-mk,"Þýska","Германски јазик"
is-is,mk-mk,"Þýskaland","Германија"
is-is,mk-mk,"Þýskur","Германски јазик"
is-is,mk-mk,"Þýzkland","Германија"
is-is,mk-mk,"Þýzkur","Германски јазик"
is-is,mk-mk,"Π","Пи"
is-is,mk-mk,Abidjan,"Абиџан"
is-is,mk-mk,Abútja,"Абуџа"
is-is,mk-mk,Acre,"Акра"
is-is,mk-mk,Adenósínþrífosfat,"Аденозин трифосфат"
is-is,mk-mk,Adrenalín,"Адреналин"
is-is,mk-mk,Adríahaf,"Јадранско Море"
is-is,mk-mk,Afganistan,"Авганистан"
is-is,mk-mk,Afl,Сила
is-is,mk-mk,Afla,"Продукт"
is-is,mk-mk,Afleiða,"Диференцијално сметање"
is-is,mk-mk,Afleiðsla,"Дедукција"
is-is,mk-mk,Afrita,"Копија"
is-is,mk-mk,Afríka,"Африка"
is-is,mk-mk,Afródíta,"Афродита"
is-is,mk-mk,Afstæðiskenningin,"Теорија на релативитет"
is-is,mk-mk,Afturbolur,"Стомачна празнина"
is-is,mk-mk,Afurðir,"Продукт"
is-is,mk-mk,Ajas,AJAX
is-is,mk-mk,Ajax,AJAX
is-is,mk-mk,Akkadíska,"Акадски јазик"
is-is,mk-mk,Akstursíþróttir,"Моторни трки"
is-is,mk-mk,Akur,Село
is-is,mk-mk,Akuryrkja,"Земјоделство"
is-is,mk-mk,Alabama,"Алабама"
is-is,mk-mk,Alaska,"Аљаска"
is-is,mk-mk,Albanska,"Албански јазик"
is-is,mk-mk,Albanía,"Албанија"
is-is,mk-mk,Aldur,"Регистриран заштитен знак"
is-is,mk-mk,Algebra,"Алгебра"
is-is,mk-mk,Algeirsborg,"Алжир"
is-is,mk-mk,Algengur,"Вселена"
is-is,mk-mk,Algyðistrú,"Пантеизам"
is-is,mk-mk,Alheimurinn,"Вселена"
is-is,mk-mk,Alkalímálmur,"Алкален метал"
is-is,mk-mk,Alkanar,"Алкан"
is-is,mk-mk,Alkenar,"Алкен"
is-is,mk-mk,Alkóhól,"Алкохол"
is-is,mk-mk,Alkóhólismi,"Алкохолизам"
is-is,mk-mk,Alltaf,"Секогаш"
is-is,mk-mk,Almennur,"Вселена"
is-is,mk-mk,Alnæmi,"СИДА"
is-is,mk-mk,Alsír,"Алжир"
is-is,mk-mk,Alþjóðaviðskiptastofnunin,"Светска Трговска Организација"
is-is,mk-mk,Amasónfljót,"Амазон"
is-is,mk-mk,Amazonas,"Амазон"
is-is,mk-mk,Ameríka,"Америка"
is-is,mk-mk,Amman,"Аман"
is-is,mk-mk,Amsterdam,"Амстердам"
is-is,mk-mk,Anatólía,"Мала Азија"
is-is,mk-mk,Anaxímandros,"Анаксимандар"
is-is,mk-mk,Anaxímenes,"Анаксимен"
is-is,mk-mk,Andardráttur,"Дишење"
is-is,mk-mk,Andartak,"Дишење"
is-is,mk-mk,Andatrú,"Анимизам"
is-is,mk-mk,Andesfjöll,"Анди"
is-is,mk-mk,Andi,"Дишење"
is-is,mk-mk,Andorra,"Андора"
is-is,mk-mk,Andrómeda,"Андромеда"
is-is,mk-mk,Andrúmsloft,"Атмосфера"
is-is,mk-mk,Andskoti,"Ѓавол"
is-is,mk-mk,Angóla,"Ангола"
is-is,mk-mk,Ankara,"Анкара"
is-is,mk-mk,Appelsína,"Орање"
is-is,mk-mk,Apríl,"Април"
is-is,mk-mk,Arabíska,"Арапски јазик"
is-is,mk-mk,Ares,"Арес"
is-is,mk-mk,Argentína,"Аргентина"
is-is,mk-mk,Argon,"Аргон"
is-is,mk-mk,Arinn,"Камин"
is-is,mk-mk,Aristóteles,"Аристотел"
is-is,mk-mk,Arizona,"Аризона"
is-is,mk-mk,Arkansas,"Арканзас"
is-is,mk-mk,Arkímedes,"Архимед"
is-is,mk-mk,Armenía,"Ерменија"
is-is,mk-mk,Arsenal,"ФК Арсенал"
is-is,mk-mk,Arúba,"Аруба"
is-is,mk-mk,Aserbaídsjan,"Азербејџан"
is-is,mk-mk,Asksveppir,"Торбести габи"
is-is,mk-mk,Astmi,"Астма"
is-is,mk-mk,Asía,"Азија"
is-is,mk-mk,At?mmassi,"Атомска маса"
is-is,mk-mk,Ata,"Почва"
is-is,mk-mk,Athygli,"Орган"
is-is,mk-mk,Athöfn,"Церемонија"
is-is,mk-mk,Atlantshaf,"Атлантски Океан"
is-is,mk-mk,Atlantshafsbandalagið,"НАТО"
is-is,mk-mk,Atriði,"Материја"
is-is,mk-mk,Atriði,"Супстанција"
is-is,mk-mk,Atvinna,"Трговија"
is-is,mk-mk,Atvinna,"Факт"
is-is,mk-mk,Atómmassi,"Атомска маса"
is-is,mk-mk,Auga,"Око"
is-is,mk-mk,Augntönn,"Плунковнa жлездa"
is-is,mk-mk,Auking,"Раст"
is-is,mk-mk,Austur-Afríka,"Јужна Африка"
is-is,mk-mk,Austur-Evrópa,"Источна Европа"
is-is,mk-mk,Austur-Kongó,"Демократска Република Конго"
is-is,mk-mk,Austur-Tímor,"Источен Тимор"
is-is,mk-mk,Austurríki,"Австрија"
is-is,mk-mk,Auðn,"Пустина"
is-is,mk-mk,Averróes,"Авероес"
is-is,mk-mk,Að,"Стих"
is-is,mk-mk,Aðalsveldi,"Аристократија"
is-is,mk-mk,Aðflutningur,"Транспорт"
is-is,mk-mk,Aðráttur,"Транспорт"
is-is,mk-mk,Aðskeyti,"Наставка"
is-is,mk-mk,Aþena,"Атина"
is-is,mk-mk,Babsk,"Бабск"
is-is,mk-mk,Bagdad,"Багдад"
is-is,mk-mk,Bahamaeyjar,"Бахамски Острови"
is-is,mk-mk,Bajkalvatn,"Бајкалско Езеро"
is-is,mk-mk,Bali,"Тревник"
is-is,mk-mk,Balkanskaginn,"Балкански полуостров"
is-is,mk-mk,Bananalýðveldi,"Банана република"
is-is,mk-mk,Bandaríkin,"Соединети Американски Држави"
is-is,mk-mk,Bandaríkjadalur,"Американски долар"
is-is,mk-mk,Bangkok,"Бангкок"
is-is,mk-mk,Bangladess,"Бангладеш"
is-is,mk-mk,Bangví,"Банги"
is-is,mk-mk,Barbados,"Барбадос"
is-is,mk-mk,Barcelona,"Барселона"
is-is,mk-mk,Barein,"Бахрaин"
is-is,mk-mk,Barki,"Дишник"
is-is,mk-mk,Barn,"Македонски"
is-is,mk-mk,Basalt,"Базалт"
is-is,mk-mk,Basi,"База"
is-is,mk-mk,Bassi,"Бас гитара"
is-is,mk-mk,Bein,"Коска"
is-is,mk-mk,Beinfiskar,"Коскени риби"
is-is,mk-mk,Beit,"Пасиште"
is-is,mk-mk,Beitiland,"Пасиште"
is-is,mk-mk,Belgrad,"Белград"
is-is,mk-mk,Belgía,"Белгија"
is-is,mk-mk,Belís,"Белизе"
is-is,mk-mk,Benelúxlöndin,"Бенелукс"
is-is,mk-mk,Benín,"Бенин"
is-is,mk-mk,Benínflói,"Бенин"
is-is,mk-mk,Berg,"Карпа"
is-is,mk-mk,Bergflétta,"Бршлен"
is-is,mk-mk,Bergæð,"Вена"
is-is,mk-mk,Berlín,"Берлин"
is-is,mk-mk,Beryllín,"Берилиум"
is-is,mk-mk,Beyki,"Бука"
is-is,mk-mk,Biblía,"Библија"
is-is,mk-mk,Biblían,"Библија"
is-is,mk-mk,Biblíuvers,"Стих"
is-is,mk-mk,Bifreið,"Автомобил"
is-is,mk-mk,Bindi,"Волумен"
is-is,mk-mk,Birta,"Светлина"
is-is,mk-mk,Bissá,"Бисау"
is-is,mk-mk,Bjarg,"Карпа"
is-is,mk-mk,Bjarndýr,"Мечка"
is-is,mk-mk,Bjartur,"Светлина"
is-is,mk-mk,Bjärndýr,"Мечка"
is-is,mk-mk,Bjór,"Пиво"
is-is,mk-mk,Björn,"Мечка"
is-is,mk-mk,Blagg,"Блог"
is-is,mk-mk,Blak,"Одбојка"
is-is,mk-mk,Blanda,"Смеса"
is-is,mk-mk,Blað,"Лист"
is-is,mk-mk,Blaðka,"Лист"
is-is,mk-mk,Bloemfontein,"Блумфонтејн"
is-is,mk-mk,Blogg,"Блог"
is-is,mk-mk,Blom,"Цвет"
is-is,mk-mk,Blágrýti,"Базалт"
is-is,mk-mk,Bláæð,"Вена"
is-is,mk-mk,Blóm,"Цвет"
is-is,mk-mk,Blómi,"Цвет"
is-is,mk-mk,Blómstra,"Цвет"
is-is,mk-mk,Blóð,"Крв"
is-is,mk-mk,Blóðflaga,"Тромбоцит"
is-is,mk-mk,Blóðrásarkerfi,"Циркулаторен систем"
is-is,mk-mk,Blöðruselur,"Обичен шакал"
is-is,mk-mk,Bogagráða,"Агол"
is-is,mk-mk,Bor,"Бор"
is-is,mk-mk,Borg,"Град"
is-is,mk-mk,Borgarstjóri,"Градоначалник"
is-is,mk-mk,Borðsalt,Соли
is-is,mk-mk,Botsvana,"Боцвана"
is-is,mk-mk,Brasilía,"Бразил"
is-is,mk-mk,Bratislava,"Братислава"
is-is,mk-mk,Braut,"Пат"
is-is,mk-mk,Brauð,"Леб"
is-is,mk-mk,Bremen,"Бремен"
is-is,mk-mk,Brennisteinn,"Сулфур"
is-is,mk-mk,Bretland,"Обединетото Кралство"
is-is,mk-mk,Breyta,"Промена"
is-is,mk-mk,Breyting,"Промена"
is-is,mk-mk,Brjóskfiskar,"‘Рскавични риби"
is-is,mk-mk,Bronsöld,"Бронзено доба"
is-is,mk-mk,Brussel,"Брисел"
is-is,mk-mk,Bryggja,"Мол"
is-is,mk-mk,Brynvagn,Тенк
is-is,mk-mk,Brá,"Клепач"
is-is,mk-mk,Bræðslumark,"Точка на топење"
is-is,mk-mk,Bréf,"Буква"
is-is,mk-mk,Bróm,"Бром"
is-is,mk-mk,Brúnei,"Брунеи"
is-is,mk-mk,Bujörð,"Куќа на село"
is-is,mk-mk,Bygg,KoЯn
is-is,mk-mk,Bygging,"Градбa"
is-is,mk-mk,Byggingarlist,"Архитектура"
is-is,mk-mk,Bæheimur,"Чешка"
is-is,mk-mk,Bæjaraland,"Баварија"
is-is,mk-mk,Bær,"Град"
is-is,mk-mk,Bæti,"Бајт"
is-is,mk-mk,Bíll,"Автомобил"
is-is,mk-mk,Bítlarnir,"Битлс"
is-is,mk-mk,Bíó,Филм
is-is,mk-mk,Bíó,"Филмска уметност"
is-is,mk-mk,Bíóleikur,Филм
is-is,mk-mk,Bókmenntir,"Литература"
is-is,mk-mk,Bókstafur,"Буква"
is-is,mk-mk,Bókvísi,"Литература"
is-is,mk-mk,Bólivía,"Боливија"
is-is,mk-mk,Bór,"Бор"
is-is,mk-mk,Bú,"Куќа на село"
is-is,mk-mk,Búa,"Анимација"
is-is,mk-mk,Búdapest,"Будимпешта"
is-is,mk-mk,Búddismi,"Будизам"
is-is,mk-mk,Búkarest,"Букурешт"
is-is,mk-mk,Búlgarska,"Бугарски јазик"
is-is,mk-mk,Búlgaría,"Бугарија"
is-is,mk-mk,Búnaður,"Земјоделство"
is-is,mk-mk,Búnaður,"Материја"
is-is,mk-mk,Búnaður,"Супстанција"
is-is,mk-mk,Búrúndí,"Бурунди"
is-is,mk-mk,Búskapur,"Земјоделство"
is-is,mk-mk,C,C
is-is,mk-mk,Chelsea,"ФК Челзи"
is-is,mk-mk,Chicago,Чикаго
is-is,mk-mk,Chile,Чиле
is-is,mk-mk,Colorado,"Колорадо"
is-is,mk-mk,Columbia,"Колумбија"
is-is,mk-mk,Connecticut,"Конектикат"
is-is,mk-mk,Cotonou,"Котону"
is-is,mk-mk,Curitiba,"Куритиба"
is-is,mk-mk,Cíceró,"Цицерон"
is-is,mk-mk,DNA,"ДНК"
is-is,mk-mk,Dagatal,"Историски годишнини"
is-is,mk-mk,Dagur,"Ден"
is-is,mk-mk,Dakar,"Дакар"
is-is,mk-mk,Damaskus,"Дамаск"
is-is,mk-mk,Dani,"Дански јазик"
is-is,mk-mk,Danmörk,"Данска"
is-is,mk-mk,Danska,"Дански јазик"
is-is,mk-mk,Dauðahaf,"Мртво Mоре"
is-is,mk-mk,Davíð,"Давид"
is-is,mk-mk,Deildun,"Диференцијално сметање"
is-is,mk-mk,Deilikorn,"Центриола"
is-is,mk-mk,Delaware,"Делавер"
is-is,mk-mk,Demantar,"Дијамант"
is-is,mk-mk,Demantur,"Дијамант"
is-is,mk-mk,Demókrítos,"Демокрит"
is-is,mk-mk,Djakarta,"Џакарта"
is-is,mk-mk,Djíbútí,"Џибути"
is-is,mk-mk,Djöfull,"Ѓавол"
is-is,mk-mk,Drangur,"Карпа"
is-is,mk-mk,Dresden,"Дрезден"
is-is,mk-mk,Drotinn,"Бог"
is-is,mk-mk,Drotinn,"Лорд"
is-is,mk-mk,Drotting,Queen
is-is,mk-mk,Drottning,Queen
is-is,mk-mk,Dultaugakerfið,"Вегетативен нервен систем"
is-is,mk-mk,Díana,"Артемида"
is-is,mk-mk,Díóða,"Диода"
is-is,mk-mk,Dóná,"Дунав"
is-is,mk-mk,Dóúala,"Дуала"
is-is,mk-mk,Dýr,"Животни"
is-is,mk-mk,Dýrafræði,"Зоологија"
is-is,mk-mk,Dýrafæði,"Зоологија"
is-is,mk-mk,E,"Логичка конјункција"
is-is,mk-mk,Efesos,"Ефес"
is-is,mk-mk,Eff,"Ако и само ако"
is-is,mk-mk,Efnafræði,"Хемија"
is-is,mk-mk,Efnagreining,"Аналитичка хемија"
is-is,mk-mk,Efnahvarf,"Хемиска реакција"
is-is,mk-mk,Efnasamband,"Хемиско соединение"
is-is,mk-mk,Efnaskipti,"Метаболизам"
is-is,mk-mk,Efni,"Материја"
is-is,mk-mk,Efni,"Супстанција"
is-is,mk-mk,Efrat,"Еуфрат"
is-is,mk-mk,Efstaloft,"Поткровје"
is-is,mk-mk,Eftirmiðdagur,"Попладне"
is-is,mk-mk,Egg,"Јајце клетка"
is-is,mk-mk,Eggjastokkur,"Јајчник"
is-is,mk-mk,Egyptaland,"Египет"
is-is,mk-mk,Eiffelturninn,"Ајфелова Кула"
is-is,mk-mk,Eignarfall,"Генитив"
is-is,mk-mk,Eingyðistrú,"Монотеизам"
is-is,mk-mk,Einkasala,"Монопол"
is-is,mk-mk,Einkatölva,"Персонален компјутер"
is-is,mk-mk,Einokun,"Монопол"
is-is,mk-mk,Einræði,"Диктатура"
is-is,mk-mk,Einskeljungar,"Моноплакофори"
is-is,mk-mk,Eintak,"Копија"
is-is,mk-mk,Einveldi,"Монархија"
is-is,mk-mk,Eista,"Тестис"
is-is,mk-mk,Eistland,"Естонија"
is-is,mk-mk,Eistneska,"Естонски јазик"
is-is,mk-mk,Ekra,"Акра"
is-is,mk-mk,Ekvador,"Еквадор"
is-is,mk-mk,Eldfjall,"Вулкан"
is-is,mk-mk,Eldstæði,"Камин"
is-is,mk-mk,Eldstöð,"Вулкан"
is-is,mk-mk,Elska,"Љубов"
is-is,mk-mk,Endurreisnin,"Ренесанса"
is-is,mk-mk,Engi,"Ливада"
is-is,mk-mk,England,"Англија"
is-is,mk-mk,Englendingur,"Англиски јазик"
is-is,mk-mk,English,"Англиски јазик"
is-is,mk-mk,Enska,"Англиски јазик"
is-is,mk-mk,Enskur,"Англиски јазик"
is-is,mk-mk,Enskur,"Македонски"
is-is,mk-mk,Ensím,"Ензим"
is-is,mk-mk,Erfðafræði,"Генетика"
is-is,mk-mk,Erfðavísir,"Ген"
is-is,mk-mk,Erkiengill,"Арангел"
is-is,mk-mk,Ermarsund,"Ламанш"
is-is,mk-mk,Erítrea,"Еритреја"
is-is,mk-mk,Esperanto,"Македонски"
is-is,mk-mk,Esperantó,"Македонски"
is-is,mk-mk,Estrógen,"Естрогени хормони"
is-is,mk-mk,Everestfjall,"Монт Еверест"
is-is,mk-mk,Everton,"ФК Евертон"
is-is,mk-mk,Evra,"Евро"
is-is,mk-mk,Evrasía,"Евроазија"
is-is,mk-mk,Evrópa,"Европа"
is-is,mk-mk,Evrópubandalagið,"Европска економска заедница"
is-is,mk-mk,Evrópudómstóllinn,"Европски Суд на Правдата"
is-is,mk-mk,Evrópuráðið,"Совет на Европа"
is-is,mk-mk,Evrópusambandið,"Европска Унија"
is-is,mk-mk,Evrópuþingið,"Европски Парламент"
is-is,mk-mk,Ey,"Остров"
is-is,mk-mk,Eyja,"Остров"
is-is,mk-mk,Eyjaklasi,"Архипелаг"
is-is,mk-mk,Eyjaálfa,"Океанија"
is-is,mk-mk,Eystrasalt,"Балтичко Море"
is-is,mk-mk,Eyðimörk,"Пустина"
is-is,mk-mk,Eðla,"Гуштер"
is-is,mk-mk,Eðli,"Природа"
is-is,mk-mk,Eðlisfræði,Физика
is-is,mk-mk,Eðlisfræðilögmál,"Право"
is-is,mk-mk,Eðlisfræðin,Физика
is-is,mk-mk,Eðlismassi,"Густина"
is-is,mk-mk,Eþíópía,"Етиопија"
is-is,mk-mk,Faldmengi,"Цилиндар"
is-is,mk-mk,Fall,"Падеж"
is-is,mk-mk,Fasismi,"Фашизам"
is-is,mk-mk,Febrúar,"Февруари"
is-is,mk-mk,Fela,"Кожа"
is-is,mk-mk,Fell,"Планина"
is-is,mk-mk,Fenerbahçe,"Фенербахче"
is-is,mk-mk,Feneyjar,"Венеција"
is-is,mk-mk,Ferhyrndur,"Квадрат"
is-is,mk-mk,Ferkílómetri,"Квадратен километар"
is-is,mk-mk,Ferningur,"Квадрат"
is-is,mk-mk,Ferðaþjónusta,"Туризам"
is-is,mk-mk,Fijó?söngur,"Национална химна"
is-is,mk-mk,Fimmtudagur,"Четврток"
is-is,mk-mk,Finnland,"Финска"
is-is,mk-mk,Finnska,"Фински јазик"
is-is,mk-mk,Fiska,"Риби"
is-is,mk-mk,Fiskur,"Риби"
is-is,mk-mk,Fita,"Липид"
is-is,mk-mk,Fiðla,"Виолина"
is-is,mk-mk,Fjall,"Планина"
is-is,mk-mk,Fjöldatala,"Кардинал"
is-is,mk-mk,Flasa,"Себороичен дерматит"
is-is,mk-mk,Flatarmál,"Плоштина"
is-is,mk-mk,Flauta,"Флејта"
is-is,mk-mk,Fljúga,"Москва"
is-is,mk-mk,Flokka,"Политичка партија"
is-is,mk-mk,Flokkur,"Општествена класа"
is-is,mk-mk,Fluga,"Москва"
is-is,mk-mk,Flugvél,"Авион"
is-is,mk-mk,Flæða,"Поплава"
is-is,mk-mk,Flói,"Дорат"
is-is,mk-mk,Flókinn,"Комплекс"
is-is,mk-mk,Flórens,"Фиренца"
is-is,mk-mk,Flórída,"Флорида"
is-is,mk-mk,Flóð,"Поплава"
is-is,mk-mk,Flúor,"Флуор"
is-is,mk-mk,Formfræði,"Морфологија"
is-is,mk-mk,Fornfræði,"Археологија"
is-is,mk-mk,Fornleifafræði,"Археологија"
is-is,mk-mk,Forrit,"Софтвер"
is-is,mk-mk,Forsenda,"Аксиома"
is-is,mk-mk,Forseti,"Ректор"
is-is,mk-mk,Forstjóri,"Режисер"
is-is,mk-mk,Forsætisráðherra,"Листа на премиери на Обединетото Кралство"
is-is,mk-mk,Forsíða,"Главна страница"
is-is,mk-mk,Forðast,"Шун"
is-is,mk-mk,Fosfólípið,"Фосфолипид"
is-is,mk-mk,Fosfór,"Фосфор"
is-is,mk-mk,Frakkland,"Франција"
is-is,mk-mk,Frankfurt,"Франкфурт"
is-is,mk-mk,Franska,"Француски јазик"
is-is,mk-mk,Franskur,"Француски јазик"
is-is,mk-mk,Freetown,"Фритаун"
is-is,mk-mk,Fresta,"Екот"
is-is,mk-mk,Frestur,"Екот"
is-is,mk-mk,Friends,"Пријатели"
is-is,mk-mk,Froskar,"Жаба"
is-is,mk-mk,Froskdýr,"Водоземец"
is-is,mk-mk,Fruma,"Клетка"
is-is,mk-mk,Frumefni,"Хемиски елемент"
is-is,mk-mk,Frumeind,"Атом"
is-is,mk-mk,Frumsenda,"Аксиома"
is-is,mk-mk,Frumspeki,"Метафизика"
is-is,mk-mk,Frumspekin,"Метафизика"
is-is,mk-mk,Frumuhimna,"Клеточна мембрана"
is-is,mk-mk,Frumukjarni,"Клеточно јадро"
is-is,mk-mk,Frumulíffræði,"Клеточна биологија"
is-is,mk-mk,Frumulíffæri,"Органела"
is-is,mk-mk,Frumuveggur,"Клеточен ѕид"
is-is,mk-mk,Frumvarp,"Право"
is-is,mk-mk,Frymisnet,"Ендоплазматичен ретикулум"
is-is,mk-mk,Frískur,"Звук"
is-is,mk-mk,Frísneska,"Фриз"
is-is,mk-mk,Frón,"Исланд"
is-is,mk-mk,Fugl,"Птици"
is-is,mk-mk,Fuglaflensa,"Птичји грип"
is-is,mk-mk,Fuglarnir,"Птици"
is-is,mk-mk,Fullveldi,"Суверенитет"
is-is,mk-mk,Fylgihnöttur,"Природен сателит"
is-is,mk-mk,Fárviðri,"Тропски циклон"
is-is,mk-mk,Færeyjar,"Фарски Острови"
is-is,mk-mk,Fæða,"Мечка"
is-is,mk-mk,Fæði,"Храна"
is-is,mk-mk,Fé,"Пари"
is-is,mk-mk,Félagssálfræði,"Социјална психологија"
is-is,mk-mk,Fídjieyjar,"Фиџи"
is-is,mk-mk,Fílabeinsströndin,"Брег на Слоновата Коска"
is-is,mk-mk,Fíll,Слон
is-is,mk-mk,Fólk,Село
is-is,mk-mk,Fólksfjöldi,"Население"
is-is,mk-mk,Fóstureyðing,"Абортус"
is-is,mk-mk,Fósturlát,"Абортус"
is-is,mk-mk,Fótbolti,"Фудбал"
is-is,mk-mk,Fótgöngulið,"Пешадија"
is-is,mk-mk,Fótur,"Стапка"
is-is,mk-mk,Föstudagur,"Петок"
is-is,mk-mk,Föðurlandsást,"Патриотизам"
is-is,mk-mk,GNOME,GNOME
is-is,mk-mk,GNU,"ГНУ"
is-is,mk-mk,GNU/Linux,"Линукс"
is-is,mk-mk,Gagn,"Профит"
is-is,mk-mk,Galdur,"Магија"
is-is,mk-mk,Gambía,"Гамбија"
is-is,mk-mk,Gana,"Гана"
is-is,mk-mk,Garður,"Јарда"
is-is,mk-mk,Gas,"Гас"
is-is,mk-mk,Gasaströndin,"Појас Газа"
is-is,mk-mk,Gata,"Пат"
is-is,mk-mk,Gedda,"Штука"
is-is,mk-mk,Geimur,"Простор"
is-is,mk-mk,Geisa,"Рејв"
is-is,mk-mk,Geisli,"Радиус"
is-is,mk-mk,Geisluggar,"Зракоперки"
is-is,mk-mk,Georgía,"Грузија"
is-is,mk-mk,Gerlar,"Бактерија"
is-is,mk-mk,Gervi,"Природа"
is-is,mk-mk,Gervi,Симбол
is-is,mk-mk,Gervi-,"Артефакт"
is-is,mk-mk,Getnaðarlimur,"Пенис"
is-is,mk-mk,Getnaðarvörn,"Контрола на раѓање"
is-is,mk-mk,Geymir,Тенк
is-is,mk-mk,Gifting,"Брак"
is-is,mk-mk,Gjaldeyrir,"Валута"
is-is,mk-mk,Gjaldmiðill,"Валута"
is-is,mk-mk,Glas,"Стакло"
is-is,mk-mk,Gler,"Стакло"
is-is,mk-mk,Glúkagon,"Глукагон"
is-is,mk-mk,Glúkósi,"Глукоза"
is-is,mk-mk,Golgiflétta,"Голџиев систем"
is-is,mk-mk,Granatepli,"Гренада"
is-is,mk-mk,Grasafræði,"Ботаника"
is-is,mk-mk,Grein,"Есеј"
is-is,mk-mk,Grenada,"Гренада"
is-is,mk-mk,Grikkland,"Грција"
is-is,mk-mk,Griplur,"Дендрит"
is-is,mk-mk,Grunnungur,"Чевларство"
is-is,mk-mk,Grænhöfðaeyjar,"Зелено'ртски Острови"
is-is,mk-mk,Grænhöfði,"Зелено'ртски Острови"
is-is,mk-mk,Grænland,"Гренланд"
is-is,mk-mk,Grænn,"Зелена боја"
is-is,mk-mk,Grænukorn,"Хлоропласт"
is-is,mk-mk,Gríska,"Грчки јазик"
is-is,mk-mk,Gróði,"Профит"
is-is,mk-mk,Gróður,"Раст"
is-is,mk-mk,Guantánamo,"Гвантанамо"
is-is,mk-mk,Gufuvél,"Парен котел"
is-is,mk-mk,Gufuvél,"Парна машина"
is-is,mk-mk,Gull,"Злато"
is-is,mk-mk,Gullaldarlatína,"Класичен латински јазик"
is-is,mk-mk,Guð,"Бог"
is-is,mk-mk,Guðfræði,"Теологија"
is-is,mk-mk,Guðleysi,"Атеизам"
is-is,mk-mk,Gvadelúp,"Гвадалупе"
is-is,mk-mk,Gvatemala,"Гватемала"
is-is,mk-mk,Gvatemalaborg,"Гватемала"
is-is,mk-mk,Gvæjana,"Гвајана"
is-is,mk-mk,Gvæjanahálendið,"Гвајана"
is-is,mk-mk,Gyðingar,"Евреи"
is-is,mk-mk,Gæði,"Квалитет"
is-is,mk-mk,Gínea-Bissá,"Гвинеја-Бисао"
is-is,mk-mk,Gíneuflói,"Гвинејски Залив"
is-is,mk-mk,Gítar,"Гитара"
is-is,mk-mk,HTML,HTML
is-is,mk-mk,Haf,"Море"
is-is,mk-mk,Haf,"Океан"
is-is,mk-mk,Hafnarbolti,"Панкреас"
is-is,mk-mk,Hagfræði,"Економија"
is-is,mk-mk,Hagi,"Пасиште"
is-is,mk-mk,Hagnast,"Профит"
is-is,mk-mk,Hagnaður,"Профит"
is-is,mk-mk,Hagsmunir,"Профит"
is-is,mk-mk,Halastjarna,"Комета"
is-is,mk-mk,Hamborg,"Хамбург"
is-is,mk-mk,Hammúrabí,"Хамураби"
is-is,mk-mk,Hamur,"Агрегатна состојба"
is-is,mk-mk,Hana,"Звук"
is-is,mk-mk,Handbolti,"Ракомет"
is-is,mk-mk,Haukur,"Јастреб кокошкар"
is-is,mk-mk,Haust,"Есен"
is-is,mk-mk,Havana,Хавана
is-is,mk-mk,Hawaii,Хаваи
is-is,mk-mk,Haítí,"Хаити"
is-is,mk-mk,Heiladingull,"Хипофиза"
is-is,mk-mk,Heilbrigði,"Здравје"
is-is,mk-mk,Heildun,"Интеграл"
is-is,mk-mk,Heili,"Черепен мозок"
is-is,mk-mk,Heiltölur,"Цел број"
is-is,mk-mk,Heiltölutag,"Цел број"
is-is,mk-mk,Heimild,"Власт"
is-is,mk-mk,Heimili,"Камин"
is-is,mk-mk,Heimspeki,"Философија"
is-is,mk-mk,Heimsálfa,"Континент"
is-is,mk-mk,Heiti,"Имe"
is-is,mk-mk,Helena,Хелена
is-is,mk-mk,Helförin,"Холокауст"
is-is,mk-mk,Hellir,"Пештера"
is-is,mk-mk,Helsinki,"Хелсинки"
is-is,mk-mk,Helín,"Хелиум"
is-is,mk-mk,Helíos,"Сонце"
is-is,mk-mk,Helíos,"Хелиум"
is-is,mk-mk,Herakleitos,"Хераклит"
is-is,mk-mk,Herbergi,"Простор"
is-is,mk-mk,Hernaður,"Војна"
is-is,mk-mk,Hessen,"Хесен"
is-is,mk-mk,Hestur,"Коњ"
is-is,mk-mk,Himalajafjöll,Хималаи
is-is,mk-mk,Himnusz,"Боже, благослови го Унгарецот"
is-is,mk-mk,Hindúismi,"Хиндуизам"
is-is,mk-mk,Hippókrates,"Хипократ"
is-is,mk-mk,Hispaníóla,"Хаити"
is-is,mk-mk,Hitastig,"Температура"
is-is,mk-mk,Hiti,"Температура"
is-is,mk-mk,Hjarta,"Срце"
is-is,mk-mk,Hjá,"Стих"
is-is,mk-mk,Hjónaband,"Брак"
is-is,mk-mk,Hjörð,"Множество"
is-is,mk-mk,Hlaupár,"Престапна година"
is-is,mk-mk,Hljóma,"Звук"
is-is,mk-mk,Hljóð,"Звук"
is-is,mk-mk,Hljóðhraði,"Брзина на звук"
is-is,mk-mk,Hlutabréf,"Акција"
is-is,mk-mk,Hlutabréfamarkaður,"Берза"
is-is,mk-mk,Hlutur,Член
is-is,mk-mk,Hlíf,"Живот"
is-is,mk-mk,Hlóðir,"Камин"
is-is,mk-mk,Hnattbreidd,"Латитуда"
is-is,mk-mk,Hnattvæðing,"Глобализација"
is-is,mk-mk,Hnit,"Географски координатен систем"
is-is,mk-mk,Hnútur,"Нодиум"
is-is,mk-mk,Hobbitinn,"Хобитот"
is-is,mk-mk,Hokusai,"Кацушика Хокусаи"
is-is,mk-mk,Holdýr,"Жаркари"
is-is,mk-mk,Holland,"Холандија"
is-is,mk-mk,Hollendingar,"Холандија"
is-is,mk-mk,Hollenska,"Холандски јазик"
is-is,mk-mk,Hollywood,"Холивуд"
is-is,mk-mk,Hondúras,"Хондурас"
is-is,mk-mk,Hoplíti,"Хоплит"
is-is,mk-mk,Hormón,"Хормони"
is-is,mk-mk,Horn,"Агол"
is-is,mk-mk,Hornaföll,"Тригонометрија"
is-is,mk-mk,Hraði,"Брзина"
is-is,mk-mk,Hringadróttinssaga,"Господарот на прстените"
is-is,mk-mk,Hringur,"Периметар"
is-is,mk-mk,Hrollur,"Емоција"
is-is,mk-mk,Hrollur,"Чувство"
is-is,mk-mk,Hross,"Коњ"
is-is,mk-mk,Hryggdýr,"‘Рбетници"
is-is,mk-mk,Hryðja,"Граблива птица"
is-is,mk-mk,Hrísgrjón,"Ориз"
is-is,mk-mk,Hróka,"Крепост"
is-is,mk-mk,Hrókur,"Крепост"
is-is,mk-mk,Hrútur,"Овен"
is-is,mk-mk,Hugarburður,"Илузија"
is-is,mk-mk,Hugbúnaður,"Софтвер"
is-is,mk-mk,Hughyggja,"Идеализам"
is-is,mk-mk,Hugleiðing,"Медитација"
is-is,mk-mk,Hugmynd,"Идеја"
is-is,mk-mk,Hugmyndafræði,"Идеологија"
is-is,mk-mk,Hugrenning,"Медитација"
is-is,mk-mk,Hugsjón,"Идеја"
is-is,mk-mk,Hugskot,"Срце"
is-is,mk-mk,Hugsun,"Мисла"
is-is,mk-mk,Hugtak,"Концепт"
is-is,mk-mk,Hugvilla,"Илузија"
is-is,mk-mk,Hvalir,"Кит"
is-is,mk-mk,Hvalur,"Кит"
is-is,mk-mk,Hvarfakútur,"Катализатор"
is-is,mk-mk,Hvatberi,"Митохондрија"
is-is,mk-mk,Hveðn,"Вена"
is-is,mk-mk,Hvíta-Rússland,"Белорусија"
is-is,mk-mk,Hvítur,"Бела боја"
is-is,mk-mk,Hyygja,"Медитација"
is-is,mk-mk,Hádegi,"Попладне"
is-is,mk-mk,Háfiskar,"Ајкула"
is-is,mk-mk,Háfiskur,"Ајкула"
is-is,mk-mk,Hákarl,"Ајкула"
is-is,mk-mk,Hávaði,"Звук"
is-is,mk-mk,Hæfa,"Вистина"
is-is,mk-mk,Hægri,"Право"
is-is,mk-mk,Hægri,"ֿנאגמ"
is-is,mk-mk,Hægristefna,"Политичка десница"
is-is,mk-mk,Hæka,"Хаику"
is-is,mk-mk,Hænsni,"Живина"
is-is,mk-mk,Hérað,"Земја"
is-is,mk-mk,Hérað,Село
is-is,mk-mk,Hólósen,"Холоцен"
is-is,mk-mk,Hómer,"Хомер"
is-is,mk-mk,Hópur,"Маса"
is-is,mk-mk,Hópur,"Множество"
is-is,mk-mk,Höfundarréttur,"Авторско право"
is-is,mk-mk,Höfuð,"Главен град"
is-is,mk-mk,Höfuðborg,"Главен град"
is-is,mk-mk,Höfuðátt,"Страни на светот"
is-is,mk-mk,Höfðaborg,"Кејптаун"
is-is,mk-mk,Högg,"Мозочен удар"
is-is,mk-mk,Hönnun,"Дизајн"
is-is,mk-mk,Hörund,"Кожа"
is-is,mk-mk,Húsagerð,"Архитектура"
is-is,mk-mk,Húsamús,"Глушец"
is-is,mk-mk,Húsgagn,"Мебел"
is-is,mk-mk,Húsgögn,"Мебел"
is-is,mk-mk,Húð,"Кожа"
is-is,mk-mk,Hýdroxýl,"Хидроксид"
is-is,mk-mk,IPv6,IPv6
is-is,mk-mk,Idaho,"Ајдахо"
is-is,mk-mk,Iglur,"Пијавици"
is-is,mk-mk,Ildi,"Кислород"
is-is,mk-mk,Illinois,"Илиноис"
is-is,mk-mk,Illyrmislegur,"База"
is-is,mk-mk,Indland,"Индија"
is-is,mk-mk,Indlandshaf,"Индиски Океан"
is-is,mk-mk,Indín,"Индиум"
is-is,mk-mk,Innkirtlakerfi?,"Ендокрин систем"
is-is,mk-mk,Innkirtlakerfið,"Ендокрин систем"
is-is,mk-mk,Internasjónalinn,"Интернационала"
is-is,mk-mk,Internetið,"Интернет"
is-is,mk-mk,Iowa,"Ајова"
is-is,mk-mk,Islamabad,"Исламабад"
is-is,mk-mk,Island,"Исланд"
is-is,mk-mk,Istanbúl,"Истанбул"
is-is,mk-mk,Iðjusemi,"Индустрија"
is-is,mk-mk,Iðnaður,"Индустрија"
is-is,mk-mk,Iðni,"Индустрија"
is-is,mk-mk,Jafnan,"Секогаш"
is-is,mk-mk,Jafnaðarstefna,"Социјализам"
is-is,mk-mk,Jafnvægi,"Вага"
is-is,mk-mk,Jamaíka,"Јамајка"
is-is,mk-mk,Janúar,"Јануари"
is-is,mk-mk,Japan,"Јапонија"
is-is,mk-mk,Japanska,"Јапонски јазик"
is-is,mk-mk,Jarðalkalímálmur,"Земноалкален метал"
is-is,mk-mk,Jarðskjálfti,"Земјотрес"
is-is,mk-mk,Jarðvegur,"Почва"
is-is,mk-mk,Jarðyrkja,"Земјоделство"
is-is,mk-mk,Java,"Јава"
is-is,mk-mk,JavaScript,JavaScript
is-is,mk-mk,Jemen,"Јемен"
is-is,mk-mk,Jen,"Јен"
is-is,mk-mk,Jerevan,"Ереван"
is-is,mk-mk,Jeruzal,"Јерузаљ"
is-is,mk-mk,Jerúsalem,"Ерусалим"
is-is,mk-mk,Jesús,"Исус Христос"
is-is,mk-mk,Joð,"Јод"
is-is,mk-mk,Jurt,"Растенија"
is-is,mk-mk,Jánde,"Јаунде"
is-is,mk-mk,Járn,"Железо"
is-is,mk-mk,Járnbraut,"Железница"
is-is,mk-mk,Járnbrautarlest,"Воз"
is-is,mk-mk,Járnöld,"Железно доба"
is-is,mk-mk,Játing,"Исповед"
is-is,mk-mk,Jóhannes,"Апостол Јован"
is-is,mk-mk,Jóhannesarborg,"Јоханесбург"
is-is,mk-mk,Jón,"Јон"
is-is,mk-mk,Jónahaf,"Јонско Море"
is-is,mk-mk,Jónatan,"Јонатан"
is-is,mk-mk,Jórdanía,"Јордан"
is-is,mk-mk,Jörð,"Земја"
is-is,mk-mk,Jörðin,"Земја"
is-is,mk-mk,Júgóslavía,"Југославија"
is-is,mk-mk,Júní,"Јуни"
is-is,mk-mk,Júpíter,"Јупитер"
is-is,mk-mk,Júra,"Право"
is-is,mk-mk,Kabúl,"Кабул"
is-is,mk-mk,Kaffi,"Кафе"
is-is,mk-mk,Kaffikanna,"Кафе"
is-is,mk-mk,Kalifornía,"Калифорнија"
is-is,mk-mk,Kalla,"Имe"
is-is,mk-mk,Kalsín,"Калциум"
is-is,mk-mk,Kalín,"Калиум"
is-is,mk-mk,Kambódía,"Камбоџа"
is-is,mk-mk,Kamerún,"Камерун"
is-is,mk-mk,Kampselur,"Обичен шакал"
is-is,mk-mk,Kanada,"Канада"
is-is,mk-mk,Kanji,"Кинеско писмо"
is-is,mk-mk,Kannabis,"Марихуана"
is-is,mk-mk,Kansas,"Канзас"
is-is,mk-mk,Kantaraborg,"Кантербури, Нов Зеланд"
is-is,mk-mk,Kappleikur,"Дивеч"
is-is,mk-mk,Kappleikur,"Игри"
is-is,mk-mk,Kapítalismi,"Капитализам"
is-is,mk-mk,Karakas,"Каракас"
is-is,mk-mk,Karíbahaf,"Карипско Море"
is-is,mk-mk,Kasakstan,"Казахстан"
is-is,mk-mk,Kassúbíska,"Кашупски јазик"
is-is,mk-mk,Kastali,"Крепост"
is-is,mk-mk,Katar,"Катар"
is-is,mk-mk,Katekólamín,"Катехоламини"
is-is,mk-mk,Kaup,"Факт"
is-is,mk-mk,Kaupsýsla,"Трговија"
is-is,mk-mk,Kaupsýsla,"Факт"
is-is,mk-mk,Kaíró,"Каиро"
is-is,mk-mk,Keila,"Лом"
is-is,mk-mk,Keisair,"Кајзер"
is-is,mk-mk,Keisari,"Кајзер"
is-is,mk-mk,Kelvin,"Келвин"
is-is,mk-mk,Kennari,"Процесор"
is-is,mk-mk,Kennari,"Учител"
is-is,mk-mk,Kentucky,"Кентаки"
is-is,mk-mk,Kenýa,"Кенија"
is-is,mk-mk,Kerfi,"Систем"
is-is,mk-mk,Keðjuverkun,"Верижна реакци?а"
is-is,mk-mk,Keðjuverkun,"Верижна реакција"
is-is,mk-mk,Kilimanjaro,"Килиманџаро"
is-is,mk-mk,Kinsasa,"Киншаса"
is-is,mk-mk,Kirgistan,"Киргистан"
is-is,mk-mk,Kirkja,"Црква"
is-is,mk-mk,Kjaftur,"Усна празнина"
is-is,mk-mk,Kjarkur,Сила
is-is,mk-mk,Kjarni,"Јадро на оперативен систем"
is-is,mk-mk,Kjarnorkuvopn,"Атомска бомба"
is-is,mk-mk,Kjör,"Избори"
is-is,mk-mk,Kjörorð,"Лема"
is-is,mk-mk,Klasi,"Општествена класа"
is-is,mk-mk,Klassík,"Класична музика"
is-is,mk-mk,Klaufalegur,"Левица"
is-is,mk-mk,Klettafjöll,"Карпести планини"
is-is,mk-mk,Klettur,"Карпа"
is-is,mk-mk,Kleópatra,"Клеопатра"
is-is,mk-mk,Klifun,"Анафора"
is-is,mk-mk,Klór,"Хлор"
is-is,mk-mk,Knattspyrna,"Фудбал"
is-is,mk-mk,Kol,"Јаглен"
is-is,mk-mk,Koldíoxíð,"Јаглерод диоксид"
is-is,mk-mk,Kolefni,"Јаглерод"
is-is,mk-mk,Kolvetni,"Јаглеводород"
is-is,mk-mk,Kommúnismi,"Комунизам"
is-is,mk-mk,Kommúnistaávarpið,"Комунистички манифест"
is-is,mk-mk,Konfúsíus,"Конфучиј"
is-is,mk-mk,Konfúsíusismi,"Конфучијанизам"
is-is,mk-mk,Kongó,"Република Конго"
is-is,mk-mk,Kongófljót,"Република Конго"
is-is,mk-mk,Kopar,"Бакар"
is-is,mk-mk,Korn,KoЯn
is-is,mk-mk,Koss,"Бакнеж"
is-is,mk-mk,Krabbadýr,"Ракови"
is-is,mk-mk,Krabbamein,"Рак"
is-is,mk-mk,Kraftur,Сила
is-is,mk-mk,Kraká,"Краков"
is-is,mk-mk,Krikket,"Крикет"
is-is,mk-mk,Kristni,"Христијанство"
is-is,mk-mk,Kræklingur,Школки
is-is,mk-mk,Króatía,"Хрватска"
is-is,mk-mk,Króm,"Хром"
is-is,mk-mk,Kurów,"Куров"
is-is,mk-mk,Kvarki,"Кварк"
is-is,mk-mk,Kveikja,"Светлина"
is-is,mk-mk,Kvikasilfur,"Меркур"
is-is,mk-mk,Kvikmynd,Филм
is-is,mk-mk,Kviður,"Стомачна празнина"
is-is,mk-mk,Kvöld,"Ноќ"
is-is,mk-mk,Kyn,"Сексуалност"
is-is,mk-mk,Kynsamsemd,"Родов идентитет"
is-is,mk-mk,Kyrrahaf,"Тихи Океан"
is-is,mk-mk,Kyssa,"Бакнеж"
is-is,mk-mk,Kyssast,"Бакнеж"
is-is,mk-mk,Kærleikur,"Љубов"
is-is,mk-mk,Kílógramm,"Килограм"
is-is,mk-mk,Kílómetri,"Километар"
is-is,mk-mk,Kína,"Кина"
is-is,mk-mk,Kínamúrinn,"Кинески Ѕид"
is-is,mk-mk,Kínverska,"Кинески јазик"
is-is,mk-mk,Kísill,"Силициум"
is-is,mk-mk,Kísilþörungar,"Силикатни алги"
is-is,mk-mk,Kóbolt,"Кобалт"
is-is,mk-mk,Kóladrykkur,"Кола"
is-is,mk-mk,Kólfsveppir,"Столпчести габи"
is-is,mk-mk,Kólumbía,"Колумбија"
is-is,mk-mk,Kómoreyja,"Комори"
is-is,mk-mk,Kómoreyjar,"Комори"
is-is,mk-mk,Kónakrí,"Конакри"
is-is,mk-mk,Kóraninn,"Куран"
is-is,mk-mk,Körfuknattleikur,"Кошарка"
is-is,mk-mk,Köttur,"Обичен шакал"
is-is,mk-mk,Kúba,"Куба"
is-is,mk-mk,Kúveit,"Кувајт"
is-is,mk-mk,Kýpur,"Кипар"
is-is,mk-mk,Laktósi,"Лактоза"
is-is,mk-mk,Land,"Земја"
is-is,mk-mk,Landa,"Земја"
is-is,mk-mk,Landafræði,"Географија"
is-is,mk-mk,Landbúnaður,"Земјоделство"
is-is,mk-mk,Laos,"Лаос"
is-is,mk-mk,Latína,"Латински јазик"
is-is,mk-mk,Latíum,"Лацио"
is-is,mk-mk,Lauf,"Лист"
is-is,mk-mk,Laugardagur,"Сабота"
is-is,mk-mk,Leika,"Драма"
is-is,mk-mk,Leikari,"Актер"
is-is,mk-mk,Leikir,"Игри"
is-is,mk-mk,Leikstjóri,"Режисер"
is-is,mk-mk,Leikstjórnandi,"База"
is-is,mk-mk,Leikur,"Игри"
is-is,mk-mk,Lenda,"Земја"
is-is,mk-mk,Lest,"Воз"
is-is,mk-mk,Lesótó,"Лесото"
is-is,mk-mk,Lettland,"Латвија"
is-is,mk-mk,Lettneska,"Латвиски јазик"
is-is,mk-mk,Liechtenstein,"Лихтенштајн"
is-is,mk-mk,Lifa,"Анимација"
is-is,mk-mk,Lifrarbólga,"Хепатит"
is-is,mk-mk,Liggja,"Беџаја"
is-is,mk-mk,Limpopofljót,"Лимпопо"
is-is,mk-mk,Lindýr,"Мекотели"
is-is,mk-mk,Linux,"Линукс"
is-is,mk-mk,List,"Уметност"
is-is,mk-mk,Litháen,"Литванија"
is-is,mk-mk,Litín,"Литиум"
is-is,mk-mk,Liðast,"Ветер"
is-is,mk-mk,Liðdýr,Членконоги
is-is,mk-mk,Liþín,"Литиум"
is-is,mk-mk,Ljón,"Лав"
is-is,mk-mk,Ljós,"Светлина"
is-is,mk-mk,Ljóslestur,"Оптичко препознавање на знаци"
is-is,mk-mk,Ljósmyndavél,"Камера"
is-is,mk-mk,Ljósmyndun,"Филмска уметност"
is-is,mk-mk,Ljóstillífun,"Фотосинтеза"
is-is,mk-mk,Ljósár,"Светлосна година"
is-is,mk-mk,Ljóð,"Поезија"
is-is,mk-mk,Ljóðlist,"Поезија"
is-is,mk-mk,Ljúga,"Беџаја"
is-is,mk-mk,Loft,"Воздух"
is-is,mk-mk,Loftsteinn,"Точка на измама"
is-is,mk-mk,Lomé,"Ломе"
is-is,mk-mk,Lordi,"Лорд"
is-is,mk-mk,Lotukerfið,"Периоден систем на елементите"
is-is,mk-mk,Louisiana,"Луизијана"
is-is,mk-mk,Lunga,"Бел дроб"
is-is,mk-mk,Lyf,"Медицина"
is-is,mk-mk,Lygi,"Беџаја"
is-is,mk-mk,Lykill,"Клуч"
is-is,mk-mk,Lyklaborð,"Тастатура"
is-is,mk-mk,Lækningaigla,"Пијавици"
is-is,mk-mk,Læknisfræði,"Медицина"
is-is,mk-mk,Lénsskipulag,"Феудализам"
is-is,mk-mk,Líbanon,"Либан"
is-is,mk-mk,Líbería,"Либерија"
is-is,mk-mk,Líbýa,"Либија"
is-is,mk-mk,Líf,"Живот"
is-is,mk-mk,Lífefnafræði,"Биохемија"
is-is,mk-mk,Líferni,"Живот"
is-is,mk-mk,Lífeðlisfræði,"Физиологија"
is-is,mk-mk,Líffræði,"Биологија"
is-is,mk-mk,Líffærafræði,"Анатомија"
is-is,mk-mk,Líffærakerfi,"Орган"
is-is,mk-mk,Lífljómun,"Биолуминисценција"
is-is,mk-mk,Lífvera,"Организам"
is-is,mk-mk,Líkbrúðurin,"Мртвата невеста"
is-is,mk-mk,Líkindafræði,"Теорија на веројатност"
is-is,mk-mk,Lína,"Отсечка"
is-is,mk-mk,Lítri,"Литар"
is-is,mk-mk,Lög,"Право"
is-is,mk-mk,Löggjafarvald,"Законодавна власт"
is-is,mk-mk,Lúxemborg,"Луксембург"
is-is,mk-mk,Lýsa,"Светлина"
is-is,mk-mk,Lýðræði,"Демократија"
is-is,mk-mk,Lýðveldi,"Република"
is-is,mk-mk,Madagaskar,"Мадагаскар"
is-is,mk-mk,Madrid,"Мадрид"
is-is,mk-mk,Magi,"Желудник"
is-is,mk-mk,Magnesín,"Магнезиум"
is-is,mk-mk,Maine,"Мејн"
is-is,mk-mk,Makedónska,"Македонски јазик"
is-is,mk-mk,Malakkaskagi,"Малаја"
is-is,mk-mk,Malasía,"Малезија"
is-is,mk-mk,Malaví,"Малави"
is-is,mk-mk,Malaví-vatn,"Малави"
is-is,mk-mk,Maldíveyjar,"Малдиви"
is-is,mk-mk,Malta,"Малта"
is-is,mk-mk,Malurtarbrennivín,"Апсинт"
is-is,mk-mk,Malí,"Мали"
is-is,mk-mk,Managva,"Манагва"
is-is,mk-mk,Mangan,"Манган"
is-is,mk-mk,Manhattan,"Менхетн"
is-is,mk-mk,Manhattan-verkefnið,"Менхетн"
is-is,mk-mk,Manneskja,Човек
is-is,mk-mk,Mannréttindi,"Човекови права"
is-is,mk-mk,Maníla,"Манила"
is-is,mk-mk,Margmiðlun,"Медиуми"
is-is,mk-mk,Marokkó,"Мароко"
is-is,mk-mk,Mars,"Марс"
is-is,mk-mk,Maryland,"Мериленд"
is-is,mk-mk,María,"Богородица Марија"
is-is,mk-mk,Massachusetts,"Масачусетс"
is-is,mk-mk,Massi,"Маса"
is-is,mk-mk,Matreiðslubók,"Готвач"
is-is,mk-mk,Matur,"Храна"
is-is,mk-mk,Maður,Човек
is-is,mk-mk,Mekka,"Мека"
is-is,mk-mk,Melbourne,"Мелбурн"
is-is,mk-mk,Melting,"Варење"
is-is,mk-mk,Meltingarkerfið,"Систем за варење"
is-is,mk-mk,Mengi,"Множество"
is-is,mk-mk,Mengjafræði,"Теорија на множествата"
is-is,mk-mk,Menning,"Култура"
is-is,mk-mk,Menntun,"Образование"
is-is,mk-mk,Ment,"Уметност"
is-is,mk-mk,Merkúríus,"Меркур"
is-is,mk-mk,Metallica,MetallicA
is-is,mk-mk,Metan,"Метан"
is-is,mk-mk,Mexíkó,"Мексико"
is-is,mk-mk,Mexíkóborg,"Мексико"
is-is,mk-mk,Mey,"Девица"
is-is,mk-mk,Michigan,"Мичиген"
is-is,mk-mk,Miklihvellur,"Биг Бенг"
is-is,mk-mk,Miltisbrandur,"Јаглен"
is-is,mk-mk,Minnesota,"Минесота"
is-is,mk-mk,Minta,"Монета"
is-is,mk-mk,Mississippi,"Мисисипи"
is-is,mk-mk,Mississippifljót,"Мисисипи"
is-is,mk-mk,Missouri,"Мисури"
is-is,mk-mk,Mistur,"Мaгла"
is-is,mk-mk,Mið-Afríkulýðveldið,"Централноафриканска Република"
is-is,mk-mk,Miðaldir,"Среден век"
is-is,mk-mk,Miðbaugs-Gínea,"Екваторијална Гвинеја"
is-is,mk-mk,Miðbaugur,"Екватор"
is-is,mk-mk,Miðjarðarhaf,"Средоземно Море"
is-is,mk-mk,Miðjarðarlína,"Екватор"
is-is,mk-mk,Miðtaugakerfið,"Централен нервен систем"
is-is,mk-mk,Miðvikudagur,"Среда"
is-is,mk-mk,Mjanmar,"Мијанмар"
is-is,mk-mk,Mjólk,"Млеко"
is-is,mk-mk,Mjólkurslæðan,"Млечен пат"
is-is,mk-mk,Moldova,"Молдавија"
is-is,mk-mk,Moldóva,"Молдавија"
is-is,mk-mk,Moll,"Мол"
is-is,mk-mk,Mongólía,"Монголија"
is-is,mk-mk,Monróvía,"Монровија"
is-is,mk-mk,Mons,"Планина"
is-is,mk-mk,Montana,"Монтана"
is-is,mk-mk,Mosi,"Мов"
is-is,mk-mk,Moska,"Џамија"
is-is,mk-mk,Moskva,"Москва"
is-is,mk-mk,Mošovce,"Мошовце"
is-is,mk-mk,Munni,"Усна празнина"
is-is,mk-mk,Munnmök,"Орален секс"
is-is,mk-mk,Munnur,"Усна празнина"
is-is,mk-mk,Myndavél,"Камера"
is-is,mk-mk,Myndhverfing,"Метафора"
is-is,mk-mk,Myntfræði,"Нумизматика"
is-is,mk-mk,Mál,"Јазик"
is-is,mk-mk,Málefni,"Материја"
is-is,mk-mk,Málefni,"Супстанција"
is-is,mk-mk,Málmblanda,"Легура"
is-is,mk-mk,Málmblásturshljóðfæri,"Бакар"
is-is,mk-mk,Málmgrýti,"Минерал"
is-is,mk-mk,Málmleysingi,"Неметал"
is-is,mk-mk,Málmur,"Метал"
is-is,mk-mk,Málvísindi,"Лингвистика"
is-is,mk-mk,Mánudagur,"Понеделник"
is-is,mk-mk,Mánuðagur,"Понеделник"
is-is,mk-mk,Mánuður,"Месец"
is-is,mk-mk,Máritanía,"Мавританија"
is-is,mk-mk,Máritíus,"Маврициус"
is-is,mk-mk,Máttur,Сила
is-is,mk-mk,Mælskufræði,"Реторика"
is-is,mk-mk,Mælskufræðin,"Реторика"
is-is,mk-mk,Mæna,"‘Рбетен мозок"
is-is,mk-mk,Míkrómetri,"Километар"
is-is,mk-mk,Míla,"Милја"
is-is,mk-mk,Mílanó,"Милано"
is-is,mk-mk,Míletos,"Милет"
is-is,mk-mk,Mól,"Мол"
is-is,mk-mk,Mónakó,"Монако"
is-is,mk-mk,Mósambík,"Мозамбик"
is-is,mk-mk,Móti,"Стих"
is-is,mk-mk,Mótmælendatrú,"Протестантство"
is-is,mk-mk,Mótsögn,"Контрадикција"
is-is,mk-mk,Móða,"Мaгла"
is-is,mk-mk,Mön,"Мејн"
is-is,mk-mk,Mús,"Глушец"
is-is,mk-mk,München,"Минхен"
is-is,mk-mk,Mýkena,"Микена"
is-is,mk-mk,Mýri,"Марширање"
is-is,mk-mk,Mýósín,"Миозин"
is-is,mk-mk,Nafn,"Имe"
is-is,mk-mk,Nafnorð,"Имe"
is-is,mk-mk,Nagdýr,"Глодари"
is-is,mk-mk,Namibía,"Намибија"
is-is,mk-mk,Nanó,"SI префикс"
is-is,mk-mk,Nasismi,"Нацизам"
is-is,mk-mk,Natrín,"Натриум"
is-is,mk-mk,Nautgripur,"Бик"
is-is,mk-mk,Naíróbí,"Најроби"
is-is,mk-mk,Nebraska,"Небраска"
is-is,mk-mk,Nef,"Нос"
is-is,mk-mk,Nefertítí,"Нефертити"
is-is,mk-mk,Neon,"Неон"
is-is,mk-mk,Nepal,"Непал"
is-is,mk-mk,Neptúnus,"Нептун"
is-is,mk-mk,Newton,"Њутн"
is-is,mk-mk,Nifteind,"Неутрон"
is-is,mk-mk,Nirvana,Nirvana
is-is,mk-mk,Nitur,"Азот"
is-is,mk-mk,Niðurlönd,"Холандија"
is-is,mk-mk,Njúton,"Њутн"
is-is,mk-mk,Noregur,"Норвешка"
is-is,mk-mk,Norska,"Норвешки јазик"
is-is,mk-mk,Norskur,"Норвешки јазик"
is-is,mk-mk,Norður-Ameríka,"Северна Америка"
is-is,mk-mk,Norður-Dakóta,"Северна Дакота"
is-is,mk-mk,Norður-Evrópa,"Северна Европа"
is-is,mk-mk,Norður-Karólína,"Северна Каролина"
is-is,mk-mk,Norðurálfa,"Европа"
is-is,mk-mk,Nytjastefna,"Утилитаризам"
is-is,mk-mk,Nytjastefnan,"Утилитаризам"
is-is,mk-mk,Níagarafossar,"Нијагарини водопади"
is-is,mk-mk,Níger,"Нигер"
is-is,mk-mk,Nígerfljót,"Нигер"
is-is,mk-mk,Nígería,"Нигерија"
is-is,mk-mk,Níkaragva,"Никарагва"
is-is,mk-mk,Níl,"Нил"
is-is,mk-mk,Nóbelsverðlaunin,"Нобелова награда"
is-is,mk-mk,Nótt,"Ноќ"
is-is,mk-mk,Nú,"Злато"
is-is,mk-mk,Núaksjott,"Нуакшот"
is-is,mk-mk,Nýja-Sjáland,"Нов Зеланд"
is-is,mk-mk,Nýlenda,"Келн"
is-is,mk-mk,Oakland,"Град Окленд"
is-is,mk-mk,Ohio,"Охајо"
is-is,mk-mk,Opera,"Опера"
is-is,mk-mk,Oregon,"Орегон"
is-is,mk-mk,Orka,"Енергија"
is-is,mk-mk,Orð,"Збор"
is-is,mk-mk,Orðflokkur,"Природа"
is-is,mk-mk,Oxunartala,"Оксидационен број"
is-is,mk-mk,Oxytósín,"Окситоцин"
is-is,mk-mk,PHP,PHP
is-is,mk-mk,Pakistan,"Пакистан"
is-is,mk-mk,Palestína,"Палестина"
is-is,mk-mk,Panama,"Панама"
is-is,mk-mk,Panamaskurðurinn,"Панамски канал"
is-is,mk-mk,Paragvæ,"Парагвај"
is-is,mk-mk,París,"Париз"
is-is,mk-mk,Parísarkommúnan,"Париска комуна"
is-is,mk-mk,Pascal,"Паскал"
is-is,mk-mk,Paskal,"Паскал"
is-is,mk-mk,Peking,"Пекинг"
is-is,mk-mk,Peningar,"Пари"
is-is,mk-mk,Peningur,"Пари"
is-is,mk-mk,Pennsylvanía,"Пенсилванија"
is-is,mk-mk,Persneska,"Персиски јазик"
is-is,mk-mk,Perú,"Перу"
is-is,mk-mk,Pjongjang,"Пјонгјанг"
is-is,mk-mk,Plantae,"Растенија"
is-is,mk-mk,Plast,"Пластика"
is-is,mk-mk,Platon,"Платон"
is-is,mk-mk,Plinius,"Плиниј"
is-is,mk-mk,Plútó,"Плутон"
is-is,mk-mk,Pokabjörn,"Коала"
is-is,mk-mk,Pompei,"Помпеја"
is-is,mk-mk,Pompeii,"Помпеја"
is-is,mk-mk,Port-au-Prince,"Порт-о-Пренс"
is-is,mk-mk,Portúgalska,"Португалски јазик"
is-is,mk-mk,Prag,"Прага"
is-is,mk-mk,Praia,"Праја"
is-is,mk-mk,Prentari,"Печатар"
is-is,mk-mk,Pressa,"Железо"
is-is,mk-mk,Pretoría,"Преторија"
is-is,mk-mk,Prófastur,"Градоначалник"
is-is,mk-mk,Prólaktín,"Пролактин"
is-is,mk-mk,Prótagóras,"Протагора од Абдера"
is-is,mk-mk,Prótín,"Протеин"
is-is,mk-mk,Prússland,"Прусија"
is-is,mk-mk,Páfi,"Папа"
is-is,mk-mk,Páskar,"Велигден"
is-is,mk-mk,Pétur,"Апостол Петар"
is-is,mk-mk,Pí,"Пи"
is-is,mk-mk,Píanó,"Клавир"
is-is,mk-mk,Pípuhattur,"Цилиндар"
is-is,mk-mk,Pípukragi,"Фреза"
is-is,mk-mk,Pólland,"Полска"
is-is,mk-mk,Pólska,"Полски јазик"
is-is,mk-mk,Póstmódernismi,"Постмодернизам"
is-is,mk-mk,Pýþagóras,"Питагора"
is-is,mk-mk,Queen,Queen
is-is,mk-mk,RKS,"РНК"
is-is,mk-mk,Rabat,"Рабат"
is-is,mk-mk,Radiohead,Radiohead
is-is,mk-mk,Radín,"Радио"
is-is,mk-mk,Radíus,"Радиус"
is-is,mk-mk,Raf,"Бршлен"
is-is,mk-mk,Rafeind,"Електрон"
is-is,mk-mk,Rafeindahýsing,"Електронска конфигурација"
is-is,mk-mk,Rafeindatækni,"Електроника"
is-is,mk-mk,Rafgreining,"Електролиза"
is-is,mk-mk,Rammstein,Rammstein
is-is,mk-mk,Rapp,"Хип-хоп"
is-is,mk-mk,Ratatouille,"Рататоил"
is-is,mk-mk,Rauntala,"Реален број"
is-is,mk-mk,Rauntölur,"Реален број"
is-is,mk-mk,Raunveruleiki,"Стварност"
is-is,mk-mk,Ravenna,"Равена"
is-is,mk-mk,Regn,"Дожд"
is-is,mk-mk,Regnskógur,"Дождовна шума"
is-is,mk-mk,Reikistjarna,"Планета"
is-is,mk-mk,Reiknirit,"Алгоритам"
is-is,mk-mk,Rembrandt,"Рембрант ван Рејн"
is-is,mk-mk,Resitur,"Право"
is-is,mk-mk,Resitur,"ֿנאגמ"
is-is,mk-mk,Reður,"Пенис"
is-is,mk-mk,Rigna,"Дожд"
is-is,mk-mk,Rigning,"Дожд"
is-is,mk-mk,Ristill,"Дебело црево"
is-is,mk-mk,Ritari,"Секретар"
is-is,mk-mk,Rokk,"Рокенрол"
is-is,mk-mk,Ryk,"Супстанција"
is-is,mk-mk,Ræðuspurning,"Реторично прашање"
is-is,mk-mk,Rétt,"Право"
is-is,mk-mk,Rétt,"ֿנאגמ"
is-is,mk-mk,Rétttrúnaðarkirkjan,"Православие"
is-is,mk-mk,Réttur,"Право"
is-is,mk-mk,Réttur,"ֿנאגמ"
is-is,mk-mk,Réunion,"Реунион"
is-is,mk-mk,Ríad,"Ер Ријад"
is-is,mk-mk,Ríga,"Рига"
is-is,mk-mk,Ríki,"Земја"
is-is,mk-mk,Ríkiserindrekstur,"Дипломатија"
is-is,mk-mk,Ríkið,"Устав"
is-is,mk-mk,Róm,"Рим"
is-is,mk-mk,Rómaveldi,"Римска империја"
is-is,mk-mk,Rót,"Корен"
is-is,mk-mk,Róteind,"Протон"
is-is,mk-mk,Rökaðgerð,"Логичка операција"
is-is,mk-mk,Rökvilla,"Софизам"
is-is,mk-mk,Röyksopp,Röyksopp
is-is,mk-mk,Rúanda,"Руанда"
is-is,mk-mk,Rúm,"Простор"
is-is,mk-mk,Rúmenía,"Романија"
is-is,mk-mk,Rúmfræði,"Геометрија"
is-is,mk-mk,Rússland,"Русија"
is-is,mk-mk,Rússneska,"Руски јазик"
is-is,mk-mk,Rými,"Простор"
is-is,mk-mk,SI,"SI систем на мерки"
is-is,mk-mk,SS-sveitirnar,СС
is-is,mk-mk,Sacavém,Сакавен
is-is,mk-mk,Saga,"Историја"
is-is,mk-mk,Sagnfræði,"Историја"
is-is,mk-mk,Sahara,"Сахара"
is-is,mk-mk,Saladín,Саладин
is-is,mk-mk,Saltur,Соли
is-is,mk-mk,Salómonseyjar,"Соломонови Острови"
is-is,mk-mk,Saman,"Множество"
is-is,mk-mk,Samanburðarlíffærafræði,"Морфологија"
is-is,mk-mk,Sameind,"Молекула"
is-is,mk-mk,Sameindalíffræði,"Нуклеинска киселина"
is-is,mk-mk,Samheiti,Синоним
is-is,mk-mk,Samkomulag,"Атмосфера"
is-is,mk-mk,Samkynhneigð,"Хомосексуалност"
is-is,mk-mk,Samlokur,Школки
is-is,mk-mk,Samlífi,Симбиоза
is-is,mk-mk,Sammengi,"Асоцијација"
is-is,mk-mk,Samningur,"Атмосфера"
is-is,mk-mk,Samsæta,"Изотоп"
is-is,mk-mk,Samtenging,"Логичка конјункција"
is-is,mk-mk,Samvirkur,"Општина"
is-is,mk-mk,Samóa,Самоа
is-is,mk-mk,Sannleikur,"Вистина"
is-is,mk-mk,Sanskrít,"Санскрит"
is-is,mk-mk,Sara,"Јапонски јазик"
is-is,mk-mk,Sarajevó,"Сараево"
is-is,mk-mk,Satúrnus,"Сатурн"
is-is,mk-mk,Science,"Наука"
is-is,mk-mk,Seildýr,"Хордати"
is-is,mk-mk,Seiður,"Магија"
is-is,mk-mk,Selen,Селен
is-is,mk-mk,Selena,"Месечина"
is-is,mk-mk,Sellulósi,"Целулоза"
is-is,mk-mk,Selló,"Виолончело"
is-is,mk-mk,Senegal,Сенегал
is-is,mk-mk,September,"24 септември"
is-is,mk-mk,Serbneska,"Српски јазик"
is-is,mk-mk,Serbía,"Србија"
is-is,mk-mk,Setning,"Теорема"
is-is,mk-mk,Setningafræði,"Синтакса"
is-is,mk-mk,Seychelleseyjar,"Сејшели"
is-is,mk-mk,Sikiley,"Сицилија"
is-is,mk-mk,Silfuraldarlatína,"Класичен латински јазик"
is-is,mk-mk,Simbabve,"Зимбабве"
is-is,mk-mk,Sink,Цинк
is-is,mk-mk,Sinn,"Звук"
is-is,mk-mk,Sinn,"Регистриран заштитен знак"
is-is,mk-mk,Sirius-sveitin,"Сириус"
is-is,mk-mk,Siðferði,"Морал"
is-is,mk-mk,Siðfræði,"Етика"
is-is,mk-mk,Sjanghæ,"Шангај"
is-is,mk-mk,Sjálfstæði,"Независност"
is-is,mk-mk,Sjóher,"Општествена класа"
is-is,mk-mk,Sjónvarp,"Телевизија"
is-is,mk-mk,Sjór,"Океан"
is-is,mk-mk,Skaft,"Ламанш"
is-is,mk-mk,Skammtafræði,"Квантна механика"
is-is,mk-mk,Skanderbeg,"Скендербег"
is-is,mk-mk,Skandín,"Скандиум"
is-is,mk-mk,Skaplyndi,"Природа"
is-is,mk-mk,Skaplyndi,Симбол
is-is,mk-mk,Skeifugörn,"Дванаесетпалечно црево"
is-is,mk-mk,Sker,"Карпа"
is-is,mk-mk,Skip,"Кораб"
is-is,mk-mk,Skjaldbökur,"Желка"
is-is,mk-mk,Skopje,"Скопје"
is-is,mk-mk,Skordýr,"Инсект"
is-is,mk-mk,Skorpulifur,"Цироза"
is-is,mk-mk,Skriðdreki,Тенк
is-is,mk-mk,Skriðdýr,"Влечуги"
is-is,mk-mk,Skyrbjúgur,"Скорбут"
is-is,mk-mk,Skák,"Шах"
is-is,mk-mk,Skáldsaga,"Роман"
is-is,mk-mk,Ský,"Облак"
is-is,mk-mk,Slag,"Мозочен удар"
is-is,mk-mk,Slagæð,"Артерија"
is-is,mk-mk,Sloðir,"Плоштина"
is-is,mk-mk,Slóvakía,"Словачка"
is-is,mk-mk,Slóvenía,"Словенија"
is-is,mk-mk,Smokkar,"Главоноги"
is-is,mk-mk,Smokkur,"Кондом"
is-is,mk-mk,Smápeningar,"Промена"
is-is,mk-mk,Smástirnabeltið,"Астероиден појас"
is-is,mk-mk,Sniglar,"Полжав"
is-is,mk-mk,Snjóflóð,"Лавина"
is-is,mk-mk,Sovétríkin,"Сојуз на Советските Социјалистички Републики"
is-is,mk-mk,Spegill,"Стакло"
is-is,mk-mk,Spendýr,"Цицачи"
is-is,mk-mk,Spil,"Игри"
is-is,mk-mk,Spánn,"Шпанија"
is-is,mk-mk,Staðarnet,"Локална мрежа"
is-is,mk-mk,Staðreynd,"Факт"
is-is,mk-mk,Staður,"Град"
is-is,mk-mk,Stefna,"Политика"
is-is,mk-mk,Steind,"Минерал"
is-is,mk-mk,Steingervingafræði,"Палеонтологија"
is-is,mk-mk,Steinn,"Апостол Петар"
is-is,mk-mk,Steinöld,"Камено доба"
is-is,mk-mk,Sterlingspund,"Британска Фунта"
is-is,mk-mk,Stjarna,"Ѕвезда"
is-is,mk-mk,Stjarneðlisfræði,"Астрофизика"
is-is,mk-mk,Stjórnarskrá,"Устав"
is-is,mk-mk,Stjórnaskrá,"Устав"
is-is,mk-mk,Stjórnleysisstefna,"Анархизам"
is-is,mk-mk,Stjórnmál,"Политика"
is-is,mk-mk,Stjórnmálaflokkur,"Политичка партија"
is-is,mk-mk,Stjórnmálafræði,"Политички науки"
is-is,mk-mk,Stjórnspeki,"Политичка философија"
is-is,mk-mk,Stjórnvitringurinn,"Политика"
is-is,mk-mk,Stjörnufræði,"Астрономија"
is-is,mk-mk,Stjörnulíffræði,"Астробиологија"
is-is,mk-mk,Stjörnuþoka,"Галаксија"
is-is,mk-mk,Stokkhólmur,"Стокхолм"
is-is,mk-mk,Storkuhamur,"Цврста агрегатна состојба"
is-is,mk-mk,Stríð,"Војна"
is-is,mk-mk,Stuttgart,"Штутгарт"
is-is,mk-mk,Stærðfræði,"Математика"
is-is,mk-mk,Stílbragð,"Реторика"
is-is,mk-mk,Stóra-Bretland,"Обединетото Кралство"
is-is,mk-mk,Stórskotalið,"Артилерија"
is-is,mk-mk,Stóuspeki,"Стоицизам"
is-is,mk-mk,Stýrikerfi,"Оперативен систем"
is-is,mk-mk,Stýrikerfiskjarni,"Јадро на оперативен систем"
is-is,mk-mk,Sumar,"Лето"
is-is,mk-mk,Sunnudagur,"Недела"
is-is,mk-mk,Suðumark,"Точка на вриење"
is-is,mk-mk,Suður-Afríka,"Јужна Африка"
is-is,mk-mk,Suður-Ameríka,"Јужна Америка"
is-is,mk-mk,Suður-Asía,"Јужна Африка"
is-is,mk-mk,Suður-Dakóta,"Јужна Дакота"
is-is,mk-mk,Suður-Evrópa,"Кариби"
is-is,mk-mk,Suður-Karólína,"Јужна Каролина"
is-is,mk-mk,Suður-Kórea,"Јужна Кореја"
is-is,mk-mk,Suðuroy,"Јужен новозеландски остров"
is-is,mk-mk,Suðvestur-Asía,"Блиски Исток"
is-is,mk-mk,Svalbarði,"Шпицбершки Острови"
is-is,mk-mk,Svartahaf,"Црно Море"
is-is,mk-mk,Svartfjallaland,"Црна Гора"
is-is,mk-mk,Svartur,"Нигер"
is-is,mk-mk,Svasíland,Свазиленд
is-is,mk-mk,Sveifarás,"Курбла"
is-is,mk-mk,Sveit,Село
is-is,mk-mk,Sveitarfélag,"Општина"
is-is,mk-mk,Sveppafræði,"Микологија"
is-is,mk-mk,Sveppur,"Габа"
is-is,mk-mk,Svik,"Велепредавство"
is-is,mk-mk,Svipur,"Воздух"
is-is,mk-mk,Sviss,"Швајцарија"
is-is,mk-mk,Sviti,"Транспирација"
is-is,mk-mk,Svæði,"Плоштина"
is-is,mk-mk,Svíi,"Шведски јазик"
is-is,mk-mk,Svíþjóð,"Шведска"
is-is,mk-mk,Sydney,"Сиднеј"
is-is,mk-mk,Sykra,"Јаглехидрат"
is-is,mk-mk,Sykur,"Шеќер"
is-is,mk-mk,Sálfræði,"Психологија"
is-is,mk-mk,Sátt,"Атмосфера"
is-is,mk-mk,Sáttmál,"Атмосфера"
is-is,mk-mk,Sænska,"Шведски јазик"
is-is,mk-mk,Sær,"Океан"
is-is,mk-mk,Sætistala,"Атомски број"
is-is,mk-mk,Sígaretta,"Цигара"
is-is,mk-mk,Sínaískagi,"Синајска гора"
is-is,mk-mk,Sívalningur,"Цилиндар"
is-is,mk-mk,Sókrates,"Сократ"
is-is,mk-mk,Sól,"Сонце"
is-is,mk-mk,Sólarhringur,"Ден"
is-is,mk-mk,Sólin,"Сонце"
is-is,mk-mk,Sólkerfið,"Сончев систем"
is-is,mk-mk,Sólstjarna,"Ѕвезда"
is-is,mk-mk,Sómalía,"Сомалија"
is-is,mk-mk,Sölt,Соли
is-is,mk-mk,Súdan,"Судан"
is-is,mk-mk,Súesskurðurinn,"Суецки канал"
is-is,mk-mk,Súkre,"Шеќер"
is-is,mk-mk,Súmer,"Сумер"
is-is,mk-mk,Súrefni,"Кислород"
is-is,mk-mk,Súrínam,"Суринам"
is-is,mk-mk,Sýnagóga,Синагога
is-is,mk-mk,Sýra,"Карбоксилна киселина"
is-is,mk-mk,Sýra,"Киселина"
is-is,mk-mk,TCP/IP,"Интернет Протокол"
is-is,mk-mk,TNT,"Џин-тоник"
is-is,mk-mk,Tadsjikar,"Таџикистан"
is-is,mk-mk,Tadsjikistan,"Таџикистан"
is-is,mk-mk,Tag,"Пол"
is-is,mk-mk,Tag,"Род"
is-is,mk-mk,Tala,"Број"
is-is,mk-mk,Talnareikningur,"Аритметика"
is-is,mk-mk,Tanganjika,"Тангањика"
is-is,mk-mk,Tanganjikavatn,"Тангањика"
is-is,mk-mk,Tannsteinn,"Математичка анализа"
is-is,mk-mk,Tansanía,"Танзанија"
is-is,mk-mk,Taug,"Нерв"
is-is,mk-mk,Taugafruma,"Неврон"
is-is,mk-mk,Taugakerfið,"Нервен систем"
is-is,mk-mk,Taugamót,"Синапса"
is-is,mk-mk,Taumatawhakatangihangakoauauotamateaturipukakapikimaungahoronukupokaiwhenuakitanatahu,"Тетауматафакатангихангакоауаотаматеаурехаеатурипукапихимаунгахоронукупокаифенуаакитанараху"
is-is,mk-mk,Taíland,"Тајланд"
is-is,mk-mk,Te,"Чај"
is-is,mk-mk,Tegucigalpa,"Тегусигалпа"
is-is,mk-mk,Tegund,"Пол"
is-is,mk-mk,Tegund,"Род"
is-is,mk-mk,Teheran,"Техеран"
is-is,mk-mk,Teiknimynd,"Анимација"
is-is,mk-mk,Teiknimyndasaga,"Стрип"
is-is,mk-mk,Tennis,"Тенис"
is-is,mk-mk,Terentius,"Теренциј"
is-is,mk-mk,Texas,"Тексас"
is-is,mk-mk,Textafræði,"Филологија"
is-is,mk-mk,Thea,"Чај"
is-is,mk-mk,Til,"Стих"
is-is,mk-mk,Tilfinning,"Емоција"
is-is,mk-mk,Tilfinning,"Чувство"
is-is,mk-mk,Tilgáta,"Хипотеза"
is-is,mk-mk,Tilleiðsla,"Индукција"
is-is,mk-mk,Tilvistarstefna,"Егзистенцијализам"
is-is,mk-mk,Titanic,"Титаник"
is-is,mk-mk,Titikakavatn,"Титикака"
is-is,mk-mk,Tollur,"Царина"
is-is,mk-mk,Tomma,"Инч"
is-is,mk-mk,Torf,"Тревник"
is-is,mk-mk,Torontó,"Торонто"
is-is,mk-mk,Tromma,Тапани
is-is,mk-mk,Trommur,Тапани
is-is,mk-mk,Tryggur,"Право"
is-is,mk-mk,Tryggur,"ֿנאגמ"
is-is,mk-mk,Tré,"Дрво"
is-is,mk-mk,Trípólí,"Триполи"
is-is,mk-mk,Trója,"Троја"
is-is,mk-mk,Trú,"Религија"
is-is,mk-mk,Trúarbrögð,"Религија"
is-is,mk-mk,Trúleysi,"Атеизам"
is-is,mk-mk,Tsjad,Чад
is-is,mk-mk,Tsjadvatn,Чад
is-is,mk-mk,Tunga,"Јазик"
is-is,mk-mk,Tungl,"Месечина"
is-is,mk-mk,Tunglið,"Месечина"
is-is,mk-mk,Tungudalskirtill,"Плунковнa жлездa"
is-is,mk-mk,Tungumál,"Јазик"
is-is,mk-mk,Tvípunktur,"Дебело црево"
is-is,mk-mk,Tyrkland,"Турција"
is-is,mk-mk,Tyrkneska,"Турски јазик"
is-is,mk-mk,Táknfræði,"Семиотика"
is-is,mk-mk,Táknsaga,"Алегорија"
is-is,mk-mk,Tævan,"Република Кина"
is-is,mk-mk,Tékki,"Чешки јазик"
is-is,mk-mk,Tékkland,"Чешка"
is-is,mk-mk,Tékkneska,"Чешки јазик"
is-is,mk-mk,Tékkóslóvakía,"Чехословачка"
is-is,mk-mk,Tímabelti,"Временска зона"
is-is,mk-mk,Tírana,"Тирана"
is-is,mk-mk,Tógó,Того
is-is,mk-mk,Tókýó,Токио
is-is,mk-mk,Tónskáld,"Композитор"
is-is,mk-mk,Töf,"Екот"
is-is,mk-mk,Tölva,"Компјутер"
is-is,mk-mk,Tölvuforrit,"Софтвер"
is-is,mk-mk,Tölvumús,"Глушец"
is-is,mk-mk,Tölvunarfræði,"Информатика"
is-is,mk-mk,Tölvupóstur,"Електронско писмо"
is-is,mk-mk,Tönn,"Заб"
is-is,mk-mk,Tún,"Акра"
is-is,mk-mk,Túnis,"Тунис"
is-is,mk-mk,Túvalúeyjar,"Тувалу"
is-is,mk-mk,UTC,"Координирано универзално време"
is-is,mk-mk,Umhverfis,"Стих"
is-is,mk-mk,Ungverjaland,"Унгарија"
is-is,mk-mk,Unix,Unix
is-is,mk-mk,Unna,"Љубов"
is-is,mk-mk,Uppeldi,"Образование"
is-is,mk-mk,Uppeldisfræði,"Образование"
is-is,mk-mk,Upplýsingar,"Информација"
is-is,mk-mk,Utah,"Јута"
is-is,mk-mk,Utanborðsmótor,"Вонбродски мотор"
is-is,mk-mk,Vafri,"Веб прелистувач"
is-is,mk-mk,Vanúatú,"Вануату"
is-is,mk-mk,Varmafræði,"Термодинамика"
is-is,mk-mk,Varsjá,"Варшава"
is-is,mk-mk,Vatn,"Вода"
is-is,mk-mk,Vatnalíffræði,"Лимнологија"
is-is,mk-mk,Vatt,"Ват"
is-is,mk-mk,Vatíkanið,"Ватикан"
is-is,mk-mk,Vefsíða,"Веб страница"
is-is,mk-mk,Vefur,Ткиво
is-is,mk-mk,Vegur,"Пат"
is-is,mk-mk,Veira,"Вирус"
is-is,mk-mk,Venesúela,"Венецуела"
is-is,mk-mk,Venetó,"Венеција"
is-is,mk-mk,Venus,"Венера"
is-is,mk-mk,Verkfræði,"Инженеринг"
is-is,mk-mk,Verkfræði,"Инженерство"
is-is,mk-mk,Verksmiðja,"Растенија"
is-is,mk-mk,Vermont,"Вермонт"
is-is,mk-mk,Versalir,"Версајски дворец"
is-is,mk-mk,Verzlun,"Трговија"
is-is,mk-mk,Verðbólga,"Инфлација"
is-is,mk-mk,Vestur-Evrópa,"Западна Европа"
is-is,mk-mk,Vestur-Kongó,"Република Конго"
is-is,mk-mk,Vestur-Sahara,"Западна Сахара"
is-is,mk-mk,Vestur-Virginía,"Западна Вирџинија"
is-is,mk-mk,Vesturbakkinn,"Западен Брег"
is-is,mk-mk,Vesturheimur,"Америка"
is-is,mk-mk,Vesturlönd,"Европа"
is-is,mk-mk,Vesturálfa,"Америка"
is-is,mk-mk,Vetni,"Водород"
is-is,mk-mk,Vetrarbrautin,"Млечен пат"
is-is,mk-mk,Veður,"Ветер"
is-is,mk-mk,Veðurlag,"Клима"
is-is,mk-mk,Victoria,"Викторија"
is-is,mk-mk,Vientiane,"Виентиан"
is-is,mk-mk,Vigt,Тежина
is-is,mk-mk,Viktoríufossar,"Викторија"
is-is,mk-mk,Viktoríufossar,"Езеро Викторија"
is-is,mk-mk,Viktoríuvatn,"Езеро Викторија"
is-is,mk-mk,Vilníus,"Вилнус"
is-is,mk-mk,Vindlingur,"Цигара"
is-is,mk-mk,Vindur,"Ветер"
is-is,mk-mk,Vinningur,"Профит"
is-is,mk-mk,Vinnsluminni,"Поткровје"
is-is,mk-mk,Vinstri,"Левица"
is-is,mk-mk,Vinstristefna,"Левица"
is-is,mk-mk,Virginía,"Вирџинија"
is-is,mk-mk,Visla,"Висла"
is-is,mk-mk,Vistfræði,"Екологија"
is-is,mk-mk,Vitorð,"Знаење"
is-is,mk-mk,Vitrúvíus,"Витрувиј"
is-is,mk-mk,Við,"Стих"
is-is,mk-mk,Viðhöfn,"Церемонија"
is-is,mk-mk,Viðlíking,"Споредба"
is-is,mk-mk,Viðskeyti,"Наставка"
is-is,mk-mk,Viður,"Дрво"
is-is,mk-mk,Volga,"Волга"
is-is,mk-mk,Volt,"Волт"
is-is,mk-mk,Volta,Свод
is-is,mk-mk,Voltaire,"Франсоа Волтер"
is-is,mk-mk,Vopn,"Грб"
is-is,mk-mk,Vél,"Локомотива"
is-is,mk-mk,Vélbúnaður,"Хардвер"
is-is,mk-mk,Vélinda,"Хранопровод"
is-is,mk-mk,Víetnam,"Виетнам"
is-is,mk-mk,Víetnamstríðið,"Виетнамска војна"
is-is,mk-mk,Víkingar,"Викинзи"
is-is,mk-mk,Vín,"Виена"
is-is,mk-mk,Vísindi,"Наука"
is-is,mk-mk,Vítamín,"Витамин"
is-is,mk-mk,Vökvi,"Течност"
is-is,mk-mk,Völlur,Село
is-is,mk-mk,Vörumerki,"Регистриран заштитен знак"
is-is,mk-mk,Vöxtur,"Раст"
is-is,mk-mk,Vöðvi,"Мускул"
is-is,mk-mk,Wales,"Велс"
is-is,mk-mk,Washington,"Вашингтон"
is-is,mk-mk,Watergate-hneykslið,"Вотергејтска афера"
is-is,mk-mk,Wesleyan-háskóli,"Универзитет Веслиан во Охајо"
is-is,mk-mk,Westminster,"Вестминстер"
is-is,mk-mk,Wikipedia,"Википедија"
is-is,mk-mk,Wisconsin,"Висконсин"
is-is,mk-mk,Wright-bræður,"Браќа Рајт"
is-is,mk-mk,Wyoming,"Вајоминг"
is-is,mk-mk,Yamoussoukro,"Јамусукро"
is-is,mk-mk,Yfirfrakki,"Мантил"
is-is,mk-mk,Zagreb,"Загреб"
