mk-mk,lv-lv,"1 век","I gadsimts"
mk-mk,lv-lv,"1 февруари","1. februāris"
mk-mk,lv-lv,"1 јануари","1. janvāris"
mk-mk,lv-lv,"1 јули","1. jūlijs"
mk-mk,lv-lv,"10 ноември","10. novembris"
mk-mk,lv-lv,"10 јули","10. jūlijs"
mk-mk,lv-lv,"11 март","11. marts"
mk-mk,lv-lv,"11 февруари","11. februāris"
mk-mk,lv-lv,"11 јули","11. jūlijs"
mk-mk,lv-lv,"12 август","12. augusts"
mk-mk,lv-lv,"12 век","12. gadsimts"
mk-mk,lv-lv,"12 март","12. marts"
mk-mk,lv-lv,"12 февруари","12. februāris"
mk-mk,lv-lv,"12 јули","12. jūlijs"
mk-mk,lv-lv,"13 век","13. gadsimts"
mk-mk,lv-lv,"13 март","13. marts"
mk-mk,lv-lv,"13 јануари","13. janvāris"
mk-mk,lv-lv,"13 јули","13. jūlijs"
mk-mk,lv-lv,"14 април","14. aprīlis"
mk-mk,lv-lv,"14 век","14. gadsimts"
mk-mk,lv-lv,"14 март","14. marts"
mk-mk,lv-lv,"14 ноември","14. novembris"
mk-mk,lv-lv,"14 септември","14. septembris"
mk-mk,lv-lv,"14 јануари","14. janvāris"
mk-mk,lv-lv,"14 јули","14. jūlijs"
mk-mk,lv-lv,"15 век","15. gadsimts"
mk-mk,lv-lv,"15 март","15. marts"
mk-mk,lv-lv,"15 октомври","15. oktobris"
mk-mk,lv-lv,"15 јули","15. jūlijs"
mk-mk,lv-lv,"16 август","16. augusts"
mk-mk,lv-lv,"16 век","16. gadsimts"
mk-mk,lv-lv,"16 март","16. marts"
mk-mk,lv-lv,"16 мај","16. maijs"
mk-mk,lv-lv,"16 јули","16. jūlijs"
mk-mk,lv-lv,"17 век","17. gadsimts"
mk-mk,lv-lv,"17 декември","17. decembris"
mk-mk,lv-lv,"17 март","17. marts"
mk-mk,lv-lv,"17 мај","17. maijs"
mk-mk,lv-lv,"17 јули","17. jūlijs"
mk-mk,lv-lv,"17 јуни","17. jūnijs"
mk-mk,lv-lv,"18 век","18. gadsimts"
mk-mk,lv-lv,"18 март","18. marts"
mk-mk,lv-lv,"18 мај","18. maijs"
mk-mk,lv-lv,"18 јануари","18. janvāris"
mk-mk,lv-lv,"18 јули","18. jūlijs"
mk-mk,lv-lv,"19 август","19. augusts"
mk-mk,lv-lv,"19 век","19. gadsimts"
mk-mk,lv-lv,"19 март","19. marts"
mk-mk,lv-lv,"19 ноември","19. novembris"
mk-mk,lv-lv,"19 февруари","19. februāris"
mk-mk,lv-lv,"19 јануари","19. janvāris"
mk-mk,lv-lv,"19 јули","19. jūlijs"
mk-mk,lv-lv,"1930 ФИФА Светско Првенство","FIFA Pasaules kauss 1930"
mk-mk,lv-lv,"1934 ФИФА Светско Првенство","FIFA Pasaules kauss 1934"
mk-mk,lv-lv,"1938 ФИФА Светско Првенство","FIFA Pasaules kauss 1938"
mk-mk,lv-lv,"1950 ФИФА Светско Првенство","FIFA Pasaules kauss 1950"
mk-mk,lv-lv,"1954 ФИФА Светско Првенство","FIFA Pasaules kauss 1954"
mk-mk,lv-lv,"1958 ФИФА Светско Првенство","FIFA Pasaules kauss 1958"
mk-mk,lv-lv,"1962 ФИФА Светско Првенство","FIFA Pasaules kauss 1962"
mk-mk,lv-lv,"1966 ФИФА Светско Првенство","FIFA Pasaules kauss 1966"
mk-mk,lv-lv,"1970 ФИФА Светско Првенство","FIFA Pasaules kauss 1970"
mk-mk,lv-lv,"1974 ФИФА Светско Првенство","FIFA Pasaules kauss 1974"
mk-mk,lv-lv,"1978 ФИФА Светско Првенство","FIFA Pasaules kauss 1978"
mk-mk,lv-lv,"1982 ФИФА Светско Првенство","FIFA Pasaules kauss 1982"
mk-mk,lv-lv,"1986 ФИФА Светско Првенство","FIFA Pasaules kauss 1986"
mk-mk,lv-lv,"1990 ФИФА Светско Првенство","FIFA Pasaules kauss 1990"
mk-mk,lv-lv,"1994 ФИФА Светско Првенство","FIFA Pasaules kauss 1994"
mk-mk,lv-lv,"1998 ФИФА Светско Првенство","FIFA Pasaules kauss 1998"
mk-mk,lv-lv,"2 март","2. marts"
mk-mk,lv-lv,"2 ноември","2. novembris"
mk-mk,lv-lv,"2 јануари","2. janvāris"
mk-mk,lv-lv,"2 јули","2. jūlijs"
mk-mk,lv-lv,"20 век","20. gadsimts"
mk-mk,lv-lv,"20 март","20. marts"
mk-mk,lv-lv,"20 ноември","20. novembris"
mk-mk,lv-lv,"20 октомври","20. oktobris"
mk-mk,lv-lv,"20 јануари","20. janvāris"
mk-mk,lv-lv,"20 јули","20. jūlijs"
mk-mk,lv-lv,"2002 ФИФА Светско Првенство","FIFA Pasaules kauss 2002"
mk-mk,lv-lv,"21 март","21. marts"
mk-mk,lv-lv,"21 септември","21. septembris"
mk-mk,lv-lv,"21 февруари","21. februāris"
mk-mk,lv-lv,"21 јануари","21. janvāris"
mk-mk,lv-lv,"21 јули","21. jūlijs"
mk-mk,lv-lv,"22 март","22. marts"
mk-mk,lv-lv,"22 ноември","22. novembris"
mk-mk,lv-lv,"22 февруари","22. februāris"
mk-mk,lv-lv,"22 јануари","22. janvāris"
mk-mk,lv-lv,"22 јули","22. jūlijs"
mk-mk,lv-lv,"23 март","23. marts"
mk-mk,lv-lv,"23 мај","23. maijs"
mk-mk,lv-lv,"23 октомври","23. oktobris"
mk-mk,lv-lv,"23 јули","23. jūlijs"
mk-mk,lv-lv,"23 јуни","23. jūnijs"
mk-mk,lv-lv,"24 март","24. marts"
mk-mk,lv-lv,"24 септември",Septembris
mk-mk,lv-lv,"24 февруари","24. februāris"
mk-mk,lv-lv,"24 јули","24. jūlijs"
mk-mk,lv-lv,"24 јуни","24. jūnijs"
mk-mk,lv-lv,"25 август","25. augusts"
mk-mk,lv-lv,"25 април","25. aprīlis"
mk-mk,lv-lv,"25 март","25. marts"
mk-mk,lv-lv,"25 јули","25. jūlijs"
mk-mk,lv-lv,"26 април","26. aprīlis"
mk-mk,lv-lv,"26 март","26. marts"
mk-mk,lv-lv,"26 октомври","26. oktobris"
mk-mk,lv-lv,"26 јануари","26. janvāris"
mk-mk,lv-lv,"26 јули","26. jūlijs"
mk-mk,lv-lv,"27 март","27. marts"
mk-mk,lv-lv,"27 ноември","27. novembris"
mk-mk,lv-lv,"27 февруари","27. februāris"
mk-mk,lv-lv,"27 јануари","27. janvāris"
mk-mk,lv-lv,"27 јули","27. jūlijs"
mk-mk,lv-lv,"28 април","28. aprīlis"
mk-mk,lv-lv,"28 март","28. marts"
mk-mk,lv-lv,"28 октомври","28. oktobris"
mk-mk,lv-lv,"28 јануари","28. janvāris"
mk-mk,lv-lv,"28 јули","28. jūlijs"
mk-mk,lv-lv,"29 март","29. marts"
mk-mk,lv-lv,"29 јули","29. jūlijs"
mk-mk,lv-lv,"29 јуни","29. jūnijs"
mk-mk,lv-lv,"3 декември","3. decembris"
mk-mk,lv-lv,"3 ноември","3. novembris"
mk-mk,lv-lv,"3 септември","3. septembris"
mk-mk,lv-lv,"3 јули","3. jūlijs"
mk-mk,lv-lv,"30 март","30. marts"
mk-mk,lv-lv,"30 ноември","30. novembris"
mk-mk,lv-lv,"30 јули","30. jūlijs"
mk-mk,lv-lv,"31 март","31. marts"
mk-mk,lv-lv,"31 јули","31. jūlijs"
mk-mk,lv-lv,"4 август","4. augusts"
mk-mk,lv-lv,"4 октомври","4. oktobris"
mk-mk,lv-lv,"4 февруари","4. februāris"
mk-mk,lv-lv,"4 јануари","4. janvāris"
mk-mk,lv-lv,"4 јули","4. jūlijs"
mk-mk,lv-lv,"5 април","5. aprīlis"
mk-mk,lv-lv,"5 март","5. marts"
mk-mk,lv-lv,"5 мај","5. maijs"
mk-mk,lv-lv,"5 септември","5. septembris"
mk-mk,lv-lv,"5 февруари","5. februāris"
mk-mk,lv-lv,"5 јануари","5. janvāris"
mk-mk,lv-lv,"5 јули","5. jūlijs"
mk-mk,lv-lv,"5 јуни","5. jūnijs"
mk-mk,lv-lv,"6 декември","6. decembris"
mk-mk,lv-lv,"6 март","6. marts"
mk-mk,lv-lv,"6 ноември","6. novembris"
mk-mk,lv-lv,"6 септември","6. septembris"
mk-mk,lv-lv,"6 февруари","6. februāris"
mk-mk,lv-lv,"6 јануари","6. janvāris"
mk-mk,lv-lv,"6 јули","6. jūlijs"
mk-mk,lv-lv,"7 август","7. augusts"
mk-mk,lv-lv,"7 март","7. marts"
mk-mk,lv-lv,"7 октомври","7. oktobris"
mk-mk,lv-lv,"7 септември","6. septembris"
mk-mk,lv-lv,"7 јануари","7. janvāris"
mk-mk,lv-lv,"7 јули","7. jūlijs"
mk-mk,lv-lv,"8 ноември","8. novembris"
mk-mk,lv-lv,"8 септември","8. septembris"
mk-mk,lv-lv,"8 февруари","8. februāris"
mk-mk,lv-lv,"8 јануари","8. janvāris"
mk-mk,lv-lv,"8 јули","8. jūlijs"
mk-mk,lv-lv,"9 март","9. marts"
mk-mk,lv-lv,"9 февруари","9. februāris"
mk-mk,lv-lv,"9 јули","9. jūlijs"
mk-mk,lv-lv,"A Hard Day's Night","A Hard Day's Night"
mk-mk,lv-lv,"Foo Fighters","Foo Fighters"
mk-mk,lv-lv,"Iron Maiden","Iron Maiden"
mk-mk,lv-lv,"Led Zeppelin","Led Zeppelin"
mk-mk,lv-lv,"Microsoft Windows","Microsoft Windows"
mk-mk,lv-lv,"ROM меморија","Lasāmatmiņa"
mk-mk,lv-lv,"Robert Kurz","Robert Kurz"
mk-mk,lv-lv,"SI систем на мерки",SI
mk-mk,lv-lv,"System of a Down","System of a Down"
mk-mk,lv-lv,"The Beatles","The Beatles"
mk-mk,lv-lv,"The Cure","The Cure"
mk-mk,lv-lv,"The Rolling Stones","The Rolling Stones"
mk-mk,lv-lv,"U041fu0435u0458u0437u0430u0436u043du043e u0441u043bu0438u043au0430u0440u0441u0442u0432u043e",Ainava
mk-mk,lv-lv,"£אדכונמה הטמךסטה","Oglekļa dioksīds"
mk-mk,lv-lv,"ÐÂ ÐÂµÐÂ±-ïÂ¿Â½?ÐÂ°ÑÂ ÑÂ","TÄÂ«mekÄÂ¼a vietne"
mk-mk,lv-lv,"Ѓавол",Velns
mk-mk,lv-lv,"Ѕвезда",Zvaigzne
mk-mk,lv-lv,"Ѕвездени патеки","Zvaigžņu ceļš"
mk-mk,lv-lv,"Јава",Java
mk-mk,lv-lv,"Јавна политика",Politika
mk-mk,lv-lv,"Јаглеводород","Ogļūdeņraži"
mk-mk,lv-lv,"Јаглен","Akmeņogles"
mk-mk,lv-lv,"Јаглерод диоксид","Oglekļa dioksīds"
mk-mk,lv-lv,"Јаглерод",Ogleklis
mk-mk,lv-lv,"Јаглехидрат","Ogļhidrāti"
mk-mk,lv-lv,"Јадранско Море","Adrijas jūra"
mk-mk,lv-lv,"Јазик",Valoda
mk-mk,lv-lv,"Јамајка",Jamaika
mk-mk,lv-lv,"Јаничар","Jeničeri"
mk-mk,lv-lv,"Јануари","Janvāris"
mk-mk,lv-lv,"Јапонија","Japāna"
mk-mk,lv-lv,"Јапонски јазик","Japāņu valoda"
mk-mk,lv-lv,"Јарда","Sēta"
mk-mk,lv-lv,"Јасер Арафат","Jasirs Arafats"
mk-mk,lv-lv,"Јемен",Jemena
mk-mk,lv-lv,"Јен",Jena
mk-mk,lv-lv,"Јеховини сведоци","Japāņu valoda"
mk-mk,lv-lv,"Јованка Орлеанка","Žanna d’Arka"
mk-mk,lv-lv,"Јод",Jods
mk-mk,lv-lv,"Јозеф Хајдн","Jozefs Haidns"
mk-mk,lv-lv,"Јон",Jons
mk-mk,lv-lv,"Јоносфера","Jonosfēra"
mk-mk,lv-lv,"Јонско Море","Jonijas jūra"
mk-mk,lv-lv,"Јордан","Jordānija"
mk-mk,lv-lv,"Јосиф Сталин","Josifs Staļins"
mk-mk,lv-lv,"Јохан Волфганг фон Гете","Johans Volfgangs fon Gēte"
mk-mk,lv-lv,"Јохан Гутенберг","Johans Gūtenbergs"
mk-mk,lv-lv,"Јохан Кеплер","Johanness Keplers"
mk-mk,lv-lv,"Јохан Себастијан Бах","Johans Sebastians Bahs"
mk-mk,lv-lv,"Јувентус","Juventus F.C."
mk-mk,lv-lv,"Југославија","Dienvidslāvija"
mk-mk,lv-lv,"Јужна Америка",Dienvidamerika
mk-mk,lv-lv,"Јужна Африка","Dienvidāfrikas Republika"
mk-mk,lv-lv,"Јужна Дакота",Dienviddakota
mk-mk,lv-lv,"Јужна Каролина",Dienvidkarolīna
mk-mk,lv-lv,"Јужна Кореја",Dienvidkoreja
mk-mk,lv-lv,"Јужноафриканска Република","Dienvidāfrikas Republika"
mk-mk,lv-lv,"Јулиј Цезар","Jūlijs Cēzars"
mk-mk,lv-lv,"Јулија Тимошенко","Jūlija Timošenko"
mk-mk,lv-lv,"Јуни",Jūnijs
mk-mk,lv-lv,"Јупитер",Jupiters
mk-mk,lv-lv,"Јустинијан I","Justiniāns I"
mk-mk,lv-lv,"Јута",Jūta
mk-mk,lv-lv,"Љубов на попладне",Ariane
mk-mk,lv-lv,"Љубов",Mīlestība
mk-mk,lv-lv,"Љубљана",Ļubļana
mk-mk,lv-lv,"Њу Јорк","Ņujorka"
mk-mk,lv-lv,"Њу Џерси","Ņūdžersija"
mk-mk,lv-lv,"Њу Мексико","Ņūmeksika"
mk-mk,lv-lv,"Њу Хемпшир","Ņūhempšīra"
mk-mk,lv-lv,"Њутн","Ņūtons"
mk-mk,lv-lv,"Њутнови закони на движење","Ņūtona likumi"
mk-mk,lv-lv,"Њујорк Сити","Ņujorka"
mk-mk,lv-lv,"Њујорк","Ņujorka"
mk-mk,lv-lv,"Џ.Р.Р. Толкин","Džons Ronalds Rūels Tolkīns"
mk-mk,lv-lv,"Џакарта",Džakarta
mk-mk,lv-lv,"Џан Лоренцо Бернини","Džovanni Lorenco Bernīni"
mk-mk,lv-lv,"Џемс Џојс","Džeimss Džoiss"
mk-mk,lv-lv,"Џемс Кларк Максвел","Džeims Maksvels"
mk-mk,lv-lv,"Џејмс Максвел","Džeims Maksvels"
mk-mk,lv-lv,"Џибути",Džibuti
mk-mk,lv-lv,"Џовани Бокачо","Džovanni Bokačo"
mk-mk,lv-lv,"Џон Ленон","Džons Lenons"
mk-mk,lv-lv,"Џон Ф. Кенеди","Džons F. Kenedijs"
mk-mk,lv-lv,"Џорџ Буш","Džordžs Bušs"
mk-mk,lv-lv,"Џорџ Вашингтон","Džordžs Vašingtons"
mk-mk,lv-lv,"Џорџ Гордон Бајрон",Bairons
mk-mk,lv-lv,"Џорџ Орвел","Džordžs Orvels"
mk-mk,lv-lv,"Џорџ Харисон","Džordžs Harisons"
mk-mk,lv-lv,"Џорџија",Džordžija
mk-mk,lv-lv,"Џуно",Džūno
mk-mk,lv-lv,"АДСЛ",ADSL
mk-mk,lv-lv,"Абиџан","Abidžāna"
mk-mk,lv-lv,"Абрахам Линколн","Abrahams Linkolns"
mk-mk,lv-lv,"Абуџа",Abudža
mk-mk,lv-lv,"Авганистан","Afganistāna"
mk-mk,lv-lv,"Авион",Lidmašīna
mk-mk,lv-lv,"Австралија","Austrālija"
mk-mk,lv-lv,"Австрија",Austrija
mk-mk,lv-lv,"Австроунгарија","Austroungārija"
mk-mk,lv-lv,"Автомобил",Automašīna
mk-mk,lv-lv,"Агностицизам",Agnosticisms
mk-mk,lv-lv,"Агол","Leņķis"
mk-mk,lv-lv,"Адолф Хитлер","Ādolfs Hitlers"
mk-mk,lv-lv,"Азербејџан","Azerbaidžāna"
mk-mk,lv-lv,"Азија","Āzija"
mk-mk,lv-lv,"Азот","Slāpeklis"
mk-mk,lv-lv,"Аикидо",Aikido
mk-mk,lv-lv,"Акра",Akri
mk-mk,lv-lv,"Аксиома",Aksioma
mk-mk,lv-lv,"Алабама",Alabama
mk-mk,lv-lv,"Алан Тјуринг","Alans Tjūrings"
mk-mk,lv-lv,"Албанија","Albānija"
mk-mk,lv-lv,"Албанци","Albāņi"
mk-mk,lv-lv,"Албер Ками","Albērs Kamī"
mk-mk,lv-lv,"Алберт Ајнштајн","Alberts Einšteins"
mk-mk,lv-lv,"Алгебра",Algebra
mk-mk,lv-lv,"Алги",Aļģes
mk-mk,lv-lv,"Алгоритам",Algoritms
mk-mk,lv-lv,"Алдехид",Aldehīdi
mk-mk,lv-lv,"Александар I","Aleksandrs I"
mk-mk,lv-lv,"Александар II","Aleksandrs II"
mk-mk,lv-lv,"Александар III Македонски","Aleksandrs Lielais"
mk-mk,lv-lv,"Александар Грејам Бел","Aleksandrs Greiems Bells"
mk-mk,lv-lv,"Александар Обреновиќ","Aleksandrs I"
mk-mk,lv-lv,"Александар","Aleksandrs I"
mk-mk,lv-lv,"Алжир",Alžīrija
mk-mk,lv-lv,"Алкален метал","Sārmu metāli"
mk-mk,lv-lv,"Алкан","Alkāni"
mk-mk,lv-lv,"Алкен","Alkēni"
mk-mk,lv-lv,"Алкилхалогенид","Halogēnogļūdeņraži"
mk-mk,lv-lv,"Алкин",Alkīni
mk-mk,lv-lv,"Алкохол",Spirti
mk-mk,lv-lv,"Алкохолен пијалок","Alkoholiskie dzērieni"
mk-mk,lv-lv,"Алуминиум",Alumīnijs
mk-mk,lv-lv,"Алфред Адлер","Alfrēds Adlers"
mk-mk,lv-lv,"Алхемија",Alķīmija
mk-mk,lv-lv,"Амазон",Amazone
mk-mk,lv-lv,"Америка",Amerika
mk-mk,lv-lv,"Американска Самоа","Amerikāņu Samoa"
mk-mk,lv-lv,"Американски долар","ASV dolārs"
mk-mk,lv-lv,"Амид",Amīdi
mk-mk,lv-lv,"Амин",Amīni
mk-mk,lv-lv,"Амино киселина","Aminoskābes"
mk-mk,lv-lv,"Амонијак",Amonjaks
mk-mk,lv-lv,"Амстердам",Amsterdama
mk-mk,lv-lv,"Анаксимандар",Anaksimandrs
mk-mk,lv-lv,"Аналитичка геометрија","Analītiskā ģeometrija"
mk-mk,lv-lv,"Аналитичка хемија","Analītiskā ķīmija"
mk-mk,lv-lv,"Анатомија",Anatomija
mk-mk,lv-lv,"Ангела Меркел","Angela Merkela"
mk-mk,lv-lv,"Англиски јазик","Angļu valoda"
mk-mk,lv-lv,"Англија",Anglija
mk-mk,lv-lv,"Ангола",Angola
mk-mk,lv-lv,"Анди",Andi
mk-mk,lv-lv,"Андора",Andora
mk-mk,lv-lv,"Андромеда",Andromeda
mk-mk,lv-lv,"Анимација","Multiplikācija"
mk-mk,lv-lv,"Анимизам",Animisms
mk-mk,lv-lv,"Анкара",Ankara
mk-mk,lv-lv,"Античка Грција","Senā Grieķija"
mk-mk,lv-lv,"Античка Македонија",Maķedonija
mk-mk,lv-lv,"Античка Македонска војска",Falanga
mk-mk,lv-lv,"Антички Египет","Senā Ēģipte"
mk-mk,lv-lv,"Антропологија",Antropoloģija
mk-mk,lv-lv,"Аполон",Apollons
mk-mk,lv-lv,"Апостол Петар","Sanktpēterburga"
mk-mk,lv-lv,"Април",Aprīlis
mk-mk,lv-lv,"Арапски јазик","Arābu valoda"
mk-mk,lv-lv,"Аргентина",Argentīna
mk-mk,lv-lv,"Аргон",Argons
mk-mk,lv-lv,"Арес",Arejs
mk-mk,lv-lv,"Аризона",Arizona
mk-mk,lv-lv,"Аристократија","Aristokrātija"
mk-mk,lv-lv,"Аристотел",Aristotelis
mk-mk,lv-lv,"Арканзас","Ārkanzasa"
mk-mk,lv-lv,"Арктички Океан","Ziemeļu Ledus okeāns"
mk-mk,lv-lv,"Ароматично соединение","Aromātiskie ogļūdeņraži"
mk-mk,lv-lv,"Артемида",Artemīda
mk-mk,lv-lv,"Артерија","Artērijas"
mk-mk,lv-lv,"Артилерија","Artilērija"
mk-mk,lv-lv,"Артур Рембо","Arturs Rembo"
mk-mk,lv-lv,"Артур Саливан","Arturs Salivens"
mk-mk,lv-lv,"Артур Шницлер","Arturs Šniclers"
mk-mk,lv-lv,"Артур Шопенхауер","Artūrs Šopenhauers"
mk-mk,lv-lv,"Аруба",Aruba
mk-mk,lv-lv,"Архангел Михаил",Miķelis
mk-mk,lv-lv,"Археологија",Arheoloģija
mk-mk,lv-lv,"Архимед","Arhimēds"
mk-mk,lv-lv,"Архитектура",Arhitektūra
mk-mk,lv-lv,"Архитрав","Arhitrāvs"
mk-mk,lv-lv,"Астероид",Asteroīds
mk-mk,lv-lv,"Астрологија",Astroloģija
mk-mk,lv-lv,"Астрономија",Astronomija
mk-mk,lv-lv,"Астрофизика",Astrofizika
mk-mk,lv-lv,"Атеизам",Ateisms
mk-mk,lv-lv,"Атена","Atēna"
mk-mk,lv-lv,"Атина","Atēnas"
mk-mk,lv-lv,"Атлантида",Atlantis
mk-mk,lv-lv,"Атмосфера","Zemes atmosfēra"
mk-mk,lv-lv,"Атом",Atoms
mk-mk,lv-lv,"Атомска бомба","Kodolieroči"
mk-mk,lv-lv,"Атомска маса",Atommasa
mk-mk,lv-lv,"Африка","Āfrika"
mk-mk,lv-lv,"Афродита",Afrodīte
mk-mk,lv-lv,"Ајдахо",Aidaho
mk-mk,lv-lv,"Ајкула",Haizivs
mk-mk,lv-lv,"Ајндховен",Eindhovena
mk-mk,lv-lv,"Ајнтрахт Франкфурт","Eintracht Frankfurt"
mk-mk,lv-lv,"Ајова",Aiova
mk-mk,lv-lv,"Ајфелова Кула","Eifeļa tornis"
mk-mk,lv-lv,"Аљаска",Aļaska
mk-mk,lv-lv,"Бабск",Babska
mk-mk,lv-lv,"Баварија","Bavārija"
mk-mk,lv-lv,"Багдад","Bagdāde"
mk-mk,lv-lv,"Бадем",Mandele
mk-mk,lv-lv,"Баден-Виртемберг","Bādene-Virtemberga"
mk-mk,lv-lv,"Баерн Минхен","Bayern München"
mk-mk,lv-lv,"База","Sārms"
mk-mk,lv-lv,"Бакар",Varš
mk-mk,lv-lv,"Бакнеж",Kiss
mk-mk,lv-lv,"Бактерија","Baktērija"
mk-mk,lv-lv,"Балкански Полуостров","Balkānu pussala"
mk-mk,lv-lv,"Балкански полуостров","Balkānu pussala"
mk-mk,lv-lv,"Балтички јазици","Baltu valodas"
mk-mk,lv-lv,"Балтичко Море","Baltijas jūra"
mk-mk,lv-lv,"Бангкок",Bangkoka
mk-mk,lv-lv,"Бангладеш",Bangladeša
mk-mk,lv-lv,"Банџул",Bandžula
mk-mk,lv-lv,"Барбадос",Barbadosa
mk-mk,lv-lv,"Барселона",Barselona
mk-mk,lv-lv,"Бартоломео Растрели","Frančesko Bartolomeo Rastrelli"
mk-mk,lv-lv,"Барут","Šaujampulveris"
mk-mk,lv-lv,"Бас гитара","Basģitāra"
mk-mk,lv-lv,"Бафало",Bufalo
mk-mk,lv-lv,"Бафинова Земја","Bafina Zeme"
mk-mk,lv-lv,"Бахамски Острови",Bahamas
mk-mk,lv-lv,"Бахрaин",Bahreina
mk-mk,lv-lv,"Бајкалско Езеро","Baikāls"
mk-mk,lv-lv,"Бајт",Baits
mk-mk,lv-lv,"Бег",Bejs
mk-mk,lv-lv,"Безобразлук","Krustu kauls"
mk-mk,lv-lv,"Бел дроб",Plauša
mk-mk,lv-lv,"Бела боја",Balts
mk-mk,lv-lv,"Белгија",Beļģija
mk-mk,lv-lv,"Белград",Belgrada
mk-mk,lv-lv,"Белизе",Beliza
mk-mk,lv-lv,"Белоруси",Baltkrievi
mk-mk,lv-lv,"Белорусија",Baltkrievija
mk-mk,lv-lv,"Бензен",Benzols
mk-mk,lv-lv,"Бенин",Benina
mk-mk,lv-lv,"Бенито Мусолини","Benito Musolīni"
mk-mk,lv-lv,"Берилиум",Berilijs
mk-mk,lv-lv,"Берлин",Berlīne
mk-mk,lv-lv,"Бертолд Брехт","Bertolts Brehts"
mk-mk,lv-lv,"Бешичко Езеро","Volvi ezers"
mk-mk,lv-lv,"Библија",Bībele
mk-mk,lv-lv,"Биг Бенг","Lielais Sprādziens"
mk-mk,lv-lv,"Бил Гејтс","Bils Geitss"
mk-mk,lv-lv,"Биографија","Biogrāfija"
mk-mk,lv-lv,"Биологија",Bioloģija
mk-mk,lv-lv,"Биохемија",Bioķīmija
mk-mk,lv-lv,"Бит",Bits
mk-mk,lv-lv,"Битлс","The Beatles"
mk-mk,lv-lv,"Битола",Bitola
mk-mk,lv-lv,"Близок Исток","Tuvie Austrumi"
mk-mk,lv-lv,"Блиски Исток","Tuvie Austrumi"
mk-mk,lv-lv,"Блог","Tīmekļa žurnāls"
mk-mk,lv-lv,"Бог",Dievs
mk-mk,lv-lv,"Богородица Марија","Jaunava Marija"
mk-mk,lv-lv,"Боже чувај го царот!","Dievs, svētī Caru!"
mk-mk,lv-lv,"Боже чувај го царот","Dievs, svētī Caru!"
mk-mk,lv-lv,"Боливија",Bolīvija
mk-mk,lv-lv,"Бон",Bonna
mk-mk,lv-lv,"Бор",Bors
mk-mk,lv-lv,"Борат","Borats Sagdijevs"
mk-mk,lv-lv,"Босна и Херцеговина","Bosnija un Hercegovina"
mk-mk,lv-lv,"Ботаника","Botānika"
mk-mk,lv-lv,"Боцвана","Botsvāna"
mk-mk,lv-lv,"Боцен","Bolcāno"
mk-mk,lv-lv,"Бразил",Brazīlija
mk-mk,lv-lv,"Брак",Laulība
mk-mk,lv-lv,"Бранденбург",Brandenburga
mk-mk,lv-lv,"Бранко Црвенковски","Branko Crvenkovskis"
mk-mk,lv-lv,"Братислава",Bratislava
mk-mk,lv-lv,"Брег на Слоновата Коска","Kotdivuāra"
mk-mk,lv-lv,"Брегот на Слоновата Коска","Kotdivuāra"
mk-mk,lv-lv,"Бремен","Brēmene"
mk-mk,lv-lv,"Брест",Bresta
mk-mk,lv-lv,"Брзина на звук","Skaņas ātrums"
mk-mk,lv-lv,"Брзина","Ātrums"
mk-mk,lv-lv,"Брисел",Brisele
mk-mk,lv-lv,"Британска империја","Britu impērija"
mk-mk,lv-lv,"Брод",Brasls
mk-mk,lv-lv,"Бром",Broms
mk-mk,lv-lv,"Бронзено доба","Bronzas laikmets"
mk-mk,lv-lv,"Брунеи",Bruneja
mk-mk,lv-lv,"Бршлен",Dzintars
mk-mk,lv-lv,"Бугарија","Bulgārija"
mk-mk,lv-lv,"Бугарски јазик","Bulgāru valoda"
mk-mk,lv-lv,"Будизам",Budisms
mk-mk,lv-lv,"Будимпешта",Budapešta
mk-mk,lv-lv,"Буенос Аирес",Buenosairesa
mk-mk,lv-lv,"Букурешт",Bukareste
mk-mk,lv-lv,"Бургас",Burgasa
mk-mk,lv-lv,"Бургаска област",Burgasa
mk-mk,lv-lv,"Буркина Фасо",Burkinafaso
mk-mk,lv-lv,"Бурунди",Burundi
mk-mk,lv-lv,"Вавилон",Babilona
mk-mk,lv-lv,"Вакуола",Vakuola
mk-mk,lv-lv,"Валона",Vļora
mk-mk,lv-lv,"Валута",Nauda
mk-mk,lv-lv,"Вануату",Vanuatu
mk-mk,lv-lv,"Варење","Gremošanas sistēma"
mk-mk,lv-lv,"Варна",Varna
mk-mk,lv-lv,"Варненска област",Varna
mk-mk,lv-lv,"Варшава",Varšava
mk-mk,lv-lv,"Васко де Гама","Vasko da Gama"
mk-mk,lv-lv,"Ват",Vats
mk-mk,lv-lv,"Ватикан","Vatikāns"
mk-mk,lv-lv,"Вашингтон",Vašingtona
mk-mk,lv-lv,"Вајарство","Tēlniecība"
mk-mk,lv-lv,"Вајмар","Veimāra"
mk-mk,lv-lv,"Вајмарска Република","Veimāras republika"
mk-mk,lv-lv,"Вајоминг",Vaiominga
mk-mk,lv-lv,"Веб прелистувач","Tīmekļa pārlūkprogramma"
mk-mk,lv-lv,"Веб страница","Tīmekļa lappuse"
mk-mk,lv-lv,"Веб-сајт","Tīmekļa vietne"
mk-mk,lv-lv,"Веб-страница","Tīmekļa lappuse"
mk-mk,lv-lv,"Везир",Lielvezīrs
mk-mk,lv-lv,"Велепредавство",Nodevība
mk-mk,lv-lv,"Велепредавство","Valsts nodevība"
mk-mk,lv-lv,"Велика Британија","Apvienotā Karaliste"
mk-mk,lv-lv,"Велс",Velsa
mk-mk,lv-lv,"Вена","Vēnas"
mk-mk,lv-lv,"Венера","Venēra"
mk-mk,lv-lv,"Венеција","Venēcija"
mk-mk,lv-lv,"Венецуела","Venecuēla"
mk-mk,lv-lv,"Вермонт","Vērmonta"
mk-mk,lv-lv,"Ветер","Vējš"
mk-mk,lv-lv,"Видови на спортови","Sporta veidi"
mk-mk,lv-lv,"Виена",Vīne
mk-mk,lv-lv,"Виетнам",Vjetnama
mk-mk,lv-lv,"Византија",Bizantija
mk-mk,lv-lv,"Вики",Wiki
mk-mk,lv-lv,"Викинзи",Vikingi
mk-mk,lv-lv,"Википедија","Vikipēdija"
mk-mk,lv-lv,"Виктор Јанукович","Viktors Janukovičs"
mk-mk,lv-lv,"Виктор Јушченко","Viktors Juščenko"
mk-mk,lv-lv,"Виктор Иго","Viktors Igo"
mk-mk,lv-lv,"Викторија","Viktorijas ezers"
mk-mk,lv-lv,"Вилем ван Алст","Vilems van Elsts"
mk-mk,lv-lv,"Вилијам Фокнер","Viljams Folkners"
mk-mk,lv-lv,"Вилијам Шекспир","Viljams Šekspīrs"
mk-mk,lv-lv,"Вилнус","Viļņa"
mk-mk,lv-lv,"Вилхелм Штајниц","Vilhelms Šteinics"
mk-mk,lv-lv,"Вимблдон","Vimbldonas čempionāts"
mk-mk,lv-lv,"Вино",Vīns
mk-mk,lv-lv,"Виножито",Varavīksne
mk-mk,lv-lv,"Винсент ван Гог","Vinsents van Gogs"
mk-mk,lv-lv,"Винстон Черчил","Vinstons Čērčils"
mk-mk,lv-lv,"Виолина",Vijole
mk-mk,lv-lv,"Виолончело","Čells"
mk-mk,lv-lv,"Вирус",Vīruss
mk-mk,lv-lv,"Вирџинија",Virdžīnija
mk-mk,lv-lv,"Висконсин",Viskonsina
mk-mk,lv-lv,"Висла",Visla
mk-mk,lv-lv,"Вистина",Patiesība
mk-mk,lv-lv,"Вистинска црква на Исус","Patiesā Jēzus Baznīca"
mk-mk,lv-lv,"Витамин",Vitamīni
mk-mk,lv-lv,"Витези-Темплари","Templiešu ordenis"
mk-mk,lv-lv,"Витрувиј",Vitrūvijs
mk-mk,lv-lv,"Владимир Илич Ленин","Ļeņins"
mk-mk,lv-lv,"Владимир Путин","Vladimirs Putins"
mk-mk,lv-lv,"Владимирска област","Vladimiras apgabals"
mk-mk,lv-lv,"Влечуги","Rāpulis"
mk-mk,lv-lv,"Вода",Ūdens
mk-mk,lv-lv,"Воден молец","Maksteņu kārta"
mk-mk,lv-lv,"Водоземец",Abinieki
mk-mk,lv-lv,"Водород","Ūdeņradis"
mk-mk,lv-lv,"Водороден показател",PH
mk-mk,lv-lv,"Воена тактика","Stratēģija"
mk-mk,lv-lv,"Воз",Vilciens
mk-mk,lv-lv,"Воздух",Gaiss
mk-mk,lv-lv,"Волга",Volga
mk-mk,lv-lv,"Волгоградска област","Volgogradas apgabals"
mk-mk,lv-lv,"Волт",Volts
mk-mk,lv-lv,"Волтер","Voltērs"
mk-mk,lv-lv,"Волфганг Амадеус Моцарт","Volfgangs Amadejs Mocarts"
mk-mk,lv-lv,"Војводина",Vojevodina
mk-mk,lv-lv,"Војна",Karš
mk-mk,lv-lv,"Врба",Vītols
mk-mk,lv-lv,"Временска зона","Laika josla"
mk-mk,lv-lv,"Вртежи во минута",1/min
mk-mk,lv-lv,"Вселена",Visums
mk-mk,lv-lv,"Втора Светска војна","Otrais pasaules karš"
mk-mk,lv-lv,"Вторник",Otrdiena
mk-mk,lv-lv,"Вулкан","Vulkāns"
mk-mk,lv-lv,"ГНУ",GNU
mk-mk,lv-lv,"Габа","Sēnes"
mk-mk,lv-lv,"Габриел Гарсија Маркес","Gabriels Garsija Markess"
mk-mk,lv-lv,"Гагра",Gagra
mk-mk,lv-lv,"Галаксија",Galaktika
mk-mk,lv-lv,"Галилео Галилеј","Galileo Galilejs"
mk-mk,lv-lv,"Гамбија",Gambija
mk-mk,lv-lv,"Гана",Gana
mk-mk,lv-lv,"Гарда","Gardas ezers"
mk-mk,lv-lv,"Гардско езеро","Gardas ezers"
mk-mk,lv-lv,"Гас","Gāze"
mk-mk,lv-lv,"Гвадалупе",Gvadelupa
mk-mk,lv-lv,"Гватемала",Gvatemala
mk-mk,lv-lv,"Гвајана","Gajāna"
mk-mk,lv-lv,"Гвинеја-Бисао",Gvineja-Bisava
mk-mk,lv-lv,"Гдањск","Gdaņska"
mk-mk,lv-lv,"Ген","Gēns"
mk-mk,lv-lv,"Генетика","Ģenētika"
mk-mk,lv-lv,"Географија","Ģeogrāfija"
mk-mk,lv-lv,"Георг Вилхелм Фридрих Хегел","Georgs Vilhelms Frīdrihs Hēgelis"
mk-mk,lv-lv,"Георг Фридрих Хендл","Georgs Frīdrihs Hendelis"
mk-mk,lv-lv,"Германија","Vācija"
mk-mk,lv-lv,"Германски јазик","Vācu valoda"
mk-mk,lv-lv,"Германци","Vācieši"
mk-mk,lv-lv,"Гејша",Geiša
mk-mk,lv-lv,"Гитара","Ģitāra"
mk-mk,lv-lv,"Главен град","Galvaspilsēta"
mk-mk,lv-lv,"Главна страница","Sākumlapa"
mk-mk,lv-lv,"Главоноги","Galvkāji"
mk-mk,lv-lv,"Гликолиза",Bioķīmija
mk-mk,lv-lv,"Глобализација","Globalizācija"
mk-mk,lv-lv,"Глодари","Grauzēji"
mk-mk,lv-lv,"Глукоза",Glikoze
mk-mk,lv-lv,"Глушец",Datorpele
mk-mk,lv-lv,"Говорништво",Diskurss
mk-mk,lv-lv,"Голем корален гребен","Lielais Barjerrifs"
mk-mk,lv-lv,"Големиот корален гребен","Lielais Barjerrifs"
mk-mk,lv-lv,"Големите езера","Lielie ezeri"
mk-mk,lv-lv,"Голосеменици","Priežu rinda"
mk-mk,lv-lv,"Голџиев систем","Goldži komplekss"
mk-mk,lv-lv,"Горно Езеро",Augšezers
mk-mk,lv-lv,"Готлиб Вилхелм Дајмлер","Gotlībs Daimlers"
mk-mk,lv-lv,"Граблива птица","Plēsīgs putns"
mk-mk,lv-lv,"Град Скопје",Skopje
mk-mk,lv-lv,"Град","Pilsēta"
mk-mk,lv-lv,"Градинар","Dārznieks"
mk-mk,lv-lv,"Грб",Ierocis
mk-mk,lv-lv,"Грегоријански календар","Gregora kalendārs"
mk-mk,lv-lv,"Гренада","Grenāda"
mk-mk,lv-lv,"Гренланд",Grenlande
mk-mk,lv-lv,"Грклан",Balsene
mk-mk,lv-lv,"Грузија",Gruzija
mk-mk,lv-lv,"Грци",Grieķi
mk-mk,lv-lv,"Грција",Grieķija
mk-mk,lv-lv,"Грчка азбука","Grieķu alfabēts"
mk-mk,lv-lv,"Грчка литература","Sengrieķu literatūra"
mk-mk,lv-lv,"Грчки јазик","Grieķu valoda"
mk-mk,lv-lv,"Густав Кирхоф","Gustavs Roberts Kirhofs"
mk-mk,lv-lv,"Густина на населеност","Iedzīvotāju blīvums"
mk-mk,lv-lv,"Густина",Blīvums
mk-mk,lv-lv,"Гуштер",Ķirzaka
mk-mk,lv-lv,"ДНК","Dezoksiribonukleīnskābe"
mk-mk,lv-lv,"Дака",Daka
mk-mk,lv-lv,"Дакар",Dakara
mk-mk,lv-lv,"Данска","Dānija"
mk-mk,lv-lv,"Дански јазик",Latviešu
mk-mk,lv-lv,"Данте Алигиери","Dante Aligjēri"
mk-mk,lv-lv,"Дебело црево","Resnā zarna"
mk-mk,lv-lv,"Девица",Jaunava
mk-mk,lv-lv,"Дедукција",Dedukcija
mk-mk,lv-lv,"Декларација за правата на човекот","Vispārējā cilvēktiesību deklarācija"
mk-mk,lv-lv,"Делавер","Delavēra"
mk-mk,lv-lv,"Демократија","Demokrātija"
mk-mk,lv-lv,"Демократска Република Конго","Kongo DR"
mk-mk,lv-lv,"Ден Браун","Dens Brauns"
mk-mk,lv-lv,"Ден",Diena
mk-mk,lv-lv,"Дет метал","Death metal"
mk-mk,lv-lv,"Дејвид Хјум","Deivids Hjūms"
mk-mk,lv-lv,"Диен","Alkadiēni"
mk-mk,lv-lv,"Дина","Kāpa"
mk-mk,lv-lv,"Динамит",Dinamīts
mk-mk,lv-lv,"Диселдорф",Diseldorfa
mk-mk,lv-lv,"Дифузија","Difuzionistu skola"
mk-mk,lv-lv,"Дишење",Elpa
mk-mk,lv-lv,"Дијамант",Dimants
mk-mk,lv-lv,"Договорот од Рим","Romas līgums"
mk-mk,lv-lv,"Дожд",Lietus
mk-mk,lv-lv,"Долг лак",Arka
mk-mk,lv-lv,"Долна Саксонија",Lejassaksija
mk-mk,lv-lv,"Доминиканска Република","Dominikāna"
mk-mk,lv-lv,"Драма",Dramaturģija
mk-mk,lv-lv,"Драч",Durresa
mk-mk,lv-lv,"Дрво",Koks
mk-mk,lv-lv,"Дрезден","Drēzdene"
mk-mk,lv-lv,"Дунав",Donava
mk-mk,lv-lv,"Дурбан",Durbana
mk-mk,lv-lv,"Еволутивна биологија","Evolūcijas teorija"
mk-mk,lv-lv,"Еволуција","Evolūcijas teorija"
mk-mk,lv-lv,"Евреи",Ebreji
mk-mk,lv-lv,"Евро",EUR
mk-mk,lv-lv,"Евроазија","Eirāzija"
mk-mk,lv-lv,"Евровизија 2007","2007. gada Eirovīzijas dziesmu konkurss"
mk-mk,lv-lv,"Евровизија","Eirovīzijas dziesmu konkurss"
mk-mk,lv-lv,"Европа",Eiropa
mk-mk,lv-lv,"Европска Комисија","Eiropas Komisija"
mk-mk,lv-lv,"Европска Унија","Eiropas Savienība"
mk-mk,lv-lv,"Егејска Македонија",Maķedonija
mk-mk,lv-lv,"Египет","Ēģipte"
mk-mk,lv-lv,"Едгар Алан По","Edgars Alans Po"
mk-mk,lv-lv,"Едноклеточен организам",Mikroorganisms
mk-mk,lv-lv,"Езеро Викторија","Viktorijas ezers"
mk-mk,lv-lv,"Езеро",Ezers
mk-mk,lv-lv,"Езопови басни","Ēzops"
mk-mk,lv-lv,"Еквадор",Ekvadora
mk-mk,lv-lv,"Екватор",Ekvators
mk-mk,lv-lv,"Екваторијална Гвинеја","Ekvatoriālā Gvineja"
mk-mk,lv-lv,"Екваторска Гвинеја","Ekvatoriālā Gvineja"
mk-mk,lv-lv,"Еконо.3B.D0.BC.D0.B8.D1.98.D0.B0",Ekonomika
mk-mk,lv-lv,"Економија",Ekonomika
mk-mk,lv-lv,"Експеримент",Eksperiments
mk-mk,lv-lv,"Експлозив","Sprāgstvielas"
mk-mk,lv-lv,"Ел Салвадор",Salvadora
mk-mk,lv-lv,"Елбасан",Eļbasana
mk-mk,lv-lv,"Електрична гитара","Elektriskā ģitāra"
mk-mk,lv-lv,"Електролиза",Elektrolīze
mk-mk,lv-lv,"Електрон",Elektrons
mk-mk,lv-lv,"Електроника","Elektroniskā mūzika"
mk-mk,lv-lv,"Електронска музика","Elektroniskā mūzika"
mk-mk,lv-lv,"Електронски микроскоп",Elektronmikroskops
mk-mk,lv-lv,"Електронско писмо",E-pasts
mk-mk,lv-lv,"Елементарна честичка","Elementārdaļiņas"
mk-mk,lv-lv,"Елизабета I","Elizabete I"
mk-mk,lv-lv,"Елизабета II","Elizabete II"
mk-mk,lv-lv,"Ема Голдман","Emma Goldmane"
mk-mk,lv-lv,"Ендокрин систем","Endokrīnā sistēma"
mk-mk,lv-lv,"Ендоплазматичен ретикулум","Endoplazmatiskais tīkls"
mk-mk,lv-lv,"Енергија на јонизација","Jonizācijas potenciāls"
mk-mk,lv-lv,"Енергија",Enerģija
mk-mk,lv-lv,"Енрико Ферми","Enriko Fermi"
mk-mk,lv-lv,"Енциклопедија","Enciklopēdija"
mk-mk,lv-lv,"Епир",Epīra
mk-mk,lv-lv,"Ер Ријад","Rijāda"
mk-mk,lv-lv,"Еритреја",Eritreja
mk-mk,lv-lv,"Ерих Фром","Ērihs Fromms"
mk-mk,lv-lv,"Ерменија","Armēnija"
mk-mk,lv-lv,"Ерменски геноцид","Armēņu genocīds"
mk-mk,lv-lv,"Ернест Хемингвеј","Ernests Hemingvejs"
mk-mk,lv-lv,"Ерусалим","Jeruzāleme"
mk-mk,lv-lv,"Есен",Esene
mk-mk,lv-lv,"Естер",Esteri
mk-mk,lv-lv,"Естерификација",Esteri
mk-mk,lv-lv,"Естонија",Igaunija
mk-mk,lv-lv,"Естонски јазик","Igauņu valoda"
mk-mk,lv-lv,"Етер","Ēteri"
mk-mk,lv-lv,"Етернет",Ethernet
mk-mk,lv-lv,"Етика","Ētika"
mk-mk,lv-lv,"Етиопија",Etiopija
mk-mk,lv-lv,"Жаба",Varde
mk-mk,lv-lv,"Жак Ширак","Žaks Širaks"
mk-mk,lv-lv,"Жан Жак Русо","Žans Žaks Ruso"
mk-mk,lv-lv,"Жан-Пол Сартр","Žans Pols Sartrs"
mk-mk,lv-lv,"Жаркари","Dzēlējzarndobumaiņi"
mk-mk,lv-lv,"Железница",Dzelzceļš
mk-mk,lv-lv,"Железно доба","Dzelzs laikmets"
mk-mk,lv-lv,"Железо",Dzelzs
mk-mk,lv-lv,"Желка","Bruņurupuči"
mk-mk,lv-lv,"Желудник","Vēders"
mk-mk,lv-lv,"Живина",Putns
mk-mk,lv-lv,"Живот",Dzīve
mk-mk,lv-lv,"Живот",Dzīvība
mk-mk,lv-lv,"Живот","Liva un Livtrasirs"
mk-mk,lv-lv,"Животни",Dzīvnieki
mk-mk,lv-lv,"Жлезда",Dziedzeris
mk-mk,lv-lv,"Заб",Zobs
mk-mk,lv-lv,"Загреб",Zagreba
mk-mk,lv-lv,"Задар",Zadara
mk-mk,lv-lv,"Заедница на независни држави","Neatkarīgo Valstu Savienība"
mk-mk,lv-lv,"Западна Вирџинија",Rietumvirdžīnija
mk-mk,lv-lv,"Западна Европа",Rietumeiropa
mk-mk,lv-lv,"Западна Сахара","Rietumsahāra"
mk-mk,lv-lv,"Збор",Somija
mk-mk,lv-lv,"Звук","Skaņa"
mk-mk,lv-lv,"Здравје",Veselība
mk-mk,lv-lv,"Зебра",Zebra
mk-mk,lv-lv,"Зевс",Zevs
mk-mk,lv-lv,"Зелена боја",Zaļš
mk-mk,lv-lv,"Зелени алги",Aļģes
mk-mk,lv-lv,"Зелено'ртски Острови",Kaboverde
mk-mk,lv-lv,"Зелено’ртски острови",Kaboverde
mk-mk,lv-lv,"Земноалкален метал","Sārmzemju metāli"
mk-mk,lv-lv,"Земја",Zeme
mk-mk,lv-lv,"Земјина кора","Zemes garoza"
mk-mk,lv-lv,"Земјоделство",Lauksaimniecība
mk-mk,lv-lv,"Земјотрес",Zemestrīce
mk-mk,lv-lv,"Зигмунд Фројд","Zigmunds Freids"
mk-mk,lv-lv,"Зигот",Zigota
mk-mk,lv-lv,"Зимбабве",Zimbabve
mk-mk,lv-lv,"Злато",Zelts
mk-mk,lv-lv,"Злосторство и казна","Noziegums un sods"
mk-mk,lv-lv,"Знаење","Zināšanas"
mk-mk,lv-lv,"Знаме на Бугарија","Bulgārijas Republikas karogs"
mk-mk,lv-lv,"Зодијак","Zodiaka zvaigznāji"
mk-mk,lv-lv,"Зоологија",Zooloģija
mk-mk,lv-lv,"Зороастризам",Zoroastrisms
mk-mk,lv-lv,"Ибадан",Ibadana
mk-mk,lv-lv,"Игри","Spēle"
mk-mk,lv-lv,"Извршна власт",Izpildvara
mk-mk,lv-lv,"Изгубени",Pazudušie
mk-mk,lv-lv,"Изомерија","Izomēri"
mk-mk,lv-lv,"Изотоп",Izotops
mk-mk,lv-lv,"Израел","Izraēla"
mk-mk,lv-lv,"Икона",Ikona
mk-mk,lv-lv,"Икони",Ikona
mk-mk,lv-lv,"Илиноис",Ilinoisa
mk-mk,lv-lv,"Илјада и една ноќ","Tūkstoš un vienas nakts pasakas"
mk-mk,lv-lv,"Имe","Lietvārds"
mk-mk,lv-lv,"Имануел Кант","Imanuels Kants"
mk-mk,lv-lv,"Импресионистичка музика",Impresionisms
mk-mk,lv-lv,"Имунитет","Imunitāte"
mk-mk,lv-lv,"Имунолошки систем","Imunitāte"
mk-mk,lv-lv,"Ингрид Бергман","Ingrīda Bergmane"
mk-mk,lv-lv,"Индиски Океан","Indijas okeāns"
mk-mk,lv-lv,"Индиум",Indijs
mk-mk,lv-lv,"Индија",Indija
mk-mk,lv-lv,"Индијана","Indiāna"
mk-mk,lv-lv,"Индо-европски јазици",Indoeiropieši
mk-mk,lv-lv,"Индоевропски јазици",Indoeiropieši
mk-mk,lv-lv,"Индукција","Elektromagnētiskās indukcijas likums"
mk-mk,lv-lv,"Инсект","Kukaiņi"
mk-mk,lv-lv,"Интеграл","Integrālis"
mk-mk,lv-lv,"Интер Милан","F.C. Internazionale Milano"
mk-mk,lv-lv,"Интер Милано","F.C. Internazionale Milano"
mk-mk,lv-lv,"Интернационала","Internacionāle"
mk-mk,lv-lv,"Интернет Протокол",IP
mk-mk,lv-lv,"Интернет",Internets
mk-mk,lv-lv,"Инфлација","Inflācija"
mk-mk,lv-lv,"Информатика","Datorzinātne"
mk-mk,lv-lv,"Информација","Informācija"
mk-mk,lv-lv,"Ирак","Irāka"
mk-mk,lv-lv,"Иран","Irāna"
mk-mk,lv-lv,"Ири","Ēri ezers"
mk-mk,lv-lv,"Исак Њутн","Īzaks Ņūtons"
mk-mk,lv-lv,"Исак Асимов","Aizeks Azimovs"
mk-mk,lv-lv,"Ислам","Islāms"
mk-mk,lv-lv,"Исланд",Īslande
mk-mk,lv-lv,"Истанбул",Stambula
mk-mk,lv-lv,"Историја","Vēsture"
mk-mk,lv-lv,"Источен Тимор",Austrumtimora
mk-mk,lv-lv,"Исус Христос","Jēzus Kristus"
mk-mk,lv-lv,"Италија","Itālija"
mk-mk,lv-lv,"Италијански региони","Itālijas reģioni"
mk-mk,lv-lv,"Италијански јазик","Itāliešu valoda"
mk-mk,lv-lv,"Ичиро Мизуки","Ičiro Midzuki"
mk-mk,lv-lv,"К2",K2
mk-mk,lv-lv,"Кабул",Kabula
mk-mk,lv-lv,"Казабланка",Kasablanka
mk-mk,lv-lv,"Казахстан","Kazahstāna"
mk-mk,lv-lv,"Каиро",Kaira
mk-mk,lv-lv,"Калиум","Kālijs"
mk-mk,lv-lv,"Калифорнија",Kalifornija
mk-mk,lv-lv,"Калкута",Kolkata
mk-mk,lv-lv,"Калциум",Kalcijs
mk-mk,lv-lv,"Камбоџа",Kambodža
mk-mk,lv-lv,"Камено време","Akmens laikmets"
mk-mk,lv-lv,"Камено доба","Akmens laikmets"
mk-mk,lv-lv,"Камерун",Kamerūna
mk-mk,lv-lv,"Канада","Kanāda"
mk-mk,lv-lv,"Каналето",Kanaleto
mk-mk,lv-lv,"Канзас",Kanzasa
mk-mk,lv-lv,"Кано",Kano
mk-mk,lv-lv,"Капитал","Kapitāls"
mk-mk,lv-lv,"Каракас",Karakasa
mk-mk,lv-lv,"Карбоксилна киселина","Karbonskābes"
mk-mk,lv-lv,"Карбонат","Karbonāti"
mk-mk,lv-lv,"Кариби","Karību jūra"
mk-mk,lv-lv,"Карипско Море","Karību jūra"
mk-mk,lv-lv,"Карл Густав Јунг","Karls Gustavs Jungs"
mk-mk,lv-lv,"Карл Маркс","Kārlis Markss"
mk-mk,lv-lv,"Карлсруе",Karlsrūe
mk-mk,lv-lv,"Карпа",Ieži
mk-mk,lv-lv,"Катализатор",Katalizators
mk-mk,lv-lv,"Катар",Katara
mk-mk,lv-lv,"Катовице",Katovice
mk-mk,lv-lv,"Каунас","Kauņa"
mk-mk,lv-lv,"Кафе",Kafija
mk-mk,lv-lv,"Квадрат","Kvadrāts"
mk-mk,lv-lv,"Квадратен километар","Kvadrātkilometrs"
mk-mk,lv-lv,"Квалитет","Kvalitāte"
mk-mk,lv-lv,"Квантна механика","Kvantu mehānika"
mk-mk,lv-lv,"Кварк",Kvarki
mk-mk,lv-lv,"Кварц",Kvarcs
mk-mk,lv-lv,"Келвин",Kelvins
mk-mk,lv-lv,"Келн",Ķelne
mk-mk,lv-lv,"Келти",Ķelti
mk-mk,lv-lv,"Кемал Ататурк","Mustafa Kemals Ataturks"
mk-mk,lv-lv,"Кензоо Танге","Kenzo Tange"
mk-mk,lv-lv,"Кенија",Kenija
mk-mk,lv-lv,"Кентаки",Kentuki
mk-mk,lv-lv,"Кетон",Ketoni
mk-mk,lv-lv,"Кејптаун",Keiptauna
mk-mk,lv-lv,"Киев",Kijeva
mk-mk,lv-lv,"Килиманџаро","Kilimandžāro"
mk-mk,lv-lv,"Килограм",Kilograms
mk-mk,lv-lv,"Кина",Ķīna
mk-mk,lv-lv,"Киншаса",Kinšasa
mk-mk,lv-lv,"Кипар",Kipra
mk-mk,lv-lv,"Киргиска ССР","Tadžikijas PSR"
mk-mk,lv-lv,"Киргистан","Kirgizstāna"
mk-mk,lv-lv,"Кирил и Методиј","Svētais Kirils"
mk-mk,lv-lv,"Кирилица",Kirilica
mk-mk,lv-lv,"Кис",Kiss
mk-mk,lv-lv,"Киселина","Skābe"
mk-mk,lv-lv,"Кислород","Skābeklis"
mk-mk,lv-lv,"Китара","Ģitāra"
mk-mk,lv-lv,"Клавир",Klavieres
mk-mk,lv-lv,"Клавијатурни инструменти",Klaviatūra
mk-mk,lv-lv,"Клајпеда","Klaipēda"
mk-mk,lv-lv,"Клетка","Šūna"
mk-mk,lv-lv,"Клеточна мембрана","Šūnas membrāna"
mk-mk,lv-lv,"Клеточно јадро","Šūnas kodols"
mk-mk,lv-lv,"Клештари","Helicerāti"
mk-mk,lv-lv,"Клима",Klimats
mk-mk,lv-lv,"Клуч","Tonalitāte"
mk-mk,lv-lv,"Кобалт",Kobalts
mk-mk,lv-lv,"Кожа","Āda"
mk-mk,lv-lv,"Количество",Daudzums
mk-mk,lv-lv,"Колорадо","Kolorādo"
mk-mk,lv-lv,"Колумбија",Kolumbija
mk-mk,lv-lv,"Комета","Komēta"
mk-mk,lv-lv,"Комичар","Komēdija"
mk-mk,lv-lv,"Комо","Komo ezers"
mk-mk,lv-lv,"Комори","Komoru salas"
mk-mk,lv-lv,"Компјутер",Dators
mk-mk,lv-lv,"Комунизам",Komunisms
mk-mk,lv-lv,"Комунистички манифест","Komunistiskās partijas manifests"
mk-mk,lv-lv,"Конакри",Konakri
mk-mk,lv-lv,"Конго, Демократска Република","Kongo DR"
mk-mk,lv-lv,"Конго, Република",Kongo
mk-mk,lv-lv,"Кондензатор",Kondensators
mk-mk,lv-lv,"Конектикат",Konektikuta
mk-mk,lv-lv,"Конзерватизам",Konservatīvisms
mk-mk,lv-lv,"Континент",Kontinents
mk-mk,lv-lv,"Конфучие",Konfūcijs
mk-mk,lv-lv,"Конфучиј",Konfūcijs
mk-mk,lv-lv,"Конфучијанизам",Konfūcisms
mk-mk,lv-lv,"Координирано универзално време","Universālais koordinētais laiks"
mk-mk,lv-lv,"Кораб",Kuģis
mk-mk,lv-lv,"Корен",Sakne
mk-mk,lv-lv,"Коска",Kauli
mk-mk,lv-lv,"Косово","Kosova un Metohija"
mk-mk,lv-lv,"Костарика",Kostarika
mk-mk,lv-lv,"Костромска област","Kostromas apgabals"
mk-mk,lv-lv,"Кошарка",Basketbols
mk-mk,lv-lv,"Коњ",Zirgs
mk-mk,lv-lv,"Коњаница","Kavalērija"
mk-mk,lv-lv,"Коњички придружници","Ēteri"
mk-mk,lv-lv,"Коњсковола",Konskovola
mk-mk,lv-lv,"Крагуевац",Kragujevaca
mk-mk,lv-lv,"Краков",Krakova
mk-mk,lv-lv,"Крв",Asinis
mk-mk,lv-lv,"Крвни садови",Asinsvadi
mk-mk,lv-lv,"Кребсов циклус","Trikarbonskābju cikls"
mk-mk,lv-lv,"Крепост",Pils
mk-mk,lv-lv,"Кристал","Kristāls"
mk-mk,lv-lv,"Кристофер Колумбо","Kristofors Kolumbs"
mk-mk,lv-lv,"Крстоносни војни","Krusta kari"
mk-mk,lv-lv,"Кружница","Riņķis"
mk-mk,lv-lv,"Куба",Kuba
mk-mk,lv-lv,"Кувајт",Kuveita
mk-mk,lv-lv,"Култура",Kultūra
mk-mk,lv-lv,"Куманово",Kumanova
mk-mk,lv-lv,"Куран","Korāns"
mk-mk,lv-lv,"Курдистан","Kurdistāna"
mk-mk,lv-lv,"Куритиба",Kuritiba
mk-mk,lv-lv,"Куров",Kuruva
mk-mk,lv-lv,"Курт Вонегат","Kurts Vonnegūts"
mk-mk,lv-lv,"Ла Хабана",Havana
mk-mk,lv-lv,"Лав",Lauva
mk-mk,lv-lv,"Лавина",Lavīna
mk-mk,lv-lv,"Лагадинско Езеро","Koronija ezers"
mk-mk,lv-lv,"Лагос",Lagosa
mk-mk,lv-lv,"Ламанш",Lamanšs
mk-mk,lv-lv,"Лаос",Laosa
mk-mk,lv-lv,"Лас Вегас",Lasvegasa
mk-mk,lv-lv,"Ласер","Lāzers"
mk-mk,lv-lv,"Латвиски јазик","Latviešu valoda"
mk-mk,lv-lv,"Латвија",Latvija
mk-mk,lv-lv,"Латиница","Latīņu alfabēts"
mk-mk,lv-lv,"Латински јазик","Latīņu valoda"
mk-mk,lv-lv,"Лацио","S.S. Lazio"
mk-mk,lv-lv,"Лајка","Ārstniecības kumelīte"
mk-mk,lv-lv,"Лвивска област",Ļviva
mk-mk,lv-lv,"Леб",Maize
mk-mk,lv-lv,"Ленинградска област","Ļeņingradas apgabals"
mk-mk,lv-lv,"Леонард Ојлер","Leonards Eilers"
mk-mk,lv-lv,"Леонардо да Винчи","Leonardo da Vinči"
mk-mk,lv-lv,"Лесото",Lesoto
mk-mk,lv-lv,"Лето",Vasara
mk-mk,lv-lv,"Либан","Libāna"
mk-mk,lv-lv,"Либерија","Libērija"
mk-mk,lv-lv,"Либија",Lībija
mk-mk,lv-lv,"Ливада",Pļava
mk-mk,lv-lv,"Лизозом",Lizosoma
mk-mk,lv-lv,"Ликовна уметност",Glezniecība
mk-mk,lv-lv,"Лимнологија",Limnoloģija
mk-mk,lv-lv,"Лимфа","Limfrites sistēma"
mk-mk,lv-lv,"Лимфен систем","Limfrites sistēma"
mk-mk,lv-lv,"Лингвистика",Valodniecība
mk-mk,lv-lv,"Линукс",Linux
mk-mk,lv-lv,"Линус Торвалдс","Linuss Torvalds"
mk-mk,lv-lv,"Липид",Lipīdi
mk-mk,lv-lv,"Лист",Lapas
mk-mk,lv-lv,"Листа на градови во Германија","Vācijas pilsētu uzskaitījums"
mk-mk,lv-lv,"Листа на градови во Република Македонија","Maķedonijas pilsētu uzskaitījums"
mk-mk,lv-lv,"Листа на земји по површина",Valstis
mk-mk,lv-lv,"Листа на земјите во светот",Valstis
mk-mk,lv-lv,"Листа на падежи",Funkcija
mk-mk,lv-lv,"Листа на премиери на Обединетото Кралство",Premjerministrs
mk-mk,lv-lv,"Листа на претседатели на Соединетите Американски Држави","ASV prezidents"
mk-mk,lv-lv,"Литар",Litrs
mk-mk,lv-lv,"Литванија",Lietuva
mk-mk,lv-lv,"Литвански јазик","Lietuviešu valoda"
mk-mk,lv-lv,"Литература",Literatūra
mk-mk,lv-lv,"Литиум",Litijs
mk-mk,lv-lv,"Лихтенштајн",Lihtenšteina
mk-mk,lv-lv,"Лишаи","Ķērpji"
mk-mk,lv-lv,"Логика",Loģika
mk-mk,lv-lv,"Логичка конјункција",E
mk-mk,lv-lv,"Локална мрежа","Lokālais tīkls"
mk-mk,lv-lv,"Локомотива","FC Lokomotiv Moskva"
mk-mk,lv-lv,"Ломе",Lome
mk-mk,lv-lv,"Лорд",Lordi
mk-mk,lv-lv,"Лос Анџелес",Losandželosa
mk-mk,lv-lv,"Лудвиг ван Бетовен","Ludvigs van Bēthovens"
mk-mk,lv-lv,"Луизијана","Luiziāna"
mk-mk,lv-lv,"Луксембург",Luksemburga
mk-mk,lv-lv,"Мaгла",Migla
mk-mk,lv-lv,"Мавританија","Mauritānija"
mk-mk,lv-lv,"Маврициус",Maurīcija
mk-mk,lv-lv,"Магнезиум",Magnijs
mk-mk,lv-lv,"Мадагаскар",Madagaskara
mk-mk,lv-lv,"Мадона",Madonna
mk-mk,lv-lv,"Мадрид",Madride
mk-mk,lv-lv,"Мазовија",Mazovija
mk-mk,lv-lv,"Мазовско војводство","Mazovijas vojevodiste"
mk-mk,lv-lv,"Македонија",Maķedonija
mk-mk,lv-lv,"Македонски",Latviešu
mk-mk,lv-lv,"Макроекономија",Makroekonomika
mk-mk,lv-lv,"Малави","Malāvija"
mk-mk,lv-lv,"Малдиви",Maldīvija
mk-mk,lv-lv,"Малезија",Malaizija
mk-mk,lv-lv,"Мали",Mali
mk-mk,lv-lv,"Малта",Malta
mk-mk,lv-lv,"Манагва","Managvas ezers"
mk-mk,lv-lv,"Манган","Mangāns"
mk-mk,lv-lv,"Манила",Manila
mk-mk,lv-lv,"Манхајм",Manheima
mk-mk,lv-lv,"Мао Це Тунг","Mao Dzeduns"
mk-mk,lv-lv,"Марија Склодовска - Кири","Marija Kirī"
mk-mk,lv-lv,"Маркетинг","Mārketings"
mk-mk,lv-lv,"Марксизам",Marksisms
mk-mk,lv-lv,"Мароко",Maroka
mk-mk,lv-lv,"Марс",Marss
mk-mk,lv-lv,"Марсел Пруст","Marsels Prusts"
mk-mk,lv-lv,"Мартин Лутер","Mārtiņš Luters"
mk-mk,lv-lv,"Маса",Masa
mk-mk,lv-lv,"Масачусетс","Masačūsetsa"
mk-mk,lv-lv,"Масна киселина","Taukskābe"
mk-mk,lv-lv,"Математика","Matemātika"
mk-mk,lv-lv,"Мауриц Корнелис Ешер","Moriss Kornēlijs Ešērs"
mk-mk,lv-lv,"Мајка Тереза","Māte Terēze"
mk-mk,lv-lv,"Медитација",Upanišadas
mk-mk,lv-lv,"Медиуми","Masu mediji"
mk-mk,lv-lv,"Медицина",Medicīna
mk-mk,lv-lv,"Мека",Meka
mk-mk,lv-lv,"Мекленбург-Западна Померанија","Meklenburga-Priekšpomerānija"
mk-mk,lv-lv,"Мекотели",Moluski
mk-mk,lv-lv,"Мексико",Meksika
mk-mk,lv-lv,"Мелбурн",Melburna
mk-mk,lv-lv,"Менхетн","Manhetenas projekts"
mk-mk,lv-lv,"Мериленд","Mērilenda"
mk-mk,lv-lv,"Меркур",Merkurs
mk-mk,lv-lv,"Месец","Mēnesis"
mk-mk,lv-lv,"Месечина","Mēness"
mk-mk,lv-lv,"Метал","Metāls"
mk-mk,lv-lv,"Метан","Metāns"
mk-mk,lv-lv,"Метили",Trematodes
mk-mk,lv-lv,"Метрополис",Metropole
mk-mk,lv-lv,"Метрополитенска област",Metropole
mk-mk,lv-lv,"Механика","Mehānika"
mk-mk,lv-lv,"Мехмед V","Mehmeds V"
mk-mk,lv-lv,"Мечка","Lācis"
mk-mk,lv-lv,"Меѓународен Монетарен Фонд","Starptautiskais valūtas fonds"
mk-mk,lv-lv,"Мејн",Mena
mk-mk,lv-lv,"Микеланџело Буонароти",Mikelandželo
mk-mk,lv-lv,"Микологија",Mikoloģija
mk-mk,lv-lv,"Микробиологија",Mikrobioloģija
mk-mk,lv-lv,"Микроекономија",Mikroekonomika
mk-mk,lv-lv,"Милан Кундера","Milans Kundera"
mk-mk,lv-lv,"Милано","Milāna"
mk-mk,lv-lv,"Милиметар",Milimetrs
mk-mk,lv-lv,"Минерал","Minerāls"
mk-mk,lv-lv,"Минесота",Minesota
mk-mk,lv-lv,"Минхен",Minhene
mk-mk,lv-lv,"Мисисипи",Misisipi
mk-mk,lv-lv,"Мисла","Domāšana"
mk-mk,lv-lv,"Мисури",Misūri
mk-mk,lv-lv,"Митологија",Dievs
mk-mk,lv-lv,"Митохондрија",Mitohondrijs
mk-mk,lv-lv,"Михаил Јурјевич Лермонтов","Mihails Ļermontovs"
mk-mk,lv-lv,"Михаил Булгаков","Mihails Bulgakovs"
mk-mk,lv-lv,"Мичиген","Mičigana"
mk-mk,lv-lv,"Мијанмар",Mjanma
mk-mk,lv-lv,"Млеко",Piens
mk-mk,lv-lv,"Млечен пат",Galaktika
mk-mk,lv-lv,"Множество",Kopa
mk-mk,lv-lv,"Мов","Pirmsvasas augi"
mk-mk,lv-lv,"Мозамбик",Mozambika
mk-mk,lv-lv,"Мол",Mols
mk-mk,lv-lv,"Молдавија",Moldova
mk-mk,lv-lv,"Молекула",Molekula
mk-mk,lv-lv,"Монако",Monako
mk-mk,lv-lv,"Монархија",Monarhija
mk-mk,lv-lv,"Монголија",Mongolija
mk-mk,lv-lv,"Монета","Monēta"
mk-mk,lv-lv,"Моносахарид","Ogļhidrāti"
mk-mk,lv-lv,"Монотеизам",Monoteisms
mk-mk,lv-lv,"Монт Еверест",Everests
mk-mk,lv-lv,"Монтана","Montāna"
mk-mk,lv-lv,"Монтанска област","Montāna"
mk-mk,lv-lv,"Монти Пајтон","Monty Python"
mk-mk,lv-lv,"Монти Питон","Monty Python"
mk-mk,lv-lv,"Морал","Morāle"
mk-mk,lv-lv,"Море",Jūra
mk-mk,lv-lv,"Морски пајаци",Jūraszirnekļi
mk-mk,lv-lv,"Морско прасе","Jūrascūciņa"
mk-mk,lv-lv,"Морфологија",Morfoloģija
mk-mk,lv-lv,"Москва",Maskava
mk-mk,lv-lv,"Московска област","Maskavas apgabals"
mk-mk,lv-lv,"Мостар",Mostara
mk-mk,lv-lv,"Моторни трки","Motoru sports"
mk-mk,lv-lv,"Мошовце",Mošovce
mk-mk,lv-lv,"Мртво Mоре","Nāves jūra"
mk-mk,lv-lv,"Мускул",Muskulis
mk-mk,lv-lv,"НАТО",NATO
mk-mk,lv-lv,"Навуходонозор","Nebukadnecars II"
mk-mk,lv-lv,"Надреализам","Sirreālisms"
mk-mk,lv-lv,"Намибија",Namībija
mk-mk,lv-lv,"Наполеон Бонапарт","Napoleons Bonaparts"
mk-mk,lv-lv,"Наравоучение","Morāle"
mk-mk,lv-lv,"Народна Република Кина",Ķīna
mk-mk,lv-lv,"Население","Aprakstošā statistika"
mk-mk,lv-lv,"Натриум хидроксид","Nātrija hidroksīds"
mk-mk,lv-lv,"Натриум","Nātrijs"
mk-mk,lv-lv,"Наука","Zinātne"
mk-mk,lv-lv,"Научна фантастика","Zinātniskā fantastika"
mk-mk,lv-lv,"Национал-социјалистичка германска работничка партија",NSDAP
mk-mk,lv-lv,"Национален фудбалски тим на Англија","Anglijas futbola izlase"
mk-mk,lv-lv,"Национален фудбалски тим на Ангола","Angolas futbola izlase"
mk-mk,lv-lv,"Национален фудбалски тим на Бразил","Brazīlijas futbola izlase"
mk-mk,lv-lv,"Национален фудбалски тим на Брегот на Слоновата Коска","Kotdivuāras futbola izlase"
mk-mk,lv-lv,"Национален фудбалски тим на Гана","Ganas futbola izlase"
mk-mk,lv-lv,"Национален фудбалски тим на Србија и Црна Гора","Serbijas futbola izlase"
mk-mk,lv-lv,"Национален фудбалски тим на Франција","Francijas futbola izlase"
mk-mk,lv-lv,"Национален фудбалски тим на Холандија","Nīderlandes futbola izlase"
mk-mk,lv-lv,"Национален фудбалски тим на Хрватска","Horvātijas futbola izlase"
mk-mk,lv-lv,"Национализам","Nacionālisms"
mk-mk,lv-lv,"Национална Кошаркарска Асоцијација",NBA
mk-mk,lv-lv,"Национална химна","Valsts himna"
mk-mk,lv-lv,"Нацистичка Германија","Veimāras republika"
mk-mk,lv-lv,"Најроби",Nairobi
mk-mk,lv-lv,"Небраска",Nebraska
mk-mk,lv-lv,"Недела","Svētdiena"
mk-mk,lv-lv,"Независност",Neatkarība
mk-mk,lv-lv,"Неолит",Neolīts
mk-mk,lv-lv,"Неон",Neons
mk-mk,lv-lv,"Непал","Nepāla"
mk-mk,lv-lv,"Нептун",Neptūns
mk-mk,lv-lv,"Неутрон",Neitrons
mk-mk,lv-lv,"Нигер","Nigēra"
mk-mk,lv-lv,"Нигерија","Nigērija"
mk-mk,lv-lv,"Нижегородска област","Ņižņijnovgorodas apgabals"
mk-mk,lv-lv,"Нижни Новгород","Ņižņijnovgoroda"
mk-mk,lv-lv,"Никарагва",Nikaragva
mk-mk,lv-lv,"Никола Саркози","Nikolā Sarkozī"
mk-mk,lv-lv,"Никола Тесла","Nikola Tesla"
mk-mk,lv-lv,"Николај Васиљевич Гогољ","Nikolajs Gogolis"
mk-mk,lv-lv,"Николај Гогољ","Nikolajs Gogolis"
mk-mk,lv-lv,"Николо Макијавели","Nikolo Makjavelli"
mk-mk,lv-lv,"Нил",Nīla
mk-mk,lv-lv,"Нилс Бор","Nīlss Bors"
mk-mk,lv-lv,"Нирнберг",Nirnberga
mk-mk,lv-lv,"Нијагарини водопади","Niagāras ūdenskritums"
mk-mk,lv-lv,"Ноам Чомски","Noams Čomskis"
mk-mk,lv-lv,"Нобелова награда","Nobela prēmija"
mk-mk,lv-lv,"Нов Зеланд","Jaunzēlande"
mk-mk,lv-lv,"Нови Сад",Novisada
mk-mk,lv-lv,"Новозеландска географија","Jaunzēlande"
mk-mk,lv-lv,"Норвешка","Norvēģija"
mk-mk,lv-lv,"Норвешки јазик","Norvēģu valoda"
mk-mk,lv-lv,"Норвешко Море","Norvēģu jūra"
mk-mk,lv-lv,"Нос",Deguns
mk-mk,lv-lv,"Ноќ",Nakts
mk-mk,lv-lv,"Нуклеинска киселина","Nukleīnskābes"
mk-mk,lv-lv,"Нумизматика","Numismātika"
mk-mk,lv-lv,"Обединети Арапски Емирати","Apvienotie Arābu Emirāti"
mk-mk,lv-lv,"Обединети Нации","Apvienoto Nāciju Organizācija"
mk-mk,lv-lv,"Обединети нации","Apvienoto Nāciju Organizācija"
mk-mk,lv-lv,"Обединетото Кралство","Apvienotā Karaliste"
mk-mk,lv-lv,"Обичен шакал","Šakālis"
mk-mk,lv-lv,"Облак","Mākoņi"
mk-mk,lv-lv,"Образование",Kultūra
mk-mk,lv-lv,"Одржлив развој","Ilgtspējība"
mk-mk,lv-lv,"Океан","Okeāns"
mk-mk,lv-lv,"Океанија","Okeānija"
mk-mk,lv-lv,"Око",Acs
mk-mk,lv-lv,"Оксид",Oksīds
mk-mk,lv-lv,"Октав Мирбо","Oktavs Mirbo"
mk-mk,lv-lv,"Октомвриска револуција","1917. gada Krievijas revolūcija"
mk-mk,lv-lv,"Олимписки игри","Olimpiskās spēles"
mk-mk,lv-lv,"Олимпијада","Olimpiskās spēles"
mk-mk,lv-lv,"Оман","Omāna"
mk-mk,lv-lv,"Онтогенеза","Ontoģenēze"
mk-mk,lv-lv,"Опера",Opera
mk-mk,lv-lv,"Оперативен систем","Operētājsistēma"
mk-mk,lv-lv,"Оперета",Operete
mk-mk,lv-lv,"Оптички влакна","Stikla šķiedra"
mk-mk,lv-lv,"Општина Битола",Bitola
mk-mk,lv-lv,"Општина Прилеп",Prilepa
mk-mk,lv-lv,"Општина Тетово",Tetova
mk-mk,lv-lv,"Општина",Pašvaldība
mk-mk,lv-lv,"Орган","Orgāni"
mk-mk,lv-lv,"Органела","Šūnas organoīdi"
mk-mk,lv-lv,"Организам",Organisms
mk-mk,lv-lv,"Организација на земји извознички на нафта",OPEC
mk-mk,lv-lv,"Органска хемија","Organiskā ķīmija"
mk-mk,lv-lv,"Орегон",Oregona
mk-mk,lv-lv,"Ориз",Rīss
mk-mk,lv-lv,"Осама бин Ладен","Osama bin Ladens"
mk-mk,lv-lv,"Оскар","Amerikas Kinoakadēmijas balva"
mk-mk,lv-lv,"Осмоза",Osmoze
mk-mk,lv-lv,"Осмотски притисок",Osmoze
mk-mk,lv-lv,"Остров",Lille
mk-mk,lv-lv,"Островска држава","Salu valsts"
mk-mk,lv-lv,"Отворено Тениско Првенство на Австралија","Austrālijas Atklātais čempionāts tenisā"
mk-mk,lv-lv,"Отворено Тениско Првенство на САД","ASV Atklātais čempionāts tenisā"
mk-mk,lv-lv,"Отворено Тениско Првенство на Франција","Francijas Atklātais čempionāts tenisā"
mk-mk,lv-lv,"Ото фон Бизмарк","Oto fon Bismarks"
mk-mk,lv-lv,"Отоманска Империја","Osmaņu impērija"
mk-mk,lv-lv,"Отсечка",Taisne
mk-mk,lv-lv,"Официјален јазик","Valsts valoda"
mk-mk,lv-lv,"Охајо",Ohaio
mk-mk,lv-lv,"Охридско Езеро","Ohridas ezers"
mk-mk,lv-lv,"Падеж",Funkcija
mk-mk,lv-lv,"Пакистан","Pakistāna"
mk-mk,lv-lv,"Паланга",Palanga
mk-mk,lv-lv,"Палеолит",Paleolīts
mk-mk,lv-lv,"Палестина",Palestīna
mk-mk,lv-lv,"Палестинска самоуправа",Palestīna
mk-mk,lv-lv,"Панама",Panama
mk-mk,lv-lv,"Паневежис","Panevēža"
mk-mk,lv-lv,"Панкреас",Beisbols
mk-mk,lv-lv,"Пантеизам",Panteisms
mk-mk,lv-lv,"Папа Јован Павле II","Jānis Pāvils II"
mk-mk,lv-lv,"Папа","Romas pāvests"
mk-mk,lv-lv,"Папуа Нова Гвинеја",Papua-Jaungvineja
mk-mk,lv-lv,"Парагвај",Paragvaja
mk-mk,lv-lv,"Парадигма","Programmēšanas paradigma"
mk-mk,lv-lv,"Парадокс",Paradokss
mk-mk,lv-lv,"Парен котел","Tvaika dzinējs"
mk-mk,lv-lv,"Пари",Nauda
mk-mk,lv-lv,"Париз",Parīze
mk-mk,lv-lv,"Парна машина","Tvaika dzinējs"
mk-mk,lv-lv,"Партизан","Partizānu karš"
mk-mk,lv-lv,"Паскал","Paskāls"
mk-mk,lv-lv,"Пат",Iela
mk-mk,lv-lv,"Паша","Pašā"
mk-mk,lv-lv,"Пекинг",Pekina
mk-mk,lv-lv,"Пенис",Dzimumloceklis
mk-mk,lv-lv,"Пенсилванија","Pensilvānija"
mk-mk,lv-lv,"Перваз",Antablements
mk-mk,lv-lv,"Периметар","Riņķis"
mk-mk,lv-lv,"Периоден систем на елементите","Ķīmisko elementu periodiskā tabula"
mk-mk,lv-lv,"Периоден систем","Ķīmisko elementu periodiskā tabula"
mk-mk,lv-lv,"Перм",Perma
mk-mk,lv-lv,"Персиски јазик",Persiešu
mk-mk,lv-lv,"Персонален компјутер","Personālais dators"
mk-mk,lv-lv,"Перу",Peru
mk-mk,lv-lv,"Петар I","Pēteris I"
mk-mk,lv-lv,"Петар Велики","Pēteris I"
mk-mk,lv-lv,"Петар Илич Чајковски","Pēteris Čaikovskis"
mk-mk,lv-lv,"Петок",Piektdiena
mk-mk,lv-lv,"Печат",Zīmogs
mk-mk,lv-lv,"Печатар",Printeris
mk-mk,lv-lv,"Пештера",Alas
mk-mk,lv-lv,"Пејзажно сликарство",Ainava
mk-mk,lv-lv,"Пи",Pī
mk-mk,lv-lv,"Пиво",Alus
mk-mk,lv-lv,"Пиластер",Pilastrs
mk-mk,lv-lv,"Пир Епирски",Pirrs
mk-mk,lv-lv,"Пирамидите во Гиза",Giza
mk-mk,lv-lv,"Питагора",Pitagors
mk-mk,lv-lv,"Питка вода",Saldūdens
mk-mk,lv-lv,"Пијавици","Dēle"
mk-mk,lv-lv,"Планета","Planēta"
mk-mk,lv-lv,"Планина",Kalns
mk-mk,lv-lv,"Платон",Platons
mk-mk,lv-lv,"Пловдив",Plovdiva
mk-mk,lv-lv,"Пловдивска област",Plovdiva
mk-mk,lv-lv,"Плоштина",Platība
mk-mk,lv-lv,"Плунковнa жлездa",Siekalas
mk-mk,lv-lv,"Плутон",Plutons
mk-mk,lv-lv,"Подгорица",Podgorica
mk-mk,lv-lv,"Поезија",Dzeja
mk-mk,lv-lv,"Пол Гоген","Pols Gogēns"
mk-mk,lv-lv,"Пол Мекартни","Pols Makartnijs"
mk-mk,lv-lv,"Полжав",Gliemeži
mk-mk,lv-lv,"Политика",Politika
mk-mk,lv-lv,"Политичка десница",Taisne
mk-mk,lv-lv,"Политичка партија","Tīmekļa sindikācija"
mk-mk,lv-lv,"Политички науки",Politoloģija
mk-mk,lv-lv,"Полска",Polija
mk-mk,lv-lv,"Полски јазик","Poļu valoda"
mk-mk,lv-lv,"Помпеја",Pompeji
mk-mk,lv-lv,"Понеделник",Pirmdiena
mk-mk,lv-lv,"Порт-о-Пренс",Portofprensa
mk-mk,lv-lv,"Порторико",Puertoriko
mk-mk,lv-lv,"Португалски јазик","Portugāļu valoda"
mk-mk,lv-lv,"Почва",Zeme
mk-mk,lv-lv,"Почетна страна","Sākumlapa"
mk-mk,lv-lv,"Појас Газа","Gazas josla"
mk-mk,lv-lv,"Право",Likums
mk-mk,lv-lv,"Прага","Prāga"
mk-mk,lv-lv,"Праја",Praja
mk-mk,lv-lv,"Прва Светска војна","Pirmais pasaules karš"
mk-mk,lv-lv,"Прва светска војна","Pirmais pasaules karš"
mk-mk,lv-lv,"Преспанско Езеро","Prespas ezers"
mk-mk,lv-lv,"Престапна година","Garais gads"
mk-mk,lv-lv,"Претседател на Куба","Kubas prezidenti"
mk-mk,lv-lv,"Префектура Атина","Atēnas"
mk-mk,lv-lv,"Префектура Солун",Saloniki
mk-mk,lv-lv,"Приволжски федерален округ",Volga
mk-mk,lv-lv,"Прилеп",Prilepa
mk-mk,lv-lv,"Природа",Daba
mk-mk,lv-lv,"Природен број","Naturāls skaitlis"
mk-mk,lv-lv,"Природен сателит","Mēness"
mk-mk,lv-lv,"Притисок",Spiediens
mk-mk,lv-lv,"Проект",Projekts
mk-mk,lv-lv,"Проза",Proza
mk-mk,lv-lv,"Прокариотa",Prokariots
mk-mk,lv-lv,"Пропаганда",Propaganda
mk-mk,lv-lv,"Простор","Kosmiskā telpa"
mk-mk,lv-lv,"Протеин",Olbaltumvielas
mk-mk,lv-lv,"Протестантска реформација","Reformācija"
mk-mk,lv-lv,"Протестантство",Protestantisms
mk-mk,lv-lv,"Протон",Protons
mk-mk,lv-lv,"Процесорско лежиште","Centrālā procesora ligzda"
mk-mk,lv-lv,"Пруга",Dzelzceļš
mk-mk,lv-lv,"Прусија",Prūsija
mk-mk,lv-lv,"Психологија",Psiholoģija
mk-mk,lv-lv,"Птици",Putni
mk-mk,lv-lv,"Пустина",Tuksnesis
mk-mk,lv-lv,"Пјонгјанг",Phenjana
mk-mk,lv-lv,"РНК","Ribonukleīnskābe"
mk-mk,lv-lv,"Рабат",Rabata
mk-mk,lv-lv,"Радио",Radio
mk-mk,lv-lv,"Радиус","Rādiuss"
mk-mk,lv-lv,"Рак","Vēzis"
mk-mk,lv-lv,"Ракомет",Rokasbumba
mk-mk,lv-lv,"Расказ","Īsais stāsts"
mk-mk,lv-lv,"Раствор","Šķīdums"
mk-mk,lv-lv,"Растенија",Augi
mk-mk,lv-lv,"Рационален број","Racionāls skaitlis"
mk-mk,lv-lv,"Рајнска област-Пфалц",Reinzeme-Pfalca
mk-mk,lv-lv,"Реален број","Reāls skaitlis"
mk-mk,lv-lv,"Река",Upe
mk-mk,lv-lv,"Ректор",Prezidents
mk-mk,lv-lv,"Религија",Reliģija
mk-mk,lv-lv,"Рене Декарт","Renē Dekarts"
mk-mk,lv-lv,"Ренесанса",Renesanse
mk-mk,lv-lv,"Република Конго",Kongo
mk-mk,lv-lv,"Република Македонија","Maķedonijas Republika"
mk-mk,lv-lv,"Република",Republika
mk-mk,lv-lv,"Републики на Советскиот Сојуз","Padomju Sociālistiskās Republikas"
mk-mk,lv-lv,"Реунион",Reinjona
mk-mk,lv-lv,"Реј Бредбери","Rejs Bredberijs"
mk-mk,lv-lv,"Риби",Zivs
mk-mk,lv-lv,"Рига",Rīga
mk-mk,lv-lv,"Рим",Roma
mk-mk,lv-lv,"Римска Империја","Romas impērija"
mk-mk,lv-lv,"Римска империја","Romas impērija"
mk-mk,lv-lv,"Римска книжевност","Romiešu literatūra"
mk-mk,lv-lv,"Римска провинција Македонија",Maķedonija
mk-mk,lv-lv,"Ринго Стар","Ringo Stārs"
mk-mk,lv-lv,"Рио де Жанеиро",Riodežaneiro
mk-mk,lv-lv,"Рис",Lūsis
mk-mk,lv-lv,"Рихард Вагнер","Rihards Vāgners"
mk-mk,lv-lv,"Ричард Сталман","Ričards Stalmans"
mk-mk,lv-lv,"Роберт Луис Стивенсон","Roberts Luiss Stīvensons"
mk-mk,lv-lv,"Род Ајленд",Rodailenda
mk-mk,lv-lv,"Рокенрол",Rokenrols
mk-mk,lv-lv,"Роман","Romāns"
mk-mk,lv-lv,"Романија","Rumānija"
mk-mk,lv-lv,"Романски јазик","Rumāņu valoda"
mk-mk,lv-lv,"Романтизам",Romantisms
mk-mk,lv-lv,"Ропство",Verdzība
mk-mk,lv-lv,"Руанда",Ruanda
mk-mk,lv-lv,"Рудолф Дизел","Rūdolfs Dīzels"
mk-mk,lv-lv,"Русе",Ruse
mk-mk,lv-lv,"Русенска област",Ruse
mk-mk,lv-lv,"Руси",Krievi
mk-mk,lv-lv,"Русија",Krievija
mk-mk,lv-lv,"Руска СФСР","Krievijas PFSR"
mk-mk,lv-lv,"Руски јазик","Krievu valoda"
mk-mk,lv-lv,"Руско-Турска војна","Krievu-turku karš"
mk-mk,lv-lv,"СА",Sturmabteilung
mk-mk,lv-lv,"СИДА",AIDS
mk-mk,lv-lv,"Сабота",Sestdiena
mk-mk,lv-lv,"Саксонија",Saksija
mk-mk,lv-lv,"Саксонија-Анхалт",Saksija-Anhalte
mk-mk,lv-lv,"Салман Ружди","Salmans Rušdi"
mk-mk,lv-lv,"Сан Диего",Sandjego
mk-mk,lv-lv,"Сан Марино",Sanmarīno
mk-mk,lv-lv,"Сан Франциско",Sanfrancisko
mk-mk,lv-lv,"Санкт Петерсбург","Sanktpēterburga"
mk-mk,lv-lv,"Санкт-Петербург","Sanktpēterburga"
mk-mk,lv-lv,"Санскрит",Sanskrits
mk-mk,lv-lv,"Сао Томе и Принсипе","Santome un Prinsipi"
mk-mk,lv-lv,"Сар","Zāra"
mk-mk,lv-lv,"Сараево",Sarajeva
mk-mk,lv-lv,"Сатурн",Saturns
mk-mk,lv-lv,"Сахара","Sahāras tuksnesis"
mk-mk,lv-lv,"Св.Кирил и Методиј","Svētais Kirils"
mk-mk,lv-lv,"Свастика",Svastika
mk-mk,lv-lv,"Свети Августин","Sv. Augustīns"
mk-mk,lv-lv,"Свети Винсент и Гренадини","Sentvinsenta un Grenadīnas"
mk-mk,lv-lv,"Светлина",Gaisma
mk-mk,lv-lv,"Светлински микроскоп",Mikroskops
mk-mk,lv-lv,"Светлосна година","Gaismas gads"
mk-mk,lv-lv,"Светско Првенство во Фудбал 2006","FIFA Pasaules kauss 2006"
mk-mk,lv-lv,"Северен Леден Океан","Ziemeļu Ledus okeāns"
mk-mk,lv-lv,"Северна Америка",Ziemeļamerika
mk-mk,lv-lv,"Северна Дакота",Ziemeļdakota
mk-mk,lv-lv,"Северна Европа",Ziemeļeiropa
mk-mk,lv-lv,"Северна Ирска",Ziemeļīrija
mk-mk,lv-lv,"Северна Каролина",Ziemeļkarolīna
mk-mk,lv-lv,"Северна Рајна-Вестфалија","Ziemeļreina-Vestfālene"
mk-mk,lv-lv,"Седум светски чуда","Septiņi pasaules brīnumi"
mk-mk,lv-lv,"Секира",Cirvis
mk-mk,lv-lv,"Секогаш","Vienmēr"
mk-mk,lv-lv,"Семиотика",Semiotika
mk-mk,lv-lv,"Семирамидини висечки градини","Babilonas gaisa dārzi"
mk-mk,lv-lv,"Сергеј Александрович Есенин","Sergejs Jeseņins"
mk-mk,lv-lv,"Серен Кјеркегор","Sērens Kjerkegors"
mk-mk,lv-lv,"Сет",Kopa
mk-mk,lv-lv,"Сеул",Seula
mk-mk,lv-lv,"Сејшели","Seišelu salas"
mk-mk,lv-lv,"Сибир",Sibīrija
mk-mk,lv-lv,"Сибирски федерален округ",Sibīrija
mk-mk,lv-lv,"Сиднеј",Sidneja
mk-mk,lv-lv,"Сиера Леоне",Sjerraleone
mk-mk,lv-lv,"Силвио Берлускони","Silvio Berluskoni"
mk-mk,lv-lv,"Сили на Оската","Ass valstis"
mk-mk,lv-lv,"Силите на Оската","Ass valstis"
mk-mk,lv-lv,"Силициум",Silīcijs
mk-mk,lv-lv,"Систем за варење","Gremošanas sistēma"
mk-mk,lv-lv,"Систематика","Sistemātika"
mk-mk,lv-lv,"Сицилија",Sicīlija
mk-mk,lv-lv,"Скадар","Škodra"
mk-mk,lv-lv,"Скандиум",Skandijs
mk-mk,lv-lv,"Скендер-бег",Skanderbegs
mk-mk,lv-lv,"Скендербег",Skanderbegs
mk-mk,lv-lv,"Скопје",Skopje
mk-mk,lv-lv,"Скорпија",Skorpioni
mk-mk,lv-lv,"Словачка","Slovākija"
mk-mk,lv-lv,"Словачки јазик",Latviešu
mk-mk,lv-lv,"Словенечки јазик",Latviešu
mk-mk,lv-lv,"Словенија","Slovēnija"
mk-mk,lv-lv,"Словенски јазици","Slāvu valodas"
mk-mk,lv-lv,"Совет на Европската Унија","Eiropas Savienības Padome"
mk-mk,lv-lv,"Соединети Американски Држави","Amerikas Savienotās Valstis"
mk-mk,lv-lv,"Сократ",Sokrats
mk-mk,lv-lv,"Солидус","Cieta viela"
mk-mk,lv-lv,"Соломонови Острови","Zālamana salas"
mk-mk,lv-lv,"Солун",Saloniki
mk-mk,lv-lv,"Сомалија","Somālija"
mk-mk,lv-lv,"Сонце",Saule
mk-mk,lv-lv,"Сончев систем","Saules sistēma"
mk-mk,lv-lv,"Софизам",Sofisms
mk-mk,lv-lv,"Софиска област",Sofija
mk-mk,lv-lv,"Софија",Sofija
mk-mk,lv-lv,"Софтвер",Programmatūra
mk-mk,lv-lv,"Социологија",Socioloģija
mk-mk,lv-lv,"Социјализам","Sociālisms"
mk-mk,lv-lv,"Социјалистичка Федеративна Република Југославија","Dienvidslāvija"
mk-mk,lv-lv,"Сојуз на Советските Социјалистички Републики","Padomju Savienība"
mk-mk,lv-lv,"Сојузни држави од САД","Amerikas Savienotās Valstis"
mk-mk,lv-lv,"Сојузни покраини во Германија","Vācijas federālās zemes"
mk-mk,lv-lv,"Сплескани црви","Plakantārpi"
mk-mk,lv-lv,"Спорт",Sports
mk-mk,lv-lv,"Србија и Црна Гора","Serbija un Melnkalne"
mk-mk,lv-lv,"Србија",Serbija
mk-mk,lv-lv,"Среда",Trešdiena
mk-mk,lv-lv,"Среден век",Viduslaiki
mk-mk,lv-lv,"Средоземно Море",Vidusjūra
mk-mk,lv-lv,"Срп",Zīmogs
mk-mk,lv-lv,"Српски јазик","Serbu valoda"
mk-mk,lv-lv,"Срце",Sirds
mk-mk,lv-lv,"Стакло Seguso","Stikls Seguso"
mk-mk,lv-lv,"Стакло",Stikls
mk-mk,lv-lv,"Станислав Лем","Staņislavs Lems"
mk-mk,lv-lv,"Стар Египет","Senā Ēģipte"
mk-mk,lv-lv,"Стара Загора","Stara Zagora"
mk-mk,lv-lv,"Стара планина","Balkānu pussala"
mk-mk,lv-lv,"Старозагорска област","Stara Zagora"
mk-mk,lv-lv,"Старословенско писмо",Kirilica
mk-mk,lv-lv,"Стереометрија","Cieta viela"
mk-mk,lv-lv,"Стереотип",Latviešu
mk-mk,lv-lv,"Стефан Банах","Stefans Banahs"
mk-mk,lv-lv,"Стив Џобс","Stīvs Džobss"
mk-mk,lv-lv,"Стокхолм",Stokholma
mk-mk,lv-lv,"Столпчести габи","Bazīdijsēnes"
mk-mk,lv-lv,"Стомачна празнина","Vēders"
mk-mk,lv-lv,"Судан","Sudāna"
mk-mk,lv-lv,"Сулфур","Sērs"
mk-mk,lv-lv,"Сумер","Šumera"
mk-mk,lv-lv,"Сунѓери","Sēnes"
mk-mk,lv-lv,"Супстанција","Ķīmiskā viela"
mk-mk,lv-lv,"Суринам",Surinama
mk-mk,lv-lv,"Такс",Tukss
mk-mk,lv-lv,"Талус","Micēlijs"
mk-mk,lv-lv,"Тангањика","Tanganjikas ezers"
mk-mk,lv-lv,"Танзанија","Tanzānija"
mk-mk,lv-lv,"Тасманово Море","Tasmāna jūra"
mk-mk,lv-lv,"Тастатура",Klaviatūra
mk-mk,lv-lv,"Татарстан","Tatarstāna"
mk-mk,lv-lv,"Таупо","Taupo ezers"
mk-mk,lv-lv,"Тајланд",Taizeme
mk-mk,lv-lv,"Таџикистан","Tadžikistāna"
mk-mk,lv-lv,"Таџикистанска ССР","Tadžikijas PSR"
mk-mk,lv-lv,"Театар","Teātris"
mk-mk,lv-lv,"Тексас",Teksasa
mk-mk,lv-lv,"Телевизија",Televīzija
mk-mk,lv-lv,"Температура",Temperatūra
mk-mk,lv-lv,"Тенис",Teniss
mk-mk,lv-lv,"Теорија на множествата",Kopa
mk-mk,lv-lv,"Теорија на релативитет","Relativitātes teorija"
mk-mk,lv-lv,"Теорија на релативност","Relativitātes teorija"
mk-mk,lv-lv,"Теорија",Teorija
mk-mk,lv-lv,"Термобарско оружје","Termobāriskie ieroči"
mk-mk,lv-lv,"Термодинамика",Termodinamika
mk-mk,lv-lv,"Тесалија",Saloniki
mk-mk,lv-lv,"Тетово",Tetova
mk-mk,lv-lv,"Техеран","Teherāna"
mk-mk,lv-lv,"Течност","Šķidrums"
mk-mk,lv-lv,"Тирана","Tirāna"
mk-mk,lv-lv,"Тирингија",Tīringene
mk-mk,lv-lv,"Титаник","Titāniks"
mk-mk,lv-lv,"Титикака","Titikakas ezers"
mk-mk,lv-lv,"Тихи Океан","Klusais okeāns"
mk-mk,lv-lv,"Толуен",Toluols
mk-mk,lv-lv,"Томас Алва Едисон","Tomass Edisons"
mk-mk,lv-lv,"Томас Ман","Tomass Manns"
mk-mk,lv-lv,"Тони Блер","Tonijs Blērs"
mk-mk,lv-lv,"Тор",Tors
mk-mk,lv-lv,"Торбести габи","Asku sēnes"
mk-mk,lv-lv,"Торонто",Toronto
mk-mk,lv-lv,"Тоталитаризам","Totalitārisms"
mk-mk,lv-lv,"Точка на вриење","Viršanas temperatūra"
mk-mk,lv-lv,"Точка на измама",Meteorīts
mk-mk,lv-lv,"Точка на топење","Kušanas temperatūra"
mk-mk,lv-lv,"Транспорт",Transports
mk-mk,lv-lv,"Трговија",Komercija
mk-mk,lv-lv,"Триаголник",Trīsstūris
mk-mk,lv-lv,"Тригонометрија",Trigonometrija
mk-mk,lv-lv,"Тринидад и Тобаго","Trinidāda un Tobāgo"
mk-mk,lv-lv,"Тринидад","Trinidāda"
mk-mk,lv-lv,"Тринидад, Куба","Trinidāda"
mk-mk,lv-lv,"Трипериоден систем","Trīs laikmetu sistēma"
mk-mk,lv-lv,"Тропски циклон","Viesuļvētra"
mk-mk,lv-lv,"Тувалу",Tuvalu
mk-mk,lv-lv,"Тулска област","Tulas apgabals"
mk-mk,lv-lv,"Тумул",Kaps
mk-mk,lv-lv,"Тунел",Tunelis
mk-mk,lv-lv,"Туникати","Tunikāti"
mk-mk,lv-lv,"Тунис",Tunisija
mk-mk,lv-lv,"Туризам",Tūrisms
mk-mk,lv-lv,"Турски јазик","Turku valoda"
mk-mk,lv-lv,"Турција",Turcija
mk-mk,lv-lv,"Тутун",Tabaka
mk-mk,lv-lv,"Тјуменска област","Tjumeņas apgabals"
mk-mk,lv-lv,"УНЕСКО",UNESCO
mk-mk,lv-lv,"Ултравиолетова светлина","Ultravioletais starojums"
mk-mk,lv-lv,"Улјановск",Uļjanovska
mk-mk,lv-lv,"Умберто Еко","Umberto Eko"
mk-mk,lv-lv,"Унгарија","Ungārija"
mk-mk,lv-lv,"Унгарски јазик","Ungāru valoda"
mk-mk,lv-lv,"Унца",Barss
mk-mk,lv-lv,"Уралски федерален округ","Urāla"
mk-mk,lv-lv,"Уралски федерален округ","Urāli"
mk-mk,lv-lv,"Уран","Urāns"
mk-mk,lv-lv,"Уругвај",Urugvaja
mk-mk,lv-lv,"Усна празнина",Kauli
mk-mk,lv-lv,"Устав",Konstitūcija
mk-mk,lv-lv,"Уставна монархија",Monarhija
mk-mk,lv-lv,"ФК Арсенал","Arsenal F.C."
mk-mk,lv-lv,"ФК Манчестер Јунајтед","Manchester United F.C."
mk-mk,lv-lv,"ФК Челзи","Chelsea F.C."
mk-mk,lv-lv,"Фантазија",Fantastika
mk-mk,lv-lv,"Фарски Острови","Fēru salas"
mk-mk,lv-lv,"Фашизам",Fašisms
mk-mk,lv-lv,"Февруари","Februāris"
mk-mk,lv-lv,"Федерико Гарсија Лорка","Federiko Garsija Lorka"
mk-mk,lv-lv,"Фенербахче",Fenerbahçe
mk-mk,lv-lv,"Фернандо Магелан","Fernāns Magelāns"
mk-mk,lv-lv,"Фидел Кастро","Fidels Kastro Russ"
mk-mk,lv-lv,"Физичко ниво","Fizikālais slānis"
mk-mk,lv-lv,"Филип II Македонски","Filips II"
mk-mk,lv-lv,"Филип IV","Felipe IV"
mk-mk,lv-lv,"Филм; Борат","Borats Sagdijevs"
mk-mk,lv-lv,"Филмска уметност",Kino
mk-mk,lv-lv,"Филозофија",Filozofija
mk-mk,lv-lv,"Философија",Filozofija
mk-mk,lv-lv,"Финска",Somija
mk-mk,lv-lv,"Фински јазик","Somu valoda"
mk-mk,lv-lv,"Фиренца",Florence
mk-mk,lv-lv,"Фиџи",Fidži
mk-mk,lv-lv,"Флејта",Stabule
mk-mk,lv-lv,"Флорида",Florida
mk-mk,lv-lv,"Флуид","Šķidrums"
mk-mk,lv-lv,"Флуор",Fluors
mk-mk,lv-lv,"Фолклор",Folklora
mk-mk,lv-lv,"Фосфор",Fosfors
mk-mk,lv-lv,"Франклин Делано Рузвелт","Frenklins Rūzvelts"
mk-mk,lv-lv,"Франкфурт","Frankfurte pie Mainas"
mk-mk,lv-lv,"Франсиско Гоја","Fransisko Hosē de Goija i Lusientess"
mk-mk,lv-lv,"Франсоа Волтер","Voltērs"
mk-mk,lv-lv,"Франц Кафка","Francs Kafka"
mk-mk,lv-lv,"Франц Шуберт","Francis Šūberts"
mk-mk,lv-lv,"Франција",Francija
mk-mk,lv-lv,"Француска револуција","Franču revolūcija"
mk-mk,lv-lv,"Француски јазик","Franču valoda"
mk-mk,lv-lv,"Фредерик Шопен","Frederiks Šopēns"
mk-mk,lv-lv,"Фреквенција",Frekvence
mk-mk,lv-lv,"Френк Херберт","Frenks Herberts"
mk-mk,lv-lv,"Френсис Бекон","Frensiss Bēkons"
mk-mk,lv-lv,"Френсис Бејкон","Frensiss Bēkons"
mk-mk,lv-lv,"Фреска",Freska
mk-mk,lv-lv,"Фридрих Енгелс","Frīdrihs Engelss"
mk-mk,lv-lv,"Фридрих Ниче","Frīdrihs Nīče"
mk-mk,lv-lv,"Фруктоза",Fruktoze
mk-mk,lv-lv,"Фудбал",Futbols
mk-mk,lv-lv,"Фудбалска Федерација на Македонија","Maķedonijas Futbola Federācija"
mk-mk,lv-lv,"Фудбалска репрезентација на Англија","Anglijas futbola izlase"
mk-mk,lv-lv,"Фудбалска репрезентација на Србија и Црна Гора","Serbijas futbola izlase"
mk-mk,lv-lv,"Фудбалска репрезентација на Франција","Francijas futbola izlase"
mk-mk,lv-lv,"Фудбалски клуб","Futbola komanda"
mk-mk,lv-lv,"Фјодор Михајлович Достоевски","Fjodors Dostojevskis"
mk-mk,lv-lv,"ХИВ",AIDS
mk-mk,lv-lv,"Хаити",Haiti
mk-mk,lv-lv,"Хамбург",Hamburga
mk-mk,lv-lv,"Хамураби",Hammurapi
mk-mk,lv-lv,"Ханс Франк","Hanss Franks"
mk-mk,lv-lv,"Ханс Холбајн Помладиот","Hanss Holbeins Jaunākais"
mk-mk,lv-lv,"Ханс Холбајн","Hanss Holbeins"
mk-mk,lv-lv,"Хард диск","Cietais disks"
mk-mk,lv-lv,"Хајнрих Химлер","Heinrihs Himlers"
mk-mk,lv-lv,"Хеви метал музика","Smagais metāls"
mk-mk,lv-lv,"Хеленистички период","Hellēnisms"
mk-mk,lv-lv,"Хелиум","Hēlijs"
mk-mk,lv-lv,"Хелсинки",Helsinki
mk-mk,lv-lv,"Хемиска врска","Ķīmiskā saite"
mk-mk,lv-lv,"Хемиска реакција","Ķīmiskā reakcija"
mk-mk,lv-lv,"Хемиски елемент","Ķīmiskais elements"
mk-mk,lv-lv,"Хемиско соединение","Ķīmiskā viela"
mk-mk,lv-lv,"Хемија",Ķīmija
mk-mk,lv-lv,"Хемосинтеза","Hemosintēze"
mk-mk,lv-lv,"Хемфри Богарт","Hamfrijs Bogarts"
mk-mk,lv-lv,"Хенри Форд","Henrijs Fords"
mk-mk,lv-lv,"Хералдика",Heraldika
mk-mk,lv-lv,"Херман Хесе","Hermanis Hese"
mk-mk,lv-lv,"Хермес",Hermejs
mk-mk,lv-lv,"Хернан Кортез","Hernans Kortess"
mk-mk,lv-lv,"Херц",Hercs
mk-mk,lv-lv,"Херцшпрунг-Раселов дијаграм","Hercšprunga - Rasela diagramma"
mk-mk,lv-lv,"Хесен",Hesene
mk-mk,lv-lv,"Хидролиза",Hidrolīze
mk-mk,lv-lv,"Хиндуизам",Hinduisms
mk-mk,lv-lv,"Хип-хоп","Hip hop"
mk-mk,lv-lv,"Хирургија",Ķirurģija
mk-mk,lv-lv,"Хлор",Hlors
mk-mk,lv-lv,"Холандија",Nīderlande
mk-mk,lv-lv,"Холандски јазик","Nīderlandiešu valoda"
mk-mk,lv-lv,"Холивуд",Holivuda
mk-mk,lv-lv,"Холокауст",Holokausts
mk-mk,lv-lv,"Хомер","Homērs"
mk-mk,lv-lv,"Хонг Конг",Honkonga
mk-mk,lv-lv,"Хондурас",Hondurasa
mk-mk,lv-lv,"Хоплит",Hoplits
mk-mk,lv-lv,"Хордати","Hordaiņi"
mk-mk,lv-lv,"Хормони",Hormoni
mk-mk,lv-lv,"Храна",Barība
mk-mk,lv-lv,"Хранопровод","Barības vads"
mk-mk,lv-lv,"Хрватска","Horvātija"
mk-mk,lv-lv,"Христијанство",Kristietība
mk-mk,lv-lv,"Хром",Hroms
mk-mk,lv-lv,"Хроматин",Hromatīns
mk-mk,lv-lv,"Хромозом",Hromosoma
mk-mk,lv-lv,"Хуго Чавез","Hugo Čavess"
mk-mk,lv-lv,"Хуманизам","Humānisms"
mk-mk,lv-lv,"Хімиско соединение","Ķīmiskā viela"
mk-mk,lv-lv,"Хјурон",Hūrons
mk-mk,lv-lv,"Цвет",Puķe
mk-mk,lv-lv,"Цврста агрегатна состојба","Cieta viela"
mk-mk,lv-lv,"Централноафриканска Република","Centrālāfrikas Republika"
mk-mk,lv-lv,"Центриола",Centriola
mk-mk,lv-lv,"Циркулаторен систем","Asinsrites orgānu sistēma"
mk-mk,lv-lv,"Цитоплазма",Citoplazma
mk-mk,lv-lv,"Цицач","Zīdītāji"
mk-mk,lv-lv,"Цицачи","Zīdītāji"
mk-mk,lv-lv,"Црква “Света Софија“ Истанбул","Svētā Sofija"
mk-mk,lv-lv,"Црква",Baznīca
mk-mk,lv-lv,"Црн дроб",Aknas
mk-mk,lv-lv,"Црна Гора",Melnkalne
mk-mk,lv-lv,"Црно Море","Melnā jūra"
mk-mk,lv-lv,"Цунами",Cunami
mk-mk,lv-lv,"Чарлс Дарвин","Čārlzs Darvins"
mk-mk,lv-lv,"Чарлс Дикенс","Čārlzs Dikenss"
mk-mk,lv-lv,"Чај","Tēja"
mk-mk,lv-lv,"Чајна билка","Tēja"
mk-mk,lv-lv,"Чајна шолја","Tējas tase"
mk-mk,lv-lv,"Че Гевара","Če Gevara"
mk-mk,lv-lv,"Четврток",Ceturtdiena
mk-mk,lv-lv,"Четириаголник","Četrstūris"
mk-mk,lv-lv,"Чехословачка","Čehoslovākija"
mk-mk,lv-lv,"Чешка","Čehija"
mk-mk,lv-lv,"Чешки јазик","Čehu valoda"
mk-mk,lv-lv,"Членестостеблени растенија",Kosas
mk-mk,lv-lv,"Човекови права","Cilvēktiesības"
mk-mk,lv-lv,"Шангај","Šanhaja"
mk-mk,lv-lv,"Шарл Бодлер","Šarls Bodlērs"
mk-mk,lv-lv,"Шах","Šahs"
mk-mk,lv-lv,"Шаховска стратегија и тактика","Stratēģija"
mk-mk,lv-lv,"Швајцарија","Šveice"
mk-mk,lv-lv,"Шведска",Zviedrija
mk-mk,lv-lv,"Шведски јазик","Zviedru valoda"
mk-mk,lv-lv,"Шехадет","Ticības apliecinājums islāmā"
mk-mk,lv-lv,"Шеќер",Cukurs
mk-mk,lv-lv,"Шинтоизам",Sintoisms
mk-mk,lv-lv,"Ширина на колосек",Bitola
mk-mk,lv-lv,"Шлезвиг-Холштајн","Šlēzviga-Holšteina"
mk-mk,lv-lv,"Шпанија","Spānija"
mk-mk,lv-lv,"Шпанска граѓанска војна","Spānijas pilsoņu karš"
mk-mk,lv-lv,"Шпански јазик","Spāņu valoda"
mk-mk,lv-lv,"Штитна жлезда",Vairogdziedzeris
mk-mk,lv-lv,"Штутгарт","Štutgarte"
mk-mk,lv-lv,"Ще не вмерла Україна","Ukrainas himna"
mk-mk,lv-lv,"ֿנאגמ",Likums
mk-mk,lv-lv,"‘Рбетници",Mugurkaulnieki
mk-mk,lv-lv,"‘Рскавични риби",Skrimšļzivis
mk-mk,lv-lv,C,C
mk-mk,lv-lv,Fedora,Fedora
mk-mk,lv-lv,GNOME,GNOME
mk-mk,lv-lv,HTML,HTML
mk-mk,lv-lv,IPv4,IPv4
mk-mk,lv-lv,Iptables,Netfilter/iptables
mk-mk,lv-lv,JavaScript,JavaScript
mk-mk,lv-lv,KoЯn,Mieži
mk-mk,lv-lv,Kraftwerk,Kraftwerk
mk-mk,lv-lv,MetallicA,Metallica
mk-mk,lv-lv,Mousepad,Mousepad
mk-mk,lv-lv,PHP,PHP
mk-mk,lv-lv,Queen,Queen
mk-mk,lv-lv,TrackBack,Trackback
mk-mk,lv-lv,UTC,"Universālais koordinētais laiks"
mk-mk,lv-lv,Unix,UNIX
mk-mk,lv-lv,Сакавен,Sakavena
mk-mk,lv-lv,Самоа,Samoa
mk-mk,lv-lv,Свазиленд,Svazilenda
mk-mk,lv-lv,Селен,"Selēns"
mk-mk,lv-lv,Село,Pašvaldība
mk-mk,lv-lv,Сенегал,"Senegāla"
mk-mk,lv-lv,Сила,"Spēks"
mk-mk,lv-lv,Симбиоза,Simbioze
mk-mk,lv-lv,Симбол,Zīme
mk-mk,lv-lv,Синагога,Sinagoga
mk-mk,lv-lv,Синоним,Sinonīms
mk-mk,lv-lv,Слон,Zilonis
mk-mk,lv-lv,Соли,"Nātrija hlorīds"
mk-mk,lv-lv,Таоизам,Daoisms
mk-mk,lv-lv,Тапани,Bungas
mk-mk,lv-lv,Теба,"Tēbe"
mk-mk,lv-lv,Тежина,Svars
mk-mk,lv-lv,Ткиво,Audi
mk-mk,lv-lv,Того,Togo
mk-mk,lv-lv,Токио,Tokija
mk-mk,lv-lv,Уганда,Uganda
mk-mk,lv-lv,Фенол,Fenols
mk-mk,lv-lv,Физика,Fizika
mk-mk,lv-lv,Филм,Kino
mk-mk,lv-lv,Хаваи,Havajas
mk-mk,lv-lv,Хавана,Havana
mk-mk,lv-lv,Хималаи,Himalaji
mk-mk,lv-lv,Хоби,Hobijs
mk-mk,lv-lv,Цинк,Cinks
mk-mk,lv-lv,Ционизам,Cionisms
mk-mk,lv-lv,Чад,"Čada"
mk-mk,lv-lv,Чикаго,"Čikāga"
mk-mk,lv-lv,Чиле,"Čīle"
mk-mk,lv-lv,Членконоги,"Posmkāji"
mk-mk,lv-lv,Човек,"Cilvēks"
mk-mk,lv-lv,Школки,Gliemenes
