mk-mk,is-is,"1 август","1. ágúst"
mk-mk,is-is,"1 април","1. apríl"
mk-mk,is-is,"1 век","1. öldin"
mk-mk,is-is,"1 декември","1. desember"
mk-mk,is-is,"1 март","1. mars"
mk-mk,is-is,"1 мај","1. maí"
mk-mk,is-is,"1 ноември","1. nóvember"
mk-mk,is-is,"1 октомври","1. október"
mk-mk,is-is,"1 септември","1. september"
mk-mk,is-is,"1 февруари","1. febrúar"
mk-mk,is-is,"1 јануари","1. janúar"
mk-mk,is-is,"1 јули","1. júlí"
mk-mk,is-is,"1 јуни","1. júní"
mk-mk,is-is,"10 август","10. ágúst"
mk-mk,is-is,"10 април","10. apríl"
mk-mk,is-is,"10 век","10. öldin"
mk-mk,is-is,"10 декември","10. desember"
mk-mk,is-is,"10 март","10. mars"
mk-mk,is-is,"10 мај","10. maí"
mk-mk,is-is,"10 ноември","10. nóvember"
mk-mk,is-is,"10 октомври","10. október"
mk-mk,is-is,"10 септември","10. september"
mk-mk,is-is,"10 февруари","10. febrúar"
mk-mk,is-is,"10 јануари","10. janúar"
mk-mk,is-is,"10 јули","10. júlí"
mk-mk,is-is,"10 јуни","10. júní"
mk-mk,is-is,"11 август","11. ágúst"
mk-mk,is-is,"11 април","11. apríl"
mk-mk,is-is,"11 век","11. öldin"
mk-mk,is-is,"11 декември","11. desember"
mk-mk,is-is,"11 март","11. mars"
mk-mk,is-is,"11 мај","11. maí"
mk-mk,is-is,"11 ноември","11. nóvember"
mk-mk,is-is,"11 октомври","11. október"
mk-mk,is-is,"11 септември","11. september"
mk-mk,is-is,"11 февруари","11. febrúar"
mk-mk,is-is,"11 јануари","11. janúar"
mk-mk,is-is,"11 јули","11. júlí"
mk-mk,is-is,"11 јуни","11. júní"
mk-mk,is-is,"12 август","12. ágúst"
mk-mk,is-is,"12 април","12. apríl"
mk-mk,is-is,"12 век","12. öldin"
mk-mk,is-is,"12 декември","12. desember"
mk-mk,is-is,"12 март","12. mars"
mk-mk,is-is,"12 мај","12. maí"
mk-mk,is-is,"12 ноември","12. nóvember"
mk-mk,is-is,"12 октомври","12. október"
mk-mk,is-is,"12 септември","12. september"
mk-mk,is-is,"12 февруари","12. febrúar"
mk-mk,is-is,"12 јануари","12. janúar"
mk-mk,is-is,"12 јули","12. júlí"
mk-mk,is-is,"12 јуни","12. júní"
mk-mk,is-is,"13 август","13. ágúst"
mk-mk,is-is,"13 април","13. apríl"
mk-mk,is-is,"13 век","13. öldin"
mk-mk,is-is,"13 декември","13. desember"
mk-mk,is-is,"13 март","13. mars"
mk-mk,is-is,"13 мај","13. maí"
mk-mk,is-is,"13 ноември","13. nóvember"
mk-mk,is-is,"13 октомври","13. október"
mk-mk,is-is,"13 септември","13. september"
mk-mk,is-is,"13 февруари","13. febrúar"
mk-mk,is-is,"13 јануари","13. janúar"
mk-mk,is-is,"13 јули","13. júlí"
mk-mk,is-is,"13 јуни","13. júní"
mk-mk,is-is,"14 август","14. ágúst"
mk-mk,is-is,"14 април","14. apríl"
mk-mk,is-is,"14 век","14. öldin"
mk-mk,is-is,"14 декември","14. desember"
mk-mk,is-is,"14 март","14. mars"
mk-mk,is-is,"14 мај","14. maí"
mk-mk,is-is,"14 ноември","14. nóvember"
mk-mk,is-is,"14 октомври","14. október"
mk-mk,is-is,"14 септември","14. september"
mk-mk,is-is,"14 февруари","14. febrúar"
mk-mk,is-is,"14 јануари","14. janúar"
mk-mk,is-is,"14 јули","14. júlí"
mk-mk,is-is,"14 јуни","14. júní"
mk-mk,is-is,"15 август","15. ágúst"
mk-mk,is-is,"15 април","15. apríl"
mk-mk,is-is,"15 век","15. öldin"
mk-mk,is-is,"15 декември","15. desember"
mk-mk,is-is,"15 март","15. mars"
mk-mk,is-is,"15 мај","15. maí"
mk-mk,is-is,"15 ноември","15. nóvember"
mk-mk,is-is,"15 октомври","15. október"
mk-mk,is-is,"15 септември","15. september"
mk-mk,is-is,"15 февруари","15. febrúar"
mk-mk,is-is,"15 јануари","15. janúar"
mk-mk,is-is,"15 јули","15. júlí"
mk-mk,is-is,"15 јуни","15. júní"
mk-mk,is-is,"16 август","16. ágúst"
mk-mk,is-is,"16 април","16. apríl"
mk-mk,is-is,"16 век","16. öldin"
mk-mk,is-is,"16 декември","16. desember"
mk-mk,is-is,"16 март","16. mars"
mk-mk,is-is,"16 мај","16. maí"
mk-mk,is-is,"16 ноември","16. nóvember"
mk-mk,is-is,"16 октомври","16. október"
mk-mk,is-is,"16 септември","16. september"
mk-mk,is-is,"16 февруари","16. febrúar"
mk-mk,is-is,"16 јануари","16. janúar"
mk-mk,is-is,"16 јули","16. júlí"
mk-mk,is-is,"16 јуни","16. júní"
mk-mk,is-is,"17 август","17. ágúst"
mk-mk,is-is,"17 април","17. apríl"
mk-mk,is-is,"17 век","17. öldin"
mk-mk,is-is,"17 декември","17. desember"
mk-mk,is-is,"17 март","17. mars"
mk-mk,is-is,"17 мај","17. maí"
mk-mk,is-is,"17 ноември","17. nóvember"
mk-mk,is-is,"17 октомври","17. október"
mk-mk,is-is,"17 септември","17. september"
mk-mk,is-is,"17 февруари","17. febrúar"
mk-mk,is-is,"17 јануари","17. janúar"
mk-mk,is-is,"17 јули","17. júlí"
mk-mk,is-is,"17 јуни","17. júní"
mk-mk,is-is,"18 август","18. ágúst"
mk-mk,is-is,"18 април","18. apríl"
mk-mk,is-is,"18 век","18. öldin"
mk-mk,is-is,"18 декември","18. desember"
mk-mk,is-is,"18 март","18. mars"
mk-mk,is-is,"18 мај","18. maí"
mk-mk,is-is,"18 ноември","18. nóvember"
mk-mk,is-is,"18 октомври","18. október"
mk-mk,is-is,"18 септември","18. september"
mk-mk,is-is,"18 февруари","18. febrúar"
mk-mk,is-is,"18 јануари","18. janúar"
mk-mk,is-is,"18 јули","18. júlí"
mk-mk,is-is,"18 јуни","18. júní"
mk-mk,is-is,"19 август","19. ágúst"
mk-mk,is-is,"19 април","19. apríl"
mk-mk,is-is,"19 век","19. öldin"
mk-mk,is-is,"19 декември","19. desember"
mk-mk,is-is,"19 март","19. mars"
mk-mk,is-is,"19 мај","19. maí"
mk-mk,is-is,"19 ноември","19. nóvember"
mk-mk,is-is,"19 октомври","19. október"
mk-mk,is-is,"19 септември","19. september"
mk-mk,is-is,"19 февруари","19. febrúar"
mk-mk,is-is,"19 јануари","19. janúar"
mk-mk,is-is,"19 јули","19. júlí"
mk-mk,is-is,"19 јуни","19. júní"
mk-mk,is-is,"2 август","2. ágúst"
mk-mk,is-is,"2 април","2. apríl"
mk-mk,is-is,"2 век","2. öldin"
mk-mk,is-is,"2 декември","2. desember"
mk-mk,is-is,"2 март","2. mars"
mk-mk,is-is,"2 мај","2. maí"
mk-mk,is-is,"2 ноември","2. nóvember"
mk-mk,is-is,"2 октомври","2. október"
mk-mk,is-is,"2 септември","2. september"
mk-mk,is-is,"2 февруари","2. febrúar"
mk-mk,is-is,"2 јануари","2. janúar"
mk-mk,is-is,"2 јули","2. júlí"
mk-mk,is-is,"2 јуни","2. júní"
mk-mk,is-is,"20 август","20. ágúst"
mk-mk,is-is,"20 април","20. apríl"
mk-mk,is-is,"20 век","20. öldin"
mk-mk,is-is,"20 декември","20. desember"
mk-mk,is-is,"20 март","20. mars"
mk-mk,is-is,"20 мај","20. maí"
mk-mk,is-is,"20 ноември","20. nóvember"
mk-mk,is-is,"20 октомври","20. október"
mk-mk,is-is,"20 септември","20. september"
mk-mk,is-is,"20 февруари","20. febrúar"
mk-mk,is-is,"20 јануари","20. janúar"
mk-mk,is-is,"20 јули","20. júlí"
mk-mk,is-is,"20 јуни","20. júní"
mk-mk,is-is,"21 август","21. ágúst"
mk-mk,is-is,"21 април","21. apríl"
mk-mk,is-is,"21 век","21. öldin"
mk-mk,is-is,"21 декември","21. desember"
mk-mk,is-is,"21 март","21. mars"
mk-mk,is-is,"21 мај","21. maí"
mk-mk,is-is,"21 ноември","21. nóvember"
mk-mk,is-is,"21 октомври","21. október"
mk-mk,is-is,"21 септември","21. september"
mk-mk,is-is,"21 февруари","21. febrúar"
mk-mk,is-is,"21 јануари","21. janúar"
mk-mk,is-is,"21 јули","21. júlí"
mk-mk,is-is,"21 јуни","21. júní"
mk-mk,is-is,"22 август","22. ágúst"
mk-mk,is-is,"22 април","22. apríl"
mk-mk,is-is,"22 декември","22. desember"
mk-mk,is-is,"22 март","22. mars"
mk-mk,is-is,"22 мај","22. maí"
mk-mk,is-is,"22 ноември","22. nóvember"
mk-mk,is-is,"22 октомври","22. október"
mk-mk,is-is,"22 септември","22. september"
mk-mk,is-is,"22 февруари","22. febrúar"
mk-mk,is-is,"22 јануари","22. janúar"
mk-mk,is-is,"22 јули","22. júlí"
mk-mk,is-is,"22 јуни","22. júní"
mk-mk,is-is,"23 август","23. ágúst"
mk-mk,is-is,"23 април","23. apríl"
mk-mk,is-is,"23 декември","23. desember"
mk-mk,is-is,"23 март","23. mars"
mk-mk,is-is,"23 мај","23. maí"
mk-mk,is-is,"23 ноември","23. nóvember"
mk-mk,is-is,"23 октомври","23. október"
mk-mk,is-is,"23 септември","23. september"
mk-mk,is-is,"23 февруари","23. febrúar"
mk-mk,is-is,"23 јануари","23. janúar"
mk-mk,is-is,"23 јули","23. júlí"
mk-mk,is-is,"23 јуни","23. júní"
mk-mk,is-is,"24 август","24. ágúst"
mk-mk,is-is,"24 април","24. apríl"
mk-mk,is-is,"24 декември","24. desember"
mk-mk,is-is,"24 март","24. mars"
mk-mk,is-is,"24 мај","24. maí"
mk-mk,is-is,"24 ноември","24. nóvember"
mk-mk,is-is,"24 октомври","24. október"
mk-mk,is-is,"24 септември","24. september"
mk-mk,is-is,"24 февруари","24. febrúar"
mk-mk,is-is,"24 јануари","24. janúar"
mk-mk,is-is,"24 јули","24. júlí"
mk-mk,is-is,"24 јуни","24. júní"
mk-mk,is-is,"25 август","25. ágúst"
mk-mk,is-is,"25 април","25. apríl"
mk-mk,is-is,"25 декември","25. desember"
mk-mk,is-is,"25 март","25. mars"
mk-mk,is-is,"25 мај","25. maí"
mk-mk,is-is,"25 ноември","25. nóvember"
mk-mk,is-is,"25 октомври","25. október"
mk-mk,is-is,"25 септември","25. september"
mk-mk,is-is,"25 февруари","25. febrúar"
mk-mk,is-is,"25 јануари","25. janúar"
mk-mk,is-is,"25 јули","25. júlí"
mk-mk,is-is,"25 јуни","25. júní"
mk-mk,is-is,"26 август","26. ágúst"
mk-mk,is-is,"26 април","26. apríl"
mk-mk,is-is,"26 декември","26. desember"
mk-mk,is-is,"26 март","26. mars"
mk-mk,is-is,"26 мај","26. maí"
mk-mk,is-is,"26 ноември","26. nóvember"
mk-mk,is-is,"26 октомври","26. október"
mk-mk,is-is,"26 септември","26. september"
mk-mk,is-is,"26 февруари","26. febrúar"
mk-mk,is-is,"26 јануари","26. janúar"
mk-mk,is-is,"26 јули","26. júlí"
mk-mk,is-is,"26 јуни","26. júní"
mk-mk,is-is,"27 август","27. ágúst"
mk-mk,is-is,"27 април","27. apríl"
mk-mk,is-is,"27 декември","27. desember"
mk-mk,is-is,"27 март","27. mars"
mk-mk,is-is,"27 мај","27. maí"
mk-mk,is-is,"27 ноември","27. nóvember"
mk-mk,is-is,"27 октомври","27. október"
mk-mk,is-is,"27 септември","27. september"
mk-mk,is-is,"27 февруари","27. febrúar"
mk-mk,is-is,"27 јануари","27. janúar"
mk-mk,is-is,"27 јули","27. júlí"
mk-mk,is-is,"27 јуни","27. júní"
mk-mk,is-is,"28 август","28. ágúst"
mk-mk,is-is,"28 април","28. apríl"
mk-mk,is-is,"28 декември","28. desember"
mk-mk,is-is,"28 март","28. mars"
mk-mk,is-is,"28 мај","28. maí"
mk-mk,is-is,"28 ноември","28. nóvember"
mk-mk,is-is,"28 октомври","28. október"
mk-mk,is-is,"28 септември","28. september"
mk-mk,is-is,"28 февруари","28. febrúar"
mk-mk,is-is,"28 јануари","28. janúar"
mk-mk,is-is,"28 јули","28. júlí"
mk-mk,is-is,"28 јуни","28. júní"
mk-mk,is-is,"29 август","29. ágúst"
mk-mk,is-is,"29 април","29. apríl"
mk-mk,is-is,"29 декември","29. desember"
mk-mk,is-is,"29 март","29. mars"
mk-mk,is-is,"29 мај","29. maí"
mk-mk,is-is,"29 ноември","29. nóvember"
mk-mk,is-is,"29 октомври","29. október"
mk-mk,is-is,"29 септември","29. september"
mk-mk,is-is,"29 февруари","29. febrúar"
mk-mk,is-is,"29 јануари","29. janúar"
mk-mk,is-is,"29 јули","29. júlí"
mk-mk,is-is,"29 јуни","29. júní"
mk-mk,is-is,"3 август","3. ágúst"
mk-mk,is-is,"3 април","3. apríl"
mk-mk,is-is,"3 век","3. öldin"
mk-mk,is-is,"3 декември","3. desember"
mk-mk,is-is,"3 март","3. mars"
mk-mk,is-is,"3 мај","3. maí"
mk-mk,is-is,"3 ноември","3. nóvember"
mk-mk,is-is,"3 октомври","3. október"
mk-mk,is-is,"3 септември","3. september"
mk-mk,is-is,"3 февруари","3. febrúar"
mk-mk,is-is,"3 јануари","3. janúar"
mk-mk,is-is,"3 јули","3. júlí"
mk-mk,is-is,"3 јуни","3. júní"
mk-mk,is-is,"30 август","30. ágúst"
mk-mk,is-is,"30 април","30. apríl"
mk-mk,is-is,"30 декември","30. desember"
mk-mk,is-is,"30 март","30. mars"
mk-mk,is-is,"30 мај","30. maí"
mk-mk,is-is,"30 ноември","30. nóvember"
mk-mk,is-is,"30 октомври","30. október"
mk-mk,is-is,"30 септември","30. september"
mk-mk,is-is,"30 февруари","30. febrúar"
mk-mk,is-is,"30 јануари","30. janúar"
mk-mk,is-is,"30 јули","30. júlí"
mk-mk,is-is,"30 јуни","30. júní"
mk-mk,is-is,"31 август","31. ágúst"
mk-mk,is-is,"31 декември","31. desember"
mk-mk,is-is,"31 март","31. mars"
mk-mk,is-is,"31 мај","31. maí"
mk-mk,is-is,"31 октомври","31. október"
mk-mk,is-is,"31 јануари","31. janúar"
mk-mk,is-is,"31 јули","31. júlí"
mk-mk,is-is,"4 август","4. ágúst"
mk-mk,is-is,"4 април","4. apríl"
mk-mk,is-is,"4 век","4. öldin"
mk-mk,is-is,"4 декември","4. desember"
mk-mk,is-is,"4 март","4. mars"
mk-mk,is-is,"4 мај","4. maí"
mk-mk,is-is,"4 ноември","4. nóvember"
mk-mk,is-is,"4 октомври","4. október"
mk-mk,is-is,"4 септември","4. september"
mk-mk,is-is,"4 февруари","4. febrúar"
mk-mk,is-is,"4 јануари","4. janúar"
mk-mk,is-is,"4 јули","4. júlí"
mk-mk,is-is,"4 јуни","4. júní"
mk-mk,is-is,"5 август","5. ágúst"
mk-mk,is-is,"5 април","5. apríl"
mk-mk,is-is,"5 век","5. öldin"
mk-mk,is-is,"5 декември","5. desember"
mk-mk,is-is,"5 март","5. mars"
mk-mk,is-is,"5 мај","5. maí"
mk-mk,is-is,"5 ноември","5. nóvember"
mk-mk,is-is,"5 октомври","5. október"
mk-mk,is-is,"5 септември","5. september"
mk-mk,is-is,"5 февруари","5. febrúar"
mk-mk,is-is,"5 јануари","5. janúar"
mk-mk,is-is,"5 јули","5. júlí"
mk-mk,is-is,"5 јуни","5. júní"
mk-mk,is-is,"546 п.н.е.","546 f.Kr."
mk-mk,is-is,"6 август","6. ágúst"
mk-mk,is-is,"6 април","6. apríl"
mk-mk,is-is,"6 век п.н.е.","6. öldin f.Kr."
mk-mk,is-is,"6 век","6. öldin"
mk-mk,is-is,"6 декември","6. desember"
mk-mk,is-is,"6 март","6. mars"
mk-mk,is-is,"6 мај","6. maí"
mk-mk,is-is,"6 ноември","6. nóvember"
mk-mk,is-is,"6 октомври","6. október"
mk-mk,is-is,"6 септември","6. september"
mk-mk,is-is,"6 февруари","6. febrúar"
mk-mk,is-is,"6 јануари","6. janúar"
mk-mk,is-is,"6 јули","6. júlí"
mk-mk,is-is,"6 јуни","6. júní"
mk-mk,is-is,"610 п.н.е.","610 f.Kr."
mk-mk,is-is,"7 август","7. ágúst"
mk-mk,is-is,"7 април","7. apríl"
mk-mk,is-is,"7 век п.н.е.","7. öldin f.Kr."
mk-mk,is-is,"7 век","7. öldin"
mk-mk,is-is,"7 декември","7. desember"
mk-mk,is-is,"7 март","7. mars"
mk-mk,is-is,"7 мај","7. maí"
mk-mk,is-is,"7 ноември","7. nóvember"
mk-mk,is-is,"7 октомври","7. október"
mk-mk,is-is,"7 септември","7. september"
mk-mk,is-is,"7 февруари","7. febrúar"
mk-mk,is-is,"7 јануари","7. janúar"
mk-mk,is-is,"7 јули","7. júlí"
mk-mk,is-is,"7 јуни","7. júní"
mk-mk,is-is,"8 август","8. ágúst"
mk-mk,is-is,"8 април","8. apríl"
mk-mk,is-is,"8 век","8. öldin"
mk-mk,is-is,"8 декември","8. desember"
mk-mk,is-is,"8 март","8. mars"
mk-mk,is-is,"8 мај","8. maí"
mk-mk,is-is,"8 ноември","8. nóvember"
mk-mk,is-is,"8 октомври","8. október"
mk-mk,is-is,"8 септември","8. september"
mk-mk,is-is,"8 февруари","8. febrúar"
mk-mk,is-is,"8 јануари","8. janúar"
mk-mk,is-is,"8 јули","8. júlí"
mk-mk,is-is,"8 јуни","8. júní"
mk-mk,is-is,"9 август","9. ágúst"
mk-mk,is-is,"9 април","9. apríl"
mk-mk,is-is,"9 век","9. öldin"
mk-mk,is-is,"9 декември","9. desember"
mk-mk,is-is,"9 март","9. mars"
mk-mk,is-is,"9 мај","9. maí"
mk-mk,is-is,"9 ноември","9. nóvember"
mk-mk,is-is,"9 октомври","9. október"
mk-mk,is-is,"9 септември","9. september"
mk-mk,is-is,"9 февруари","9. febrúar"
mk-mk,is-is,"9 јануари","9. janúar"
mk-mk,is-is,"9 јули","9. júlí"
mk-mk,is-is,"9 јуни","9. júní"
mk-mk,is-is,"Dream Theater","Dream Theater"
mk-mk,is-is,"Foo Fighters","Foo Fighters"
mk-mk,is-is,"Iron Maiden","Iron Maiden"
mk-mk,is-is,"Joжeф Кoшич","József Kossics"
mk-mk,is-is,"Led Zeppelin","Led Zeppelin"
mk-mk,is-is,"Microsoft Windows","Microsoft Windows"
mk-mk,is-is,"Mozilla Firefox","Mozilla Firefox"
mk-mk,is-is,"ROM меморија",Róm
mk-mk,is-is,"Robert Kurz","Karl Marx"
mk-mk,is-is,"SI префикс",Nanó
mk-mk,is-is,"SI префикс",SI
mk-mk,is-is,"SI систем на мерки","Alþjóðlega einingakerfið"
mk-mk,is-is,"System of a Down","System of a Down"
mk-mk,is-is,"The Beatles",Bítlarnir
mk-mk,is-is,"The Rolling Stones","Rolling Stones"
mk-mk,is-is,"£אדכונמה הטמךסטה","Koldםoxםנ"
mk-mk,is-is,"Ѓавол",Andskoti
mk-mk,is-is,"Ѓавол",Djöfull
mk-mk,is-is,"Ѕвезда",Sólstjarna
mk-mk,is-is,"Ѕвездени патеки","Star Trek"
mk-mk,is-is,"Јава",Java
mk-mk,is-is,"Јавна политика",Stjórnmál
mk-mk,is-is,"Јаглеводород",Kolvetni
mk-mk,is-is,"Јаглен",Kol
mk-mk,is-is,"Јаглерод диоксид",Koldíoxíð
mk-mk,is-is,"Јаглерод",Kolefni
mk-mk,is-is,"Јаглехидрат",Sykra
mk-mk,is-is,"Јадранско Море",Adríahaf
mk-mk,is-is,"Јадро на оперативен систем",Stýrikerfiskjarni
mk-mk,is-is,"Јазик",Tungumál
mk-mk,is-is,"Јазици на Европската Унија","Tungumál í Evrópusambandinu"
mk-mk,is-is,"Јазично семејство",Tungumál
mk-mk,is-is,"Јамајка",Jamaíka
mk-mk,is-is,"Јамусукро",Yamoussoukro
mk-mk,is-is,"Јануари",Janúar
mk-mk,is-is,"Јапонија",Japan
mk-mk,is-is,"Јапонски јазик",Japanska
mk-mk,is-is,"Јарда",Garður
mk-mk,is-is,"Јасер Арафат","Yasser Arafat"
mk-mk,is-is,"Јастреб кокошкар",Haukur
mk-mk,is-is,"Јаунде",Jánde
mk-mk,is-is,"Јајце клетка",Egg
mk-mk,is-is,"Јајчник",Eggjastokkur
mk-mk,is-is,"Јемен",Jemen
mk-mk,is-is,"Јен",Jen
mk-mk,is-is,"Јерузаљ",Jeruzal
mk-mk,is-is,"Јеховини сведоци","Vottar Jehóva"
mk-mk,is-is,"Јованка Орлеанка","Jóhanna af Örk"
mk-mk,is-is,"Јод",Joð
mk-mk,is-is,"Јозеф Гебелс","Joseph Goebbels"
mk-mk,is-is,"Јозеф Хајдн","Joseph Haydn"
mk-mk,is-is,"Јон",Jón
mk-mk,is-is,"Јонатан",Jónatan
mk-mk,is-is,"Јонско Море",Jónahaf
mk-mk,is-is,"Јордан",Jórdanía
mk-mk,is-is,"Јосиф Сталин","Jósef Stalín"
mk-mk,is-is,"Јохан Волфганг фон Гете","Johann Wolfgang von Goethe"
mk-mk,is-is,"Јохан Гутенберг","Johann Gutenberg"
mk-mk,is-is,"Јохан Кеплер","Johannes Kepler"
mk-mk,is-is,"Јохан Себастијан Бах","Johann Sebastian Bach"
mk-mk,is-is,"Јоханес Брамс","Johannes Brahms"
mk-mk,is-is,"Јоханесбург",Jóhannesarborg
mk-mk,is-is,"Јувентус","Juventus FC"
mk-mk,is-is,"Југославија",Júgóslavía
mk-mk,is-is,"Јужен новозеландски остров",Suðuroy
mk-mk,is-is,"Јужна Америка",Suður-Ameríka
mk-mk,is-is,"Јужна Африка",Suður-Afríka
mk-mk,is-is,"Јужна Дакота",Suður-Dakóta
mk-mk,is-is,"Јужна Каролина",Suður-Karólína
mk-mk,is-is,"Јужна Кореја",Suður-Kórea
mk-mk,is-is,"Јужноафриканска Република",Suður-Afríka
mk-mk,is-is,"Јулиј Цезар","Júlíus Caesar"
mk-mk,is-is,"Јуни",Júní
mk-mk,is-is,"Јупитер",Júpíter
mk-mk,is-is,"Јуриспруденција",Lög
mk-mk,is-is,"Јуриј Гагарин","Júrí Gagarín"
mk-mk,is-is,"Јута",Utah
mk-mk,is-is,"Љубов","Ást"
mk-mk,is-is,"Њу Јорк","New York-fylki"
mk-mk,is-is,"Њу Џерси","New Jersey"
mk-mk,is-is,"Њу Делхи","Nýja Delí"
mk-mk,is-is,"Њу Мексико","New Mexico"
mk-mk,is-is,"Њу Хемпшир","New Hampshire"
mk-mk,is-is,"Њутн",Njúton
mk-mk,is-is,"Њујорк Сити","New York-borg"
mk-mk,is-is,"Њујорк","New York-fylki"
mk-mk,is-is,"Џ.К.Ролинг","J. K. Rowling"
mk-mk,is-is,"Џ.Р.Р. Толкин","J. R. R. Tolkien"
mk-mk,is-is,"Џакарта",Djakarta
mk-mk,is-is,"Џамија",Moska
mk-mk,is-is,"Џемс Џојс","James Joyce"
mk-mk,is-is,"Џемс Кларк Максвел","James Clerk Maxwell"
mk-mk,is-is,"Џемс Кук","James Cook"
mk-mk,is-is,"Џенифер Анистон","Jennifer Aniston"
mk-mk,is-is,"Џенифер Лопез","Jennifer López"
mk-mk,is-is,"Џејмс Ват","James Watt"
mk-mk,is-is,"Џејмс Максвел","James Clerk Maxwell"
mk-mk,is-is,"Џибути",Djíbútí
mk-mk,is-is,"Џин Роденбери","Eugene Wesley Roddenberry"
mk-mk,is-is,"Џин-тоник",TNT
mk-mk,is-is,"Џингис Кан","Gengis Khan"
mk-mk,is-is,"Џовани Бокачо","Giovanni Boccaccio"
mk-mk,is-is,"Џон Доуленд","John Dowland"
mk-mk,is-is,"Џон Ленон","John Lennon"
mk-mk,is-is,"Џон Неш","John Forbes Nash"
mk-mk,is-is,"Џорџ Буш","George Bush"
mk-mk,is-is,"Џорџ Вашингтон","George Washington"
mk-mk,is-is,"Џорџ Гордон Бајрон","Byron lávarður"
mk-mk,is-is,"Џорџ Харисон","George Harrison"
mk-mk,is-is,"Џорџија",Georgía
mk-mk,is-is,"Џуничироо Коизуми","Junichiro Koizumi"
mk-mk,is-is,"АДСЛ","Asymmetric Digital Subscriber Line"
mk-mk,is-is,"Абиџан",Abidjan
mk-mk,is-is,"Абортус",Fóstureyðing
mk-mk,is-is,"Абрахам Линколн","Abraham Lincoln"
mk-mk,is-is,"Абуџа",Abútja
mk-mk,is-is,"Авганистан",Afganistan
mk-mk,is-is,"Августус де Морган","Augustus De Morgan"
mk-mk,is-is,"Авероес",Averróes
mk-mk,is-is,"Авион",Flugvél
mk-mk,is-is,"Австралија","Ástralía"
mk-mk,is-is,"Австрија",Austurríki
mk-mk,is-is,"Автомобил",Bifreið
mk-mk,is-is,"Авторски права",Höfundarréttur
mk-mk,is-is,"Авторско право",Höfundarréttur
mk-mk,is-is,"Агол",Bogagráða
mk-mk,is-is,"Агрегатна состојба",Hamur
mk-mk,is-is,"Аденозин трифосфат",Adenósínþrífosfat
mk-mk,is-is,"Адолф Хитлер","Adolf Hitler"
mk-mk,is-is,"Адреналин",Adrenalín
mk-mk,is-is,"Азербејџан",Aserbaídsjan
mk-mk,is-is,"Азија",Asía
mk-mk,is-is,"Азот",Nitur
mk-mk,is-is,"Акадски јазик",Akkadíska
mk-mk,is-is,"Ако и само ако",Eff
mk-mk,is-is,"Акра",Acre
mk-mk,is-is,"Аксиома",Frumsenda
mk-mk,is-is,"Актер",Leikari
mk-mk,is-is,"Акција",Hlutabréf
mk-mk,is-is,"Алабама",Alabama
mk-mk,is-is,"Алан Тјуринг","Alan Turing"
mk-mk,is-is,"Албанија",Albanía
mk-mk,is-is,"Албански јазик",Albanska
mk-mk,is-is,"Албер Ками","Albert Camus"
mk-mk,is-is,"Алберт Ајнштајн","Albert Einstein"
mk-mk,is-is,"Албрехт Дирер","Albrecht Dürer"
mk-mk,is-is,"Алгебра",Algebra
mk-mk,is-is,"Алгоритам",Reiknirit
mk-mk,is-is,"Алегорија",Táknsaga
mk-mk,is-is,"Александар I","Alexander I"
mk-mk,is-is,"Александар III Македонски","Alexander mikli"
mk-mk,is-is,"Александар Грејам Бел","Alexander Graham Bell"
mk-mk,is-is,"Александар Обреновиќ","Alexander I"
mk-mk,is-is,"Александар Сергеевич Пушкин","Alexandr Púshkín"
mk-mk,is-is,"Алжир",Alsír
mk-mk,is-is,"Алкален метал",Alkalímálmur
mk-mk,is-is,"Алкан",Alkanar
mk-mk,is-is,"Алкен",Alkenar
mk-mk,is-is,"Алкохол",Alkóhól
mk-mk,is-is,"Алкохолен пијалок","Áfengi"
mk-mk,is-is,"Алкохолизам",Alkóhólismi
mk-mk,is-is,"Алуминиум","Ál"
mk-mk,is-is,"Амазон",Amasónfljót
mk-mk,is-is,"Аман",Amman
mk-mk,is-is,"Аматер","Áhugamaður"
mk-mk,is-is,"Америка",Ameríka
mk-mk,is-is,"Американска Самоа","Bandaríska Samóa"
mk-mk,is-is,"Американски долар",Bandaríkjadalur
mk-mk,is-is,"Амстердам",Amsterdam
mk-mk,is-is,"Анаксимандар",Anaxímandros
mk-mk,is-is,"Анаксимен",Anaxímenes
mk-mk,is-is,"Аналитика Прва","Fyrri rökgreiningar"
mk-mk,is-is,"Аналитичка хемија",Efnagreining
mk-mk,is-is,"Анархизам",Stjórnleysisstefna
mk-mk,is-is,"Анархија",Stjórnleysisstefna
mk-mk,is-is,"Анатомија",Líffærafræði
mk-mk,is-is,"Анафора",Klifun
mk-mk,is-is,"Ангела Меркел","Angela Merkel"
mk-mk,is-is,"Англиски јазик",Enska
mk-mk,is-is,"Англија",England
mk-mk,is-is,"Ангола",Angóla
mk-mk,is-is,"Анди",Andesfjöll
mk-mk,is-is,"Андора",Andorra
mk-mk,is-is,"Андромеда",Andrómeda
mk-mk,is-is,"Анимација",Teiknimynd
mk-mk,is-is,"Анимизам",Andatrú
mk-mk,is-is,"Анкара",Ankara
mk-mk,is-is,"Анри Бекерел","Henri Becquerel"
mk-mk,is-is,"Античка Грција","Grikkland hið forna"
mk-mk,is-is,"Античка Македонија","Lýðveldið Makedónía"
mk-mk,is-is,"Антонио Вивалди","Antonio Vivaldi"
mk-mk,is-is,"Апокриф","Apókrýf rit"
mk-mk,is-is,"Апостол Јован",Jóhannes
mk-mk,is-is,"Апостол Петар",Pétur
mk-mk,is-is,"Април",Apríl
mk-mk,is-is,"Апсинт",Malurtarbrennivín
mk-mk,is-is,"Арангел",Erkiengill
mk-mk,is-is,"Арапски јазик",Arabíska
mk-mk,is-is,"Аргентина",Argentína
mk-mk,is-is,"Аргон",Argon
mk-mk,is-is,"Арес",Ares
mk-mk,is-is,"Аризона",Arizona
mk-mk,is-is,"Аристократија",Aðalsveldi
mk-mk,is-is,"Аристотел",Aristóteles
mk-mk,is-is,"Аритметика",Talnareikningur
mk-mk,is-is,"Арканзас",Arkansas
mk-mk,is-is,"Арктички Океан","Norður-Íshaf"
mk-mk,is-is,"Арпеџо","Brotinn hljómur"
mk-mk,is-is,"Артемида",Díana
mk-mk,is-is,"Артерија",Slagæð
mk-mk,is-is,"Артефакт",Gervi-
mk-mk,is-is,"Артилерија",Stórskotalið
mk-mk,is-is,"Артур Шопенхауер","Arthur Schopenhauer"
mk-mk,is-is,"Аруба",Arúba
mk-mk,is-is,"Архангел Рафаил","Raffaello Sanzio"
mk-mk,is-is,"Археологија",Fornleifafræði
mk-mk,is-is,"Архимед",Arkímedes
mk-mk,is-is,"Архипелаг",Eyjaklasi
mk-mk,is-is,"Архитектура",Byggingarlist
mk-mk,is-is,"Асоцијација",Sammengi
mk-mk,is-is,"Астероид",Loftsteinn
mk-mk,is-is,"Астероиден појас",Smástirnabeltið
mk-mk,is-is,"Астма",Astmi
mk-mk,is-is,"Астробиологија",Stjörnulíffræði
mk-mk,is-is,"Астрономија",Stjörnufræði
mk-mk,is-is,"Астрофизика",Stjarneðlisfræði
mk-mk,is-is,"Атеизам",Trúleysi
mk-mk,is-is,"Атена",Aþena
mk-mk,is-is,"Атина",Aþena
mk-mk,is-is,"Атлантски Океан",Atlantshaf
mk-mk,is-is,"Атлетика","Frjálsar íþróttir"
mk-mk,is-is,"Атмосфера",Andrúmsloft
mk-mk,is-is,"Атом",Frumeind
mk-mk,is-is,"Атомска бомба",Kjarnorkuvopn
mk-mk,is-is,"Атомска маса",Atómmassi
mk-mk,is-is,"Атомски број",Sætistala
mk-mk,is-is,"Аугустус Де Морган","Augustus De Morgan"
mk-mk,is-is,"Африка",Afríka
mk-mk,is-is,"Афродита",Afródíta
mk-mk,is-is,"Ајдахо",Idaho
mk-mk,is-is,"Ајкула",Háfiskar
mk-mk,is-is,"Ајнтрахт Франкфурт","Eintracht Frankfurt"
mk-mk,is-is,"Ајова",Iowa
mk-mk,is-is,"Ајфелова Кула",Eiffelturninn
mk-mk,is-is,"Аљаска",Alaska
mk-mk,is-is,"Бабск",Babsk
mk-mk,is-is,"Баварија",Bæjaraland
mk-mk,is-is,"Багдад",Bagdad
mk-mk,is-is,"Баерн Минхен",Bæjaraland
mk-mk,is-is,"База",Basi
mk-mk,is-is,"Базалт",Basalt
mk-mk,is-is,"Бакар",Kopar
mk-mk,is-is,"Бакнеж",Kyssa
mk-mk,is-is,"Бакнеж",Kyssast
mk-mk,is-is,"Бактерија",Gerlar
mk-mk,is-is,"Балкански Полуостров",Balkanskaginn
mk-mk,is-is,"Балкански полуостров",Balkanskaginn
mk-mk,is-is,"Балтичко Море",Eystrasalt
mk-mk,is-is,"Банана република",Bananalýðveldi
mk-mk,is-is,"Банги",Bangví
mk-mk,is-is,"Бангкок",Bangkok
mk-mk,is-is,"Бангладеш",Bangladess
mk-mk,is-is,"Барбадос",Barbados
mk-mk,is-is,"Барселона",Barcelona
mk-mk,is-is,"Барух Спиноза","Baruch Spinoza"
mk-mk,is-is,"Бас гитара",Bassi
mk-mk,is-is,"Бахамски Острови",Bahamaeyjar
mk-mk,is-is,"Бахрaин",Barein
mk-mk,is-is,"Бајкалско Езеро",Bajkalvatn
mk-mk,is-is,"Бајт",Bæti
mk-mk,is-is,"Бел дроб",Lunga
mk-mk,is-is,"Бела боја",Hvítur
mk-mk,is-is,"Белгија",Belgía
mk-mk,is-is,"Белград",Belgrad
mk-mk,is-is,"Белизе",Belís
mk-mk,is-is,"Белорусија",Hvíta-Rússland
mk-mk,is-is,"Бенелукс",Benelúxlöndin
mk-mk,is-is,"Бенин",Benín
mk-mk,is-is,"Бенито Мусолини","Benito Mussolini"
mk-mk,is-is,"Берза",Hlutabréfamarkaður
mk-mk,is-is,"Берилиум",Beryllín
mk-mk,is-is,"Берлин",Berlín
mk-mk,is-is,"Бертолд Брехт","Bertolt Brecht"
mk-mk,is-is,"Бертранд Расел","Bertrand Russell"
mk-mk,is-is,"Беџаја",Liggja
mk-mk,is-is,"Беџаја",Ljúga
mk-mk,is-is,"Беџаја",Lygi
mk-mk,is-is,"Библија",Biblían
mk-mk,is-is,"Биг Бенг",Miklihvellur
mk-mk,is-is,"Бик",Nautgripur
mk-mk,is-is,"Бил Гејтс","Bill Gates"
mk-mk,is-is,"Бил Хикс","Bill Hicks"
mk-mk,is-is,"Биографија","Ævisaga"
mk-mk,is-is,"Биологија",Líffræði
mk-mk,is-is,"Биолуминисценција",Lífljómun
mk-mk,is-is,"Биохемија",Lífefnafræði
mk-mk,is-is,"Бисау",Bissá
mk-mk,is-is,"Бит","Ögn"
mk-mk,is-is,"Битлс",Bítlarnir
mk-mk,is-is,"Бифуркација","Árkvísl"
mk-mk,is-is,"Блез Паскал","Blaise Pascal"
mk-mk,is-is,"Блиски Исток",Suðvestur-Asía
mk-mk,is-is,"Блог",Blogg
mk-mk,is-is,"Блумфонтејн",Bloemfontein
mk-mk,is-is,"Боб Дилан","Bob Dylan"
mk-mk,is-is,"Бог",Guð
mk-mk,is-is,"Богородица Марија","María mey"
mk-mk,is-is,"Боже чувај ја кралицата","God Save the Queen"
mk-mk,is-is,"Боже, благослови го Унгарецот",Himnusz
mk-mk,is-is,"Боливија",Bólivía
mk-mk,is-is,"Бор",Bór
mk-mk,is-is,"Босна и Херцеговина","Bosnía og Hersegóvína"
mk-mk,is-is,"Ботаника",Grasafræði
mk-mk,is-is,"Боцвана",Botsvana
mk-mk,is-is,"Бразил",Brasilía
mk-mk,is-is,"Брак",Hjónaband
mk-mk,is-is,"Братислава",Bratislava
mk-mk,is-is,"Браќа Рајт",Wright-bræður
mk-mk,is-is,"Брег на Слоновата Коска",Fílabeinsströndin
mk-mk,is-is,"Брегот на Слоновата Коска",Fílabeinsströndin
mk-mk,is-is,"Бремен",Bremen
mk-mk,is-is,"Брзина на звук",Hljóðhraði
mk-mk,is-is,"Брзина",Hraði
mk-mk,is-is,"Брисел",Brussel
mk-mk,is-is,"Британска Фунта","Breskt pund"
mk-mk,is-is,"Британска империја","Breska heimsveldið"
mk-mk,is-is,"Бритни Спирс","Britney Spears"
mk-mk,is-is,"Брод",Skip
mk-mk,is-is,"Бром",Bróm
mk-mk,is-is,"Бронзено доба",Bronsöld
mk-mk,is-is,"Број",Tala
mk-mk,is-is,"Брунеи",Brúnei
mk-mk,is-is,"Бршлен",Bergflétta
mk-mk,is-is,"Бугарија",Búlgaría
mk-mk,is-is,"Бугарски јазик",Búlgarska
mk-mk,is-is,"Будизам",Búddismi
mk-mk,is-is,"Будимпешта",Búdapest
mk-mk,is-is,"Буенос Аирес","Buenos Aires"
mk-mk,is-is,"Бука",Beyki
mk-mk,is-is,"Буква",Bókstafur
mk-mk,is-is,"Букурешт",Búkarest
mk-mk,is-is,"Буркина Фасо","Búrkína Fasó"
mk-mk,is-is,"Бурунди",Búrúndí
mk-mk,is-is,"Вага",Jafnvægi
mk-mk,is-is,"Валута",Gjaldmiðill
mk-mk,is-is,"Вануату",Vanúatú
mk-mk,is-is,"Варење",Melting
mk-mk,is-is,"Варшава",Varsjá
mk-mk,is-is,"Васко де Гама","Vasco da Gama"
mk-mk,is-is,"Ват",Vatt
mk-mk,is-is,"Ватикан",Vatíkanið
mk-mk,is-is,"Вашингтон",Washington
mk-mk,is-is,"Вајоминг",Wyoming
mk-mk,is-is,"Веб прелистувач",Vafri
mk-mk,is-is,"Веб страница",Vefsíða
mk-mk,is-is,"Веб-сајт",Vefsíða
mk-mk,is-is,"Веб-страница",Vefsíða
mk-mk,is-is,"Вегетативен нервен систем",Dultaugakerfið
mk-mk,is-is,"Велепредавство",Svik
mk-mk,is-is,"Велигден",Páskar
mk-mk,is-is,"Велика Британија",Stóra-Bretland
mk-mk,is-is,"Велс",Wales
mk-mk,is-is,"Вена",Bláæð
mk-mk,is-is,"Венера",Venus
mk-mk,is-is,"Венеција",Feneyjar
mk-mk,is-is,"Венецуела",Venesúela
mk-mk,is-is,"Верижна реакци?а",Keðjuverkun
mk-mk,is-is,"Верижна реакција",Keðjuverkun
mk-mk,is-is,"Вермонт",Vermont
mk-mk,is-is,"Версајски дворец",Versalir
mk-mk,is-is,"Веслијан","Wesleyan-háskóli í Ohio"
mk-mk,is-is,"Вестминстер",Westminster
mk-mk,is-is,"Ветер",Vindur
mk-mk,is-is,"Виена",Vín
mk-mk,is-is,"Виентиан",Vientiane
mk-mk,is-is,"Виетнам",Víetnam
mk-mk,is-is,"Виетнамска војна",Víetnamstríðið
mk-mk,is-is,"Византија","Austrómverska keisaradæmið"
mk-mk,is-is,"Викинзи",Víkingar
mk-mk,is-is,"Википедија",Wikipedia
mk-mk,is-is,"Виктор Иго","Victor Hugo"
mk-mk,is-is,"Викторија",Victoria
mk-mk,is-is,"Вилијам Блејк","William Blake"
mk-mk,is-is,"Вилијам Фокнер","William Faulkner"
mk-mk,is-is,"Вилијам Хогарт","William Hogarth"
mk-mk,is-is,"Вилијам Шекспир","William Shakespeare"
mk-mk,is-is,"Вилнус",Vilníus
mk-mk,is-is,"Вилјем Томсон","William Thomson"
mk-mk,is-is,"Вино",Vín
mk-mk,is-is,"Винсент ван Гог","Vincent van Gogh"
mk-mk,is-is,"Винстон Черчил","Winston Churchill"
mk-mk,is-is,"Виолина",Fiðla
mk-mk,is-is,"Виолончело",Selló
mk-mk,is-is,"Вирус",Veira
mk-mk,is-is,"Вирџинија",Virginía
mk-mk,is-is,"Висконсин",Wisconsin
mk-mk,is-is,"Висла",Visla
mk-mk,is-is,"Вистан Хју Одн","W. H. Auden"
mk-mk,is-is,"Вистина",Sannleikur
mk-mk,is-is,"Вистинска црква на Исус","Sanna Jesús kirkjan"
mk-mk,is-is,"Витамин",Vítamín
mk-mk,is-is,"Витрувиј",Vitrúvíus
mk-mk,is-is,"Владимир Илич Ленин","Vladímír Lenín"
mk-mk,is-is,"Владимир Путин","Vladímír Pútín"
mk-mk,is-is,"Власт",Heimild
mk-mk,is-is,"Влечуги",Skriðdýr
mk-mk,is-is,"Вода",Vatn
mk-mk,is-is,"Водоземец",Froskdýr
mk-mk,is-is,"Водород",Vetni
mk-mk,is-is,"Водороден показател","PH gildi"
mk-mk,is-is,"Воз",Járnbrautarlest
mk-mk,is-is,"Воздух",Loft
mk-mk,is-is,"Волга",Volga
mk-mk,is-is,"Волт Дизни","Walt Disney"
mk-mk,is-is,"Волт",Volt
mk-mk,is-is,"Волтер",Voltaire
mk-mk,is-is,"Волумен",Bindi
mk-mk,is-is,"Волумен","Árgangur"
mk-mk,is-is,"Волфганг Амадеус Моцарт","Wolfgang Amadeus Mozart"
mk-mk,is-is,"Вонбродски мотор",Utanborðsmótor
mk-mk,is-is,"Вотергејтска афера",Watergate-hneykslið
mk-mk,is-is,"Војна",Stríð
mk-mk,is-is,"Временска зона",Tímabelti
mk-mk,is-is,"Вселена",Alheimurinn
mk-mk,is-is,"Втора Светска војна","Seinni heimsstyrjöldin"
mk-mk,is-is,"Вторник","Þriðjudagur"
mk-mk,is-is,"Вулкан",Eldstöð
mk-mk,is-is,"ГНУ",GNU
mk-mk,is-is,"Габа",Sveppur
mk-mk,is-is,"Габриел Гарсија Маркес","Gabriel García Márquez"
mk-mk,is-is,"Галаксија",Stjörnuþoka
mk-mk,is-is,"Галилео Галилеј","Galíleó Galílei"
mk-mk,is-is,"Гамбија",Gambía
mk-mk,is-is,"Гана",Gana
mk-mk,is-is,"Гас",Gas
mk-mk,is-is,"Гвадалупе",Gvadelúp
mk-mk,is-is,"Гвантанамо",Guantánamo
mk-mk,is-is,"Гватемала",Gvatemala
mk-mk,is-is,"Гвајана",Gvæjana
mk-mk,is-is,"Гвинеја-Бисао",Gínea-Bissá
mk-mk,is-is,"Гвинејски Залив",Gíneuflói
mk-mk,is-is,"Гдањск","Gdańsk"
mk-mk,is-is,"Ген",Erfðavísir
mk-mk,is-is,"Генетика",Erfðafræði
mk-mk,is-is,"Генитив",Eignarfall
mk-mk,is-is,"Географија",Landafræði
mk-mk,is-is,"Географски координатен систем",Hnit
mk-mk,is-is,"Геометрија",Rúmfræði
mk-mk,is-is,"Георг Вилхелм Фридрих Хегел","Georg Wilhelm Friedrich Hegel"
mk-mk,is-is,"Георг Фридрих Хендл","Georg Friedrich Händel"
mk-mk,is-is,"Германија","Þýskaland"
mk-mk,is-is,"Германски јазик","Þýska"
mk-mk,is-is,"Германски јазици","Germönsk tungumál"
mk-mk,is-is,"Германци","Þýskaland"
mk-mk,is-is,"Геј маж",Samkynhneigð
mk-mk,is-is,"Гитара",Gítar
mk-mk,is-is,"Гиљермо Маркони","Guglielmo Marconi"
mk-mk,is-is,"Главен град",Höfuðborg
mk-mk,is-is,"Главна страница",Forsíða
mk-mk,is-is,"Главоноги",Smokkar
mk-mk,is-is,"Гликолиза",Lífefnafræði
mk-mk,is-is,"Глобализација",Hnattvæðing
mk-mk,is-is,"Глодари",Nagdýr
mk-mk,is-is,"Глукагон",Glúkagon
mk-mk,is-is,"Глукоза",Glúkósi
mk-mk,is-is,"Глушец",Tölvumús
mk-mk,is-is,"Говорништво",Tala
mk-mk,is-is,"Голем корален гребен","Kóralrifið mikla"
mk-mk,is-is,"Големиот корален гребен","Kóralrifið mikla"
mk-mk,is-is,"Големите езера","Vötnin miklu"
mk-mk,is-is,"Голџиев систем",Golgiflétta
mk-mk,is-is,"Господарот на прстените",Hringadróttinssaga
mk-mk,is-is,"Готвач",Matreiðslubók
mk-mk,is-is,"Готлоб Фреге","Gottlob Frege"
mk-mk,is-is,"Готфрид Лајбниц","Gottfried Wilhelm von Leibniz"
mk-mk,is-is,"Граблива птица",Hryðja
mk-mk,is-is,"Град Окленд",Oakland
mk-mk,is-is,"Град Скопје",Skopje
mk-mk,is-is,"Град",Bær
mk-mk,is-is,"Градбa",Bygging
mk-mk,is-is,"Градоначалник",Borgarstjóri
mk-mk,is-is,"Граматика на латинскиот јазик","Latnesk málfræði"
mk-mk,is-is,"Грб",Vopn
mk-mk,is-is,"Грегоријански календар","Gregoríska tímatalið"
mk-mk,is-is,"Гренада",Grenada
mk-mk,is-is,"Гренланд",Grænland
mk-mk,is-is,"Грузија",Georgía
mk-mk,is-is,"Грција",Grikkland
mk-mk,is-is,"Грчка азбука","Grískt stafróf"
mk-mk,is-is,"Грчка митологија","Grísk goðafræði"
mk-mk,is-is,"Грчки јазик",Gríska
mk-mk,is-is,"Густав Ајфел","Gustave Eiffel"
mk-mk,is-is,"Густина на населеност","Þéttleiki byggðar"
mk-mk,is-is,"Густина",Eðlismassi
mk-mk,is-is,"Гуштер",Eðla
mk-mk,is-is,"ДНК",DNA
mk-mk,is-is,"Давид",Davíð
mk-mk,is-is,"Дакар",Dakar
mk-mk,is-is,"Далај-лама","Dalai Lama"
mk-mk,is-is,"Дамаск",Damaskus
mk-mk,is-is,"Дамаст",Damaskus
mk-mk,is-is,"Даниел Бернули","Daniel Bernoulli"
mk-mk,is-is,"Данска и норвешка азбука","Dansk-norska stafrófið"
mk-mk,is-is,"Данска",Danmörk
mk-mk,is-is,"Дански јазик",Danska
mk-mk,is-is,"Данте Алигиери","Dante Alighieri"
mk-mk,is-is,"Дарон Малакиан","Daron Malakian"
mk-mk,is-is,"Дванаесетпалечно црево",Skeifugörn
mk-mk,is-is,"Дебело црево",Ristill
mk-mk,is-is,"Девица",Mey
mk-mk,is-is,"Дедукција",Afleiðsla
mk-mk,is-is,"Декларација за правата на човекот","Mannréttindayfirlýsing Sameinuðu þjóðanna"
mk-mk,is-is,"Делавер",Delaware
mk-mk,is-is,"Демократија",Lýðræði
mk-mk,is-is,"Демократска Република Конго",Austur-Kongó
mk-mk,is-is,"Демокрит",Demókrítos
mk-mk,is-is,"Ден",Sólarhringur
mk-mk,is-is,"Дендрит",Griplur
mk-mk,is-is,"Дени Дидро","Denis Diderot"
mk-mk,is-is,"Десет Божји заповеди","Boðorðin tíu"
mk-mk,is-is,"Дејвид Хјум","David Hume"
mk-mk,is-is,"Дивеч",Leikir
mk-mk,is-is,"Дизајн",Hönnun
mk-mk,is-is,"Диктатура",Einræði
mk-mk,is-is,"Димитрис П. Краниотис","Dimitris P. Kraniotis"
mk-mk,is-is,"Диода",Díóða
mk-mk,is-is,"Дипломатија",Ríkiserindrekstur
mk-mk,is-is,"Диференцијално сметање",Deildun
mk-mk,is-is,"Дишење","Öndun"
mk-mk,is-is,"Дишник",Barki
mk-mk,is-is,"Дијамант",Demantur
mk-mk,is-is,"Дожд",Regn
mk-mk,is-is,"Дождовна шума",Regnskógur
mk-mk,is-is,"Доминиканска Република","Dóminíska lýðveldið"
mk-mk,is-is,"Дорат",Flói
mk-mk,is-is,"Драм енд бејс","Drum and bass"
mk-mk,is-is,"Драма",Leika
mk-mk,is-is,"Дрво",Tré
mk-mk,is-is,"Дрезден",Dresden
mk-mk,is-is,"Дуала",Dóúala
mk-mk,is-is,"Дунав",Dóná
mk-mk,is-is,"Еволутивна биологија","Þróunarlíffræði"
mk-mk,is-is,"Еволуција","Þróunarlíffræði"
mk-mk,is-is,"Евреи",Gyðingar
mk-mk,is-is,"Евро",Evra
mk-mk,is-is,"Евроазија",Evrasía
mk-mk,is-is,"Евровизија","Söngvakeppni evrópskra sjónvarpsstöðva"
mk-mk,is-is,"Европа",Evrópa
mk-mk,is-is,"Европска Комисија","Framkvæmdastjórn Evrópusambandsins"
mk-mk,is-is,"Европска Слободна Трговска Асоцијација","Fríverslunarsamtök Evrópu"
mk-mk,is-is,"Европска Унија",Evrópusambandið
mk-mk,is-is,"Европска економска заедница",Evrópubandalagið
mk-mk,is-is,"Европска конвенција за човекови права","Samningur um verndun mannréttinda og mannfrelsis"
mk-mk,is-is,"Европски Парламент",Evrópuþingið
mk-mk,is-is,"Европски Суд на Правдата",Evrópudómstóllinn
mk-mk,is-is,"Егејска Македонија","Lýðveldið Makedónía"
mk-mk,is-is,"Егзистенцијализам",Tilvistarstefna
mk-mk,is-is,"Египет",Egyptaland
mk-mk,is-is,"Едгар Алан По","Edgar Allan Poe"
mk-mk,is-is,"Езеро Викторија",Viktoríuvatn
mk-mk,is-is,"Езеро",Vatn
mk-mk,is-is,"Еквадор",Ekvador
mk-mk,is-is,"Екватор",Miðbaugur
mk-mk,is-is,"Екваторијална Гвинеја",Miðbaugs-Gínea
mk-mk,is-is,"Екваторска Гвинеја",Miðbaugs-Gínea
mk-mk,is-is,"Екологија",Vistfræði
mk-mk,is-is,"Еконо.3B.D0.BC.D0.B8.D1.98.D0.B0",Hagfræði
mk-mk,is-is,"Економија",Hagfræði
mk-mk,is-is,"Екот",Fresta
mk-mk,is-is,"Екот",Frestur
mk-mk,is-is,"Екот",Töf
mk-mk,is-is,"Ел Салвадор","El Salvador"
mk-mk,is-is,"Ел-Фатиха","Fyrsta súran"
mk-mk,is-is,"Елвис Присли","Elvis Presley"
mk-mk,is-is,"Електролиза",Rafgreining
mk-mk,is-is,"Електрон",Rafeind
mk-mk,is-is,"Електроника",Rafeindatækni
mk-mk,is-is,"Електронска конфигурација",Rafeindahýsing
mk-mk,is-is,"Електронска музика",Rafeindatækni
mk-mk,is-is,"Електронско писмо",Tölvupóstur
mk-mk,is-is,"Елементарна честичка","Öreind"
mk-mk,is-is,"Елизабет Тејлор","Elizabeth Taylor"
mk-mk,is-is,"Елизабета I","Elísabet 1."
mk-mk,is-is,"Елизабета II","Elísabet 2. Bretadrottning"
mk-mk,is-is,"Ема Голдман","Emma Goldman"
mk-mk,is-is,"Емоција",Hrollur
mk-mk,is-is,"Емоција",Tilfinning
mk-mk,is-is,"Енди Ворхол","Andy Warhol"
mk-mk,is-is,"Ендокрин систем",Innkirtlakerfið
mk-mk,is-is,"Ендоплазматичен ретикулум",Frymisnet
mk-mk,is-is,"Енергија",Orka
mk-mk,is-is,"Ензим",Ensím
mk-mk,is-is,"Енрико Ферми","Enrico Fermi"
mk-mk,is-is,"Ер Ријад",Ríad
mk-mk,is-is,"Ереван",Jerevan
mk-mk,is-is,"Еритреја",Erítrea
mk-mk,is-is,"Еритроцит","Rauð blóðkorn"
mk-mk,is-is,"Ерл Греј","Earl Grey"
mk-mk,is-is,"Ерменија",Armenía
mk-mk,is-is,"Ернест Хемингвеј","Ernest Hemingway"
mk-mk,is-is,"Ерусалим",Jerúsalem
mk-mk,is-is,"Есен",Haust
mk-mk,is-is,"Есеј за човековиот разум","An Essay Concerning Human Understanding"
mk-mk,is-is,"Есеј",Grein
mk-mk,is-is,"Естонија",Eistland
mk-mk,is-is,"Естонски јазик",Eistneska
mk-mk,is-is,"Естрогени хормони",Estrógen
mk-mk,is-is,"Етика",Siðfræði
mk-mk,is-is,"Етиопија",Eþíópía
mk-mk,is-is,"Еуфрат",Efrat
mk-mk,is-is,"Ефес",Efesos
mk-mk,is-is,"Жаба",Froskar
mk-mk,is-is,"Жаби",Froskar
mk-mk,is-is,"Жак Ширак","Jacques Chirac"
mk-mk,is-is,"Жан Батист Жозеф Фурие","Jean Baptiste Joseph Fourier"
mk-mk,is-is,"Жан Жак Русо","Jean-Jacques Rousseau"
mk-mk,is-is,"Жан-Пол Сартр","Jean-Paul Sartre"
mk-mk,is-is,"Жаркари",Holdýr
mk-mk,is-is,"Железница",Járnbraut
mk-mk,is-is,"Железно доба",Járnöld
mk-mk,is-is,"Железо",Járn
mk-mk,is-is,"Желка",Skjaldbökur
mk-mk,is-is,"Желудник",Magi
mk-mk,is-is,"Живина",Hænsni
mk-mk,is-is,"Живот",Líf
mk-mk,is-is,"Живот","Æfi"
mk-mk,is-is,"Животни",Dýr
mk-mk,is-is,"Жито",Korn
mk-mk,is-is,"За толкувањата","Um túlkun"
mk-mk,is-is,"Заб",Tönn
mk-mk,is-is,"Загреб",Zagreb
mk-mk,is-is,"Заедница на независни држави","Samveldi sjálfstæðra ríkja"
mk-mk,is-is,"Законодавна власт",Löggjafarvald
mk-mk,is-is,"Западен Брег",Vesturbakkinn
mk-mk,is-is,"Западна Вирџинија",Vestur-Virginía
mk-mk,is-is,"Западна Европа",Vestur-Evrópa
mk-mk,is-is,"Западна Сахара",Vestur-Sahara
mk-mk,is-is,"Зајакнато вино","Styrkt vín"
mk-mk,is-is,"Збор",Orð
mk-mk,is-is,"Звук",Hljóð
mk-mk,is-is,"Здравје",Lyf
mk-mk,is-is,"Здравје",Læknisfræði
mk-mk,is-is,"Зевс",Júpíter
mk-mk,is-is,"Зелена боја",Grænn
mk-mk,is-is,"Зелено'ртски Острови",Grænhöfðaeyjar
mk-mk,is-is,"Зелено’ртски острови",Grænhöfðaeyjar
mk-mk,is-is,"Земноалкален метал",Jarðalkalímálmur
mk-mk,is-is,"Земја",Jörðin
mk-mk,is-is,"Земјоделство",Landbúnaður
mk-mk,is-is,"Земјотрес",Jarðskjálfti
mk-mk,is-is,"Зигмунд Фројд","Sigmund Freud"
mk-mk,is-is,"Зимбабве",Simbabve
mk-mk,is-is,"Зимски олимписки игри - 2006","Vetrarólympíuleikarnir 2006"
mk-mk,is-is,"Злато",Gull
mk-mk,is-is,"Знаење","Þekking"
mk-mk,is-is,"Зоологија",Dýrafræði
mk-mk,is-is,"Зракоперки",Geisluggar
mk-mk,is-is,"Игри",Leikir
mk-mk,is-is,"Идеализам",Hughyggja
mk-mk,is-is,"Идеологија",Hugmyndafræði
mk-mk,is-is,"Идеја",Hugmynd
mk-mk,is-is,"Идеја",Hugtak
mk-mk,is-is,"Избори",Kjör
mk-mk,is-is,"Изотоп",Samsæta
mk-mk,is-is,"Израел","Ísrael"
mk-mk,is-is,"Икар","Íkaros"
mk-mk,is-is,"Илиноис",Illinois
mk-mk,is-is,"Илузија",Hugarburður
mk-mk,is-is,"Илјада и една ноќ","Þúsund og ein nótt"
mk-mk,is-is,"Имe",Nafn
mk-mk,is-is,"Имануел Кант","Immanuel Kant"
mk-mk,is-is,"Индира Ганди","Indira Gandhi"
mk-mk,is-is,"Индиски Океан",Indlandshaf
mk-mk,is-is,"Индиум",Indín
mk-mk,is-is,"Индија",Indland
mk-mk,is-is,"Индијана","Indiana fylki"
mk-mk,is-is,"Индукција","Þrepun"
mk-mk,is-is,"Индустрија",Iðjusemi
mk-mk,is-is,"Инженеринг",Verkfræði
mk-mk,is-is,"Инженерство",Verkfræði
mk-mk,is-is,"Инсект",Skordýr
mk-mk,is-is,"Интеграл",Heildun
mk-mk,is-is,"Интернационала",Internasjónalinn
mk-mk,is-is,"Интернет Протокол","Internet Protocol"
mk-mk,is-is,"Интернет Филмска База на податоци","Internet Movie Database"
mk-mk,is-is,"Интернет Филмска Датабаза","Internet Movie Database"
mk-mk,is-is,"Интернет",Internetið
mk-mk,is-is,"Инфлација",Verðbólga
mk-mk,is-is,"Информатика",Tölvunarfræði
mk-mk,is-is,"Информација",Upplýsingar
mk-mk,is-is,"Инч",Tomma
mk-mk,is-is,"Ирак","Írak"
mk-mk,is-is,"Иран","Íran"
mk-mk,is-is,"Ирски јазик","Írska"
mk-mk,is-is,"Исак Њутн","Isaac Newton"
mk-mk,is-is,"Исак Асимов","Isaac Asimov"
mk-mk,is-is,"Ислам","Íslam"
mk-mk,is-is,"Исламабад",Islamabad
mk-mk,is-is,"Исланд","Ísland"
mk-mk,is-is,"Исповед",Játing
mk-mk,is-is,"Истанбул",Istanbúl
mk-mk,is-is,"Историски годишнини","Allir dagar ársins"
mk-mk,is-is,"Историја",Sagnfræði
mk-mk,is-is,"Источен Тимор",Austur-Tímor
mk-mk,is-is,"Источна Европа",Austur-Evrópa
mk-mk,is-is,"Исус Христос",Jesús
mk-mk,is-is,"Италија","Ítalía"
mk-mk,is-is,"Италијански јазик","Ítalska"
mk-mk,is-is,"Итало Калвино","Italo Calvino"
mk-mk,is-is,"Ичиро Мизуки","Ichirou Mizuki"
mk-mk,is-is,"Кабул",Kabúl
mk-mk,is-is,"Казахстан",Kasakstan
mk-mk,is-is,"Каиро",Kaíró
mk-mk,is-is,"Калиум",Kalín
mk-mk,is-is,"Калифорнија",Kalifornía
mk-mk,is-is,"Калциум",Kalsín
mk-mk,is-is,"Камбоџа",Kambódía
mk-mk,is-is,"Камено време",Steinöld
mk-mk,is-is,"Камено доба",Steinöld
mk-mk,is-is,"Камера",Ljósmyndavél
mk-mk,is-is,"Камерун",Kamerún
mk-mk,is-is,"Камин",Heimili
mk-mk,is-is,"Канада",Kanada
mk-mk,is-is,"Канзас",Kansas
mk-mk,is-is,"Кантербури, Нов Зеланд",Kantaraborg
mk-mk,is-is,"Капитал",Höfuðborg
mk-mk,is-is,"Капитализам",Kapítalismi
mk-mk,is-is,"Каракас",Karakas
mk-mk,is-is,"Карбоксилна киселина",Sýra
mk-mk,is-is,"Кардинал",Fjöldatala
mk-mk,is-is,"Кариби",Suður-Evrópa
mk-mk,is-is,"Карипско Море",Karíbahaf
mk-mk,is-is,"Карл Маркс","Karl Marx"
mk-mk,is-is,"Карпа",Berg
mk-mk,is-is,"Карпести планини",Klettafjöll
mk-mk,is-is,"Катализатор",Hvarfakútur
mk-mk,is-is,"Катар",Katar
mk-mk,is-is,"Катехоламини",Katekólamín
mk-mk,is-is,"Кафе",Kaffi
mk-mk,is-is,"Кацушика Хокусаи",Hokusai
mk-mk,is-is,"Кашупски јазик",Kassúbíska
mk-mk,is-is,"Кајзер",Keisair
mk-mk,is-is,"Квадрат",Ferningur
mk-mk,is-is,"Квадратен километар",Ferkílómetri
mk-mk,is-is,"Квалитет",Gæði
mk-mk,is-is,"Квантна механика",Skammtafræði
mk-mk,is-is,"Кварк",Kvarki
mk-mk,is-is,"Келвин",Kelvin
mk-mk,is-is,"Келн",Nýlenda
mk-mk,is-is,"Келти","Keltneskar þjóðir"
mk-mk,is-is,"Кемал Ататурк","Kemal Atatürk"
mk-mk,is-is,"Кенија",Kenýa
mk-mk,is-is,"Кентаки",Kentucky
mk-mk,is-is,"Кејптаун",Höfðaborg
mk-mk,is-is,"Килиманџаро",Kilimanjaro
mk-mk,is-is,"Килограм",Kílógramm
mk-mk,is-is,"Километар",Kílómetri
mk-mk,is-is,"Кина",Kína
mk-mk,is-is,"Кинески Ѕид",Kínamúrinn
mk-mk,is-is,"Кинески јазик",Kínverska
mk-mk,is-is,"Кинеско писмо",Kanji
mk-mk,is-is,"Киншаса",Kinsasa
mk-mk,is-is,"Кипар",Kýpur
mk-mk,is-is,"Киргистан",Kirgistan
mk-mk,is-is,"Кирилица","Kýrillískt letur"
mk-mk,is-is,"Киселина",Sýra
mk-mk,is-is,"Кислород",Súrefni
mk-mk,is-is,"Кит",Hvalir
mk-mk,is-is,"Китара",Gítar
mk-mk,is-is,"Клавир",Píanó
mk-mk,is-is,"Клавијатурни инструменти",Lyklaborð
mk-mk,is-is,"Класичен латински јазик",Gullaldarlatína
mk-mk,is-is,"Класична музика",Klassík
mk-mk,is-is,"Клеопатра",Kleópatra
mk-mk,is-is,"Клепач",Brá
mk-mk,is-is,"Клетка",Fruma
mk-mk,is-is,"Клеточен ѕид",Frumuveggur
mk-mk,is-is,"Клеточна биологија",Frumulíffræði
mk-mk,is-is,"Клеточна мембрана",Frumuhimna
mk-mk,is-is,"Клеточно јадро",Frumukjarni
mk-mk,is-is,"Клима",Veðurlag
mk-mk,is-is,"Клод Моне","Claude Monet"
mk-mk,is-is,"Клуч",Lykill
mk-mk,is-is,"Коала",Pokabjörn
mk-mk,is-is,"Кобалт",Kóbolt
mk-mk,is-is,"Кодот на Да Винчи","Da Vinci lykillinn"
mk-mk,is-is,"Кожа",Húð
mk-mk,is-is,"Кола",Kóladrykkur
mk-mk,is-is,"Колорадо",Colorado
mk-mk,is-is,"Колумбија",Kólumbía
mk-mk,is-is,"Комета",Halastjarna
mk-mk,is-is,"Комори",Kómoreyjar
mk-mk,is-is,"Комплекс",Flókinn
mk-mk,is-is,"Композитор",Tónskáld
mk-mk,is-is,"Компјутер",Tölva
mk-mk,is-is,"Комунизам",Kommúnismi
mk-mk,is-is,"Комунистички манифест",Kommúnistaávarpið
mk-mk,is-is,"Конакри",Kónakrí
mk-mk,is-is,"Конго, Демократска Република",Austur-Kongó
mk-mk,is-is,"Конго, Република",Vestur-Kongó
mk-mk,is-is,"Кондом",Smokkur
mk-mk,is-is,"Конектикат",Connecticut
mk-mk,is-is,"Конзерватизам","Íhald"
mk-mk,is-is,"Константин I Велики","Konstantínus mikli"
mk-mk,is-is,"Континент",Heimsálfa
mk-mk,is-is,"Контрадикција",Mótsögn
mk-mk,is-is,"Контрола на раѓање",Getnaðarvörn
mk-mk,is-is,"Конфучие",Konfúsíus
mk-mk,is-is,"Конфучиј",Konfúsíus
mk-mk,is-is,"Конфучијанизам",Konfúsíusismi
mk-mk,is-is,"Концепт",Hugtak
mk-mk,is-is,"Координирано универзално време",UTC
mk-mk,is-is,"Копија",Afrita
mk-mk,is-is,"Копија",Eintak
mk-mk,is-is,"Кораб",Skip
mk-mk,is-is,"Корен",Rót
mk-mk,is-is,"Коска",Bein
mk-mk,is-is,"Коскени риби",Beinfiskar
mk-mk,is-is,"Костарика","Kosta Ríka"
mk-mk,is-is,"Котону",Cotonou
mk-mk,is-is,"Кофи Анан","Kofi Annan"
mk-mk,is-is,"Кошарка",Körfuknattleikur
mk-mk,is-is,"Коњ",Hestur
mk-mk,is-is,"Коњсковола","Końskowola"
mk-mk,is-is,"Краков",Kraká
mk-mk,is-is,"Крв",Blóð
mk-mk,is-is,"Крепост",Kastali
mk-mk,is-is,"Крикет",Krikket
mk-mk,is-is,"Кристофер Колумбо","Kristófer Kólumbus"
mk-mk,is-is,"Кружница",Hringur
mk-mk,is-is,"Куба",Kúba
mk-mk,is-is,"Кувајт",Kúveit
mk-mk,is-is,"Култура",Menning
mk-mk,is-is,"Куран",Kóraninn
mk-mk,is-is,"Курбла",Sveifarás
mk-mk,is-is,"Куритиба",Curitiba
mk-mk,is-is,"Куров",Kurów
mk-mk,is-is,"Курт Вонегат","Kurt Vonnegut"
mk-mk,is-is,"Куќа на село",Bujörð
mk-mk,is-is,"Куќа на село",Bú
mk-mk,is-is,"Ла Хабана",Havana
mk-mk,is-is,"Лав Николаевич Толстој","Lev Tolstoj"
mk-mk,is-is,"Лав",Ljón
mk-mk,is-is,"Лавина",Snjóflóð
mk-mk,is-is,"Лактоза",Laktósi
mk-mk,is-is,"Ламанш",Ermarsund
mk-mk,is-is,"Лао Це","Laó Tse"
mk-mk,is-is,"Лао-це","Laó Tse"
mk-mk,is-is,"Лаос",Laos
mk-mk,is-is,"Ларс фон Триер","Lars von Trier"
mk-mk,is-is,"Лас Вегас","Las Vegas"
mk-mk,is-is,"Латвиски јазик",Lettneska
mk-mk,is-is,"Латвија",Lettland
mk-mk,is-is,"Латиница","Latneskt stafróf"
mk-mk,is-is,"Латинска Америка","Rómanska Ameríka"
mk-mk,is-is,"Латински јазик",Latína
mk-mk,is-is,"Латитуда",Hnattbreidd
mk-mk,is-is,"Лацио",Latíum
mk-mk,is-is,"Ле Корбизје","Le Corbusier"
mk-mk,is-is,"Леб",Brauð
mk-mk,is-is,"Левица",Vinstristefna
mk-mk,is-is,"Легура",Málmblanda
mk-mk,is-is,"Лема",Kjörorð
mk-mk,is-is,"Леонард Ојлер","Leonhard Euler"
mk-mk,is-is,"Леонардо да Винчи","Leonardo da Vinci"
mk-mk,is-is,"Лесото",Lesótó
mk-mk,is-is,"Лето",Sumar
mk-mk,is-is,"Леукоцит","Hvít blóðkorn"
mk-mk,is-is,"Либан",Líbanon
mk-mk,is-is,"Либерално демократска партија","Frjálslyndi lýðræðisflokkurinn"
mk-mk,is-is,"Либерија",Líbería
mk-mk,is-is,"Либија",Líbýa
mk-mk,is-is,"Ливада",Engi
mk-mk,is-is,"Лимнологија",Vatnalíffræði
mk-mk,is-is,"Лимпопо",Limpopofljót
mk-mk,is-is,"Лингвистика",Málvísindi
mk-mk,is-is,"Линукс",Linux
mk-mk,is-is,"Линус Торвалдс","Linus Torvalds"
mk-mk,is-is,"Липид",Fita
mk-mk,is-is,"Лист",Blað
mk-mk,is-is,"Лист",Blaðka
mk-mk,is-is,"Лист",Lauf
mk-mk,is-is,"Листа на земји по површина","Lönd eftir stærð"
mk-mk,is-is,"Листа на земјите во светот","Listi yfir fullvalda ríki"
mk-mk,is-is,"Листа на падежи",Fall
mk-mk,is-is,"Листа на премиери на Обединетото Кралство","Forsætisráðherra Bretlands"
mk-mk,is-is,"Листа на претседатели на Соединетите Американски Држави","Listi yfir forseta Bandaríkjanna"
mk-mk,is-is,"Листа на психолози","Listi yfir sálfræðinga"
mk-mk,is-is,"Листа на филмски жанрови",Bíóleikur
mk-mk,is-is,"Листопадни растенија","Sumargræn jurt"
mk-mk,is-is,"Литар",Lítri
mk-mk,is-is,"Литванија",Litháen
mk-mk,is-is,"Литература",Bókmenntir
mk-mk,is-is,"Литиум",Litín
mk-mk,is-is,"Лихтенштајн",Liechtenstein
mk-mk,is-is,"Логичка конјункција",Samtenging
mk-mk,is-is,"Логичка операција",Rökaðgerð
mk-mk,is-is,"Локална мрежа",Staðarnet
mk-mk,is-is,"Локомотива",Vél
mk-mk,is-is,"Лом",Keila
mk-mk,is-is,"Ломе",Lomé
mk-mk,is-is,"Лорд",Lordi
mk-mk,is-is,"Лос Анџелес","Los Angeles"
mk-mk,is-is,"Лудвиг ван Бетовен","Ludwig van Beethoven"
mk-mk,is-is,"Луизијана",Louisiana
mk-mk,is-is,"Луксембург",Lúxemborg
mk-mk,is-is,"Мaгла","Þoka"
mk-mk,is-is,"Мавританија",Máritanía
mk-mk,is-is,"Маврициус",Máritíus
mk-mk,is-is,"Магија",Seiður
mk-mk,is-is,"Магна Карта","Magna Carta"
mk-mk,is-is,"Магнезиум",Magnesín
mk-mk,is-is,"Мадагаскар",Madagaskar
mk-mk,is-is,"Мадрид",Madrid
mk-mk,is-is,"Македонија","Lýðveldið Makedónía"
mk-mk,is-is,"Македонски јазик",Makedónska
mk-mk,is-is,"Македонски","Íslenska"
mk-mk,is-is,"Макроекономија","Þjóðhagfræði"
mk-mk,is-is,"Мала Азија",Anatólía
mk-mk,is-is,"Малави",Malaví
mk-mk,is-is,"Малаја",Malakkaskagi
mk-mk,is-is,"Малдиви",Maldíveyjar
mk-mk,is-is,"Малезија",Malasía
mk-mk,is-is,"Мали",Malí
mk-mk,is-is,"Малта",Malta
mk-mk,is-is,"Манагва",Managva
mk-mk,is-is,"Манган",Mangan
mk-mk,is-is,"Манила",Maníla
mk-mk,is-is,"Мантил",Yfirfrakki
mk-mk,is-is,"Марихуана",Kannabis
mk-mk,is-is,"Марија Склодовска - Кири","Marie Curie"
mk-mk,is-is,"Марија Шерифовиќ","Marija Šerifović"
mk-mk,is-is,"Марко Поло","Marco Polo"
mk-mk,is-is,"Мароко",Marokkó
mk-mk,is-is,"Марс",Mars
mk-mk,is-is,"Марсел Пруст","Marcel Proust"
mk-mk,is-is,"Мартин Лутер","Marteinn Lúther"
mk-mk,is-is,"Марширање",Mýri
mk-mk,is-is,"Маса",Massi
mk-mk,is-is,"Масачусетс",Massachusetts
mk-mk,is-is,"Математика",Stærðfræði
mk-mk,is-is,"Математичка анализа",Tannsteinn
mk-mk,is-is,"Математичка статистика","Skeyta um"
mk-mk,is-is,"Математички доказ","Stærðfræðileg sönnun"
mk-mk,is-is,"Материја",Efni
mk-mk,is-is,"Махмуд Ахмадинеџад","Mahmoud Ahmadinejad"
mk-mk,is-is,"Мајка Тереза","Móðir Teresa"
mk-mk,is-is,"Мебел",Húsgagn
mk-mk,is-is,"Медитација",Hugleiðing
mk-mk,is-is,"Медитација",Hugrenning
mk-mk,is-is,"Медитација",Hyygja
mk-mk,is-is,"Медиуми",Margmiðlun
mk-mk,is-is,"Медицина",Læknisfræði
mk-mk,is-is,"Мека",Mekka
mk-mk,is-is,"Мекотели",Lindýr
mk-mk,is-is,"Мексико",Mexíkó
mk-mk,is-is,"Мелбурн",Melbourne
mk-mk,is-is,"Менхетн",Manhattan
mk-mk,is-is,"Мери Волстонкрафт","Mary Wollstonecraft"
mk-mk,is-is,"Мериленд",Maryland
mk-mk,is-is,"Меркур",Merkúríus
mk-mk,is-is,"Месец",Mánuður
mk-mk,is-is,"Месечина",Tunglið
mk-mk,is-is,"Метаболизам",Efnaskipti
mk-mk,is-is,"Метал",Málmur
mk-mk,is-is,"Метан",Metan
mk-mk,is-is,"Метафизика",Frumspeki
mk-mk,is-is,"Метафора",Myndhverfing
mk-mk,is-is,"Механика","Klassísk aflfræði"
mk-mk,is-is,"Мечка",Bjarndýr
mk-mk,is-is,"Мејн",Maine
mk-mk,is-is,"Микеланџело Буонароти","Michelangelo Buonarroti"
mk-mk,is-is,"Микена",Mýkena
mk-mk,is-is,"Микологија",Sveppafræði
mk-mk,is-is,"Милано",Mílanó
mk-mk,is-is,"Милет",Míletos
mk-mk,is-is,"Милја",Míla
mk-mk,is-is,"Минерал",Steind
mk-mk,is-is,"Минесота",Minnesota
mk-mk,is-is,"Минхен",München
mk-mk,is-is,"Миозин",Mýósín
mk-mk,is-is,"Мисисипи",Mississippi
mk-mk,is-is,"Мисла",Hugsun
mk-mk,is-is,"Мисури",Missouri
mk-mk,is-is,"Митологија",Guð
mk-mk,is-is,"Митохондрија",Hvatberi
mk-mk,is-is,"Мичиген",Michigan
mk-mk,is-is,"Мијанмар",Mjanmar
mk-mk,is-is,"Млеко",Mjólk
mk-mk,is-is,"Млечен пат",Mjólkurslæðan
mk-mk,is-is,"Множество",Mengi
mk-mk,is-is,"Мов",Mosi
mk-mk,is-is,"Мозамбик",Mósambík
mk-mk,is-is,"Мозочен удар",Högg
mk-mk,is-is,"Мозочен удар",Slag
mk-mk,is-is,"Мол",Mól
mk-mk,is-is,"Молдавија",Moldóva
mk-mk,is-is,"Молекула",Sameind
mk-mk,is-is,"Мона Лиза","Móna Lísa"
mk-mk,is-is,"Монако",Mónakó
mk-mk,is-is,"Монархија","Þingbundin konungsstjórn"
mk-mk,is-is,"Монголија",Mongólía
mk-mk,is-is,"Монета",Gjaldmiðill
mk-mk,is-is,"Моноплакофори",Einskeljungar
mk-mk,is-is,"Монопол",Einkasala
mk-mk,is-is,"Монопол",Einokun
mk-mk,is-is,"Моносахарид",Sykra
mk-mk,is-is,"Монотеизам",Eingyðistrú
mk-mk,is-is,"Монровија",Monróvía
mk-mk,is-is,"Монт Еверест",Everestfjall
mk-mk,is-is,"Монтана",Montana
mk-mk,is-is,"Монтанска област",Montana
mk-mk,is-is,"Морал",Siðfræði
mk-mk,is-is,"Море",Sjór
mk-mk,is-is,"Морфологија",Formfræði
mk-mk,is-is,"Москва",Moskva
mk-mk,is-is,"Моторни трки",Akstursíþróttir
mk-mk,is-is,"Мошовце",Mošovce
mk-mk,is-is,"Мртвата невеста",Líkbrúðurin
mk-mk,is-is,"Мртво Mоре",Dauðahaf
mk-mk,is-is,"Мурасаки Шикибу","Murasaki Shikibu"
mk-mk,is-is,"Мускул",Vöðvi
mk-mk,is-is,"НАТО",Atlantshafsbandalagið
mk-mk,is-is,"Намибија",Namibía
mk-mk,is-is,"Наполеон Бонапарт","Napoleon Bonaparte"
mk-mk,is-is,"Наравоучение",Siðfræði
mk-mk,is-is,"Народна Република Кина","Alþýðulýðveldið Kína"
mk-mk,is-is,"Население",Fólksfjöldi
mk-mk,is-is,"Наставка",Viðskeyti
mk-mk,is-is,"Натриум",Natrín
mk-mk,is-is,"Наука",Vísindi
mk-mk,is-is,"Нацизам",Nasismi
mk-mk,is-is,"Национализам","Þjóðernishyggja"
mk-mk,is-is,"Национална Кошаркарска Асоцијација","National Basketball Association"
mk-mk,is-is,"Национална химна","Þjóðsöngur"
mk-mk,is-is,"Најроби",Naíróbí
mk-mk,is-is,"Небраска",Nebraska
mk-mk,is-is,"Неврон",Taugafruma
mk-mk,is-is,"Недела",Sunnudagur
mk-mk,is-is,"Независност",Sjálfstæði
mk-mk,is-is,"Нелсон Мандела","Nelson Mandela"
mk-mk,is-is,"Неметал",Málmleysingi
mk-mk,is-is,"Неон",Neon
mk-mk,is-is,"Непал",Nepal
mk-mk,is-is,"Нептун",Neptúnus
mk-mk,is-is,"Нерв",Taug
mk-mk,is-is,"Нервен систем",Taugakerfið
mk-mk,is-is,"Неутрон",Nifteind
mk-mk,is-is,"Нефертити",Nefertítí
mk-mk,is-is,"Нигер",Níger
mk-mk,is-is,"Нигерија",Nígería
mk-mk,is-is,"Никарагва",Níkaragva
mk-mk,is-is,"Никола Саркози","Nicolas Sarkozy"
mk-mk,is-is,"Никола Тесла","Nikola Tesla"
mk-mk,is-is,"Николо Макијавели","Niccolò Machiavelli"
mk-mk,is-is,"Нил",Níl
mk-mk,is-is,"Нилс Бор","Niels Bohr"
mk-mk,is-is,"Нијагарини водопади",Níagarafossar
mk-mk,is-is,"Ноам Чомски","Noam Chomsky"
mk-mk,is-is,"Нобелова награда",Nóbelsverðlaunin
mk-mk,is-is,"Нов Зеланд",Nýja-Sjáland
mk-mk,is-is,"Новозеландска географија",Nýja-Sjáland
mk-mk,is-is,"Нодиум",Hnútur
mk-mk,is-is,"Норвешка",Noregur
mk-mk,is-is,"Норвешки јазик",Norska
mk-mk,is-is,"Нос",Nef
mk-mk,is-is,"Ноќ",Nótt
mk-mk,is-is,"Нуакшот",Núaksjott
mk-mk,is-is,"Нуклеинска киселина",Sameindalíffræði
mk-mk,is-is,"Нумизматика",Myntfræði
mk-mk,is-is,"Обединети Арапски Емирати","Sameinuðu arabísku furstadæmin"
mk-mk,is-is,"Обединети Нации","Sameinuðu þjóðirnar"
mk-mk,is-is,"Обединети нации","Sameinuðu þjóðirnar"
mk-mk,is-is,"Обединетото Кралство",Bretland
mk-mk,is-is,"Обичен шакал","Úlfur"
mk-mk,is-is,"Облак",Ský
mk-mk,is-is,"Образование",Menning
mk-mk,is-is,"Овен",Hrútur
mk-mk,is-is,"Одбојка",Blak
mk-mk,is-is,"Одржлив развој","Sjálfbær þróun"
mk-mk,is-is,"Озирис","Ósíris"
mk-mk,is-is,"Океан",Sjór
mk-mk,is-is,"Океанија",Eyjaálfa
mk-mk,is-is,"Окленд",Oakland
mk-mk,is-is,"Оклопно возило",Skriðdreki
mk-mk,is-is,"Око",Auga
mk-mk,is-is,"Округот Оринџ","The O.C."
mk-mk,is-is,"Оксидационен број",Oxunartala
mk-mk,is-is,"Оксиморон",Mótsögn
mk-mk,is-is,"Окситоцин",Oxytósín
mk-mk,is-is,"Октав Мирбо","Octave Mirbeau"
mk-mk,is-is,"Олимписки игри","Ólympíuleikarnir"
mk-mk,is-is,"Олимпијада","Ólympíuleikarnir"
mk-mk,is-is,"Оман","Óman"
mk-mk,is-is,"Опера","Ópera"
mk-mk,is-is,"Оперативен систем",Stýrikerfi
mk-mk,is-is,"Оптичко препознавање на знаци",Ljóslestur
mk-mk,is-is,"Општествена класа",Flokkur
mk-mk,is-is,"Општина",Sveitarfélag
mk-mk,is-is,"Орален секс",Munnmök
mk-mk,is-is,"Орање",Appelsína
mk-mk,is-is,"Орган",Líffærakerfi
mk-mk,is-is,"Органела",Frumulíffæri
mk-mk,is-is,"Организам",Lífvera
mk-mk,is-is,"Орегон",Oregon
mk-mk,is-is,"Ориз",Hrísgrjón
mk-mk,is-is,"Осама бин Ладен","Osama bin Laden"
mk-mk,is-is,"Оскар","Óskarsverðlaunin"
mk-mk,is-is,"Осмоза","Osmótískur þrýstingur"
mk-mk,is-is,"Осмотски притисок","Osmótískur þrýstingur"
mk-mk,is-is,"Остров",Eyja
mk-mk,is-is,"Островска држава","Landamæralaust land"
mk-mk,is-is,"Ото фон Бизмарк","Otto von Bismarck"
mk-mk,is-is,"Отоманска Империја","Ósmanska ríkið"
mk-mk,is-is,"Отсечка",Lína
mk-mk,is-is,"Отче наш","Faðir vor"
mk-mk,is-is,"Официјален јазик","Opinbert tungumál"
mk-mk,is-is,"Охајо",Ohio
mk-mk,is-is,"Оче наш","Faðir vor"
mk-mk,is-is,"ПЛ Кјодан","PL Kyodan"
mk-mk,is-is,"Пабло Луис Пикасо","Pablo Picasso"
mk-mk,is-is,"Пабло Пикасо","Pablo Picasso"
mk-mk,is-is,"Падеж",Fall
mk-mk,is-is,"Пакистан",Pakistan
mk-mk,is-is,"Палеонтологија",Steingervingafræði
mk-mk,is-is,"Палестина",Palestína
mk-mk,is-is,"Палестинска самоуправа","Heimastjórnarsvæði Palestínumanna"
mk-mk,is-is,"Панама",Panama
mk-mk,is-is,"Панамски канал",Panamaskurðurinn
mk-mk,is-is,"Панкреас",Hafnarbolti
mk-mk,is-is,"Пантеизам",Algyðistrú
mk-mk,is-is,"Папа Јован Павле II","Jóhannes Páll 2."
mk-mk,is-is,"Папа Бенедикт XVI","Benedikt 16."
mk-mk,is-is,"Папа",Páfi
mk-mk,is-is,"Папуа Нова Гвинеја","Papúa Nýja-Gínea"
mk-mk,is-is,"Парагвај",Paragvæ
mk-mk,is-is,"Парен котел",Gufuvél
mk-mk,is-is,"Пари",Peningar
mk-mk,is-is,"Париз",París
mk-mk,is-is,"Париска комуна",Parísarkommúnan
mk-mk,is-is,"Парна машина",Gufuvél
mk-mk,is-is,"Пасиште",Beit
mk-mk,is-is,"Пасиште",Beitiland
mk-mk,is-is,"Пасиште",Hagi
mk-mk,is-is,"Паскал",Pascal
mk-mk,is-is,"Пат",Vegur
mk-mk,is-is,"Патрик Зискинд","Patrick Süskind"
mk-mk,is-is,"Патриотизам",Föðurlandsást
mk-mk,is-is,"Пајаковидни","Áttfættlur"
mk-mk,is-is,"Пекинг",Peking
mk-mk,is-is,"Пенис",Getnaðarlimur
mk-mk,is-is,"Пенсилванија",Pennsylvanía
mk-mk,is-is,"Пепелник","Öskubakki"
mk-mk,is-is,"Периметар",Hringur
mk-mk,is-is,"Периоден систем на елементите",Lotukerfið
mk-mk,is-is,"Периоден систем",Lotukerfið
mk-mk,is-is,"Периферен нервен систем","Úttaugakerfið"
mk-mk,is-is,"Персиски јазик",Persneska
mk-mk,is-is,"Персонален компјутер",Einkatölva
mk-mk,is-is,"Перу",Perú
mk-mk,is-is,"Петар I","Pétur mikli"
mk-mk,is-is,"Петар Велики","Pétur mikli"
mk-mk,is-is,"Петар Илич Чајковски","Pjotr Iljitsj Tsjaíkovskíj"
mk-mk,is-is,"Петок",Föstudagur
mk-mk,is-is,"Печатар",Prentari
mk-mk,is-is,"Пешадија",Fótgöngulið
mk-mk,is-is,"Пештера",Hellir
mk-mk,is-is,"Пи","Π"
mk-mk,is-is,"Пиво",Bjór
mk-mk,is-is,"Пирамиди во Гиза","Pýramídinn mikli í Giza"
mk-mk,is-is,"Пирамидите во Гиза","Pýramídinn mikli í Giza"
mk-mk,is-is,"Пиринејски полуостров","Íberíuskaginn"
mk-mk,is-is,"Питагора",Pýþagóras
mk-mk,is-is,"Пијавици",Iglur
mk-mk,is-is,"Планета",Reikistjarna
mk-mk,is-is,"Планина",Fjall
mk-mk,is-is,"Пластика",Plast
mk-mk,is-is,"Платон",Platon
mk-mk,is-is,"Плиниј Помладиот","Plinius yngri"
mk-mk,is-is,"Плиниј",Plinius
mk-mk,is-is,"Плоштина",Flatarmál
mk-mk,is-is,"Плунковнa жлездa",Augntönn
mk-mk,is-is,"Плутон",Plútó
mk-mk,is-is,"Поезија",Ljóðlist
mk-mk,is-is,"Пол Мекартни","Paul McCartney"
mk-mk,is-is,"Пол Сезан","Paul Cézanne"
mk-mk,is-is,"Пол","Ættkvísl"
mk-mk,is-is,"Полжав",Sniglar
mk-mk,is-is,"Политика",Stjórnmál
mk-mk,is-is,"Политичка десница",Hægristefna
mk-mk,is-is,"Политичка партија",Stjórnmálaflokkur
mk-mk,is-is,"Политичка философија",Stjórnspeki
mk-mk,is-is,"Политички науки",Stjórnmálafræði
mk-mk,is-is,"Полска",Pólland
mk-mk,is-is,"Полски јазик",Pólska
mk-mk,is-is,"Помпеја",Pompeii
mk-mk,is-is,"Понеделник",Mánudagur
mk-mk,is-is,"Поплава",Flæða
mk-mk,is-is,"Поплава",Flóð
mk-mk,is-is,"Попладне",Hádegi
mk-mk,is-is,"Порт-о-Пренс",Port-au-Prince
mk-mk,is-is,"Порто Ново","Porto Novo"
mk-mk,is-is,"Порторико","Púertó Ríkó"
mk-mk,is-is,"Португалски јазик",Portúgalska
mk-mk,is-is,"Пост","Ásgörn"
mk-mk,is-is,"Постмодернизам",Póstmódernismi
mk-mk,is-is,"Поткровје",Vinnsluminni
mk-mk,is-is,"Почва",Jarðvegur
mk-mk,is-is,"Почетна страна",Forsíða
mk-mk,is-is,"Појас Газа",Gasaströndin
mk-mk,is-is,"Правилност","Rétt röksemdafærsla"
mk-mk,is-is,"Право",Lög
mk-mk,is-is,"Православие",Rétttrúnaðarkirkjan
mk-mk,is-is,"Прага",Prag
mk-mk,is-is,"Праја",Praia
mk-mk,is-is,"Прва Светска војна","Fyrri heimsstyrjöldin"
mk-mk,is-is,"Прва светска војна","Fyrri heimsstyrjöldin"
mk-mk,is-is,"Предсократовска философија","Forverar Sókratesar"
mk-mk,is-is,"Премиса",Forsenda
mk-mk,is-is,"Премиса",Hugmynd
mk-mk,is-is,"Престапна година",Hlaupár
mk-mk,is-is,"Преторија",Pretoría
mk-mk,is-is,"Префектура Атина",Aþena
mk-mk,is-is,"Приволжски федерален округ",Volga
mk-mk,is-is,"Природа",Orðflokkur
mk-mk,is-is,"Природен број","Náttúrlegar tölur"
mk-mk,is-is,"Природен сателит",Fylgihnöttur
mk-mk,is-is,"Притисок","Þrýsting"
mk-mk,is-is,"Пријатели",Friends
mk-mk,is-is,"Продукт",Afla
mk-mk,is-is,"Продукт",Afurðir
mk-mk,is-is,"Пролактин",Prólaktín
mk-mk,is-is,"Промена",Breyta
mk-mk,is-is,"Промена",Breyting
mk-mk,is-is,"Промена",Smápeningar
mk-mk,is-is,"Пропаганда","Áróður"
mk-mk,is-is,"Простор",Geimur
mk-mk,is-is,"Протагора од Абдера",Prótagóras
mk-mk,is-is,"Протеин",Prótín
mk-mk,is-is,"Протестантство",Mótmælendatrú
mk-mk,is-is,"Протон",Róteind
mk-mk,is-is,"Профит",Hagnast
mk-mk,is-is,"Профит",Hagnaður
mk-mk,is-is,"Процесор",Kennari
mk-mk,is-is,"Прусија",Prússland
mk-mk,is-is,"Психологија",Sálfræði
mk-mk,is-is,"Птици",Fugl
mk-mk,is-is,"Птичји грип",Fuglaflensa
mk-mk,is-is,"Пустина",Eyðimörk
mk-mk,is-is,"Пјер Симон Лаплас","Pierre-Simon Laplace"
mk-mk,is-is,"Пјонгјанг",Pjongjang
mk-mk,is-is,"РНК",RKS
mk-mk,is-is,"Рабат",Rabat
mk-mk,is-is,"Равена",Ravenna
mk-mk,is-is,"Радикал",Rót
mk-mk,is-is,"Радио","Útvarp"
mk-mk,is-is,"Радиус",Geisli
mk-mk,is-is,"Рак",Krabbamein
mk-mk,is-is,"Ракови",Krabbadýr
mk-mk,is-is,"Ракомет",Handbolti
mk-mk,is-is,"Раст",Vöxtur
mk-mk,is-is,"Растенија",Jurt
mk-mk,is-is,"Растока","Árkvísl"
mk-mk,is-is,"Рататоил",Ratatouille
mk-mk,is-is,"Рационален број","Ræðar tölur"
mk-mk,is-is,"Реален број",Rauntala
mk-mk,is-is,"Регистриран заштитен знак",Vörumerki
mk-mk,is-is,"Регуларни изрази","Regluleg segð"
mk-mk,is-is,"Режисер",Leikstjóri
mk-mk,is-is,"Река","Á"
mk-mk,is-is,"Ректор",Forseti
mk-mk,is-is,"Религија",Trúarbrögð
mk-mk,is-is,"Рембрант ван Рејн",Rembrandt
mk-mk,is-is,"Рембрант",Rembrandt
mk-mk,is-is,"Рендген","Wilhelm Conrad Röntgen"
mk-mk,is-is,"Рене Декарт","René Descartes"
mk-mk,is-is,"Ренесанса",Endurreisnin
mk-mk,is-is,"Република Кина","Lýðveldið Kína"
mk-mk,is-is,"Република Конго",Vestur-Kongó
mk-mk,is-is,"Република Македонија","Lýðveldið Makedónía"
mk-mk,is-is,"Република",Lýðveldi
mk-mk,is-is,"Реторика",Mælskufræði
mk-mk,is-is,"Реторично прашање",Ræðuspurning
mk-mk,is-is,"Реунион",Réunion
mk-mk,is-is,"Референдум","Þjóðaratkvæðagreiðsla"
mk-mk,is-is,"Рејв",Geisa
mk-mk,is-is,"Рејчел Карсон","Rachel Carson"
mk-mk,is-is,"Риби",Fiskur
mk-mk,is-is,"Рига",Ríga
mk-mk,is-is,"Рим",Róm
mk-mk,is-is,"Римска Империја","Rómverska keisaradæmið"
mk-mk,is-is,"Римска империја","Rómverska keisaradæmið"
mk-mk,is-is,"Римска книжевност","Latneskar bókmenntir"
mk-mk,is-is,"Римска провинција Македонија","Lýðveldið Makedónía"
mk-mk,is-is,"Рио де Жанеиро","Rio de Janeiro"
mk-mk,is-is,"Рихард Вагнер","Richard Wagner"
mk-mk,is-is,"Ричард Сталман","Richard Stallman"
mk-mk,is-is,"Роберт Луис Стивенсон","Robert Louis Stevenson"
mk-mk,is-is,"Роберт Фишер","Bobby Fischer"
mk-mk,is-is,"Род Ајленд","Rhode Island"
mk-mk,is-is,"Род","Ættkvísl"
mk-mk,is-is,"Родов идентитет",Kynsamsemd
mk-mk,is-is,"Роза Луксембург","Rosa Luxemburg"
mk-mk,is-is,"Роза Паркс","Rosa Parks"
mk-mk,is-is,"Рокенрол",Rokk
mk-mk,is-is,"Роман",Skáldsaga
mk-mk,is-is,"Романија",Rúmenía
mk-mk,is-is,"Романски јазици","Rómönsk tungumál"
mk-mk,is-is,"Ропство","Þrælahald"
mk-mk,is-is,"Руанда",Rúanda
mk-mk,is-is,"Рудолф Хес","Rudolf Hess"
mk-mk,is-is,"Русија",Rússland
mk-mk,is-is,"Руски јазик",Rússneska
mk-mk,is-is,"СИДА",Alnæmi
mk-mk,is-is,"Сабота",Laugardagur
mk-mk,is-is,"Салвадор Аљенде","Salvador Allende"
mk-mk,is-is,"Салвадор Дали","Salvador Dalí"
mk-mk,is-is,"Салман Ружди","Salman Rushdie"
mk-mk,is-is,"Самјуел Бекет","Samuel Beckett"
mk-mk,is-is,"Сан Марино","San Marínó"
mk-mk,is-is,"Сан Франциско","San Francisco"
mk-mk,is-is,"Санскрит",Sanskrít
mk-mk,is-is,"Сантијаго де Куба","Santiago de Cuba"
mk-mk,is-is,"Санто Доминго","Santó Dómingó"
mk-mk,is-is,"Сао Томе и Принсипе","Saó Tóme og Prinsípe"
mk-mk,is-is,"Сапармурат Нијазов","Saparmyrat Nyýazow"
mk-mk,is-is,"Сараево",Sarajevó
mk-mk,is-is,"Сатурн",Satúrnus
mk-mk,is-is,"Сахара",Sahara
mk-mk,is-is,"Свети Августин","Ágústínus"
mk-mk,is-is,"Свети Винсент и Гренадини","Sankti Vinsent og Grenadíneyjar"
mk-mk,is-is,"Светлина",Ljós
mk-mk,is-is,"Светлосна година",Ljósár
mk-mk,is-is,"Светска Трговска Организација",Alþjóðaviðskiptastofnunin
mk-mk,is-is,"Светско Првенство во Фудбал 2006","Heimsmeistaramótið í knattspyrnu 2006"
mk-mk,is-is,"Себороичен дерматит",Flasa
mk-mk,is-is,"Северен Леден Океан","Norður-Íshaf"
mk-mk,is-is,"Северна Америка",Norður-Ameríka
mk-mk,is-is,"Северна Дакота",Norður-Dakóta
mk-mk,is-is,"Северна Европа",Norður-Evrópa
mk-mk,is-is,"Северна Ирска","Norður-Írland"
mk-mk,is-is,"Северна Каролина",Norður-Karólína
mk-mk,is-is,"Седум светски чуда","Sjö undur veraldar"
mk-mk,is-is,"Секира","Öxi"
mk-mk,is-is,"Секогаш",Alltaf
mk-mk,is-is,"Секогаш",Jafnan
mk-mk,is-is,"Секогаш","Ávallt"
mk-mk,is-is,"Секретар",Ritari
mk-mk,is-is,"Сексуалност",Kyn
mk-mk,is-is,"Семиотика",Táknfræði
mk-mk,is-is,"Семирамидини висечки градини","Hengigarðarnir í Babýlon"
mk-mk,is-is,"Серен Кјеркегор","Søren Kierkegaard"
mk-mk,is-is,"Серж Танкиан","Serj Tankian"
mk-mk,is-is,"Сет",Mengi
mk-mk,is-is,"Сејшели",Seychelleseyjar
mk-mk,is-is,"Сиднеј",Sydney
mk-mk,is-is,"Сиера Леоне","Síerra Leóne"
mk-mk,is-is,"Силвио Берлускони","Silvio Berlusconi"
mk-mk,is-is,"Силвија Плат","Sylvia Plath"
mk-mk,is-is,"Сили на Оската","Öxulveldin"
mk-mk,is-is,"Силикатни алги",Kísilþörungar
mk-mk,is-is,"Силите на Оската","Öxulveldin"
mk-mk,is-is,"Силициум",Kísill
mk-mk,is-is,"Силициумска долина","Silicon Valley"
mk-mk,is-is,"Синапса",Taugamót
mk-mk,is-is,"Синајска гора",Sínaískagi
mk-mk,is-is,"Синтакса",Setningafræði
mk-mk,is-is,"Сириус",Sirius-sveitin
mk-mk,is-is,"Систем за варење",Meltingarkerfið
mk-mk,is-is,"Систем",Kerfi
mk-mk,is-is,"Систематика","Vísindaleg flokkun"
mk-mk,is-is,"Сицилија",Sikiley
mk-mk,is-is,"Скандиум",Skandín
mk-mk,is-is,"Скарлет Јохансон","Scarlett Johansson"
mk-mk,is-is,"Скендер-бег",Skanderbeg
mk-mk,is-is,"Скендербег",Skanderbeg
mk-mk,is-is,"Скопје",Skopje
mk-mk,is-is,"Скорбут",Skyrbjúgur
mk-mk,is-is,"Скроб",Kanji
mk-mk,is-is,"Слободен пазар","Frjáls markaður"
mk-mk,is-is,"Словачка",Slóvakía
mk-mk,is-is,"Словачки јазик","Íslenska"
mk-mk,is-is,"Словенечки јазик","Íslenska"
mk-mk,is-is,"Словенија",Slóvenía
mk-mk,is-is,"Словенски јазици","Slavnesk tungumál"
mk-mk,is-is,"Смеса",Blanda
mk-mk,is-is,"Совет за безбедност на ОН","Öryggisráð Sameinuðu þjóðanna"
mk-mk,is-is,"Совет на Европа",Evrópuráðið
mk-mk,is-is,"Соединети Американски Држави",Bandaríkin
mk-mk,is-is,"Сократ",Sókrates
mk-mk,is-is,"Солидус",Storkuhamur
mk-mk,is-is,"Соломонови Острови",Salómonseyjar
mk-mk,is-is,"Солун","Þessalía"
mk-mk,is-is,"Сомалија",Sómalía
mk-mk,is-is,"Сонце",Sólin
mk-mk,is-is,"Сончев систем",Sólkerfið
mk-mk,is-is,"Софизам",Rökvilla
mk-mk,is-is,"Софтвер",Hugbúnaður
mk-mk,is-is,"Социологија",Stjórnmálafræði
mk-mk,is-is,"Социјализам",Jafnaðarstefna
mk-mk,is-is,"Социјалистичка Федеративна Република Југославија",Júgóslavía
mk-mk,is-is,"Социјална психологија",Félagssálfræði
mk-mk,is-is,"Сојуз на Советските Социјалистички Републики",Sovétríkin
mk-mk,is-is,"Сојузни држави во САД","Fylki Bandaríkjanna"
mk-mk,is-is,"Сојузни држави од САД","Fylki Bandaríkjanna"
mk-mk,is-is,"Споредба",Viðlíking
mk-mk,is-is,"Спорт","Íþrótt"
mk-mk,is-is,"Србија и Црна Гора","Serbía og Svartfjallaland"
mk-mk,is-is,"Србија",Serbía
mk-mk,is-is,"Среда",Miðvikudagur
mk-mk,is-is,"Среден век",Miðaldir
mk-mk,is-is,"Средоземно Море",Miðjarðarhaf
mk-mk,is-is,"Српски јазик",Serbneska
mk-mk,is-is,"Срце",Hjarta
mk-mk,is-is,"Стакло Seguso",Gler
mk-mk,is-is,"Стакло",Gler
mk-mk,is-is,"Стапка",Fótur
mk-mk,is-is,"Стара планина",Balkanskaginn
mk-mk,is-is,"Старомакедонски јазик",Makedónska
mk-mk,is-is,"Старословенско писмо","Kýrillískt letur"
mk-mk,is-is,"Стварност",Raunveruleiki
mk-mk,is-is,"Стереометрија",Storkuhamur
mk-mk,is-is,"Стереотип","Íslenska"
mk-mk,is-is,"Стефан Банах","Stefan Banach"
mk-mk,is-is,"Стив Џобс","Steve Jobs"
mk-mk,is-is,"Стив Ваи","Steve Vai"
mk-mk,is-is,"Стих",Biblíuvers
mk-mk,is-is,"Стоа",Stóuspeki
mk-mk,is-is,"Стоицизам",Stóuspeki
mk-mk,is-is,"Стокхолм",Stokkhólmur
mk-mk,is-is,"Столпчести габи",Kólfsveppir
mk-mk,is-is,"Стомачна празнина",Afturbolur
mk-mk,is-is,"Страни на светот",Höfuðátt
mk-mk,is-is,"Стрип",Teiknimyndasaga
mk-mk,is-is,"Суверенитет",Fullveldi
mk-mk,is-is,"Судан",Súdan
mk-mk,is-is,"Суецки канал",Súesskurðurinn
mk-mk,is-is,"Сулфур",Brennisteinn
mk-mk,is-is,"Сумер",Súmer
mk-mk,is-is,"Сунѓери",Sveppur
mk-mk,is-is,"Супстанција",Ryk
mk-mk,is-is,"Суринам",Súrínam
mk-mk,is-is,"Тангањика",Tanganjikavatn
mk-mk,is-is,"Танзанија",Tansanía
mk-mk,is-is,"Тастатура",Lyklaborð
mk-mk,is-is,"Тајван",Tævan
mk-mk,is-is,"Тајланд",Taíland
mk-mk,is-is,"Таџикистан",Tadsjikistan
mk-mk,is-is,"Тегусигалпа",Tegucigalpa
mk-mk,is-is,"Тексас",Texas
mk-mk,is-is,"Тел Авив","Tel Aviv"
mk-mk,is-is,"Телевизија",Sjónvarp
mk-mk,is-is,"Температура",Hiti
mk-mk,is-is,"Тенис",Tennis
mk-mk,is-is,"Теологија",Guðfræði
mk-mk,is-is,"Теорема",Setning
mk-mk,is-is,"Теореми за средна вредност","Bolzano setningin"
mk-mk,is-is,"Теорија на веројатност",Líkindafræði
mk-mk,is-is,"Теорија на множествата",Mengjafræði
mk-mk,is-is,"Теорија на релативитет",Afstæðiskenningin
mk-mk,is-is,"Теорија на релативност",Afstæðiskenningin
mk-mk,is-is,"Теренциј",Terentius
mk-mk,is-is,"Термодинамика",Varmafræði
mk-mk,is-is,"Тесалија","Þessalía"
mk-mk,is-is,"Тестис",Eista
mk-mk,is-is,"Тетауматафакатангихангакоауаотаматеаурехаеатурипукапихимаунгахоронукупокаифенуаакитанараху",Taumatawhakatangihangakoauauotamateaturipukakapikimaungahoronukupokaiwhenuakitanatahu
mk-mk,is-is,"Техеран",Teheran
mk-mk,is-is,"Течност",Vökvi
mk-mk,is-is,"Тирана",Tírana
mk-mk,is-is,"Титаник",Titanic
mk-mk,is-is,"Титикака",Titikakavatn
mk-mk,is-is,"Тихи Океан",Kyrrahaf
mk-mk,is-is,"Томас Алва Едисон","Thomas Alva Edison"
mk-mk,is-is,"Томас Ман","Thomas Mann"
mk-mk,is-is,"Томас Хобс","Thomas Hobbes"
mk-mk,is-is,"Тони Блер","Tony Blair"
mk-mk,is-is,"Тор","Þór"
mk-mk,is-is,"Торбести габи",Asksveppir
mk-mk,is-is,"Торонто",Torontó
mk-mk,is-is,"Точка на вриење",Suðumark
mk-mk,is-is,"Точка на измама",Loftsteinn
mk-mk,is-is,"Точка на топење",Bræðslumark
mk-mk,is-is,"Тракија","Þrakía"
mk-mk,is-is,"Трактат","Þjóðréttarsamningur"
mk-mk,is-is,"Транспирација",Sviti
mk-mk,is-is,"Транспорт",Aðflutningur
mk-mk,is-is,"Транспорт",Aðráttur
mk-mk,is-is,"Трговија",Verzlun
mk-mk,is-is,"Тревник",Bali
mk-mk,is-is,"Тревник",Torf
mk-mk,is-is,"Триаголник","Þríhyrningur"
mk-mk,is-is,"Тригонометрија",Hornaföll
mk-mk,is-is,"Тринидад и Тобаго","Trínidad og Tóbagó"
mk-mk,is-is,"Тринидад, Куба","Heilög þrenning"
mk-mk,is-is,"Триполи",Trípólí
mk-mk,is-is,"Тромбоцит",Blóðflaga
mk-mk,is-is,"Тропски циклон",Fárviðri
mk-mk,is-is,"Троја",Trója
mk-mk,is-is,"Тувалу",Túvalúeyjar
mk-mk,is-is,"Тунис",Túnis
mk-mk,is-is,"Туризам",Ferðaþjónusta
mk-mk,is-is,"Турска Република Северен Кипар","Tyrkneska lýðveldið á Norður-Kýpur"
mk-mk,is-is,"Турски јазик",Tyrkneska
mk-mk,is-is,"Турција",Tyrkland
mk-mk,is-is,"УНИЦЕФ","Barnahjálp Sameinuðu þjóðanna"
mk-mk,is-is,"Украински јазик","Úkraínska"
mk-mk,is-is,"Ултравиолетова светлина","Útfjólublátt ljós"
mk-mk,is-is,"Умберто Еко","Umberto Eco"
mk-mk,is-is,"Уметност",List
mk-mk,is-is,"Унгарија",Ungverjaland
mk-mk,is-is,"Универзитет Веслиан во Охајо","Wesleyan-háskóli í Ohio"
mk-mk,is-is,"Уралски федерален округ","Úralfjöll"
mk-mk,is-is,"Уран","Úranus"
mk-mk,is-is,"Уредување на Риби",Fiskur
mk-mk,is-is,"Уругвај","Úrúgvæ"
mk-mk,is-is,"Усна празнина",Munnur
mk-mk,is-is,"Устав",Stjórnarskrá
mk-mk,is-is,"Уставна монархија","Þingbundin konungsstjórn"
mk-mk,is-is,"Утилитаризам",Nytjastefna
mk-mk,is-is,"Учител",Kennari
mk-mk,is-is,"ФК Арсенал",Arsenal
mk-mk,is-is,"ФК Евертон",Everton
mk-mk,is-is,"ФК Манчестер Јунајтед","Manchester United"
mk-mk,is-is,"ФК Челзи",Chelsea
mk-mk,is-is,"Факт",Staðreynd
mk-mk,is-is,"Фарски Острови",Færeyjar
mk-mk,is-is,"Фашизам",Fasismi
mk-mk,is-is,"Февруари",Febrúar
mk-mk,is-is,"Фенербахче",Fenerbahçe
mk-mk,is-is,"Фернандо Магелан","Ferdinand Magellan"
mk-mk,is-is,"Феудализам",Lénsskipulag
mk-mk,is-is,"Фигури",Stílbragð
mk-mk,is-is,"Фидел Кастро","Fidel Castro"
mk-mk,is-is,"Физиологија",Lífeðlisfræði
mk-mk,is-is,"Филип II Македонски","Filippus 2. Spánarkonungur"
mk-mk,is-is,"Филмска уметност",Kvikmynd
mk-mk,is-is,"Филозофија",Heimspeki
mk-mk,is-is,"Филологија",Textafræði
mk-mk,is-is,"Философија",Heimspeki
mk-mk,is-is,"Финска",Finnland
mk-mk,is-is,"Фински јазик",Finnska
mk-mk,is-is,"Фиренца",Flórens
mk-mk,is-is,"Фиџи",Fídjieyjar
mk-mk,is-is,"Флејта","Þverflauta"
mk-mk,is-is,"Флорида",Flórída
mk-mk,is-is,"Флуид",Vökvi
mk-mk,is-is,"Флуор",Flúor
mk-mk,is-is,"Фосфолипид",Fosfólípið
mk-mk,is-is,"Фосфор",Fosfór
mk-mk,is-is,"Фотосинтеза",Ljóstillífun
mk-mk,is-is,"Франклин Делано Рузвелт","Franklin D. Roosevelt"
mk-mk,is-is,"Франкфурт",Frankfurt
mk-mk,is-is,"Франсиско Гоја","Francisco Goya"
mk-mk,is-is,"Франсоа Волтер",Voltaire
mk-mk,is-is,"Франц Кафка","Franz Kafka"
mk-mk,is-is,"Франција",Frakkland
mk-mk,is-is,"Француска револуција","Franska byltingin"
mk-mk,is-is,"Француски јазик",Franska
mk-mk,is-is,"Франческо Петрарка","Francesco Petrarca"
mk-mk,is-is,"Фредерик Шопен","Frédéric Chopin"
mk-mk,is-is,"Фреза",Pípukragi
mk-mk,is-is,"Френсис Бекон","Francis Bacon"
mk-mk,is-is,"Френсис Бејкон","Francis Bacon"
mk-mk,is-is,"Фридрих Енгелс","Friedrich Engels"
mk-mk,is-is,"Фридрих Ниче","Friedrich Nietzsche"
mk-mk,is-is,"Фриз",Frísneska
mk-mk,is-is,"Фритаун",Freetown
mk-mk,is-is,"Фугура",Stílbragð
mk-mk,is-is,"Фудбал",Knattspyrna
mk-mk,is-is,"Фјодор Михајлович Достоевски","Fjodor Dostojevskíj"
mk-mk,is-is,"Фјодор Тjутчев","Fjodor Tuttsjev"
mk-mk,is-is,"ХИВ",Alnæmi
mk-mk,is-is,"Хаику",Hæka
mk-mk,is-is,"Хаити",Haítí
mk-mk,is-is,"Хамбург",Hamborg
mk-mk,is-is,"Хамураби",Hammúrabí
mk-mk,is-is,"Хардвер",Vélbúnaður
mk-mk,is-is,"Хајнрих Химлер","Heinrich Himmler"
mk-mk,is-is,"Хеви метал музика",Málmur
mk-mk,is-is,"Хелен Келер","Helen Keller"
mk-mk,is-is,"Хелиум",Helín
mk-mk,is-is,"Хелсинки",Helsinki
mk-mk,is-is,"Хемиска реакција",Efnahvarf
mk-mk,is-is,"Хемиски елемент",Frumefni
mk-mk,is-is,"Хемиските елементи наредени според атомскиот броj","Listi yfir frumefni eftir sætistölu"
mk-mk,is-is,"Хемиско соединение",Efnasamband
mk-mk,is-is,"Хемија",Efnafræði
mk-mk,is-is,"Хенри Форд","Henry Ford"
mk-mk,is-is,"Хепатит",Lifrarbólga
mk-mk,is-is,"Хераклит",Herakleitos
mk-mk,is-is,"Херман Геринг","Hermann Göring"
mk-mk,is-is,"Херман Хесе","Hermann Hesse"
mk-mk,is-is,"Хермес",Merkúríus
mk-mk,is-is,"Хернан Кортез","Hernán Cortés"
mk-mk,is-is,"Хесен",Hessen
mk-mk,is-is,"Хидроксид",Hýdroxýl
mk-mk,is-is,"Хиндуизам",Hindúismi
mk-mk,is-is,"Хип-хоп",Rapp
mk-mk,is-is,"Хипербола","Ýkjur"
mk-mk,is-is,"Хипократ",Hippókrates
mk-mk,is-is,"Хипотеза",Tilgáta
mk-mk,is-is,"Хипофиза",Heiladingull
mk-mk,is-is,"Хирохито","Showa keisari"
mk-mk,is-is,"Хлор",Klór
mk-mk,is-is,"Хлоропласт",Grænukorn
mk-mk,is-is,"Хобитот",Hobbitinn
mk-mk,is-is,"Холандија",Holland
mk-mk,is-is,"Холандски јазик",Hollenska
mk-mk,is-is,"Холивуд",Hollywood
mk-mk,is-is,"Холокауст",Helförin
mk-mk,is-is,"Холоцен",Hólósen
mk-mk,is-is,"Хомер",Hómer
mk-mk,is-is,"Хомосексуалност",Samkynhneigð
mk-mk,is-is,"Хонг Конг","Hong Kong"
mk-mk,is-is,"Хондурас",Hondúras
mk-mk,is-is,"Хоплит",Hoplíti
mk-mk,is-is,"Хордати",Seildýr
mk-mk,is-is,"Хормони",Hormón
mk-mk,is-is,"Храна",Matur
mk-mk,is-is,"Хранопровод",Vélinda
mk-mk,is-is,"Хрватска",Króatía
mk-mk,is-is,"Христијанство",Kristni
mk-mk,is-is,"Хром",Króm
mk-mk,is-is,"Хімиско соединение",Efnasamband
mk-mk,is-is,"Царина",Tollur
mk-mk,is-is,"Цвет",Blóm
mk-mk,is-is,"Цврста агрегатна состојба",Storkuhamur
mk-mk,is-is,"Цевчести црви","Þráðormar"
mk-mk,is-is,"Цел број",Heiltölur
mk-mk,is-is,"Целулоза",Sellulósi
mk-mk,is-is,"Централен нервен систем",Miðtaugakerfið
mk-mk,is-is,"Централноафриканска Република",Mið-Afríkulýðveldið
mk-mk,is-is,"Центриола",Deilikorn
mk-mk,is-is,"Церемонија",Viðhöfn
mk-mk,is-is,"Церемонијални англиски грофовии","Sýslur í Englandi"
mk-mk,is-is,"Цигара",Sígaretta
mk-mk,is-is,"Цигариљо",Sígaretta
mk-mk,is-is,"Цилиндар",Sívalningur
mk-mk,is-is,"Циркулаторен систем",Blóðrásarkerfi
mk-mk,is-is,"Цироза",Skorpulifur
mk-mk,is-is,"Цицач",Spendýr
mk-mk,is-is,"Цицачи",Spendýr
mk-mk,is-is,"Цицерон",Cíceró
mk-mk,is-is,"Црква",Kirkja
mk-mk,is-is,"Црна Гора",Svartfjallaland
mk-mk,is-is,"Црно Море",Svartahaf
mk-mk,is-is,"Чарли Чаплин","Charlie Chaplin"
mk-mk,is-is,"Чарлс Дарвин","Charles Darwin"
mk-mk,is-is,"Чарлс Дикенс","Charles Dickens"
mk-mk,is-is,"Чај",Te
mk-mk,is-is,"Чајна билка",Te
mk-mk,is-is,"Че Гевара","Che Guevara"
mk-mk,is-is,"Чевларство",Grunnungur
mk-mk,is-is,"Черепен мозок",Heili
mk-mk,is-is,"Четврток",Fimmtudagur
mk-mk,is-is,"Чехословачка",Tékkóslóvakía
mk-mk,is-is,"Чешка",Tékkland
mk-mk,is-is,"Чешки јазик",Tékkneska
mk-mk,is-is,"Човекови права",Mannréttindi
mk-mk,is-is,"Чувство",Hrollur
mk-mk,is-is,"Чувство",Tilfinning
mk-mk,is-is,"Шангај",Sjanghæ
mk-mk,is-is,"Шах",Skák
mk-mk,is-is,"Швајцарија",Sviss
mk-mk,is-is,"Шведска",Svíþjóð
mk-mk,is-is,"Шведски јазик",Sænska
mk-mk,is-is,"Шехадет","Trúarjátning múslima"
mk-mk,is-is,"Шеќер",Sykur
mk-mk,is-is,"Шпанија",Spánn
mk-mk,is-is,"Шпанска граѓанска војна","Spænska borgarastyrjöldin"
mk-mk,is-is,"Шпански јазик","Íslenska"
mk-mk,is-is,"Шпицбершки Острови",Svalbarði
mk-mk,is-is,"Штука",Gedda
mk-mk,is-is,"Штутгарт",Stuttgart
mk-mk,is-is,"Шун",Forðast
mk-mk,is-is,"ֿנאגמ","Lِg"
mk-mk,is-is,"‘Рбетен мозок",Mæna
mk-mk,is-is,"‘Рбетници",Hryggdýr
mk-mk,is-is,"‘Рскавични риби",Brjóskfiskar
mk-mk,is-is,AJAX,Ajas
mk-mk,is-is,C,C
mk-mk,is-is,GNOME,GNOME
mk-mk,is-is,HTML,HTML
mk-mk,is-is,IPv6,IPv6
mk-mk,is-is,JavaScript,JavaScript
mk-mk,is-is,KoЯn,Korn
mk-mk,is-is,MetallicA,Metallica
mk-mk,is-is,Nirvana,Nirvana
mk-mk,is-is,PHP,PHP
mk-mk,is-is,Queen,Queen
mk-mk,is-is,Radiohead,Radiohead
mk-mk,is-is,Rammstein,Rammstein
mk-mk,is-is,Röyksopp,Röyksopp
mk-mk,is-is,UTC,UTC
mk-mk,is-is,Unix,Unix
mk-mk,is-is,СС,SS-sveitirnar
mk-mk,is-is,Сакавен,Sacavém
mk-mk,is-is,Саладин,Saladín
mk-mk,is-is,Самоа,Samóa
mk-mk,is-is,Свазиленд,Svasíland
mk-mk,is-is,Свод,Volta
mk-mk,is-is,Селен,Selen
mk-mk,is-is,Село,Fólk
mk-mk,is-is,Сенегал,Senegal
mk-mk,is-is,Сила,Kraftur
mk-mk,is-is,Симбиоза,Samlífi
mk-mk,is-is,Симбол,Gervi
mk-mk,is-is,Симбол,Skaplyndi
mk-mk,is-is,Синагога,Sýnagóga
mk-mk,is-is,Синоним,Samheiti
mk-mk,is-is,Слон,Fíll
mk-mk,is-is,Соли,Sölt
mk-mk,is-is,Тапани,Tromma
mk-mk,is-is,Тежина,"Þyngd"
mk-mk,is-is,Тенк,Skriðdreki
mk-mk,is-is,Ткиво,Vefur
mk-mk,is-is,Того,Tógó
mk-mk,is-is,Токио,Tókýó
mk-mk,is-is,Уганда,"Úganda"
mk-mk,is-is,Физика,Eðlisfræði
mk-mk,is-is,Филм,Kvikmynd
mk-mk,is-is,Хаваи,Hawaii
mk-mk,is-is,Хавана,Havana
mk-mk,is-is,Ханибал,"Hannibal Barca"
mk-mk,is-is,Хелена,Helena
mk-mk,is-is,Хималаи,Himalajafjöll
mk-mk,is-is,Хокаидо,"Hokkaidō"
mk-mk,is-is,Цинк,Sink
mk-mk,is-is,Чад,Tsjad
mk-mk,is-is,Чикаго,Chicago
mk-mk,is-is,Чиле,Chile
mk-mk,is-is,Член,Hlutur
mk-mk,is-is,Членконоги,Liðdýr
mk-mk,is-is,Човек,Maður
mk-mk,is-is,Школки,Samlokur
